ISO-10303-21;
HEADER;
/* Generated by software containing ST-Developer
 * from STEP Tools, Inc. (www.steptools.com) 
 */

FILE_DESCRIPTION(
/* description */ (''),
/* implementation_level */ '2;1');

FILE_NAME(
/* name */ 'chassis-custom-minerva-pli.step',
/* time_stamp */ '2026-01-26T14:22:18+01:00',
/* author */ (''),
/* organization */ (''),
/* preprocessor_version */ 'ST-DEVELOPER v20.1',
/* originating_system */ 'Autodesk Translation Framework v14.21.0.0',
/* authorisation */ '');

FILE_SCHEMA (('AUTOMOTIVE_DESIGN { 1 0 10303 214 3 1 1 }'));
ENDSEC;

DATA;
#10=MECHANICAL_DESIGN_GEOMETRIC_PRESENTATION_REPRESENTATION('',(#13),#3449);
#11=SHAPE_REPRESENTATION_RELATIONSHIP('SRR','None',#3456,#12);
#12=ADVANCED_BREP_SHAPE_REPRESENTATION('',(#14),#3448);
#13=STYLED_ITEM('',(#3465),#14);
#14=MANIFOLD_SOLID_BREP('Corps19',#2109);
#15=CYLINDRICAL_SURFACE('',#2135,6.);
#16=CYLINDRICAL_SURFACE('',#2171,3.);
#17=CYLINDRICAL_SURFACE('',#2187,2.00000000000003);
#18=CYLINDRICAL_SURFACE('',#2193,2.00000000000003);
#19=CYLINDRICAL_SURFACE('',#2195,1.50000000000006);
#20=CYLINDRICAL_SURFACE('',#2197,1.50000000000006);
#21=CYLINDRICAL_SURFACE('',#2199,2.00000000000003);
#22=CYLINDRICAL_SURFACE('',#2201,2.00000000000003);
#23=CYLINDRICAL_SURFACE('',#2203,1.50000000000006);
#24=CYLINDRICAL_SURFACE('',#2205,1.50000000000006);
#25=CYLINDRICAL_SURFACE('',#2207,2.00000000000003);
#26=CYLINDRICAL_SURFACE('',#2209,2.5);
#27=CYLINDRICAL_SURFACE('',#2211,2.00000000000003);
#28=CYLINDRICAL_SURFACE('',#2213,2.00000000000003);
#29=CYLINDRICAL_SURFACE('',#2215,2.00000000000003);
#30=CYLINDRICAL_SURFACE('',#2217,2.00000000000003);
#31=CYLINDRICAL_SURFACE('',#2218,2.00000000000003);
#32=CYLINDRICAL_SURFACE('',#2220,1.50000000000006);
#33=CYLINDRICAL_SURFACE('',#2222,2.5);
#34=CYLINDRICAL_SURFACE('',#2224,2.00000000000003);
#35=CYLINDRICAL_SURFACE('',#2226,2.5);
#36=CYLINDRICAL_SURFACE('',#2227,2.00000000000003);
#37=CYLINDRICAL_SURFACE('',#2229,2.00000000000003);
#38=CYLINDRICAL_SURFACE('',#2231,1.50000000000006);
#39=CYLINDRICAL_SURFACE('',#2233,2.5);
#40=CYLINDRICAL_SURFACE('',#2235,2.5);
#41=CYLINDRICAL_SURFACE('',#2237,2.5);
#42=CYLINDRICAL_SURFACE('',#2238,2.5);
#43=CYLINDRICAL_SURFACE('',#2239,1.99999999999989);
#44=CYLINDRICAL_SURFACE('',#2241,2.00000000000003);
#45=CYLINDRICAL_SURFACE('',#2243,2.00000000000003);
#46=CYLINDRICAL_SURFACE('',#2245,2.00000000000003);
#47=CYLINDRICAL_SURFACE('',#2247,2.00000000000003);
#48=CYLINDRICAL_SURFACE('',#2249,2.00000000000003);
#49=CYLINDRICAL_SURFACE('',#2251,2.00000000000003);
#50=CYLINDRICAL_SURFACE('',#2252,2.00000000000003);
#51=CYLINDRICAL_SURFACE('',#2254,2.5);
#52=CYLINDRICAL_SURFACE('',#2255,2.00000000000003);
#53=CYLINDRICAL_SURFACE('',#2256,2.00000000000003);
#54=CYLINDRICAL_SURFACE('',#2257,1.50000000000006);
#55=FACE_BOUND('',#314,.T.);
#56=FACE_BOUND('',#315,.T.);
#57=FACE_BOUND('',#316,.T.);
#58=FACE_BOUND('',#317,.T.);
#59=FACE_BOUND('',#318,.T.);
#60=FACE_BOUND('',#319,.T.);
#61=FACE_BOUND('',#320,.T.);
#62=FACE_BOUND('',#321,.T.);
#63=FACE_BOUND('',#327,.T.);
#64=FACE_BOUND('',#328,.T.);
#65=FACE_BOUND('',#329,.T.);
#66=FACE_BOUND('',#330,.T.);
#67=FACE_BOUND('',#331,.T.);
#68=FACE_BOUND('',#332,.T.);
#69=FACE_BOUND('',#333,.T.);
#70=FACE_BOUND('',#334,.T.);
#71=FACE_BOUND('',#335,.T.);
#72=FACE_BOUND('',#336,.T.);
#73=FACE_BOUND('',#337,.T.);
#74=FACE_BOUND('',#338,.T.);
#75=FACE_BOUND('',#339,.T.);
#76=FACE_BOUND('',#340,.T.);
#77=FACE_BOUND('',#341,.T.);
#78=FACE_BOUND('',#342,.T.);
#79=FACE_BOUND('',#343,.T.);
#80=FACE_BOUND('',#344,.T.);
#81=FACE_BOUND('',#345,.T.);
#82=FACE_BOUND('',#346,.T.);
#83=FACE_BOUND('',#347,.T.);
#84=FACE_BOUND('',#348,.T.);
#85=FACE_BOUND('',#349,.T.);
#86=FACE_BOUND('',#350,.T.);
#87=FACE_BOUND('',#351,.T.);
#88=FACE_BOUND('',#352,.T.);
#89=FACE_BOUND('',#353,.T.);
#90=FACE_BOUND('',#354,.T.);
#91=FACE_BOUND('',#355,.T.);
#92=FACE_BOUND('',#356,.T.);
#93=FACE_BOUND('',#357,.T.);
#94=FACE_BOUND('',#363,.T.);
#95=FACE_BOUND('',#364,.T.);
#96=FACE_BOUND('',#365,.T.);
#97=FACE_BOUND('',#366,.T.);
#98=FACE_BOUND('',#367,.T.);
#99=FACE_BOUND('',#368,.T.);
#100=FACE_BOUND('',#369,.T.);
#101=FACE_BOUND('',#370,.T.);
#102=FACE_BOUND('',#460,.T.);
#103=FACE_BOUND('',#461,.T.);
#104=FACE_BOUND('',#462,.T.);
#105=FACE_BOUND('',#463,.T.);
#106=FACE_BOUND('',#464,.T.);
#107=FACE_BOUND('',#465,.T.);
#108=FACE_BOUND('',#466,.T.);
#109=FACE_BOUND('',#467,.T.);
#110=FACE_BOUND('',#468,.T.);
#111=FACE_BOUND('',#469,.T.);
#112=FACE_BOUND('',#470,.T.);
#113=FACE_BOUND('',#471,.T.);
#114=FACE_BOUND('',#472,.T.);
#115=FACE_BOUND('',#473,.T.);
#116=FACE_BOUND('',#474,.T.);
#117=FACE_BOUND('',#475,.T.);
#118=FACE_BOUND('',#476,.T.);
#119=FACE_BOUND('',#477,.T.);
#120=FACE_BOUND('',#478,.T.);
#121=FACE_BOUND('',#479,.T.);
#122=FACE_BOUND('',#480,.T.);
#123=FACE_BOUND('',#481,.T.);
#124=FACE_BOUND('',#482,.T.);
#125=FACE_BOUND('',#483,.T.);
#126=FACE_BOUND('',#484,.T.);
#127=FACE_BOUND('',#485,.T.);
#128=FACE_BOUND('',#486,.T.);
#129=FACE_BOUND('',#487,.T.);
#130=FACE_BOUND('',#488,.T.);
#131=FACE_BOUND('',#489,.T.);
#132=FACE_BOUND('',#490,.T.);
#133=CIRCLE('',#2124,2.00000000000003);
#134=CIRCLE('',#2125,2.00000000000003);
#135=CIRCLE('',#2126,2.5);
#136=CIRCLE('',#2127,2.00000000000003);
#137=CIRCLE('',#2128,2.5);
#138=CIRCLE('',#2129,2.5);
#139=CIRCLE('',#2130,2.5);
#140=CIRCLE('',#2131,2.00000000000003);
#141=CIRCLE('',#2133,6.);
#142=CIRCLE('',#2134,3.);
#143=CIRCLE('',#2136,6.00000000000001);
#144=CIRCLE('',#2140,2.00000000000003);
#145=CIRCLE('',#2141,2.00000000000003);
#146=CIRCLE('',#2142,1.50000000000006);
#147=CIRCLE('',#2143,1.50000000000006);
#148=CIRCLE('',#2144,2.00000000000003);
#149=CIRCLE('',#2145,2.00000000000003);
#150=CIRCLE('',#2146,1.50000000000006);
#151=CIRCLE('',#2147,1.50000000000006);
#152=CIRCLE('',#2148,2.00000000000003);
#153=CIRCLE('',#2149,2.5);
#154=CIRCLE('',#2150,2.00000000000003);
#155=CIRCLE('',#2151,2.00000000000003);
#156=CIRCLE('',#2152,2.00000000000003);
#157=CIRCLE('',#2153,2.00000000000003);
#158=CIRCLE('',#2154,1.50000000000006);
#159=CIRCLE('',#2155,2.5);
#160=CIRCLE('',#2156,2.00000000000003);
#161=CIRCLE('',#2157,2.00000000000003);
#162=CIRCLE('',#2158,2.00000000000003);
#163=CIRCLE('',#2159,1.50000000000006);
#164=CIRCLE('',#2160,2.5);
#165=CIRCLE('',#2161,2.5);
#166=CIRCLE('',#2162,1.99999999999989);
#167=CIRCLE('',#2163,2.00000000000003);
#168=CIRCLE('',#2164,2.00000000000003);
#169=CIRCLE('',#2165,2.00000000000003);
#170=CIRCLE('',#2166,2.00000000000003);
#171=CIRCLE('',#2167,2.00000000000003);
#172=CIRCLE('',#2168,2.00000000000003);
#173=CIRCLE('',#2169,1.50000000000006);
#174=CIRCLE('',#2172,3.);
#175=CIRCLE('',#2176,2.00000000000003);
#176=CIRCLE('',#2177,2.00000000000003);
#177=CIRCLE('',#2178,2.5);
#178=CIRCLE('',#2179,2.00000000000003);
#179=CIRCLE('',#2180,2.5);
#180=CIRCLE('',#2181,2.5);
#181=CIRCLE('',#2182,2.5);
#182=CIRCLE('',#2183,2.00000000000003);
#183=CIRCLE('',#2188,2.00000000000003);
#184=CIRCLE('',#2194,2.00000000000003);
#185=CIRCLE('',#2196,1.50000000000006);
#186=CIRCLE('',#2198,1.50000000000006);
#187=CIRCLE('',#2200,2.00000000000003);
#188=CIRCLE('',#2202,2.00000000000003);
#189=CIRCLE('',#2204,1.50000000000006);
#190=CIRCLE('',#2206,1.50000000000006);
#191=CIRCLE('',#2208,2.00000000000003);
#192=CIRCLE('',#2210,2.5);
#193=CIRCLE('',#2212,2.00000000000003);
#194=CIRCLE('',#2214,2.00000000000003);
#195=CIRCLE('',#2216,2.00000000000003);
#196=CIRCLE('',#2219,2.00000000000003);
#197=CIRCLE('',#2221,1.50000000000006);
#198=CIRCLE('',#2223,2.5);
#199=CIRCLE('',#2225,2.00000000000003);
#200=CIRCLE('',#2228,2.00000000000003);
#201=CIRCLE('',#2230,2.00000000000003);
#202=CIRCLE('',#2232,1.50000000000006);
#203=CIRCLE('',#2234,2.5);
#204=CIRCLE('',#2236,2.5);
#205=CIRCLE('',#2240,1.99999999999989);
#206=CIRCLE('',#2242,2.00000000000003);
#207=CIRCLE('',#2244,2.00000000000003);
#208=CIRCLE('',#2246,2.00000000000003);
#209=CIRCLE('',#2248,2.00000000000003);
#210=CIRCLE('',#2250,2.00000000000003);
#211=CIRCLE('',#2253,2.00000000000003);
#212=CIRCLE('',#2258,1.50000000000006);
#213=FACE_OUTER_BOUND('',#313,.T.);
#214=FACE_OUTER_BOUND('',#322,.T.);
#215=FACE_OUTER_BOUND('',#323,.T.);
#216=FACE_OUTER_BOUND('',#324,.T.);
#217=FACE_OUTER_BOUND('',#325,.T.);
#218=FACE_OUTER_BOUND('',#326,.T.);
#219=FACE_OUTER_BOUND('',#358,.T.);
#220=FACE_OUTER_BOUND('',#359,.T.);
#221=FACE_OUTER_BOUND('',#360,.T.);
#222=FACE_OUTER_BOUND('',#361,.T.);
#223=FACE_OUTER_BOUND('',#362,.T.);
#224=FACE_OUTER_BOUND('',#371,.T.);
#225=FACE_OUTER_BOUND('',#372,.T.);
#226=FACE_OUTER_BOUND('',#373,.T.);
#227=FACE_OUTER_BOUND('',#374,.T.);
#228=FACE_OUTER_BOUND('',#375,.T.);
#229=FACE_OUTER_BOUND('',#376,.T.);
#230=FACE_OUTER_BOUND('',#377,.T.);
#231=FACE_OUTER_BOUND('',#378,.T.);
#232=FACE_OUTER_BOUND('',#379,.T.);
#233=FACE_OUTER_BOUND('',#380,.T.);
#234=FACE_OUTER_BOUND('',#381,.T.);
#235=FACE_OUTER_BOUND('',#382,.T.);
#236=FACE_OUTER_BOUND('',#383,.T.);
#237=FACE_OUTER_BOUND('',#384,.T.);
#238=FACE_OUTER_BOUND('',#385,.T.);
#239=FACE_OUTER_BOUND('',#386,.T.);
#240=FACE_OUTER_BOUND('',#387,.T.);
#241=FACE_OUTER_BOUND('',#388,.T.);
#242=FACE_OUTER_BOUND('',#389,.T.);
#243=FACE_OUTER_BOUND('',#390,.T.);
#244=FACE_OUTER_BOUND('',#391,.T.);
#245=FACE_OUTER_BOUND('',#392,.T.);
#246=FACE_OUTER_BOUND('',#393,.T.);
#247=FACE_OUTER_BOUND('',#394,.T.);
#248=FACE_OUTER_BOUND('',#395,.T.);
#249=FACE_OUTER_BOUND('',#396,.T.);
#250=FACE_OUTER_BOUND('',#397,.T.);
#251=FACE_OUTER_BOUND('',#398,.T.);
#252=FACE_OUTER_BOUND('',#399,.T.);
#253=FACE_OUTER_BOUND('',#400,.T.);
#254=FACE_OUTER_BOUND('',#401,.T.);
#255=FACE_OUTER_BOUND('',#402,.T.);
#256=FACE_OUTER_BOUND('',#403,.T.);
#257=FACE_OUTER_BOUND('',#404,.T.);
#258=FACE_OUTER_BOUND('',#405,.T.);
#259=FACE_OUTER_BOUND('',#406,.T.);
#260=FACE_OUTER_BOUND('',#407,.T.);
#261=FACE_OUTER_BOUND('',#408,.T.);
#262=FACE_OUTER_BOUND('',#409,.T.);
#263=FACE_OUTER_BOUND('',#410,.T.);
#264=FACE_OUTER_BOUND('',#411,.T.);
#265=FACE_OUTER_BOUND('',#412,.T.);
#266=FACE_OUTER_BOUND('',#413,.T.);
#267=FACE_OUTER_BOUND('',#414,.T.);
#268=FACE_OUTER_BOUND('',#415,.T.);
#269=FACE_OUTER_BOUND('',#416,.T.);
#270=FACE_OUTER_BOUND('',#417,.T.);
#271=FACE_OUTER_BOUND('',#418,.T.);
#272=FACE_OUTER_BOUND('',#419,.T.);
#273=FACE_OUTER_BOUND('',#420,.T.);
#274=FACE_OUTER_BOUND('',#421,.T.);
#275=FACE_OUTER_BOUND('',#422,.T.);
#276=FACE_OUTER_BOUND('',#423,.T.);
#277=FACE_OUTER_BOUND('',#424,.T.);
#278=FACE_OUTER_BOUND('',#425,.T.);
#279=FACE_OUTER_BOUND('',#426,.T.);
#280=FACE_OUTER_BOUND('',#427,.T.);
#281=FACE_OUTER_BOUND('',#428,.T.);
#282=FACE_OUTER_BOUND('',#429,.T.);
#283=FACE_OUTER_BOUND('',#430,.T.);
#284=FACE_OUTER_BOUND('',#431,.T.);
#285=FACE_OUTER_BOUND('',#432,.T.);
#286=FACE_OUTER_BOUND('',#433,.T.);
#287=FACE_OUTER_BOUND('',#434,.T.);
#288=FACE_OUTER_BOUND('',#435,.T.);
#289=FACE_OUTER_BOUND('',#436,.T.);
#290=FACE_OUTER_BOUND('',#437,.T.);
#291=FACE_OUTER_BOUND('',#438,.T.);
#292=FACE_OUTER_BOUND('',#439,.T.);
#293=FACE_OUTER_BOUND('',#440,.T.);
#294=FACE_OUTER_BOUND('',#441,.T.);
#295=FACE_OUTER_BOUND('',#442,.T.);
#296=FACE_OUTER_BOUND('',#443,.T.);
#297=FACE_OUTER_BOUND('',#444,.T.);
#298=FACE_OUTER_BOUND('',#445,.T.);
#299=FACE_OUTER_BOUND('',#446,.T.);
#300=FACE_OUTER_BOUND('',#447,.T.);
#301=FACE_OUTER_BOUND('',#448,.T.);
#302=FACE_OUTER_BOUND('',#449,.T.);
#303=FACE_OUTER_BOUND('',#450,.T.);
#304=FACE_OUTER_BOUND('',#451,.T.);
#305=FACE_OUTER_BOUND('',#452,.T.);
#306=FACE_OUTER_BOUND('',#453,.T.);
#307=FACE_OUTER_BOUND('',#454,.T.);
#308=FACE_OUTER_BOUND('',#455,.T.);
#309=FACE_OUTER_BOUND('',#456,.T.);
#310=FACE_OUTER_BOUND('',#457,.T.);
#311=FACE_OUTER_BOUND('',#458,.T.);
#312=FACE_OUTER_BOUND('',#459,.T.);
#313=EDGE_LOOP('',(#1377,#1378,#1379,#1380,#1381,#1382,#1383,#1384,#1385,
#1386,#1387,#1388,#1389,#1390,#1391,#1392));
#314=EDGE_LOOP('',(#1393));
#315=EDGE_LOOP('',(#1394));
#316=EDGE_LOOP('',(#1395));
#317=EDGE_LOOP('',(#1396));
#318=EDGE_LOOP('',(#1397));
#319=EDGE_LOOP('',(#1398));
#320=EDGE_LOOP('',(#1399));
#321=EDGE_LOOP('',(#1400));
#322=EDGE_LOOP('',(#1401,#1402,#1403,#1404));
#323=EDGE_LOOP('',(#1405,#1406,#1407,#1408));
#324=EDGE_LOOP('',(#1409,#1410,#1411,#1412));
#325=EDGE_LOOP('',(#1413,#1414,#1415,#1416));
#326=EDGE_LOOP('',(#1417,#1418,#1419,#1420,#1421,#1422,#1423,#1424,#1425,
#1426,#1427,#1428,#1429,#1430,#1431,#1432,#1433,#1434,#1435,#1436,#1437,
#1438,#1439,#1440,#1441,#1442,#1443,#1444,#1445,#1446,#1447,#1448,#1449,
#1450,#1451,#1452));
#327=EDGE_LOOP('',(#1453));
#328=EDGE_LOOP('',(#1454,#1455,#1456,#1457));
#329=EDGE_LOOP('',(#1458));
#330=EDGE_LOOP('',(#1459));
#331=EDGE_LOOP('',(#1460));
#332=EDGE_LOOP('',(#1461));
#333=EDGE_LOOP('',(#1462));
#334=EDGE_LOOP('',(#1463));
#335=EDGE_LOOP('',(#1464));
#336=EDGE_LOOP('',(#1465));
#337=EDGE_LOOP('',(#1466));
#338=EDGE_LOOP('',(#1467));
#339=EDGE_LOOP('',(#1468));
#340=EDGE_LOOP('',(#1469));
#341=EDGE_LOOP('',(#1470));
#342=EDGE_LOOP('',(#1471));
#343=EDGE_LOOP('',(#1472));
#344=EDGE_LOOP('',(#1473));
#345=EDGE_LOOP('',(#1474));
#346=EDGE_LOOP('',(#1475));
#347=EDGE_LOOP('',(#1476));
#348=EDGE_LOOP('',(#1477));
#349=EDGE_LOOP('',(#1478));
#350=EDGE_LOOP('',(#1479));
#351=EDGE_LOOP('',(#1480));
#352=EDGE_LOOP('',(#1481));
#353=EDGE_LOOP('',(#1482));
#354=EDGE_LOOP('',(#1483));
#355=EDGE_LOOP('',(#1484));
#356=EDGE_LOOP('',(#1485));
#357=EDGE_LOOP('',(#1486));
#358=EDGE_LOOP('',(#1487,#1488,#1489,#1490));
#359=EDGE_LOOP('',(#1491,#1492,#1493,#1494));
#360=EDGE_LOOP('',(#1495,#1496,#1497,#1498));
#361=EDGE_LOOP('',(#1499,#1500,#1501,#1502));
#362=EDGE_LOOP('',(#1503,#1504,#1505,#1506,#1507,#1508,#1509,#1510,#1511,
#1512,#1513,#1514,#1515,#1516,#1517,#1518));
#363=EDGE_LOOP('',(#1519));
#364=EDGE_LOOP('',(#1520));
#365=EDGE_LOOP('',(#1521));
#366=EDGE_LOOP('',(#1522));
#367=EDGE_LOOP('',(#1523));
#368=EDGE_LOOP('',(#1524));
#369=EDGE_LOOP('',(#1525));
#370=EDGE_LOOP('',(#1526));
#371=EDGE_LOOP('',(#1527,#1528,#1529,#1530));
#372=EDGE_LOOP('',(#1531,#1532,#1533,#1534));
#373=EDGE_LOOP('',(#1535,#1536,#1537,#1538));
#374=EDGE_LOOP('',(#1539,#1540,#1541,#1542));
#375=EDGE_LOOP('',(#1543,#1544,#1545,#1546));
#376=EDGE_LOOP('',(#1547,#1548,#1549,#1550));
#377=EDGE_LOOP('',(#1551,#1552,#1553,#1554));
#378=EDGE_LOOP('',(#1555,#1556,#1557,#1558));
#379=EDGE_LOOP('',(#1559,#1560,#1561,#1562));
#380=EDGE_LOOP('',(#1563,#1564,#1565,#1566));
#381=EDGE_LOOP('',(#1567,#1568,#1569,#1570));
#382=EDGE_LOOP('',(#1571,#1572,#1573,#1574));
#383=EDGE_LOOP('',(#1575,#1576,#1577,#1578));
#384=EDGE_LOOP('',(#1579,#1580,#1581,#1582));
#385=EDGE_LOOP('',(#1583,#1584,#1585,#1586));
#386=EDGE_LOOP('',(#1587,#1588,#1589,#1590));
#387=EDGE_LOOP('',(#1591,#1592,#1593,#1594));
#388=EDGE_LOOP('',(#1595,#1596,#1597,#1598));
#389=EDGE_LOOP('',(#1599,#1600,#1601,#1602));
#390=EDGE_LOOP('',(#1603,#1604,#1605,#1606));
#391=EDGE_LOOP('',(#1607,#1608,#1609,#1610));
#392=EDGE_LOOP('',(#1611,#1612,#1613,#1614));
#393=EDGE_LOOP('',(#1615,#1616,#1617,#1618));
#394=EDGE_LOOP('',(#1619,#1620,#1621,#1622));
#395=EDGE_LOOP('',(#1623,#1624,#1625,#1626));
#396=EDGE_LOOP('',(#1627,#1628,#1629,#1630));
#397=EDGE_LOOP('',(#1631,#1632,#1633,#1634));
#398=EDGE_LOOP('',(#1635,#1636,#1637,#1638));
#399=EDGE_LOOP('',(#1639,#1640,#1641,#1642));
#400=EDGE_LOOP('',(#1643,#1644,#1645,#1646));
#401=EDGE_LOOP('',(#1647,#1648,#1649,#1650));
#402=EDGE_LOOP('',(#1651,#1652,#1653,#1654));
#403=EDGE_LOOP('',(#1655,#1656,#1657,#1658));
#404=EDGE_LOOP('',(#1659,#1660,#1661,#1662));
#405=EDGE_LOOP('',(#1663,#1664,#1665,#1666));
#406=EDGE_LOOP('',(#1667,#1668,#1669,#1670));
#407=EDGE_LOOP('',(#1671,#1672,#1673,#1674));
#408=EDGE_LOOP('',(#1675,#1676,#1677,#1678));
#409=EDGE_LOOP('',(#1679,#1680,#1681,#1682));
#410=EDGE_LOOP('',(#1683,#1684,#1685,#1686));
#411=EDGE_LOOP('',(#1687,#1688,#1689,#1690));
#412=EDGE_LOOP('',(#1691,#1692,#1693,#1694));
#413=EDGE_LOOP('',(#1695,#1696,#1697,#1698));
#414=EDGE_LOOP('',(#1699,#1700,#1701,#1702));
#415=EDGE_LOOP('',(#1703,#1704,#1705,#1706));
#416=EDGE_LOOP('',(#1707,#1708,#1709,#1710));
#417=EDGE_LOOP('',(#1711,#1712,#1713,#1714));
#418=EDGE_LOOP('',(#1715,#1716,#1717,#1718));
#419=EDGE_LOOP('',(#1719,#1720,#1721,#1722));
#420=EDGE_LOOP('',(#1723,#1724,#1725,#1726));
#421=EDGE_LOOP('',(#1727,#1728,#1729,#1730));
#422=EDGE_LOOP('',(#1731,#1732,#1733,#1734));
#423=EDGE_LOOP('',(#1735,#1736,#1737,#1738));
#424=EDGE_LOOP('',(#1739,#1740,#1741,#1742));
#425=EDGE_LOOP('',(#1743,#1744,#1745,#1746));
#426=EDGE_LOOP('',(#1747,#1748,#1749,#1750));
#427=EDGE_LOOP('',(#1751,#1752,#1753,#1754));
#428=EDGE_LOOP('',(#1755,#1756,#1757,#1758));
#429=EDGE_LOOP('',(#1759,#1760,#1761,#1762));
#430=EDGE_LOOP('',(#1763,#1764,#1765,#1766));
#431=EDGE_LOOP('',(#1767,#1768,#1769,#1770));
#432=EDGE_LOOP('',(#1771,#1772,#1773,#1774));
#433=EDGE_LOOP('',(#1775,#1776,#1777,#1778));
#434=EDGE_LOOP('',(#1779,#1780,#1781,#1782));
#435=EDGE_LOOP('',(#1783,#1784,#1785,#1786));
#436=EDGE_LOOP('',(#1787,#1788,#1789,#1790));
#437=EDGE_LOOP('',(#1791,#1792,#1793,#1794));
#438=EDGE_LOOP('',(#1795,#1796,#1797,#1798));
#439=EDGE_LOOP('',(#1799,#1800,#1801,#1802));
#440=EDGE_LOOP('',(#1803,#1804,#1805,#1806));
#441=EDGE_LOOP('',(#1807,#1808,#1809,#1810));
#442=EDGE_LOOP('',(#1811,#1812,#1813,#1814));
#443=EDGE_LOOP('',(#1815,#1816,#1817,#1818));
#444=EDGE_LOOP('',(#1819,#1820,#1821,#1822));
#445=EDGE_LOOP('',(#1823,#1824,#1825,#1826));
#446=EDGE_LOOP('',(#1827,#1828,#1829,#1830));
#447=EDGE_LOOP('',(#1831,#1832,#1833,#1834));
#448=EDGE_LOOP('',(#1835,#1836,#1837,#1838));
#449=EDGE_LOOP('',(#1839,#1840,#1841,#1842));
#450=EDGE_LOOP('',(#1843,#1844,#1845,#1846));
#451=EDGE_LOOP('',(#1847,#1848,#1849,#1850));
#452=EDGE_LOOP('',(#1851,#1852,#1853,#1854));
#453=EDGE_LOOP('',(#1855,#1856,#1857,#1858));
#454=EDGE_LOOP('',(#1859,#1860,#1861,#1862));
#455=EDGE_LOOP('',(#1863,#1864,#1865,#1866));
#456=EDGE_LOOP('',(#1867,#1868,#1869,#1870));
#457=EDGE_LOOP('',(#1871,#1872,#1873,#1874));
#458=EDGE_LOOP('',(#1875,#1876,#1877,#1878));
#459=EDGE_LOOP('',(#1879,#1880,#1881,#1882,#1883,#1884,#1885,#1886,#1887,
#1888,#1889,#1890,#1891,#1892,#1893,#1894,#1895,#1896,#1897,#1898,#1899,
#1900,#1901,#1902,#1903,#1904,#1905,#1906,#1907,#1908,#1909,#1910,#1911,
#1912,#1913,#1914));
#460=EDGE_LOOP('',(#1915));
#461=EDGE_LOOP('',(#1916));
#462=EDGE_LOOP('',(#1917));
#463=EDGE_LOOP('',(#1918));
#464=EDGE_LOOP('',(#1919));
#465=EDGE_LOOP('',(#1920));
#466=EDGE_LOOP('',(#1921));
#467=EDGE_LOOP('',(#1922));
#468=EDGE_LOOP('',(#1923));
#469=EDGE_LOOP('',(#1924));
#470=EDGE_LOOP('',(#1925));
#471=EDGE_LOOP('',(#1926));
#472=EDGE_LOOP('',(#1927));
#473=EDGE_LOOP('',(#1928));
#474=EDGE_LOOP('',(#1929));
#475=EDGE_LOOP('',(#1930));
#476=EDGE_LOOP('',(#1931));
#477=EDGE_LOOP('',(#1932));
#478=EDGE_LOOP('',(#1933));
#479=EDGE_LOOP('',(#1934));
#480=EDGE_LOOP('',(#1935));
#481=EDGE_LOOP('',(#1936));
#482=EDGE_LOOP('',(#1937));
#483=EDGE_LOOP('',(#1938));
#484=EDGE_LOOP('',(#1939));
#485=EDGE_LOOP('',(#1940));
#486=EDGE_LOOP('',(#1941));
#487=EDGE_LOOP('',(#1942));
#488=EDGE_LOOP('',(#1943));
#489=EDGE_LOOP('',(#1944,#1945,#1946,#1947));
#490=EDGE_LOOP('',(#1948));
#491=LINE('',#2875,#697);
#492=LINE('',#2877,#698);
#493=LINE('',#2879,#699);
#494=LINE('',#2881,#700);
#495=LINE('',#2883,#701);
#496=LINE('',#2885,#702);
#497=LINE('',#2887,#703);
#498=LINE('',#2889,#704);
#499=LINE('',#2891,#705);
#500=LINE('',#2893,#706);
#501=LINE('',#2895,#707);
#502=LINE('',#2897,#708);
#503=LINE('',#2899,#709);
#504=LINE('',#2901,#710);
#505=LINE('',#2903,#711);
#506=LINE('',#2904,#712);
#507=LINE('',#2923,#713);
#508=LINE('',#2927,#714);
#509=LINE('',#2931,#715);
#510=LINE('',#2934,#716);
#511=LINE('',#2936,#717);
#512=LINE('',#2938,#718);
#513=LINE('',#2939,#719);
#514=LINE('',#2942,#720);
#515=LINE('',#2943,#721);
#516=LINE('',#2946,#722);
#517=LINE('',#2948,#723);
#518=LINE('',#2950,#724);
#519=LINE('',#2952,#725);
#520=LINE('',#2954,#726);
#521=LINE('',#2956,#727);
#522=LINE('',#2958,#728);
#523=LINE('',#2960,#729);
#524=LINE('',#2962,#730);
#525=LINE('',#2964,#731);
#526=LINE('',#2966,#732);
#527=LINE('',#2968,#733);
#528=LINE('',#2970,#734);
#529=LINE('',#2972,#735);
#530=LINE('',#2974,#736);
#531=LINE('',#2976,#737);
#532=LINE('',#2978,#738);
#533=LINE('',#2980,#739);
#534=LINE('',#2982,#740);
#535=LINE('',#2984,#741);
#536=LINE('',#2986,#742);
#537=LINE('',#2988,#743);
#538=LINE('',#2990,#744);
#539=LINE('',#2992,#745);
#540=LINE('',#2994,#746);
#541=LINE('',#2996,#747);
#542=LINE('',#2998,#748);
#543=LINE('',#3000,#749);
#544=LINE('',#3002,#750);
#545=LINE('',#3004,#751);
#546=LINE('',#3006,#752);
#547=LINE('',#3008,#753);
#548=LINE('',#3010,#754);
#549=LINE('',#3012,#755);
#550=LINE('',#3013,#756);
#551=LINE('',#3018,#757);
#552=LINE('',#3020,#758);
#553=LINE('',#3022,#759);
#554=LINE('',#3023,#760);
#555=LINE('',#3084,#761);
#556=LINE('',#3086,#762);
#557=LINE('',#3087,#763);
#558=LINE('',#3089,#764);
#559=LINE('',#3094,#765);
#560=LINE('',#3095,#766);
#561=LINE('',#3096,#767);
#562=LINE('',#3098,#768);
#563=LINE('',#3101,#769);
#564=LINE('',#3103,#770);
#565=LINE('',#3105,#771);
#566=LINE('',#3107,#772);
#567=LINE('',#3109,#773);
#568=LINE('',#3111,#774);
#569=LINE('',#3113,#775);
#570=LINE('',#3115,#776);
#571=LINE('',#3117,#777);
#572=LINE('',#3119,#778);
#573=LINE('',#3121,#779);
#574=LINE('',#3123,#780);
#575=LINE('',#3124,#781);
#576=LINE('',#3144,#782);
#577=LINE('',#3145,#783);
#578=LINE('',#3146,#784);
#579=LINE('',#3149,#785);
#580=LINE('',#3150,#786);
#581=LINE('',#3153,#787);
#582=LINE('',#3154,#788);
#583=LINE('',#3157,#789);
#584=LINE('',#3162,#790);
#585=LINE('',#3163,#791);
#586=LINE('',#3164,#792);
#587=LINE('',#3167,#793);
#588=LINE('',#3168,#794);
#589=LINE('',#3171,#795);
#590=LINE('',#3172,#796);
#591=LINE('',#3174,#797);
#592=LINE('',#3177,#798);
#593=LINE('',#3181,#799);
#594=LINE('',#3185,#800);
#595=LINE('',#3189,#801);
#596=LINE('',#3193,#802);
#597=LINE('',#3197,#803);
#598=LINE('',#3201,#804);
#599=LINE('',#3205,#805);
#600=LINE('',#3209,#806);
#601=LINE('',#3213,#807);
#602=LINE('',#3217,#808);
#603=LINE('',#3221,#809);
#604=LINE('',#3224,#810);
#605=LINE('',#3227,#811);
#606=LINE('',#3231,#812);
#607=LINE('',#3235,#813);
#608=LINE('',#3239,#814);
#609=LINE('',#3242,#815);
#610=LINE('',#3245,#816);
#611=LINE('',#3249,#817);
#612=LINE('',#3253,#818);
#613=LINE('',#3257,#819);
#614=LINE('',#3261,#820);
#615=LINE('',#3264,#821);
#616=LINE('',#3266,#822);
#617=LINE('',#3269,#823);
#618=LINE('',#3273,#824);
#619=LINE('',#3277,#825);
#620=LINE('',#3281,#826);
#621=LINE('',#3285,#827);
#622=LINE('',#3289,#828);
#623=LINE('',#3292,#829);
#624=LINE('',#3295,#830);
#625=LINE('',#3298,#831);
#626=LINE('',#3300,#832);
#627=LINE('',#3302,#833);
#628=LINE('',#3305,#834);
#629=LINE('',#3308,#835);
#630=LINE('',#3310,#836);
#631=LINE('',#3313,#837);
#632=LINE('',#3314,#838);
#633=LINE('',#3317,#839);
#634=LINE('',#3318,#840);
#635=LINE('',#3321,#841);
#636=LINE('',#3322,#842);
#637=LINE('',#3325,#843);
#638=LINE('',#3326,#844);
#639=LINE('',#3329,#845);
#640=LINE('',#3330,#846);
#641=LINE('',#3333,#847);
#642=LINE('',#3334,#848);
#643=LINE('',#3337,#849);
#644=LINE('',#3338,#850);
#645=LINE('',#3341,#851);
#646=LINE('',#3342,#852);
#647=LINE('',#3345,#853);
#648=LINE('',#3346,#854);
#649=LINE('',#3349,#855);
#650=LINE('',#3350,#856);
#651=LINE('',#3353,#857);
#652=LINE('',#3354,#858);
#653=LINE('',#3357,#859);
#654=LINE('',#3358,#860);
#655=LINE('',#3361,#861);
#656=LINE('',#3362,#862);
#657=LINE('',#3365,#863);
#658=LINE('',#3366,#864);
#659=LINE('',#3369,#865);
#660=LINE('',#3370,#866);
#661=LINE('',#3373,#867);
#662=LINE('',#3374,#868);
#663=LINE('',#3377,#869);
#664=LINE('',#3378,#870);
#665=LINE('',#3381,#871);
#666=LINE('',#3382,#872);
#667=LINE('',#3385,#873);
#668=LINE('',#3386,#874);
#669=LINE('',#3389,#875);
#670=LINE('',#3390,#876);
#671=LINE('',#3393,#877);
#672=LINE('',#3394,#878);
#673=LINE('',#3397,#879);
#674=LINE('',#3398,#880);
#675=LINE('',#3401,#881);
#676=LINE('',#3402,#882);
#677=LINE('',#3405,#883);
#678=LINE('',#3406,#884);
#679=LINE('',#3409,#885);
#680=LINE('',#3410,#886);
#681=LINE('',#3413,#887);
#682=LINE('',#3414,#888);
#683=LINE('',#3417,#889);
#684=LINE('',#3418,#890);
#685=LINE('',#3420,#891);
#686=LINE('',#3423,#892);
#687=LINE('',#3425,#893);
#688=LINE('',#3427,#894);
#689=LINE('',#3429,#895);
#690=LINE('',#3431,#896);
#691=LINE('',#3433,#897);
#692=LINE('',#3435,#898);
#693=LINE('',#3437,#899);
#694=LINE('',#3439,#900);
#695=LINE('',#3441,#901);
#696=LINE('',#3443,#902);
#697=VECTOR('',#2307,10.);
#698=VECTOR('',#2308,10.);
#699=VECTOR('',#2309,10.);
#700=VECTOR('',#2310,10.);
#701=VECTOR('',#2311,10.);
#702=VECTOR('',#2312,10.);
#703=VECTOR('',#2313,10.);
#704=VECTOR('',#2314,10.);
#705=VECTOR('',#2315,10.);
#706=VECTOR('',#2316,10.);
#707=VECTOR('',#2317,10.);
#708=VECTOR('',#2318,10.);
#709=VECTOR('',#2319,10.);
#710=VECTOR('',#2320,10.);
#711=VECTOR('',#2321,10.);
#712=VECTOR('',#2322,10.);
#713=VECTOR('',#2341,10.);
#714=VECTOR('',#2344,10.);
#715=VECTOR('',#2349,10.);
#716=VECTOR('',#2352,10.);
#717=VECTOR('',#2355,10.);
#718=VECTOR('',#2356,10.);
#719=VECTOR('',#2357,10.);
#720=VECTOR('',#2360,10.);
#721=VECTOR('',#2361,10.);
#722=VECTOR('',#2364,10.);
#723=VECTOR('',#2365,10.);
#724=VECTOR('',#2366,10.);
#725=VECTOR('',#2367,10.);
#726=VECTOR('',#2368,10.);
#727=VECTOR('',#2369,10.);
#728=VECTOR('',#2370,10.);
#729=VECTOR('',#2371,10.);
#730=VECTOR('',#2372,10.);
#731=VECTOR('',#2373,10.);
#732=VECTOR('',#2374,10.);
#733=VECTOR('',#2375,10.);
#734=VECTOR('',#2376,10.);
#735=VECTOR('',#2377,10.);
#736=VECTOR('',#2378,10.);
#737=VECTOR('',#2379,10.);
#738=VECTOR('',#2380,10.);
#739=VECTOR('',#2381,10.);
#740=VECTOR('',#2382,10.);
#741=VECTOR('',#2383,10.);
#742=VECTOR('',#2384,10.);
#743=VECTOR('',#2385,10.);
#744=VECTOR('',#2386,10.);
#745=VECTOR('',#2387,10.);
#746=VECTOR('',#2388,10.);
#747=VECTOR('',#2389,10.);
#748=VECTOR('',#2390,10.);
#749=VECTOR('',#2391,10.);
#750=VECTOR('',#2392,10.);
#751=VECTOR('',#2393,10.);
#752=VECTOR('',#2394,10.);
#753=VECTOR('',#2395,10.);
#754=VECTOR('',#2396,10.);
#755=VECTOR('',#2397,10.);
#756=VECTOR('',#2398,10.);
#757=VECTOR('',#2401,10.);
#758=VECTOR('',#2402,10.);
#759=VECTOR('',#2403,10.);
#760=VECTOR('',#2404,10.);
#761=VECTOR('',#2465,10.);
#762=VECTOR('',#2466,10.);
#763=VECTOR('',#2467,10.);
#764=VECTOR('',#2470,10.);
#765=VECTOR('',#2475,10.);
#766=VECTOR('',#2476,10.);
#767=VECTOR('',#2477,10.);
#768=VECTOR('',#2480,10.);
#769=VECTOR('',#2483,10.);
#770=VECTOR('',#2484,10.);
#771=VECTOR('',#2485,10.);
#772=VECTOR('',#2486,10.);
#773=VECTOR('',#2487,10.);
#774=VECTOR('',#2488,10.);
#775=VECTOR('',#2489,10.);
#776=VECTOR('',#2490,10.);
#777=VECTOR('',#2491,10.);
#778=VECTOR('',#2492,10.);
#779=VECTOR('',#2493,10.);
#780=VECTOR('',#2494,10.);
#781=VECTOR('',#2495,10.);
#782=VECTOR('',#2514,10.);
#783=VECTOR('',#2515,10.);
#784=VECTOR('',#2516,10.);
#785=VECTOR('',#2519,10.);
#786=VECTOR('',#2520,10.);
#787=VECTOR('',#2523,10.);
#788=VECTOR('',#2524,10.);
#789=VECTOR('',#2527,2.00000000000003);
#790=VECTOR('',#2532,10.);
#791=VECTOR('',#2533,10.);
#792=VECTOR('',#2534,10.);
#793=VECTOR('',#2537,10.);
#794=VECTOR('',#2538,10.);
#795=VECTOR('',#2541,10.);
#796=VECTOR('',#2542,10.);
#797=VECTOR('',#2545,10.);
#798=VECTOR('',#2548,2.00000000000003);
#799=VECTOR('',#2553,1.50000000000006);
#800=VECTOR('',#2558,1.50000000000006);
#801=VECTOR('',#2563,2.00000000000003);
#802=VECTOR('',#2568,2.00000000000003);
#803=VECTOR('',#2573,1.50000000000006);
#804=VECTOR('',#2578,1.50000000000006);
#805=VECTOR('',#2583,2.00000000000003);
#806=VECTOR('',#2588,2.5);
#807=VECTOR('',#2593,2.00000000000003);
#808=VECTOR('',#2598,2.00000000000003);
#809=VECTOR('',#2603,2.00000000000003);
#810=VECTOR('',#2608,2.00000000000003);
#811=VECTOR('',#2611,2.00000000000003);
#812=VECTOR('',#2616,1.50000000000006);
#813=VECTOR('',#2621,2.5);
#814=VECTOR('',#2626,2.00000000000003);
#815=VECTOR('',#2631,2.5);
#816=VECTOR('',#2634,2.00000000000003);
#817=VECTOR('',#2639,2.00000000000003);
#818=VECTOR('',#2644,1.50000000000006);
#819=VECTOR('',#2649,2.5);
#820=VECTOR('',#2654,2.5);
#821=VECTOR('',#2659,2.5);
#822=VECTOR('',#2662,2.5);
#823=VECTOR('',#2665,1.99999999999989);
#824=VECTOR('',#2670,2.00000000000003);
#825=VECTOR('',#2675,2.00000000000003);
#826=VECTOR('',#2680,2.00000000000003);
#827=VECTOR('',#2685,2.00000000000003);
#828=VECTOR('',#2690,2.00000000000003);
#829=VECTOR('',#2695,2.00000000000003);
#830=VECTOR('',#2698,2.00000000000003);
#831=VECTOR('',#2703,2.5);
#832=VECTOR('',#2706,2.00000000000003);
#833=VECTOR('',#2709,2.00000000000003);
#834=VECTOR('',#2712,1.50000000000006);
#835=VECTOR('',#2717,10.);
#836=VECTOR('',#2720,10.);
#837=VECTOR('',#2723,10.);
#838=VECTOR('',#2724,10.);
#839=VECTOR('',#2727,10.);
#840=VECTOR('',#2728,10.);
#841=VECTOR('',#2731,10.);
#842=VECTOR('',#2732,10.);
#843=VECTOR('',#2735,10.);
#844=VECTOR('',#2736,10.);
#845=VECTOR('',#2739,10.);
#846=VECTOR('',#2740,10.);
#847=VECTOR('',#2743,10.);
#848=VECTOR('',#2744,10.);
#849=VECTOR('',#2747,10.);
#850=VECTOR('',#2748,10.);
#851=VECTOR('',#2751,10.);
#852=VECTOR('',#2752,10.);
#853=VECTOR('',#2755,10.);
#854=VECTOR('',#2756,10.);
#855=VECTOR('',#2759,10.);
#856=VECTOR('',#2760,10.);
#857=VECTOR('',#2763,10.);
#858=VECTOR('',#2764,10.);
#859=VECTOR('',#2767,10.);
#860=VECTOR('',#2768,10.);
#861=VECTOR('',#2771,10.);
#862=VECTOR('',#2772,10.);
#863=VECTOR('',#2775,10.);
#864=VECTOR('',#2776,10.);
#865=VECTOR('',#2779,10.);
#866=VECTOR('',#2780,10.);
#867=VECTOR('',#2783,10.);
#868=VECTOR('',#2784,10.);
#869=VECTOR('',#2787,10.);
#870=VECTOR('',#2788,10.);
#871=VECTOR('',#2791,10.);
#872=VECTOR('',#2792,10.);
#873=VECTOR('',#2795,10.);
#874=VECTOR('',#2796,10.);
#875=VECTOR('',#2799,10.);
#876=VECTOR('',#2800,10.);
#877=VECTOR('',#2803,10.);
#878=VECTOR('',#2804,10.);
#879=VECTOR('',#2807,10.);
#880=VECTOR('',#2808,10.);
#881=VECTOR('',#2811,10.);
#882=VECTOR('',#2812,10.);
#883=VECTOR('',#2815,10.);
#884=VECTOR('',#2816,10.);
#885=VECTOR('',#2819,10.);
#886=VECTOR('',#2820,10.);
#887=VECTOR('',#2823,10.);
#888=VECTOR('',#2824,10.);
#889=VECTOR('',#2827,10.);
#890=VECTOR('',#2828,10.);
#891=VECTOR('',#2831,10.);
#892=VECTOR('',#2836,10.);
#893=VECTOR('',#2839,10.);
#894=VECTOR('',#2842,10.);
#895=VECTOR('',#2845,10.);
#896=VECTOR('',#2848,10.);
#897=VECTOR('',#2851,10.);
#898=VECTOR('',#2854,10.);
#899=VECTOR('',#2857,10.);
#900=VECTOR('',#2860,10.);
#901=VECTOR('',#2863,10.);
#902=VECTOR('',#2866,10.);
#903=VERTEX_POINT('',#2873);
#904=VERTEX_POINT('',#2874);
#905=VERTEX_POINT('',#2876);
#906=VERTEX_POINT('',#2878);
#907=VERTEX_POINT('',#2880);
#908=VERTEX_POINT('',#2882);
#909=VERTEX_POINT('',#2884);
#910=VERTEX_POINT('',#2886);
#911=VERTEX_POINT('',#2888);
#912=VERTEX_POINT('',#2890);
#913=VERTEX_POINT('',#2892);
#914=VERTEX_POINT('',#2894);
#915=VERTEX_POINT('',#2896);
#916=VERTEX_POINT('',#2898);
#917=VERTEX_POINT('',#2900);
#918=VERTEX_POINT('',#2902);
#919=VERTEX_POINT('',#2905);
#920=VERTEX_POINT('',#2907);
#921=VERTEX_POINT('',#2909);
#922=VERTEX_POINT('',#2911);
#923=VERTEX_POINT('',#2913);
#924=VERTEX_POINT('',#2915);
#925=VERTEX_POINT('',#2917);
#926=VERTEX_POINT('',#2919);
#927=VERTEX_POINT('',#2922);
#928=VERTEX_POINT('',#2924);
#929=VERTEX_POINT('',#2926);
#930=VERTEX_POINT('',#2930);
#931=VERTEX_POINT('',#2932);
#932=VERTEX_POINT('',#2937);
#933=VERTEX_POINT('',#2941);
#934=VERTEX_POINT('',#2945);
#935=VERTEX_POINT('',#2947);
#936=VERTEX_POINT('',#2949);
#937=VERTEX_POINT('',#2951);
#938=VERTEX_POINT('',#2953);
#939=VERTEX_POINT('',#2955);
#940=VERTEX_POINT('',#2957);
#941=VERTEX_POINT('',#2959);
#942=VERTEX_POINT('',#2961);
#943=VERTEX_POINT('',#2963);
#944=VERTEX_POINT('',#2965);
#945=VERTEX_POINT('',#2967);
#946=VERTEX_POINT('',#2969);
#947=VERTEX_POINT('',#2971);
#948=VERTEX_POINT('',#2973);
#949=VERTEX_POINT('',#2975);
#950=VERTEX_POINT('',#2977);
#951=VERTEX_POINT('',#2979);
#952=VERTEX_POINT('',#2981);
#953=VERTEX_POINT('',#2983);
#954=VERTEX_POINT('',#2985);
#955=VERTEX_POINT('',#2987);
#956=VERTEX_POINT('',#2989);
#957=VERTEX_POINT('',#2991);
#958=VERTEX_POINT('',#2993);
#959=VERTEX_POINT('',#2995);
#960=VERTEX_POINT('',#2997);
#961=VERTEX_POINT('',#2999);
#962=VERTEX_POINT('',#3001);
#963=VERTEX_POINT('',#3003);
#964=VERTEX_POINT('',#3005);
#965=VERTEX_POINT('',#3007);
#966=VERTEX_POINT('',#3009);
#967=VERTEX_POINT('',#3011);
#968=VERTEX_POINT('',#3014);
#969=VERTEX_POINT('',#3016);
#970=VERTEX_POINT('',#3017);
#971=VERTEX_POINT('',#3019);
#972=VERTEX_POINT('',#3021);
#973=VERTEX_POINT('',#3024);
#974=VERTEX_POINT('',#3026);
#975=VERTEX_POINT('',#3028);
#976=VERTEX_POINT('',#3030);
#977=VERTEX_POINT('',#3032);
#978=VERTEX_POINT('',#3034);
#979=VERTEX_POINT('',#3036);
#980=VERTEX_POINT('',#3038);
#981=VERTEX_POINT('',#3040);
#982=VERTEX_POINT('',#3042);
#983=VERTEX_POINT('',#3044);
#984=VERTEX_POINT('',#3046);
#985=VERTEX_POINT('',#3048);
#986=VERTEX_POINT('',#3050);
#987=VERTEX_POINT('',#3052);
#988=VERTEX_POINT('',#3054);
#989=VERTEX_POINT('',#3056);
#990=VERTEX_POINT('',#3058);
#991=VERTEX_POINT('',#3060);
#992=VERTEX_POINT('',#3062);
#993=VERTEX_POINT('',#3064);
#994=VERTEX_POINT('',#3066);
#995=VERTEX_POINT('',#3068);
#996=VERTEX_POINT('',#3070);
#997=VERTEX_POINT('',#3072);
#998=VERTEX_POINT('',#3074);
#999=VERTEX_POINT('',#3076);
#1000=VERTEX_POINT('',#3078);
#1001=VERTEX_POINT('',#3080);
#1002=VERTEX_POINT('',#3083);
#1003=VERTEX_POINT('',#3085);
#1004=VERTEX_POINT('',#3092);
#1005=VERTEX_POINT('',#3093);
#1006=VERTEX_POINT('',#3100);
#1007=VERTEX_POINT('',#3102);
#1008=VERTEX_POINT('',#3104);
#1009=VERTEX_POINT('',#3106);
#1010=VERTEX_POINT('',#3108);
#1011=VERTEX_POINT('',#3110);
#1012=VERTEX_POINT('',#3112);
#1013=VERTEX_POINT('',#3114);
#1014=VERTEX_POINT('',#3116);
#1015=VERTEX_POINT('',#3118);
#1016=VERTEX_POINT('',#3120);
#1017=VERTEX_POINT('',#3122);
#1018=VERTEX_POINT('',#3125);
#1019=VERTEX_POINT('',#3127);
#1020=VERTEX_POINT('',#3129);
#1021=VERTEX_POINT('',#3131);
#1022=VERTEX_POINT('',#3133);
#1023=VERTEX_POINT('',#3135);
#1024=VERTEX_POINT('',#3137);
#1025=VERTEX_POINT('',#3139);
#1026=VERTEX_POINT('',#3142);
#1027=VERTEX_POINT('',#3143);
#1028=VERTEX_POINT('',#3148);
#1029=VERTEX_POINT('',#3152);
#1030=VERTEX_POINT('',#3156);
#1031=VERTEX_POINT('',#3160);
#1032=VERTEX_POINT('',#3161);
#1033=VERTEX_POINT('',#3166);
#1034=VERTEX_POINT('',#3170);
#1035=VERTEX_POINT('',#3176);
#1036=VERTEX_POINT('',#3180);
#1037=VERTEX_POINT('',#3184);
#1038=VERTEX_POINT('',#3188);
#1039=VERTEX_POINT('',#3192);
#1040=VERTEX_POINT('',#3196);
#1041=VERTEX_POINT('',#3200);
#1042=VERTEX_POINT('',#3204);
#1043=VERTEX_POINT('',#3208);
#1044=VERTEX_POINT('',#3212);
#1045=VERTEX_POINT('',#3216);
#1046=VERTEX_POINT('',#3220);
#1047=VERTEX_POINT('',#3226);
#1048=VERTEX_POINT('',#3230);
#1049=VERTEX_POINT('',#3234);
#1050=VERTEX_POINT('',#3238);
#1051=VERTEX_POINT('',#3244);
#1052=VERTEX_POINT('',#3248);
#1053=VERTEX_POINT('',#3252);
#1054=VERTEX_POINT('',#3256);
#1055=VERTEX_POINT('',#3260);
#1056=VERTEX_POINT('',#3268);
#1057=VERTEX_POINT('',#3272);
#1058=VERTEX_POINT('',#3276);
#1059=VERTEX_POINT('',#3280);
#1060=VERTEX_POINT('',#3284);
#1061=VERTEX_POINT('',#3288);
#1062=VERTEX_POINT('',#3294);
#1063=VERTEX_POINT('',#3304);
#1064=VERTEX_POINT('',#3312);
#1065=VERTEX_POINT('',#3316);
#1066=VERTEX_POINT('',#3320);
#1067=VERTEX_POINT('',#3324);
#1068=VERTEX_POINT('',#3328);
#1069=VERTEX_POINT('',#3332);
#1070=VERTEX_POINT('',#3336);
#1071=VERTEX_POINT('',#3340);
#1072=VERTEX_POINT('',#3344);
#1073=VERTEX_POINT('',#3348);
#1074=VERTEX_POINT('',#3352);
#1075=VERTEX_POINT('',#3356);
#1076=VERTEX_POINT('',#3360);
#1077=VERTEX_POINT('',#3364);
#1078=VERTEX_POINT('',#3368);
#1079=VERTEX_POINT('',#3372);
#1080=VERTEX_POINT('',#3376);
#1081=VERTEX_POINT('',#3380);
#1082=VERTEX_POINT('',#3384);
#1083=VERTEX_POINT('',#3388);
#1084=VERTEX_POINT('',#3392);
#1085=VERTEX_POINT('',#3396);
#1086=VERTEX_POINT('',#3400);
#1087=VERTEX_POINT('',#3404);
#1088=VERTEX_POINT('',#3408);
#1089=VERTEX_POINT('',#3412);
#1090=VERTEX_POINT('',#3416);
#1091=EDGE_CURVE('',#903,#904,#491,.T.);
#1092=EDGE_CURVE('',#905,#904,#492,.T.);
#1093=EDGE_CURVE('',#905,#906,#493,.T.);
#1094=EDGE_CURVE('',#906,#907,#494,.T.);
#1095=EDGE_CURVE('',#907,#908,#495,.T.);
#1096=EDGE_CURVE('',#909,#908,#496,.T.);
#1097=EDGE_CURVE('',#910,#909,#497,.T.);
#1098=EDGE_CURVE('',#911,#910,#498,.T.);
#1099=EDGE_CURVE('',#912,#911,#499,.T.);
#1100=EDGE_CURVE('',#912,#913,#500,.T.);
#1101=EDGE_CURVE('',#913,#914,#501,.T.);
#1102=EDGE_CURVE('',#915,#914,#502,.T.);
#1103=EDGE_CURVE('',#916,#915,#503,.T.);
#1104=EDGE_CURVE('',#917,#916,#504,.T.);
#1105=EDGE_CURVE('',#918,#917,#505,.T.);
#1106=EDGE_CURVE('',#918,#903,#506,.T.);
#1107=EDGE_CURVE('',#919,#919,#133,.T.);
#1108=EDGE_CURVE('',#920,#920,#134,.T.);
#1109=EDGE_CURVE('',#921,#921,#135,.T.);
#1110=EDGE_CURVE('',#922,#922,#136,.T.);
#1111=EDGE_CURVE('',#923,#923,#137,.T.);
#1112=EDGE_CURVE('',#924,#924,#138,.T.);
#1113=EDGE_CURVE('',#925,#925,#139,.T.);
#1114=EDGE_CURVE('',#926,#926,#140,.T.);
#1115=EDGE_CURVE('',#927,#903,#507,.T.);
#1116=EDGE_CURVE('',#928,#927,#141,.T.);
#1117=EDGE_CURVE('',#928,#929,#508,.T.);
#1118=EDGE_CURVE('',#903,#929,#142,.T.);
#1119=EDGE_CURVE('',#930,#927,#509,.T.);
#1120=EDGE_CURVE('',#930,#931,#143,.T.);
#1121=EDGE_CURVE('',#931,#928,#510,.T.);
#1122=EDGE_CURVE('',#904,#930,#511,.T.);
#1123=EDGE_CURVE('',#932,#930,#512,.T.);
#1124=EDGE_CURVE('',#905,#932,#513,.T.);
#1125=EDGE_CURVE('',#918,#933,#514,.T.);
#1126=EDGE_CURVE('',#927,#933,#515,.T.);
#1127=EDGE_CURVE('',#931,#934,#516,.T.);
#1128=EDGE_CURVE('',#934,#935,#517,.T.);
#1129=EDGE_CURVE('',#935,#936,#518,.T.);
#1130=EDGE_CURVE('',#936,#937,#519,.T.);
#1131=EDGE_CURVE('',#937,#938,#520,.T.);
#1132=EDGE_CURVE('',#938,#939,#521,.T.);
#1133=EDGE_CURVE('',#939,#940,#522,.T.);
#1134=EDGE_CURVE('',#940,#941,#523,.T.);
#1135=EDGE_CURVE('',#941,#942,#524,.T.);
#1136=EDGE_CURVE('',#942,#943,#525,.T.);
#1137=EDGE_CURVE('',#943,#944,#526,.T.);
#1138=EDGE_CURVE('',#944,#945,#527,.T.);
#1139=EDGE_CURVE('',#945,#946,#528,.T.);
#1140=EDGE_CURVE('',#946,#947,#529,.T.);
#1141=EDGE_CURVE('',#947,#948,#530,.T.);
#1142=EDGE_CURVE('',#948,#949,#531,.T.);
#1143=EDGE_CURVE('',#949,#950,#532,.T.);
#1144=EDGE_CURVE('',#950,#951,#533,.T.);
#1145=EDGE_CURVE('',#951,#952,#534,.T.);
#1146=EDGE_CURVE('',#952,#953,#535,.T.);
#1147=EDGE_CURVE('',#953,#954,#536,.T.);
#1148=EDGE_CURVE('',#954,#955,#537,.T.);
#1149=EDGE_CURVE('',#955,#956,#538,.T.);
#1150=EDGE_CURVE('',#956,#957,#539,.T.);
#1151=EDGE_CURVE('',#957,#958,#540,.T.);
#1152=EDGE_CURVE('',#958,#959,#541,.T.);
#1153=EDGE_CURVE('',#959,#960,#542,.T.);
#1154=EDGE_CURVE('',#960,#961,#543,.T.);
#1155=EDGE_CURVE('',#961,#962,#544,.T.);
#1156=EDGE_CURVE('',#962,#963,#545,.T.);
#1157=EDGE_CURVE('',#963,#964,#546,.T.);
#1158=EDGE_CURVE('',#964,#965,#547,.T.);
#1159=EDGE_CURVE('',#965,#966,#548,.T.);
#1160=EDGE_CURVE('',#966,#967,#549,.T.);
#1161=EDGE_CURVE('',#967,#928,#550,.T.);
#1162=EDGE_CURVE('',#968,#968,#144,.T.);
#1163=EDGE_CURVE('',#969,#970,#551,.T.);
#1164=EDGE_CURVE('',#970,#971,#552,.T.);
#1165=EDGE_CURVE('',#971,#972,#553,.T.);
#1166=EDGE_CURVE('',#972,#969,#554,.T.);
#1167=EDGE_CURVE('',#973,#973,#145,.T.);
#1168=EDGE_CURVE('',#974,#974,#146,.T.);
#1169=EDGE_CURVE('',#975,#975,#147,.T.);
#1170=EDGE_CURVE('',#976,#976,#148,.T.);
#1171=EDGE_CURVE('',#977,#977,#149,.T.);
#1172=EDGE_CURVE('',#978,#978,#150,.T.);
#1173=EDGE_CURVE('',#979,#979,#151,.T.);
#1174=EDGE_CURVE('',#980,#980,#152,.T.);
#1175=EDGE_CURVE('',#981,#981,#153,.T.);
#1176=EDGE_CURVE('',#982,#982,#154,.T.);
#1177=EDGE_CURVE('',#983,#983,#155,.T.);
#1178=EDGE_CURVE('',#984,#984,#156,.T.);
#1179=EDGE_CURVE('',#985,#985,#157,.T.);
#1180=EDGE_CURVE('',#986,#986,#158,.T.);
#1181=EDGE_CURVE('',#987,#987,#159,.T.);
#1182=EDGE_CURVE('',#988,#988,#160,.T.);
#1183=EDGE_CURVE('',#989,#989,#161,.T.);
#1184=EDGE_CURVE('',#990,#990,#162,.T.);
#1185=EDGE_CURVE('',#991,#991,#163,.T.);
#1186=EDGE_CURVE('',#992,#992,#164,.T.);
#1187=EDGE_CURVE('',#993,#993,#165,.T.);
#1188=EDGE_CURVE('',#994,#994,#166,.T.);
#1189=EDGE_CURVE('',#995,#995,#167,.T.);
#1190=EDGE_CURVE('',#996,#996,#168,.T.);
#1191=EDGE_CURVE('',#997,#997,#169,.T.);
#1192=EDGE_CURVE('',#998,#998,#170,.T.);
#1193=EDGE_CURVE('',#999,#999,#171,.T.);
#1194=EDGE_CURVE('',#1000,#1000,#172,.T.);
#1195=EDGE_CURVE('',#1001,#1001,#173,.T.);
#1196=EDGE_CURVE('',#1002,#931,#555,.T.);
#1197=EDGE_CURVE('',#1002,#1003,#556,.T.);
#1198=EDGE_CURVE('',#1003,#934,#557,.T.);
#1199=EDGE_CURVE('',#929,#1002,#558,.T.);
#1200=EDGE_CURVE('',#904,#1002,#174,.T.);
#1201=EDGE_CURVE('',#1004,#1005,#559,.T.);
#1202=EDGE_CURVE('',#936,#1004,#560,.T.);
#1203=EDGE_CURVE('',#1005,#935,#561,.T.);
#1204=EDGE_CURVE('',#1005,#1003,#562,.T.);
#1205=EDGE_CURVE('',#933,#1006,#563,.T.);
#1206=EDGE_CURVE('',#1006,#1007,#564,.T.);
#1207=EDGE_CURVE('',#1007,#1008,#565,.T.);
#1208=EDGE_CURVE('',#1008,#1009,#566,.T.);
#1209=EDGE_CURVE('',#1009,#1010,#567,.T.);
#1210=EDGE_CURVE('',#1010,#1011,#568,.T.);
#1211=EDGE_CURVE('',#1011,#1012,#569,.T.);
#1212=EDGE_CURVE('',#1012,#1013,#570,.T.);
#1213=EDGE_CURVE('',#1013,#1014,#571,.T.);
#1214=EDGE_CURVE('',#1014,#1015,#572,.T.);
#1215=EDGE_CURVE('',#1015,#1016,#573,.T.);
#1216=EDGE_CURVE('',#1016,#1017,#574,.T.);
#1217=EDGE_CURVE('',#1017,#932,#575,.T.);
#1218=EDGE_CURVE('',#1018,#1018,#175,.T.);
#1219=EDGE_CURVE('',#1019,#1019,#176,.T.);
#1220=EDGE_CURVE('',#1020,#1020,#177,.T.);
#1221=EDGE_CURVE('',#1021,#1021,#178,.T.);
#1222=EDGE_CURVE('',#1022,#1022,#179,.T.);
#1223=EDGE_CURVE('',#1023,#1023,#180,.T.);
#1224=EDGE_CURVE('',#1024,#1024,#181,.T.);
#1225=EDGE_CURVE('',#1025,#1025,#182,.T.);
#1226=EDGE_CURVE('',#1026,#1027,#576,.T.);
#1227=EDGE_CURVE('',#1026,#966,#577,.T.);
#1228=EDGE_CURVE('',#1027,#965,#578,.T.);
#1229=EDGE_CURVE('',#1028,#1026,#579,.T.);
#1230=EDGE_CURVE('',#1028,#967,#580,.T.);
#1231=EDGE_CURVE('',#1029,#964,#581,.T.);
#1232=EDGE_CURVE('',#1029,#1027,#582,.T.);
#1233=EDGE_CURVE('',#968,#1030,#583,.T.);
#1234=EDGE_CURVE('',#1030,#1030,#183,.T.);
#1235=EDGE_CURVE('',#1031,#1032,#584,.T.);
#1236=EDGE_CURVE('',#1032,#969,#585,.T.);
#1237=EDGE_CURVE('',#1031,#972,#586,.T.);
#1238=EDGE_CURVE('',#1033,#1031,#587,.T.);
#1239=EDGE_CURVE('',#1033,#971,#588,.T.);
#1240=EDGE_CURVE('',#1034,#1033,#589,.T.);
#1241=EDGE_CURVE('',#1034,#970,#590,.T.);
#1242=EDGE_CURVE('',#1032,#1034,#591,.T.);
#1243=EDGE_CURVE('',#973,#1035,#592,.T.);
#1244=EDGE_CURVE('',#1035,#1035,#184,.T.);
#1245=EDGE_CURVE('',#974,#1036,#593,.T.);
#1246=EDGE_CURVE('',#1036,#1036,#185,.T.);
#1247=EDGE_CURVE('',#975,#1037,#594,.T.);
#1248=EDGE_CURVE('',#1037,#1037,#186,.T.);
#1249=EDGE_CURVE('',#976,#1038,#595,.T.);
#1250=EDGE_CURVE('',#1038,#1038,#187,.T.);
#1251=EDGE_CURVE('',#977,#1039,#596,.T.);
#1252=EDGE_CURVE('',#1039,#1039,#188,.T.);
#1253=EDGE_CURVE('',#978,#1040,#597,.T.);
#1254=EDGE_CURVE('',#1040,#1040,#189,.T.);
#1255=EDGE_CURVE('',#979,#1041,#598,.T.);
#1256=EDGE_CURVE('',#1041,#1041,#190,.T.);
#1257=EDGE_CURVE('',#980,#1042,#599,.T.);
#1258=EDGE_CURVE('',#1042,#1042,#191,.T.);
#1259=EDGE_CURVE('',#981,#1043,#600,.T.);
#1260=EDGE_CURVE('',#1043,#1043,#192,.T.);
#1261=EDGE_CURVE('',#982,#1044,#601,.T.);
#1262=EDGE_CURVE('',#1044,#1044,#193,.T.);
#1263=EDGE_CURVE('',#983,#1045,#602,.T.);
#1264=EDGE_CURVE('',#1045,#1045,#194,.T.);
#1265=EDGE_CURVE('',#984,#1046,#603,.T.);
#1266=EDGE_CURVE('',#1046,#1046,#195,.T.);
#1267=EDGE_CURVE('',#1025,#926,#604,.T.);
#1268=EDGE_CURVE('',#985,#1047,#605,.T.);
#1269=EDGE_CURVE('',#1047,#1047,#196,.T.);
#1270=EDGE_CURVE('',#986,#1048,#606,.T.);
#1271=EDGE_CURVE('',#1048,#1048,#197,.T.);
#1272=EDGE_CURVE('',#987,#1049,#607,.T.);
#1273=EDGE_CURVE('',#1049,#1049,#198,.T.);
#1274=EDGE_CURVE('',#988,#1050,#608,.T.);
#1275=EDGE_CURVE('',#1050,#1050,#199,.T.);
#1276=EDGE_CURVE('',#1024,#925,#609,.T.);
#1277=EDGE_CURVE('',#989,#1051,#610,.T.);
#1278=EDGE_CURVE('',#1051,#1051,#200,.T.);
#1279=EDGE_CURVE('',#990,#1052,#611,.T.);
#1280=EDGE_CURVE('',#1052,#1052,#201,.T.);
#1281=EDGE_CURVE('',#991,#1053,#612,.T.);
#1282=EDGE_CURVE('',#1053,#1053,#202,.T.);
#1283=EDGE_CURVE('',#992,#1054,#613,.T.);
#1284=EDGE_CURVE('',#1054,#1054,#203,.T.);
#1285=EDGE_CURVE('',#993,#1055,#614,.T.);
#1286=EDGE_CURVE('',#1055,#1055,#204,.T.);
#1287=EDGE_CURVE('',#1023,#924,#615,.T.);
#1288=EDGE_CURVE('',#1022,#923,#616,.T.);
#1289=EDGE_CURVE('',#994,#1056,#617,.T.);
#1290=EDGE_CURVE('',#1056,#1056,#205,.T.);
#1291=EDGE_CURVE('',#995,#1057,#618,.T.);
#1292=EDGE_CURVE('',#1057,#1057,#206,.T.);
#1293=EDGE_CURVE('',#996,#1058,#619,.T.);
#1294=EDGE_CURVE('',#1058,#1058,#207,.T.);
#1295=EDGE_CURVE('',#997,#1059,#620,.T.);
#1296=EDGE_CURVE('',#1059,#1059,#208,.T.);
#1297=EDGE_CURVE('',#998,#1060,#621,.T.);
#1298=EDGE_CURVE('',#1060,#1060,#209,.T.);
#1299=EDGE_CURVE('',#999,#1061,#622,.T.);
#1300=EDGE_CURVE('',#1061,#1061,#210,.T.);
#1301=EDGE_CURVE('',#1021,#922,#623,.T.);
#1302=EDGE_CURVE('',#1000,#1062,#624,.T.);
#1303=EDGE_CURVE('',#1062,#1062,#211,.T.);
#1304=EDGE_CURVE('',#1020,#921,#625,.T.);
#1305=EDGE_CURVE('',#1019,#920,#626,.T.);
#1306=EDGE_CURVE('',#1018,#919,#627,.T.);
#1307=EDGE_CURVE('',#1001,#1063,#628,.T.);
#1308=EDGE_CURVE('',#1063,#1063,#212,.T.);
#1309=EDGE_CURVE('',#917,#1006,#629,.T.);
#1310=EDGE_CURVE('',#929,#1028,#630,.T.);
#1311=EDGE_CURVE('',#1029,#1064,#631,.T.);
#1312=EDGE_CURVE('',#1064,#963,#632,.T.);
#1313=EDGE_CURVE('',#1064,#1065,#633,.T.);
#1314=EDGE_CURVE('',#1065,#962,#634,.T.);
#1315=EDGE_CURVE('',#1065,#1066,#635,.T.);
#1316=EDGE_CURVE('',#1066,#961,#636,.T.);
#1317=EDGE_CURVE('',#1066,#1067,#637,.T.);
#1318=EDGE_CURVE('',#1067,#960,#638,.T.);
#1319=EDGE_CURVE('',#1067,#1068,#639,.T.);
#1320=EDGE_CURVE('',#1068,#959,#640,.T.);
#1321=EDGE_CURVE('',#1068,#1069,#641,.T.);
#1322=EDGE_CURVE('',#1069,#958,#642,.T.);
#1323=EDGE_CURVE('',#1069,#1070,#643,.T.);
#1324=EDGE_CURVE('',#1070,#957,#644,.T.);
#1325=EDGE_CURVE('',#1071,#1070,#645,.T.);
#1326=EDGE_CURVE('',#1071,#956,#646,.T.);
#1327=EDGE_CURVE('',#1072,#1071,#647,.T.);
#1328=EDGE_CURVE('',#1072,#955,#648,.T.);
#1329=EDGE_CURVE('',#1073,#1072,#649,.T.);
#1330=EDGE_CURVE('',#1073,#954,#650,.T.);
#1331=EDGE_CURVE('',#1073,#1074,#651,.T.);
#1332=EDGE_CURVE('',#1074,#953,#652,.T.);
#1333=EDGE_CURVE('',#1074,#1075,#653,.T.);
#1334=EDGE_CURVE('',#1075,#952,#654,.T.);
#1335=EDGE_CURVE('',#1075,#1076,#655,.T.);
#1336=EDGE_CURVE('',#1076,#951,#656,.T.);
#1337=EDGE_CURVE('',#1076,#1077,#657,.T.);
#1338=EDGE_CURVE('',#1077,#950,#658,.T.);
#1339=EDGE_CURVE('',#1077,#1078,#659,.T.);
#1340=EDGE_CURVE('',#1078,#949,#660,.T.);
#1341=EDGE_CURVE('',#1079,#1078,#661,.T.);
#1342=EDGE_CURVE('',#1079,#948,#662,.T.);
#1343=EDGE_CURVE('',#1080,#1079,#663,.T.);
#1344=EDGE_CURVE('',#1080,#947,#664,.T.);
#1345=EDGE_CURVE('',#1080,#1081,#665,.T.);
#1346=EDGE_CURVE('',#1081,#946,#666,.T.);
#1347=EDGE_CURVE('',#1081,#1082,#667,.T.);
#1348=EDGE_CURVE('',#1082,#945,#668,.T.);
#1349=EDGE_CURVE('',#1082,#1083,#669,.T.);
#1350=EDGE_CURVE('',#1083,#944,#670,.T.);
#1351=EDGE_CURVE('',#1083,#1084,#671,.T.);
#1352=EDGE_CURVE('',#1084,#943,#672,.T.);
#1353=EDGE_CURVE('',#1084,#1085,#673,.T.);
#1354=EDGE_CURVE('',#1085,#942,#674,.T.);
#1355=EDGE_CURVE('',#1085,#1086,#675,.T.);
#1356=EDGE_CURVE('',#1086,#941,#676,.T.);
#1357=EDGE_CURVE('',#1087,#1086,#677,.T.);
#1358=EDGE_CURVE('',#1087,#940,#678,.T.);
#1359=EDGE_CURVE('',#1087,#1088,#679,.T.);
#1360=EDGE_CURVE('',#1088,#939,#680,.T.);
#1361=EDGE_CURVE('',#1088,#1089,#681,.T.);
#1362=EDGE_CURVE('',#1089,#938,#682,.T.);
#1363=EDGE_CURVE('',#1090,#1089,#683,.T.);
#1364=EDGE_CURVE('',#1090,#937,#684,.T.);
#1365=EDGE_CURVE('',#1004,#1090,#685,.T.);
#1366=EDGE_CURVE('',#906,#1017,#686,.T.);
#1367=EDGE_CURVE('',#907,#1016,#687,.T.);
#1368=EDGE_CURVE('',#908,#1015,#688,.T.);
#1369=EDGE_CURVE('',#909,#1014,#689,.T.);
#1370=EDGE_CURVE('',#910,#1013,#690,.T.);
#1371=EDGE_CURVE('',#911,#1012,#691,.T.);
#1372=EDGE_CURVE('',#912,#1011,#692,.T.);
#1373=EDGE_CURVE('',#913,#1010,#693,.T.);
#1374=EDGE_CURVE('',#914,#1009,#694,.T.);
#1375=EDGE_CURVE('',#915,#1008,#695,.T.);
#1376=EDGE_CURVE('',#916,#1007,#696,.T.);
#1377=ORIENTED_EDGE('',*,*,#1091,.T.);
#1378=ORIENTED_EDGE('',*,*,#1092,.F.);
#1379=ORIENTED_EDGE('',*,*,#1093,.T.);
#1380=ORIENTED_EDGE('',*,*,#1094,.T.);
#1381=ORIENTED_EDGE('',*,*,#1095,.T.);
#1382=ORIENTED_EDGE('',*,*,#1096,.F.);
#1383=ORIENTED_EDGE('',*,*,#1097,.F.);
#1384=ORIENTED_EDGE('',*,*,#1098,.F.);
#1385=ORIENTED_EDGE('',*,*,#1099,.F.);
#1386=ORIENTED_EDGE('',*,*,#1100,.T.);
#1387=ORIENTED_EDGE('',*,*,#1101,.T.);
#1388=ORIENTED_EDGE('',*,*,#1102,.F.);
#1389=ORIENTED_EDGE('',*,*,#1103,.F.);
#1390=ORIENTED_EDGE('',*,*,#1104,.F.);
#1391=ORIENTED_EDGE('',*,*,#1105,.F.);
#1392=ORIENTED_EDGE('',*,*,#1106,.T.);
#1393=ORIENTED_EDGE('',*,*,#1107,.F.);
#1394=ORIENTED_EDGE('',*,*,#1108,.F.);
#1395=ORIENTED_EDGE('',*,*,#1109,.F.);
#1396=ORIENTED_EDGE('',*,*,#1110,.F.);
#1397=ORIENTED_EDGE('',*,*,#1111,.F.);
#1398=ORIENTED_EDGE('',*,*,#1112,.F.);
#1399=ORIENTED_EDGE('',*,*,#1113,.F.);
#1400=ORIENTED_EDGE('',*,*,#1114,.F.);
#1401=ORIENTED_EDGE('',*,*,#1115,.F.);
#1402=ORIENTED_EDGE('',*,*,#1116,.F.);
#1403=ORIENTED_EDGE('',*,*,#1117,.T.);
#1404=ORIENTED_EDGE('',*,*,#1118,.F.);
#1405=ORIENTED_EDGE('',*,*,#1119,.F.);
#1406=ORIENTED_EDGE('',*,*,#1120,.T.);
#1407=ORIENTED_EDGE('',*,*,#1121,.T.);
#1408=ORIENTED_EDGE('',*,*,#1116,.T.);
#1409=ORIENTED_EDGE('',*,*,#1122,.T.);
#1410=ORIENTED_EDGE('',*,*,#1123,.F.);
#1411=ORIENTED_EDGE('',*,*,#1124,.F.);
#1412=ORIENTED_EDGE('',*,*,#1092,.T.);
#1413=ORIENTED_EDGE('',*,*,#1115,.T.);
#1414=ORIENTED_EDGE('',*,*,#1106,.F.);
#1415=ORIENTED_EDGE('',*,*,#1125,.T.);
#1416=ORIENTED_EDGE('',*,*,#1126,.F.);
#1417=ORIENTED_EDGE('',*,*,#1121,.F.);
#1418=ORIENTED_EDGE('',*,*,#1127,.T.);
#1419=ORIENTED_EDGE('',*,*,#1128,.T.);
#1420=ORIENTED_EDGE('',*,*,#1129,.T.);
#1421=ORIENTED_EDGE('',*,*,#1130,.T.);
#1422=ORIENTED_EDGE('',*,*,#1131,.T.);
#1423=ORIENTED_EDGE('',*,*,#1132,.T.);
#1424=ORIENTED_EDGE('',*,*,#1133,.T.);
#1425=ORIENTED_EDGE('',*,*,#1134,.T.);
#1426=ORIENTED_EDGE('',*,*,#1135,.T.);
#1427=ORIENTED_EDGE('',*,*,#1136,.T.);
#1428=ORIENTED_EDGE('',*,*,#1137,.T.);
#1429=ORIENTED_EDGE('',*,*,#1138,.T.);
#1430=ORIENTED_EDGE('',*,*,#1139,.T.);
#1431=ORIENTED_EDGE('',*,*,#1140,.T.);
#1432=ORIENTED_EDGE('',*,*,#1141,.T.);
#1433=ORIENTED_EDGE('',*,*,#1142,.T.);
#1434=ORIENTED_EDGE('',*,*,#1143,.T.);
#1435=ORIENTED_EDGE('',*,*,#1144,.T.);
#1436=ORIENTED_EDGE('',*,*,#1145,.T.);
#1437=ORIENTED_EDGE('',*,*,#1146,.T.);
#1438=ORIENTED_EDGE('',*,*,#1147,.T.);
#1439=ORIENTED_EDGE('',*,*,#1148,.T.);
#1440=ORIENTED_EDGE('',*,*,#1149,.T.);
#1441=ORIENTED_EDGE('',*,*,#1150,.T.);
#1442=ORIENTED_EDGE('',*,*,#1151,.T.);
#1443=ORIENTED_EDGE('',*,*,#1152,.T.);
#1444=ORIENTED_EDGE('',*,*,#1153,.T.);
#1445=ORIENTED_EDGE('',*,*,#1154,.T.);
#1446=ORIENTED_EDGE('',*,*,#1155,.T.);
#1447=ORIENTED_EDGE('',*,*,#1156,.T.);
#1448=ORIENTED_EDGE('',*,*,#1157,.T.);
#1449=ORIENTED_EDGE('',*,*,#1158,.T.);
#1450=ORIENTED_EDGE('',*,*,#1159,.T.);
#1451=ORIENTED_EDGE('',*,*,#1160,.T.);
#1452=ORIENTED_EDGE('',*,*,#1161,.T.);
#1453=ORIENTED_EDGE('',*,*,#1162,.T.);
#1454=ORIENTED_EDGE('',*,*,#1163,.T.);
#1455=ORIENTED_EDGE('',*,*,#1164,.T.);
#1456=ORIENTED_EDGE('',*,*,#1165,.T.);
#1457=ORIENTED_EDGE('',*,*,#1166,.T.);
#1458=ORIENTED_EDGE('',*,*,#1167,.T.);
#1459=ORIENTED_EDGE('',*,*,#1168,.T.);
#1460=ORIENTED_EDGE('',*,*,#1169,.T.);
#1461=ORIENTED_EDGE('',*,*,#1170,.T.);
#1462=ORIENTED_EDGE('',*,*,#1171,.T.);
#1463=ORIENTED_EDGE('',*,*,#1172,.T.);
#1464=ORIENTED_EDGE('',*,*,#1173,.T.);
#1465=ORIENTED_EDGE('',*,*,#1174,.T.);
#1466=ORIENTED_EDGE('',*,*,#1175,.T.);
#1467=ORIENTED_EDGE('',*,*,#1176,.T.);
#1468=ORIENTED_EDGE('',*,*,#1177,.T.);
#1469=ORIENTED_EDGE('',*,*,#1178,.T.);
#1470=ORIENTED_EDGE('',*,*,#1179,.T.);
#1471=ORIENTED_EDGE('',*,*,#1180,.T.);
#1472=ORIENTED_EDGE('',*,*,#1181,.T.);
#1473=ORIENTED_EDGE('',*,*,#1182,.T.);
#1474=ORIENTED_EDGE('',*,*,#1183,.T.);
#1475=ORIENTED_EDGE('',*,*,#1184,.T.);
#1476=ORIENTED_EDGE('',*,*,#1185,.T.);
#1477=ORIENTED_EDGE('',*,*,#1186,.T.);
#1478=ORIENTED_EDGE('',*,*,#1187,.T.);
#1479=ORIENTED_EDGE('',*,*,#1188,.T.);
#1480=ORIENTED_EDGE('',*,*,#1189,.T.);
#1481=ORIENTED_EDGE('',*,*,#1190,.T.);
#1482=ORIENTED_EDGE('',*,*,#1191,.T.);
#1483=ORIENTED_EDGE('',*,*,#1192,.T.);
#1484=ORIENTED_EDGE('',*,*,#1193,.T.);
#1485=ORIENTED_EDGE('',*,*,#1194,.T.);
#1486=ORIENTED_EDGE('',*,*,#1195,.T.);
#1487=ORIENTED_EDGE('',*,*,#1196,.F.);
#1488=ORIENTED_EDGE('',*,*,#1197,.T.);
#1489=ORIENTED_EDGE('',*,*,#1198,.T.);
#1490=ORIENTED_EDGE('',*,*,#1127,.F.);
#1491=ORIENTED_EDGE('',*,*,#1091,.F.);
#1492=ORIENTED_EDGE('',*,*,#1118,.T.);
#1493=ORIENTED_EDGE('',*,*,#1199,.T.);
#1494=ORIENTED_EDGE('',*,*,#1200,.F.);
#1495=ORIENTED_EDGE('',*,*,#1201,.F.);
#1496=ORIENTED_EDGE('',*,*,#1202,.F.);
#1497=ORIENTED_EDGE('',*,*,#1129,.F.);
#1498=ORIENTED_EDGE('',*,*,#1203,.F.);
#1499=ORIENTED_EDGE('',*,*,#1204,.F.);
#1500=ORIENTED_EDGE('',*,*,#1203,.T.);
#1501=ORIENTED_EDGE('',*,*,#1128,.F.);
#1502=ORIENTED_EDGE('',*,*,#1198,.F.);
#1503=ORIENTED_EDGE('',*,*,#1119,.T.);
#1504=ORIENTED_EDGE('',*,*,#1126,.T.);
#1505=ORIENTED_EDGE('',*,*,#1205,.T.);
#1506=ORIENTED_EDGE('',*,*,#1206,.T.);
#1507=ORIENTED_EDGE('',*,*,#1207,.T.);
#1508=ORIENTED_EDGE('',*,*,#1208,.T.);
#1509=ORIENTED_EDGE('',*,*,#1209,.T.);
#1510=ORIENTED_EDGE('',*,*,#1210,.T.);
#1511=ORIENTED_EDGE('',*,*,#1211,.T.);
#1512=ORIENTED_EDGE('',*,*,#1212,.T.);
#1513=ORIENTED_EDGE('',*,*,#1213,.T.);
#1514=ORIENTED_EDGE('',*,*,#1214,.T.);
#1515=ORIENTED_EDGE('',*,*,#1215,.T.);
#1516=ORIENTED_EDGE('',*,*,#1216,.T.);
#1517=ORIENTED_EDGE('',*,*,#1217,.T.);
#1518=ORIENTED_EDGE('',*,*,#1123,.T.);
#1519=ORIENTED_EDGE('',*,*,#1218,.T.);
#1520=ORIENTED_EDGE('',*,*,#1219,.T.);
#1521=ORIENTED_EDGE('',*,*,#1220,.T.);
#1522=ORIENTED_EDGE('',*,*,#1221,.T.);
#1523=ORIENTED_EDGE('',*,*,#1222,.T.);
#1524=ORIENTED_EDGE('',*,*,#1223,.T.);
#1525=ORIENTED_EDGE('',*,*,#1224,.T.);
#1526=ORIENTED_EDGE('',*,*,#1225,.T.);
#1527=ORIENTED_EDGE('',*,*,#1226,.F.);
#1528=ORIENTED_EDGE('',*,*,#1227,.T.);
#1529=ORIENTED_EDGE('',*,*,#1159,.F.);
#1530=ORIENTED_EDGE('',*,*,#1228,.F.);
#1531=ORIENTED_EDGE('',*,*,#1229,.F.);
#1532=ORIENTED_EDGE('',*,*,#1230,.T.);
#1533=ORIENTED_EDGE('',*,*,#1160,.F.);
#1534=ORIENTED_EDGE('',*,*,#1227,.F.);
#1535=ORIENTED_EDGE('',*,*,#1228,.T.);
#1536=ORIENTED_EDGE('',*,*,#1158,.F.);
#1537=ORIENTED_EDGE('',*,*,#1231,.F.);
#1538=ORIENTED_EDGE('',*,*,#1232,.T.);
#1539=ORIENTED_EDGE('',*,*,#1162,.F.);
#1540=ORIENTED_EDGE('',*,*,#1233,.T.);
#1541=ORIENTED_EDGE('',*,*,#1234,.T.);
#1542=ORIENTED_EDGE('',*,*,#1233,.F.);
#1543=ORIENTED_EDGE('',*,*,#1235,.T.);
#1544=ORIENTED_EDGE('',*,*,#1236,.T.);
#1545=ORIENTED_EDGE('',*,*,#1166,.F.);
#1546=ORIENTED_EDGE('',*,*,#1237,.F.);
#1547=ORIENTED_EDGE('',*,*,#1238,.T.);
#1548=ORIENTED_EDGE('',*,*,#1237,.T.);
#1549=ORIENTED_EDGE('',*,*,#1165,.F.);
#1550=ORIENTED_EDGE('',*,*,#1239,.F.);
#1551=ORIENTED_EDGE('',*,*,#1240,.T.);
#1552=ORIENTED_EDGE('',*,*,#1239,.T.);
#1553=ORIENTED_EDGE('',*,*,#1164,.F.);
#1554=ORIENTED_EDGE('',*,*,#1241,.F.);
#1555=ORIENTED_EDGE('',*,*,#1242,.T.);
#1556=ORIENTED_EDGE('',*,*,#1241,.T.);
#1557=ORIENTED_EDGE('',*,*,#1163,.F.);
#1558=ORIENTED_EDGE('',*,*,#1236,.F.);
#1559=ORIENTED_EDGE('',*,*,#1167,.F.);
#1560=ORIENTED_EDGE('',*,*,#1243,.T.);
#1561=ORIENTED_EDGE('',*,*,#1244,.T.);
#1562=ORIENTED_EDGE('',*,*,#1243,.F.);
#1563=ORIENTED_EDGE('',*,*,#1168,.F.);
#1564=ORIENTED_EDGE('',*,*,#1245,.T.);
#1565=ORIENTED_EDGE('',*,*,#1246,.T.);
#1566=ORIENTED_EDGE('',*,*,#1245,.F.);
#1567=ORIENTED_EDGE('',*,*,#1169,.F.);
#1568=ORIENTED_EDGE('',*,*,#1247,.T.);
#1569=ORIENTED_EDGE('',*,*,#1248,.T.);
#1570=ORIENTED_EDGE('',*,*,#1247,.F.);
#1571=ORIENTED_EDGE('',*,*,#1170,.F.);
#1572=ORIENTED_EDGE('',*,*,#1249,.T.);
#1573=ORIENTED_EDGE('',*,*,#1250,.T.);
#1574=ORIENTED_EDGE('',*,*,#1249,.F.);
#1575=ORIENTED_EDGE('',*,*,#1171,.F.);
#1576=ORIENTED_EDGE('',*,*,#1251,.T.);
#1577=ORIENTED_EDGE('',*,*,#1252,.T.);
#1578=ORIENTED_EDGE('',*,*,#1251,.F.);
#1579=ORIENTED_EDGE('',*,*,#1172,.F.);
#1580=ORIENTED_EDGE('',*,*,#1253,.T.);
#1581=ORIENTED_EDGE('',*,*,#1254,.T.);
#1582=ORIENTED_EDGE('',*,*,#1253,.F.);
#1583=ORIENTED_EDGE('',*,*,#1173,.F.);
#1584=ORIENTED_EDGE('',*,*,#1255,.T.);
#1585=ORIENTED_EDGE('',*,*,#1256,.T.);
#1586=ORIENTED_EDGE('',*,*,#1255,.F.);
#1587=ORIENTED_EDGE('',*,*,#1174,.F.);
#1588=ORIENTED_EDGE('',*,*,#1257,.T.);
#1589=ORIENTED_EDGE('',*,*,#1258,.T.);
#1590=ORIENTED_EDGE('',*,*,#1257,.F.);
#1591=ORIENTED_EDGE('',*,*,#1175,.F.);
#1592=ORIENTED_EDGE('',*,*,#1259,.T.);
#1593=ORIENTED_EDGE('',*,*,#1260,.T.);
#1594=ORIENTED_EDGE('',*,*,#1259,.F.);
#1595=ORIENTED_EDGE('',*,*,#1176,.F.);
#1596=ORIENTED_EDGE('',*,*,#1261,.T.);
#1597=ORIENTED_EDGE('',*,*,#1262,.T.);
#1598=ORIENTED_EDGE('',*,*,#1261,.F.);
#1599=ORIENTED_EDGE('',*,*,#1177,.F.);
#1600=ORIENTED_EDGE('',*,*,#1263,.T.);
#1601=ORIENTED_EDGE('',*,*,#1264,.T.);
#1602=ORIENTED_EDGE('',*,*,#1263,.F.);
#1603=ORIENTED_EDGE('',*,*,#1178,.F.);
#1604=ORIENTED_EDGE('',*,*,#1265,.T.);
#1605=ORIENTED_EDGE('',*,*,#1266,.T.);
#1606=ORIENTED_EDGE('',*,*,#1265,.F.);
#1607=ORIENTED_EDGE('',*,*,#1225,.F.);
#1608=ORIENTED_EDGE('',*,*,#1267,.T.);
#1609=ORIENTED_EDGE('',*,*,#1114,.T.);
#1610=ORIENTED_EDGE('',*,*,#1267,.F.);
#1611=ORIENTED_EDGE('',*,*,#1179,.F.);
#1612=ORIENTED_EDGE('',*,*,#1268,.T.);
#1613=ORIENTED_EDGE('',*,*,#1269,.T.);
#1614=ORIENTED_EDGE('',*,*,#1268,.F.);
#1615=ORIENTED_EDGE('',*,*,#1180,.F.);
#1616=ORIENTED_EDGE('',*,*,#1270,.T.);
#1617=ORIENTED_EDGE('',*,*,#1271,.T.);
#1618=ORIENTED_EDGE('',*,*,#1270,.F.);
#1619=ORIENTED_EDGE('',*,*,#1181,.F.);
#1620=ORIENTED_EDGE('',*,*,#1272,.T.);
#1621=ORIENTED_EDGE('',*,*,#1273,.T.);
#1622=ORIENTED_EDGE('',*,*,#1272,.F.);
#1623=ORIENTED_EDGE('',*,*,#1182,.F.);
#1624=ORIENTED_EDGE('',*,*,#1274,.T.);
#1625=ORIENTED_EDGE('',*,*,#1275,.T.);
#1626=ORIENTED_EDGE('',*,*,#1274,.F.);
#1627=ORIENTED_EDGE('',*,*,#1224,.F.);
#1628=ORIENTED_EDGE('',*,*,#1276,.T.);
#1629=ORIENTED_EDGE('',*,*,#1113,.T.);
#1630=ORIENTED_EDGE('',*,*,#1276,.F.);
#1631=ORIENTED_EDGE('',*,*,#1183,.F.);
#1632=ORIENTED_EDGE('',*,*,#1277,.T.);
#1633=ORIENTED_EDGE('',*,*,#1278,.T.);
#1634=ORIENTED_EDGE('',*,*,#1277,.F.);
#1635=ORIENTED_EDGE('',*,*,#1184,.F.);
#1636=ORIENTED_EDGE('',*,*,#1279,.T.);
#1637=ORIENTED_EDGE('',*,*,#1280,.T.);
#1638=ORIENTED_EDGE('',*,*,#1279,.F.);
#1639=ORIENTED_EDGE('',*,*,#1185,.F.);
#1640=ORIENTED_EDGE('',*,*,#1281,.T.);
#1641=ORIENTED_EDGE('',*,*,#1282,.T.);
#1642=ORIENTED_EDGE('',*,*,#1281,.F.);
#1643=ORIENTED_EDGE('',*,*,#1186,.F.);
#1644=ORIENTED_EDGE('',*,*,#1283,.T.);
#1645=ORIENTED_EDGE('',*,*,#1284,.T.);
#1646=ORIENTED_EDGE('',*,*,#1283,.F.);
#1647=ORIENTED_EDGE('',*,*,#1187,.F.);
#1648=ORIENTED_EDGE('',*,*,#1285,.T.);
#1649=ORIENTED_EDGE('',*,*,#1286,.T.);
#1650=ORIENTED_EDGE('',*,*,#1285,.F.);
#1651=ORIENTED_EDGE('',*,*,#1223,.F.);
#1652=ORIENTED_EDGE('',*,*,#1287,.T.);
#1653=ORIENTED_EDGE('',*,*,#1112,.T.);
#1654=ORIENTED_EDGE('',*,*,#1287,.F.);
#1655=ORIENTED_EDGE('',*,*,#1222,.F.);
#1656=ORIENTED_EDGE('',*,*,#1288,.T.);
#1657=ORIENTED_EDGE('',*,*,#1111,.T.);
#1658=ORIENTED_EDGE('',*,*,#1288,.F.);
#1659=ORIENTED_EDGE('',*,*,#1188,.F.);
#1660=ORIENTED_EDGE('',*,*,#1289,.T.);
#1661=ORIENTED_EDGE('',*,*,#1290,.T.);
#1662=ORIENTED_EDGE('',*,*,#1289,.F.);
#1663=ORIENTED_EDGE('',*,*,#1189,.F.);
#1664=ORIENTED_EDGE('',*,*,#1291,.T.);
#1665=ORIENTED_EDGE('',*,*,#1292,.T.);
#1666=ORIENTED_EDGE('',*,*,#1291,.F.);
#1667=ORIENTED_EDGE('',*,*,#1190,.F.);
#1668=ORIENTED_EDGE('',*,*,#1293,.T.);
#1669=ORIENTED_EDGE('',*,*,#1294,.T.);
#1670=ORIENTED_EDGE('',*,*,#1293,.F.);
#1671=ORIENTED_EDGE('',*,*,#1191,.F.);
#1672=ORIENTED_EDGE('',*,*,#1295,.T.);
#1673=ORIENTED_EDGE('',*,*,#1296,.T.);
#1674=ORIENTED_EDGE('',*,*,#1295,.F.);
#1675=ORIENTED_EDGE('',*,*,#1192,.F.);
#1676=ORIENTED_EDGE('',*,*,#1297,.T.);
#1677=ORIENTED_EDGE('',*,*,#1298,.T.);
#1678=ORIENTED_EDGE('',*,*,#1297,.F.);
#1679=ORIENTED_EDGE('',*,*,#1193,.F.);
#1680=ORIENTED_EDGE('',*,*,#1299,.T.);
#1681=ORIENTED_EDGE('',*,*,#1300,.T.);
#1682=ORIENTED_EDGE('',*,*,#1299,.F.);
#1683=ORIENTED_EDGE('',*,*,#1221,.F.);
#1684=ORIENTED_EDGE('',*,*,#1301,.T.);
#1685=ORIENTED_EDGE('',*,*,#1110,.T.);
#1686=ORIENTED_EDGE('',*,*,#1301,.F.);
#1687=ORIENTED_EDGE('',*,*,#1194,.F.);
#1688=ORIENTED_EDGE('',*,*,#1302,.T.);
#1689=ORIENTED_EDGE('',*,*,#1303,.T.);
#1690=ORIENTED_EDGE('',*,*,#1302,.F.);
#1691=ORIENTED_EDGE('',*,*,#1220,.F.);
#1692=ORIENTED_EDGE('',*,*,#1304,.T.);
#1693=ORIENTED_EDGE('',*,*,#1109,.T.);
#1694=ORIENTED_EDGE('',*,*,#1304,.F.);
#1695=ORIENTED_EDGE('',*,*,#1219,.F.);
#1696=ORIENTED_EDGE('',*,*,#1305,.T.);
#1697=ORIENTED_EDGE('',*,*,#1108,.T.);
#1698=ORIENTED_EDGE('',*,*,#1305,.F.);
#1699=ORIENTED_EDGE('',*,*,#1218,.F.);
#1700=ORIENTED_EDGE('',*,*,#1306,.T.);
#1701=ORIENTED_EDGE('',*,*,#1107,.T.);
#1702=ORIENTED_EDGE('',*,*,#1306,.F.);
#1703=ORIENTED_EDGE('',*,*,#1195,.F.);
#1704=ORIENTED_EDGE('',*,*,#1307,.T.);
#1705=ORIENTED_EDGE('',*,*,#1308,.T.);
#1706=ORIENTED_EDGE('',*,*,#1307,.F.);
#1707=ORIENTED_EDGE('',*,*,#1105,.T.);
#1708=ORIENTED_EDGE('',*,*,#1309,.T.);
#1709=ORIENTED_EDGE('',*,*,#1205,.F.);
#1710=ORIENTED_EDGE('',*,*,#1125,.F.);
#1711=ORIENTED_EDGE('',*,*,#1117,.F.);
#1712=ORIENTED_EDGE('',*,*,#1161,.F.);
#1713=ORIENTED_EDGE('',*,*,#1230,.F.);
#1714=ORIENTED_EDGE('',*,*,#1310,.F.);
#1715=ORIENTED_EDGE('',*,*,#1311,.F.);
#1716=ORIENTED_EDGE('',*,*,#1231,.T.);
#1717=ORIENTED_EDGE('',*,*,#1157,.F.);
#1718=ORIENTED_EDGE('',*,*,#1312,.F.);
#1719=ORIENTED_EDGE('',*,*,#1313,.F.);
#1720=ORIENTED_EDGE('',*,*,#1312,.T.);
#1721=ORIENTED_EDGE('',*,*,#1156,.F.);
#1722=ORIENTED_EDGE('',*,*,#1314,.F.);
#1723=ORIENTED_EDGE('',*,*,#1315,.F.);
#1724=ORIENTED_EDGE('',*,*,#1314,.T.);
#1725=ORIENTED_EDGE('',*,*,#1155,.F.);
#1726=ORIENTED_EDGE('',*,*,#1316,.F.);
#1727=ORIENTED_EDGE('',*,*,#1317,.F.);
#1728=ORIENTED_EDGE('',*,*,#1316,.T.);
#1729=ORIENTED_EDGE('',*,*,#1154,.F.);
#1730=ORIENTED_EDGE('',*,*,#1318,.F.);
#1731=ORIENTED_EDGE('',*,*,#1319,.F.);
#1732=ORIENTED_EDGE('',*,*,#1318,.T.);
#1733=ORIENTED_EDGE('',*,*,#1153,.F.);
#1734=ORIENTED_EDGE('',*,*,#1320,.F.);
#1735=ORIENTED_EDGE('',*,*,#1321,.F.);
#1736=ORIENTED_EDGE('',*,*,#1320,.T.);
#1737=ORIENTED_EDGE('',*,*,#1152,.F.);
#1738=ORIENTED_EDGE('',*,*,#1322,.F.);
#1739=ORIENTED_EDGE('',*,*,#1323,.F.);
#1740=ORIENTED_EDGE('',*,*,#1322,.T.);
#1741=ORIENTED_EDGE('',*,*,#1151,.F.);
#1742=ORIENTED_EDGE('',*,*,#1324,.F.);
#1743=ORIENTED_EDGE('',*,*,#1325,.T.);
#1744=ORIENTED_EDGE('',*,*,#1324,.T.);
#1745=ORIENTED_EDGE('',*,*,#1150,.F.);
#1746=ORIENTED_EDGE('',*,*,#1326,.F.);
#1747=ORIENTED_EDGE('',*,*,#1327,.T.);
#1748=ORIENTED_EDGE('',*,*,#1326,.T.);
#1749=ORIENTED_EDGE('',*,*,#1149,.F.);
#1750=ORIENTED_EDGE('',*,*,#1328,.F.);
#1751=ORIENTED_EDGE('',*,*,#1329,.T.);
#1752=ORIENTED_EDGE('',*,*,#1328,.T.);
#1753=ORIENTED_EDGE('',*,*,#1148,.F.);
#1754=ORIENTED_EDGE('',*,*,#1330,.F.);
#1755=ORIENTED_EDGE('',*,*,#1331,.F.);
#1756=ORIENTED_EDGE('',*,*,#1330,.T.);
#1757=ORIENTED_EDGE('',*,*,#1147,.F.);
#1758=ORIENTED_EDGE('',*,*,#1332,.F.);
#1759=ORIENTED_EDGE('',*,*,#1333,.F.);
#1760=ORIENTED_EDGE('',*,*,#1332,.T.);
#1761=ORIENTED_EDGE('',*,*,#1146,.F.);
#1762=ORIENTED_EDGE('',*,*,#1334,.F.);
#1763=ORIENTED_EDGE('',*,*,#1335,.F.);
#1764=ORIENTED_EDGE('',*,*,#1334,.T.);
#1765=ORIENTED_EDGE('',*,*,#1145,.F.);
#1766=ORIENTED_EDGE('',*,*,#1336,.F.);
#1767=ORIENTED_EDGE('',*,*,#1337,.F.);
#1768=ORIENTED_EDGE('',*,*,#1336,.T.);
#1769=ORIENTED_EDGE('',*,*,#1144,.F.);
#1770=ORIENTED_EDGE('',*,*,#1338,.F.);
#1771=ORIENTED_EDGE('',*,*,#1339,.F.);
#1772=ORIENTED_EDGE('',*,*,#1338,.T.);
#1773=ORIENTED_EDGE('',*,*,#1143,.F.);
#1774=ORIENTED_EDGE('',*,*,#1340,.F.);
#1775=ORIENTED_EDGE('',*,*,#1341,.T.);
#1776=ORIENTED_EDGE('',*,*,#1340,.T.);
#1777=ORIENTED_EDGE('',*,*,#1142,.F.);
#1778=ORIENTED_EDGE('',*,*,#1342,.F.);
#1779=ORIENTED_EDGE('',*,*,#1343,.T.);
#1780=ORIENTED_EDGE('',*,*,#1342,.T.);
#1781=ORIENTED_EDGE('',*,*,#1141,.F.);
#1782=ORIENTED_EDGE('',*,*,#1344,.F.);
#1783=ORIENTED_EDGE('',*,*,#1345,.F.);
#1784=ORIENTED_EDGE('',*,*,#1344,.T.);
#1785=ORIENTED_EDGE('',*,*,#1140,.F.);
#1786=ORIENTED_EDGE('',*,*,#1346,.F.);
#1787=ORIENTED_EDGE('',*,*,#1347,.F.);
#1788=ORIENTED_EDGE('',*,*,#1346,.T.);
#1789=ORIENTED_EDGE('',*,*,#1139,.F.);
#1790=ORIENTED_EDGE('',*,*,#1348,.F.);
#1791=ORIENTED_EDGE('',*,*,#1349,.F.);
#1792=ORIENTED_EDGE('',*,*,#1348,.T.);
#1793=ORIENTED_EDGE('',*,*,#1138,.F.);
#1794=ORIENTED_EDGE('',*,*,#1350,.F.);
#1795=ORIENTED_EDGE('',*,*,#1351,.F.);
#1796=ORIENTED_EDGE('',*,*,#1350,.T.);
#1797=ORIENTED_EDGE('',*,*,#1137,.F.);
#1798=ORIENTED_EDGE('',*,*,#1352,.F.);
#1799=ORIENTED_EDGE('',*,*,#1353,.F.);
#1800=ORIENTED_EDGE('',*,*,#1352,.T.);
#1801=ORIENTED_EDGE('',*,*,#1136,.F.);
#1802=ORIENTED_EDGE('',*,*,#1354,.F.);
#1803=ORIENTED_EDGE('',*,*,#1355,.F.);
#1804=ORIENTED_EDGE('',*,*,#1354,.T.);
#1805=ORIENTED_EDGE('',*,*,#1135,.F.);
#1806=ORIENTED_EDGE('',*,*,#1356,.F.);
#1807=ORIENTED_EDGE('',*,*,#1357,.T.);
#1808=ORIENTED_EDGE('',*,*,#1356,.T.);
#1809=ORIENTED_EDGE('',*,*,#1134,.F.);
#1810=ORIENTED_EDGE('',*,*,#1358,.F.);
#1811=ORIENTED_EDGE('',*,*,#1359,.F.);
#1812=ORIENTED_EDGE('',*,*,#1358,.T.);
#1813=ORIENTED_EDGE('',*,*,#1133,.F.);
#1814=ORIENTED_EDGE('',*,*,#1360,.F.);
#1815=ORIENTED_EDGE('',*,*,#1361,.F.);
#1816=ORIENTED_EDGE('',*,*,#1360,.T.);
#1817=ORIENTED_EDGE('',*,*,#1132,.F.);
#1818=ORIENTED_EDGE('',*,*,#1362,.F.);
#1819=ORIENTED_EDGE('',*,*,#1363,.T.);
#1820=ORIENTED_EDGE('',*,*,#1362,.T.);
#1821=ORIENTED_EDGE('',*,*,#1131,.F.);
#1822=ORIENTED_EDGE('',*,*,#1364,.F.);
#1823=ORIENTED_EDGE('',*,*,#1202,.T.);
#1824=ORIENTED_EDGE('',*,*,#1365,.T.);
#1825=ORIENTED_EDGE('',*,*,#1364,.T.);
#1826=ORIENTED_EDGE('',*,*,#1130,.F.);
#1827=ORIENTED_EDGE('',*,*,#1122,.F.);
#1828=ORIENTED_EDGE('',*,*,#1200,.T.);
#1829=ORIENTED_EDGE('',*,*,#1196,.T.);
#1830=ORIENTED_EDGE('',*,*,#1120,.F.);
#1831=ORIENTED_EDGE('',*,*,#1093,.F.);
#1832=ORIENTED_EDGE('',*,*,#1124,.T.);
#1833=ORIENTED_EDGE('',*,*,#1217,.F.);
#1834=ORIENTED_EDGE('',*,*,#1366,.F.);
#1835=ORIENTED_EDGE('',*,*,#1094,.F.);
#1836=ORIENTED_EDGE('',*,*,#1366,.T.);
#1837=ORIENTED_EDGE('',*,*,#1216,.F.);
#1838=ORIENTED_EDGE('',*,*,#1367,.F.);
#1839=ORIENTED_EDGE('',*,*,#1095,.F.);
#1840=ORIENTED_EDGE('',*,*,#1367,.T.);
#1841=ORIENTED_EDGE('',*,*,#1215,.F.);
#1842=ORIENTED_EDGE('',*,*,#1368,.F.);
#1843=ORIENTED_EDGE('',*,*,#1096,.T.);
#1844=ORIENTED_EDGE('',*,*,#1368,.T.);
#1845=ORIENTED_EDGE('',*,*,#1214,.F.);
#1846=ORIENTED_EDGE('',*,*,#1369,.F.);
#1847=ORIENTED_EDGE('',*,*,#1097,.T.);
#1848=ORIENTED_EDGE('',*,*,#1369,.T.);
#1849=ORIENTED_EDGE('',*,*,#1213,.F.);
#1850=ORIENTED_EDGE('',*,*,#1370,.F.);
#1851=ORIENTED_EDGE('',*,*,#1098,.T.);
#1852=ORIENTED_EDGE('',*,*,#1370,.T.);
#1853=ORIENTED_EDGE('',*,*,#1212,.F.);
#1854=ORIENTED_EDGE('',*,*,#1371,.F.);
#1855=ORIENTED_EDGE('',*,*,#1099,.T.);
#1856=ORIENTED_EDGE('',*,*,#1371,.T.);
#1857=ORIENTED_EDGE('',*,*,#1211,.F.);
#1858=ORIENTED_EDGE('',*,*,#1372,.F.);
#1859=ORIENTED_EDGE('',*,*,#1100,.F.);
#1860=ORIENTED_EDGE('',*,*,#1372,.T.);
#1861=ORIENTED_EDGE('',*,*,#1210,.F.);
#1862=ORIENTED_EDGE('',*,*,#1373,.F.);
#1863=ORIENTED_EDGE('',*,*,#1101,.F.);
#1864=ORIENTED_EDGE('',*,*,#1373,.T.);
#1865=ORIENTED_EDGE('',*,*,#1209,.F.);
#1866=ORIENTED_EDGE('',*,*,#1374,.F.);
#1867=ORIENTED_EDGE('',*,*,#1102,.T.);
#1868=ORIENTED_EDGE('',*,*,#1374,.T.);
#1869=ORIENTED_EDGE('',*,*,#1208,.F.);
#1870=ORIENTED_EDGE('',*,*,#1375,.F.);
#1871=ORIENTED_EDGE('',*,*,#1103,.T.);
#1872=ORIENTED_EDGE('',*,*,#1375,.T.);
#1873=ORIENTED_EDGE('',*,*,#1207,.F.);
#1874=ORIENTED_EDGE('',*,*,#1376,.F.);
#1875=ORIENTED_EDGE('',*,*,#1104,.T.);
#1876=ORIENTED_EDGE('',*,*,#1376,.T.);
#1877=ORIENTED_EDGE('',*,*,#1206,.F.);
#1878=ORIENTED_EDGE('',*,*,#1309,.F.);
#1879=ORIENTED_EDGE('',*,*,#1199,.F.);
#1880=ORIENTED_EDGE('',*,*,#1310,.T.);
#1881=ORIENTED_EDGE('',*,*,#1229,.T.);
#1882=ORIENTED_EDGE('',*,*,#1226,.T.);
#1883=ORIENTED_EDGE('',*,*,#1232,.F.);
#1884=ORIENTED_EDGE('',*,*,#1311,.T.);
#1885=ORIENTED_EDGE('',*,*,#1313,.T.);
#1886=ORIENTED_EDGE('',*,*,#1315,.T.);
#1887=ORIENTED_EDGE('',*,*,#1317,.T.);
#1888=ORIENTED_EDGE('',*,*,#1319,.T.);
#1889=ORIENTED_EDGE('',*,*,#1321,.T.);
#1890=ORIENTED_EDGE('',*,*,#1323,.T.);
#1891=ORIENTED_EDGE('',*,*,#1325,.F.);
#1892=ORIENTED_EDGE('',*,*,#1327,.F.);
#1893=ORIENTED_EDGE('',*,*,#1329,.F.);
#1894=ORIENTED_EDGE('',*,*,#1331,.T.);
#1895=ORIENTED_EDGE('',*,*,#1333,.T.);
#1896=ORIENTED_EDGE('',*,*,#1335,.T.);
#1897=ORIENTED_EDGE('',*,*,#1337,.T.);
#1898=ORIENTED_EDGE('',*,*,#1339,.T.);
#1899=ORIENTED_EDGE('',*,*,#1341,.F.);
#1900=ORIENTED_EDGE('',*,*,#1343,.F.);
#1901=ORIENTED_EDGE('',*,*,#1345,.T.);
#1902=ORIENTED_EDGE('',*,*,#1347,.T.);
#1903=ORIENTED_EDGE('',*,*,#1349,.T.);
#1904=ORIENTED_EDGE('',*,*,#1351,.T.);
#1905=ORIENTED_EDGE('',*,*,#1353,.T.);
#1906=ORIENTED_EDGE('',*,*,#1355,.T.);
#1907=ORIENTED_EDGE('',*,*,#1357,.F.);
#1908=ORIENTED_EDGE('',*,*,#1359,.T.);
#1909=ORIENTED_EDGE('',*,*,#1361,.T.);
#1910=ORIENTED_EDGE('',*,*,#1363,.F.);
#1911=ORIENTED_EDGE('',*,*,#1365,.F.);
#1912=ORIENTED_EDGE('',*,*,#1201,.T.);
#1913=ORIENTED_EDGE('',*,*,#1204,.T.);
#1914=ORIENTED_EDGE('',*,*,#1197,.F.);
#1915=ORIENTED_EDGE('',*,*,#1308,.F.);
#1916=ORIENTED_EDGE('',*,*,#1303,.F.);
#1917=ORIENTED_EDGE('',*,*,#1300,.F.);
#1918=ORIENTED_EDGE('',*,*,#1298,.F.);
#1919=ORIENTED_EDGE('',*,*,#1296,.F.);
#1920=ORIENTED_EDGE('',*,*,#1294,.F.);
#1921=ORIENTED_EDGE('',*,*,#1292,.F.);
#1922=ORIENTED_EDGE('',*,*,#1290,.F.);
#1923=ORIENTED_EDGE('',*,*,#1286,.F.);
#1924=ORIENTED_EDGE('',*,*,#1284,.F.);
#1925=ORIENTED_EDGE('',*,*,#1282,.F.);
#1926=ORIENTED_EDGE('',*,*,#1280,.F.);
#1927=ORIENTED_EDGE('',*,*,#1278,.F.);
#1928=ORIENTED_EDGE('',*,*,#1275,.F.);
#1929=ORIENTED_EDGE('',*,*,#1273,.F.);
#1930=ORIENTED_EDGE('',*,*,#1271,.F.);
#1931=ORIENTED_EDGE('',*,*,#1269,.F.);
#1932=ORIENTED_EDGE('',*,*,#1266,.F.);
#1933=ORIENTED_EDGE('',*,*,#1264,.F.);
#1934=ORIENTED_EDGE('',*,*,#1262,.F.);
#1935=ORIENTED_EDGE('',*,*,#1260,.F.);
#1936=ORIENTED_EDGE('',*,*,#1258,.F.);
#1937=ORIENTED_EDGE('',*,*,#1256,.F.);
#1938=ORIENTED_EDGE('',*,*,#1254,.F.);
#1939=ORIENTED_EDGE('',*,*,#1252,.F.);
#1940=ORIENTED_EDGE('',*,*,#1250,.F.);
#1941=ORIENTED_EDGE('',*,*,#1248,.F.);
#1942=ORIENTED_EDGE('',*,*,#1246,.F.);
#1943=ORIENTED_EDGE('',*,*,#1244,.F.);
#1944=ORIENTED_EDGE('',*,*,#1242,.F.);
#1945=ORIENTED_EDGE('',*,*,#1235,.F.);
#1946=ORIENTED_EDGE('',*,*,#1238,.F.);
#1947=ORIENTED_EDGE('',*,*,#1240,.F.);
#1948=ORIENTED_EDGE('',*,*,#1234,.F.);
#1949=PLANE('',#2123);
#1950=PLANE('',#2132);
#1951=PLANE('',#2137);
#1952=PLANE('',#2138);
#1953=PLANE('',#2139);
#1954=PLANE('',#2170);
#1955=PLANE('',#2173);
#1956=PLANE('',#2174);
#1957=PLANE('',#2175);
#1958=PLANE('',#2184);
#1959=PLANE('',#2185);
#1960=PLANE('',#2186);
#1961=PLANE('',#2189);
#1962=PLANE('',#2190);
#1963=PLANE('',#2191);
#1964=PLANE('',#2192);
#1965=PLANE('',#2259);
#1966=PLANE('',#2260);
#1967=PLANE('',#2261);
#1968=PLANE('',#2262);
#1969=PLANE('',#2263);
#1970=PLANE('',#2264);
#1971=PLANE('',#2265);
#1972=PLANE('',#2266);
#1973=PLANE('',#2267);
#1974=PLANE('',#2268);
#1975=PLANE('',#2269);
#1976=PLANE('',#2270);
#1977=PLANE('',#2271);
#1978=PLANE('',#2272);
#1979=PLANE('',#2273);
#1980=PLANE('',#2274);
#1981=PLANE('',#2275);
#1982=PLANE('',#2276);
#1983=PLANE('',#2277);
#1984=PLANE('',#2278);
#1985=PLANE('',#2279);
#1986=PLANE('',#2280);
#1987=PLANE('',#2281);
#1988=PLANE('',#2282);
#1989=PLANE('',#2283);
#1990=PLANE('',#2284);
#1991=PLANE('',#2285);
#1992=PLANE('',#2286);
#1993=PLANE('',#2287);
#1994=PLANE('',#2288);
#1995=PLANE('',#2289);
#1996=PLANE('',#2290);
#1997=PLANE('',#2291);
#1998=PLANE('',#2292);
#1999=PLANE('',#2293);
#2000=PLANE('',#2294);
#2001=PLANE('',#2295);
#2002=PLANE('',#2296);
#2003=PLANE('',#2297);
#2004=PLANE('',#2298);
#2005=PLANE('',#2299);
#2006=PLANE('',#2300);
#2007=PLANE('',#2301);
#2008=PLANE('',#2302);
#2009=ADVANCED_FACE('',(#213,#55,#56,#57,#58,#59,#60,#61,#62),#1949,.F.);
#2010=ADVANCED_FACE('',(#214),#1950,.T.);
#2011=ADVANCED_FACE('',(#215),#15,.T.);
#2012=ADVANCED_FACE('',(#216),#1951,.T.);
#2013=ADVANCED_FACE('',(#217),#1952,.T.);
#2014=ADVANCED_FACE('',(#218,#63,#64,#65,#66,#67,#68,#69,#70,#71,#72,#73,
#74,#75,#76,#77,#78,#79,#80,#81,#82,#83,#84,#85,#86,#87,#88,#89,#90,#91,
#92,#93),#1953,.T.);
#2015=ADVANCED_FACE('',(#219),#1954,.T.);
#2016=ADVANCED_FACE('',(#220),#16,.F.);
#2017=ADVANCED_FACE('',(#221),#1955,.F.);
#2018=ADVANCED_FACE('',(#222),#1956,.F.);
#2019=ADVANCED_FACE('',(#223,#94,#95,#96,#97,#98,#99,#100,#101),#1957,.T.);
#2020=ADVANCED_FACE('',(#224),#1958,.F.);
#2021=ADVANCED_FACE('',(#225),#1959,.F.);
#2022=ADVANCED_FACE('',(#226),#1960,.T.);
#2023=ADVANCED_FACE('',(#227),#17,.F.);
#2024=ADVANCED_FACE('',(#228),#1961,.T.);
#2025=ADVANCED_FACE('',(#229),#1962,.T.);
#2026=ADVANCED_FACE('',(#230),#1963,.T.);
#2027=ADVANCED_FACE('',(#231),#1964,.T.);
#2028=ADVANCED_FACE('',(#232),#18,.F.);
#2029=ADVANCED_FACE('',(#233),#19,.F.);
#2030=ADVANCED_FACE('',(#234),#20,.F.);
#2031=ADVANCED_FACE('',(#235),#21,.F.);
#2032=ADVANCED_FACE('',(#236),#22,.F.);
#2033=ADVANCED_FACE('',(#237),#23,.F.);
#2034=ADVANCED_FACE('',(#238),#24,.F.);
#2035=ADVANCED_FACE('',(#239),#25,.F.);
#2036=ADVANCED_FACE('',(#240),#26,.F.);
#2037=ADVANCED_FACE('',(#241),#27,.F.);
#2038=ADVANCED_FACE('',(#242),#28,.F.);
#2039=ADVANCED_FACE('',(#243),#29,.F.);
#2040=ADVANCED_FACE('',(#244),#30,.F.);
#2041=ADVANCED_FACE('',(#245),#31,.F.);
#2042=ADVANCED_FACE('',(#246),#32,.F.);
#2043=ADVANCED_FACE('',(#247),#33,.F.);
#2044=ADVANCED_FACE('',(#248),#34,.F.);
#2045=ADVANCED_FACE('',(#249),#35,.F.);
#2046=ADVANCED_FACE('',(#250),#36,.F.);
#2047=ADVANCED_FACE('',(#251),#37,.F.);
#2048=ADVANCED_FACE('',(#252),#38,.F.);
#2049=ADVANCED_FACE('',(#253),#39,.F.);
#2050=ADVANCED_FACE('',(#254),#40,.F.);
#2051=ADVANCED_FACE('',(#255),#41,.F.);
#2052=ADVANCED_FACE('',(#256),#42,.F.);
#2053=ADVANCED_FACE('',(#257),#43,.F.);
#2054=ADVANCED_FACE('',(#258),#44,.F.);
#2055=ADVANCED_FACE('',(#259),#45,.F.);
#2056=ADVANCED_FACE('',(#260),#46,.F.);
#2057=ADVANCED_FACE('',(#261),#47,.F.);
#2058=ADVANCED_FACE('',(#262),#48,.F.);
#2059=ADVANCED_FACE('',(#263),#49,.F.);
#2060=ADVANCED_FACE('',(#264),#50,.F.);
#2061=ADVANCED_FACE('',(#265),#51,.F.);
#2062=ADVANCED_FACE('',(#266),#52,.F.);
#2063=ADVANCED_FACE('',(#267),#53,.F.);
#2064=ADVANCED_FACE('',(#268),#54,.F.);
#2065=ADVANCED_FACE('',(#269),#1965,.T.);
#2066=ADVANCED_FACE('',(#270),#1966,.T.);
#2067=ADVANCED_FACE('',(#271),#1967,.T.);
#2068=ADVANCED_FACE('',(#272),#1968,.T.);
#2069=ADVANCED_FACE('',(#273),#1969,.T.);
#2070=ADVANCED_FACE('',(#274),#1970,.T.);
#2071=ADVANCED_FACE('',(#275),#1971,.T.);
#2072=ADVANCED_FACE('',(#276),#1972,.T.);
#2073=ADVANCED_FACE('',(#277),#1973,.T.);
#2074=ADVANCED_FACE('',(#278),#1974,.T.);
#2075=ADVANCED_FACE('',(#279),#1975,.T.);
#2076=ADVANCED_FACE('',(#280),#1976,.T.);
#2077=ADVANCED_FACE('',(#281),#1977,.T.);
#2078=ADVANCED_FACE('',(#282),#1978,.T.);
#2079=ADVANCED_FACE('',(#283),#1979,.T.);
#2080=ADVANCED_FACE('',(#284),#1980,.T.);
#2081=ADVANCED_FACE('',(#285),#1981,.T.);
#2082=ADVANCED_FACE('',(#286),#1982,.T.);
#2083=ADVANCED_FACE('',(#287),#1983,.T.);
#2084=ADVANCED_FACE('',(#288),#1984,.T.);
#2085=ADVANCED_FACE('',(#289),#1985,.T.);
#2086=ADVANCED_FACE('',(#290),#1986,.T.);
#2087=ADVANCED_FACE('',(#291),#1987,.T.);
#2088=ADVANCED_FACE('',(#292),#1988,.T.);
#2089=ADVANCED_FACE('',(#293),#1989,.T.);
#2090=ADVANCED_FACE('',(#294),#1990,.T.);
#2091=ADVANCED_FACE('',(#295),#1991,.T.);
#2092=ADVANCED_FACE('',(#296),#1992,.T.);
#2093=ADVANCED_FACE('',(#297),#1993,.T.);
#2094=ADVANCED_FACE('',(#298),#1994,.T.);
#2095=ADVANCED_FACE('',(#299),#1995,.T.);
#2096=ADVANCED_FACE('',(#300),#1996,.T.);
#2097=ADVANCED_FACE('',(#301),#1997,.T.);
#2098=ADVANCED_FACE('',(#302),#1998,.T.);
#2099=ADVANCED_FACE('',(#303),#1999,.T.);
#2100=ADVANCED_FACE('',(#304),#2000,.T.);
#2101=ADVANCED_FACE('',(#305),#2001,.T.);
#2102=ADVANCED_FACE('',(#306),#2002,.T.);
#2103=ADVANCED_FACE('',(#307),#2003,.T.);
#2104=ADVANCED_FACE('',(#308),#2004,.T.);
#2105=ADVANCED_FACE('',(#309),#2005,.T.);
#2106=ADVANCED_FACE('',(#310),#2006,.T.);
#2107=ADVANCED_FACE('',(#311),#2007,.T.);
#2108=ADVANCED_FACE('',(#312,#102,#103,#104,#105,#106,#107,#108,#109,#110,
#111,#112,#113,#114,#115,#116,#117,#118,#119,#120,#121,#122,#123,#124,#125,
#126,#127,#128,#129,#130,#131,#132),#2008,.F.);
#2109=CLOSED_SHELL('',(#2009,#2010,#2011,#2012,#2013,#2014,#2015,#2016,
#2017,#2018,#2019,#2020,#2021,#2022,#2023,#2024,#2025,#2026,#2027,#2028,
#2029,#2030,#2031,#2032,#2033,#2034,#2035,#2036,#2037,#2038,#2039,#2040,
#2041,#2042,#2043,#2044,#2045,#2046,#2047,#2048,#2049,#2050,#2051,#2052,
#2053,#2054,#2055,#2056,#2057,#2058,#2059,#2060,#2061,#2062,#2063,#2064,
#2065,#2066,#2067,#2068,#2069,#2070,#2071,#2072,#2073,#2074,#2075,#2076,
#2077,#2078,#2079,#2080,#2081,#2082,#2083,#2084,#2085,#2086,#2087,#2088,
#2089,#2090,#2091,#2092,#2093,#2094,#2095,#2096,#2097,#2098,#2099,#2100,
#2101,#2102,#2103,#2104,#2105,#2106,#2107,#2108));
#2110=DERIVED_UNIT_ELEMENT(#2112,1.);
#2111=DERIVED_UNIT_ELEMENT(#3451,-3.);
#2112=(
MASS_UNIT()
NAMED_UNIT(*)
SI_UNIT(.KILO.,.GRAM.)
);
#2113=DERIVED_UNIT((#2110,#2111));
#2114=MEASURE_REPRESENTATION_ITEM('density measure',
POSITIVE_RATIO_MEASURE(7850.),#2113);
#2115=PROPERTY_DEFINITION_REPRESENTATION(#2120,#2117);
#2116=PROPERTY_DEFINITION_REPRESENTATION(#2121,#2118);
#2117=REPRESENTATION('material name',(#2119),#3448);
#2118=REPRESENTATION('density',(#2114),#3448);
#2119=DESCRIPTIVE_REPRESENTATION_ITEM('Acier','Acier');
#2120=PROPERTY_DEFINITION('material property','material name',#3458);
#2121=PROPERTY_DEFINITION('material property','density of part',#3458);
#2122=AXIS2_PLACEMENT_3D('',#2871,#2303,#2304);
#2123=AXIS2_PLACEMENT_3D('',#2872,#2305,#2306);
#2124=AXIS2_PLACEMENT_3D('',#2906,#2323,#2324);
#2125=AXIS2_PLACEMENT_3D('',#2908,#2325,#2326);
#2126=AXIS2_PLACEMENT_3D('',#2910,#2327,#2328);
#2127=AXIS2_PLACEMENT_3D('',#2912,#2329,#2330);
#2128=AXIS2_PLACEMENT_3D('',#2914,#2331,#2332);
#2129=AXIS2_PLACEMENT_3D('',#2916,#2333,#2334);
#2130=AXIS2_PLACEMENT_3D('',#2918,#2335,#2336);
#2131=AXIS2_PLACEMENT_3D('',#2920,#2337,#2338);
#2132=AXIS2_PLACEMENT_3D('',#2921,#2339,#2340);
#2133=AXIS2_PLACEMENT_3D('',#2925,#2342,#2343);
#2134=AXIS2_PLACEMENT_3D('',#2928,#2345,#2346);
#2135=AXIS2_PLACEMENT_3D('',#2929,#2347,#2348);
#2136=AXIS2_PLACEMENT_3D('',#2933,#2350,#2351);
#2137=AXIS2_PLACEMENT_3D('',#2935,#2353,#2354);
#2138=AXIS2_PLACEMENT_3D('',#2940,#2358,#2359);
#2139=AXIS2_PLACEMENT_3D('',#2944,#2362,#2363);
#2140=AXIS2_PLACEMENT_3D('',#3015,#2399,#2400);
#2141=AXIS2_PLACEMENT_3D('',#3025,#2405,#2406);
#2142=AXIS2_PLACEMENT_3D('',#3027,#2407,#2408);
#2143=AXIS2_PLACEMENT_3D('',#3029,#2409,#2410);
#2144=AXIS2_PLACEMENT_3D('',#3031,#2411,#2412);
#2145=AXIS2_PLACEMENT_3D('',#3033,#2413,#2414);
#2146=AXIS2_PLACEMENT_3D('',#3035,#2415,#2416);
#2147=AXIS2_PLACEMENT_3D('',#3037,#2417,#2418);
#2148=AXIS2_PLACEMENT_3D('',#3039,#2419,#2420);
#2149=AXIS2_PLACEMENT_3D('',#3041,#2421,#2422);
#2150=AXIS2_PLACEMENT_3D('',#3043,#2423,#2424);
#2151=AXIS2_PLACEMENT_3D('',#3045,#2425,#2426);
#2152=AXIS2_PLACEMENT_3D('',#3047,#2427,#2428);
#2153=AXIS2_PLACEMENT_3D('',#3049,#2429,#2430);
#2154=AXIS2_PLACEMENT_3D('',#3051,#2431,#2432);
#2155=AXIS2_PLACEMENT_3D('',#3053,#2433,#2434);
#2156=AXIS2_PLACEMENT_3D('',#3055,#2435,#2436);
#2157=AXIS2_PLACEMENT_3D('',#3057,#2437,#2438);
#2158=AXIS2_PLACEMENT_3D('',#3059,#2439,#2440);
#2159=AXIS2_PLACEMENT_3D('',#3061,#2441,#2442);
#2160=AXIS2_PLACEMENT_3D('',#3063,#2443,#2444);
#2161=AXIS2_PLACEMENT_3D('',#3065,#2445,#2446);
#2162=AXIS2_PLACEMENT_3D('',#3067,#2447,#2448);
#2163=AXIS2_PLACEMENT_3D('',#3069,#2449,#2450);
#2164=AXIS2_PLACEMENT_3D('',#3071,#2451,#2452);
#2165=AXIS2_PLACEMENT_3D('',#3073,#2453,#2454);
#2166=AXIS2_PLACEMENT_3D('',#3075,#2455,#2456);
#2167=AXIS2_PLACEMENT_3D('',#3077,#2457,#2458);
#2168=AXIS2_PLACEMENT_3D('',#3079,#2459,#2460);
#2169=AXIS2_PLACEMENT_3D('',#3081,#2461,#2462);
#2170=AXIS2_PLACEMENT_3D('',#3082,#2463,#2464);
#2171=AXIS2_PLACEMENT_3D('',#3088,#2468,#2469);
#2172=AXIS2_PLACEMENT_3D('',#3090,#2471,#2472);
#2173=AXIS2_PLACEMENT_3D('',#3091,#2473,#2474);
#2174=AXIS2_PLACEMENT_3D('',#3097,#2478,#2479);
#2175=AXIS2_PLACEMENT_3D('',#3099,#2481,#2482);
#2176=AXIS2_PLACEMENT_3D('',#3126,#2496,#2497);
#2177=AXIS2_PLACEMENT_3D('',#3128,#2498,#2499);
#2178=AXIS2_PLACEMENT_3D('',#3130,#2500,#2501);
#2179=AXIS2_PLACEMENT_3D('',#3132,#2502,#2503);
#2180=AXIS2_PLACEMENT_3D('',#3134,#2504,#2505);
#2181=AXIS2_PLACEMENT_3D('',#3136,#2506,#2507);
#2182=AXIS2_PLACEMENT_3D('',#3138,#2508,#2509);
#2183=AXIS2_PLACEMENT_3D('',#3140,#2510,#2511);
#2184=AXIS2_PLACEMENT_3D('',#3141,#2512,#2513);
#2185=AXIS2_PLACEMENT_3D('',#3147,#2517,#2518);
#2186=AXIS2_PLACEMENT_3D('',#3151,#2521,#2522);
#2187=AXIS2_PLACEMENT_3D('',#3155,#2525,#2526);
#2188=AXIS2_PLACEMENT_3D('',#3158,#2528,#2529);
#2189=AXIS2_PLACEMENT_3D('',#3159,#2530,#2531);
#2190=AXIS2_PLACEMENT_3D('',#3165,#2535,#2536);
#2191=AXIS2_PLACEMENT_3D('',#3169,#2539,#2540);
#2192=AXIS2_PLACEMENT_3D('',#3173,#2543,#2544);
#2193=AXIS2_PLACEMENT_3D('',#3175,#2546,#2547);
#2194=AXIS2_PLACEMENT_3D('',#3178,#2549,#2550);
#2195=AXIS2_PLACEMENT_3D('',#3179,#2551,#2552);
#2196=AXIS2_PLACEMENT_3D('',#3182,#2554,#2555);
#2197=AXIS2_PLACEMENT_3D('',#3183,#2556,#2557);
#2198=AXIS2_PLACEMENT_3D('',#3186,#2559,#2560);
#2199=AXIS2_PLACEMENT_3D('',#3187,#2561,#2562);
#2200=AXIS2_PLACEMENT_3D('',#3190,#2564,#2565);
#2201=AXIS2_PLACEMENT_3D('',#3191,#2566,#2567);
#2202=AXIS2_PLACEMENT_3D('',#3194,#2569,#2570);
#2203=AXIS2_PLACEMENT_3D('',#3195,#2571,#2572);
#2204=AXIS2_PLACEMENT_3D('',#3198,#2574,#2575);
#2205=AXIS2_PLACEMENT_3D('',#3199,#2576,#2577);
#2206=AXIS2_PLACEMENT_3D('',#3202,#2579,#2580);
#2207=AXIS2_PLACEMENT_3D('',#3203,#2581,#2582);
#2208=AXIS2_PLACEMENT_3D('',#3206,#2584,#2585);
#2209=AXIS2_PLACEMENT_3D('',#3207,#2586,#2587);
#2210=AXIS2_PLACEMENT_3D('',#3210,#2589,#2590);
#2211=AXIS2_PLACEMENT_3D('',#3211,#2591,#2592);
#2212=AXIS2_PLACEMENT_3D('',#3214,#2594,#2595);
#2213=AXIS2_PLACEMENT_3D('',#3215,#2596,#2597);
#2214=AXIS2_PLACEMENT_3D('',#3218,#2599,#2600);
#2215=AXIS2_PLACEMENT_3D('',#3219,#2601,#2602);
#2216=AXIS2_PLACEMENT_3D('',#3222,#2604,#2605);
#2217=AXIS2_PLACEMENT_3D('',#3223,#2606,#2607);
#2218=AXIS2_PLACEMENT_3D('',#3225,#2609,#2610);
#2219=AXIS2_PLACEMENT_3D('',#3228,#2612,#2613);
#2220=AXIS2_PLACEMENT_3D('',#3229,#2614,#2615);
#2221=AXIS2_PLACEMENT_3D('',#3232,#2617,#2618);
#2222=AXIS2_PLACEMENT_3D('',#3233,#2619,#2620);
#2223=AXIS2_PLACEMENT_3D('',#3236,#2622,#2623);
#2224=AXIS2_PLACEMENT_3D('',#3237,#2624,#2625);
#2225=AXIS2_PLACEMENT_3D('',#3240,#2627,#2628);
#2226=AXIS2_PLACEMENT_3D('',#3241,#2629,#2630);
#2227=AXIS2_PLACEMENT_3D('',#3243,#2632,#2633);
#2228=AXIS2_PLACEMENT_3D('',#3246,#2635,#2636);
#2229=AXIS2_PLACEMENT_3D('',#3247,#2637,#2638);
#2230=AXIS2_PLACEMENT_3D('',#3250,#2640,#2641);
#2231=AXIS2_PLACEMENT_3D('',#3251,#2642,#2643);
#2232=AXIS2_PLACEMENT_3D('',#3254,#2645,#2646);
#2233=AXIS2_PLACEMENT_3D('',#3255,#2647,#2648);
#2234=AXIS2_PLACEMENT_3D('',#3258,#2650,#2651);
#2235=AXIS2_PLACEMENT_3D('',#3259,#2652,#2653);
#2236=AXIS2_PLACEMENT_3D('',#3262,#2655,#2656);
#2237=AXIS2_PLACEMENT_3D('',#3263,#2657,#2658);
#2238=AXIS2_PLACEMENT_3D('',#3265,#2660,#2661);
#2239=AXIS2_PLACEMENT_3D('',#3267,#2663,#2664);
#2240=AXIS2_PLACEMENT_3D('',#3270,#2666,#2667);
#2241=AXIS2_PLACEMENT_3D('',#3271,#2668,#2669);
#2242=AXIS2_PLACEMENT_3D('',#3274,#2671,#2672);
#2243=AXIS2_PLACEMENT_3D('',#3275,#2673,#2674);
#2244=AXIS2_PLACEMENT_3D('',#3278,#2676,#2677);
#2245=AXIS2_PLACEMENT_3D('',#3279,#2678,#2679);
#2246=AXIS2_PLACEMENT_3D('',#3282,#2681,#2682);
#2247=AXIS2_PLACEMENT_3D('',#3283,#2683,#2684);
#2248=AXIS2_PLACEMENT_3D('',#3286,#2686,#2687);
#2249=AXIS2_PLACEMENT_3D('',#3287,#2688,#2689);
#2250=AXIS2_PLACEMENT_3D('',#3290,#2691,#2692);
#2251=AXIS2_PLACEMENT_3D('',#3291,#2693,#2694);
#2252=AXIS2_PLACEMENT_3D('',#3293,#2696,#2697);
#2253=AXIS2_PLACEMENT_3D('',#3296,#2699,#2700);
#2254=AXIS2_PLACEMENT_3D('',#3297,#2701,#2702);
#2255=AXIS2_PLACEMENT_3D('',#3299,#2704,#2705);
#2256=AXIS2_PLACEMENT_3D('',#3301,#2707,#2708);
#2257=AXIS2_PLACEMENT_3D('',#3303,#2710,#2711);
#2258=AXIS2_PLACEMENT_3D('',#3306,#2713,#2714);
#2259=AXIS2_PLACEMENT_3D('',#3307,#2715,#2716);
#2260=AXIS2_PLACEMENT_3D('',#3309,#2718,#2719);
#2261=AXIS2_PLACEMENT_3D('',#3311,#2721,#2722);
#2262=AXIS2_PLACEMENT_3D('',#3315,#2725,#2726);
#2263=AXIS2_PLACEMENT_3D('',#3319,#2729,#2730);
#2264=AXIS2_PLACEMENT_3D('',#3323,#2733,#2734);
#2265=AXIS2_PLACEMENT_3D('',#3327,#2737,#2738);
#2266=AXIS2_PLACEMENT_3D('',#3331,#2741,#2742);
#2267=AXIS2_PLACEMENT_3D('',#3335,#2745,#2746);
#2268=AXIS2_PLACEMENT_3D('',#3339,#2749,#2750);
#2269=AXIS2_PLACEMENT_3D('',#3343,#2753,#2754);
#2270=AXIS2_PLACEMENT_3D('',#3347,#2757,#2758);
#2271=AXIS2_PLACEMENT_3D('',#3351,#2761,#2762);
#2272=AXIS2_PLACEMENT_3D('',#3355,#2765,#2766);
#2273=AXIS2_PLACEMENT_3D('',#3359,#2769,#2770);
#2274=AXIS2_PLACEMENT_3D('',#3363,#2773,#2774);
#2275=AXIS2_PLACEMENT_3D('',#3367,#2777,#2778);
#2276=AXIS2_PLACEMENT_3D('',#3371,#2781,#2782);
#2277=AXIS2_PLACEMENT_3D('',#3375,#2785,#2786);
#2278=AXIS2_PLACEMENT_3D('',#3379,#2789,#2790);
#2279=AXIS2_PLACEMENT_3D('',#3383,#2793,#2794);
#2280=AXIS2_PLACEMENT_3D('',#3387,#2797,#2798);
#2281=AXIS2_PLACEMENT_3D('',#3391,#2801,#2802);
#2282=AXIS2_PLACEMENT_3D('',#3395,#2805,#2806);
#2283=AXIS2_PLACEMENT_3D('',#3399,#2809,#2810);
#2284=AXIS2_PLACEMENT_3D('',#3403,#2813,#2814);
#2285=AXIS2_PLACEMENT_3D('',#3407,#2817,#2818);
#2286=AXIS2_PLACEMENT_3D('',#3411,#2821,#2822);
#2287=AXIS2_PLACEMENT_3D('',#3415,#2825,#2826);
#2288=AXIS2_PLACEMENT_3D('',#3419,#2829,#2830);
#2289=AXIS2_PLACEMENT_3D('',#3421,#2832,#2833);
#2290=AXIS2_PLACEMENT_3D('',#3422,#2834,#2835);
#2291=AXIS2_PLACEMENT_3D('',#3424,#2837,#2838);
#2292=AXIS2_PLACEMENT_3D('',#3426,#2840,#2841);
#2293=AXIS2_PLACEMENT_3D('',#3428,#2843,#2844);
#2294=AXIS2_PLACEMENT_3D('',#3430,#2846,#2847);
#2295=AXIS2_PLACEMENT_3D('',#3432,#2849,#2850);
#2296=AXIS2_PLACEMENT_3D('',#3434,#2852,#2853);
#2297=AXIS2_PLACEMENT_3D('',#3436,#2855,#2856);
#2298=AXIS2_PLACEMENT_3D('',#3438,#2858,#2859);
#2299=AXIS2_PLACEMENT_3D('',#3440,#2861,#2862);
#2300=AXIS2_PLACEMENT_3D('',#3442,#2864,#2865);
#2301=AXIS2_PLACEMENT_3D('',#3444,#2867,#2868);
#2302=AXIS2_PLACEMENT_3D('',#3445,#2869,#2870);
#2303=DIRECTION('axis',(0.,0.,1.));
#2304=DIRECTION('refdir',(1.,0.,0.));
#2305=DIRECTION('center_axis',(-0.173648177666899,0.,0.984807753012214));
#2306=DIRECTION('ref_axis',(0.984807753012214,0.,0.173648177666899));
#2307=DIRECTION('',(0.,-1.,0.));
#2308=DIRECTION('',(0.984807753012214,-4.92792061821883E-12,0.173648177666899));
#2309=DIRECTION('',(0.,-1.,0.));
#2310=DIRECTION('',(-0.984807753012214,-7.105427357601E-13,-0.173648177666899));
#2311=DIRECTION('',(-0.633850793877336,0.765337674894434,-0.111764996704033));
#2312=DIRECTION('',(0.984802471190412,-0.00327514519813315,0.173647246339208));
#2313=DIRECTION('',(-0.000229264711138128,-0.999999972901733,-4.04255542979769E-5));
#2314=DIRECTION('',(0.984807753012214,1.7052901662256E-12,0.173648177666899));
#2315=DIRECTION('',(-0.000230133428341844,-0.999999972695986,-4.05787325795976E-5));
#2316=DIRECTION('',(0.984807753012214,4.08239077079541E-12,0.173648177666899));
#2317=DIRECTION('',(0.000229264711132872,0.999999972901733,4.04255542970501E-5));
#2318=DIRECTION('',(-0.984807753012214,0.,-0.173648177666899));
#2319=DIRECTION('',(-0.632996084139041,-0.766066712570284,-0.111614288316497));
#2320=DIRECTION('',(-0.984807416902399,0.000826189799582196,-0.17364811840167));
#2321=DIRECTION('',(0.000814101193788052,0.99999965831655,0.000143548005491777));
#2322=DIRECTION('',(0.984807753012214,0.,0.173648177666899));
#2323=DIRECTION('center_axis',(0.173648177666899,0.,-0.984807753012214));
#2324=DIRECTION('ref_axis',(0.984807753012214,0.,0.173648177666899));
#2325=DIRECTION('center_axis',(0.173648177666899,0.,-0.984807753012214));
#2326=DIRECTION('ref_axis',(0.984807753012214,0.,0.173648177666899));
#2327=DIRECTION('center_axis',(0.173648177666899,0.,-0.984807753012214));
#2328=DIRECTION('ref_axis',(0.984807753012214,0.,0.173648177666899));
#2329=DIRECTION('center_axis',(0.173648177666899,0.,-0.984807753012214));
#2330=DIRECTION('ref_axis',(0.984807753012214,0.,0.173648177666899));
#2331=DIRECTION('center_axis',(0.173648177666899,0.,-0.984807753012214));
#2332=DIRECTION('ref_axis',(0.984807753012214,0.,0.173648177666899));
#2333=DIRECTION('center_axis',(0.173648177666899,0.,-0.984807753012214));
#2334=DIRECTION('ref_axis',(0.984807753012214,0.,0.173648177666899));
#2335=DIRECTION('center_axis',(0.173648177666899,0.,-0.984807753012214));
#2336=DIRECTION('ref_axis',(0.984807753012214,0.,0.173648177666899));
#2337=DIRECTION('center_axis',(0.173648177666899,0.,-0.984807753012214));
#2338=DIRECTION('ref_axis',(0.984807753012214,0.,0.173648177666899));
#2339=DIRECTION('center_axis',(0.,1.,0.));
#2340=DIRECTION('ref_axis',(0.,0.,1.));
#2341=DIRECTION('',(0.173648177666899,0.,-0.984807753012214));
#2342=DIRECTION('center_axis',(0.,-1.,0.));
#2343=DIRECTION('ref_axis',(0.,0.,1.));
#2344=DIRECTION('',(0.,0.,-1.));
#2345=DIRECTION('center_axis',(0.,1.,0.));
#2346=DIRECTION('ref_axis',(-0.173648177666905,0.,0.984807753012212));
#2347=DIRECTION('center_axis',(0.,-1.,0.));
#2348=DIRECTION('ref_axis',(0.,0.,1.));
#2349=DIRECTION('',(0.,1.,0.));
#2350=DIRECTION('center_axis',(0.,1.,0.));
#2351=DIRECTION('ref_axis',(-0.173648177666905,0.,0.984807753012212));
#2352=DIRECTION('',(0.,1.,0.));
#2353=DIRECTION('center_axis',(-4.85305443105065E-12,-1.,-8.55724435040837E-13));
#2354=DIRECTION('ref_axis',(0.984807753012214,-4.92792061821883E-12,0.173648177666899));
#2355=DIRECTION('',(-0.173648177666899,0.,0.984807753012214));
#2356=DIRECTION('',(0.984807753012214,-4.92792061821883E-12,0.173648177666899));
#2357=DIRECTION('',(-0.173648177666899,0.,0.984807753012214));
#2358=DIRECTION('center_axis',(-1.20284966537348E-12,1.,-2.12094849741454E-13));
#2359=DIRECTION('ref_axis',(-0.984807753012214,-1.22140556031809E-12,-0.173648177666899));
#2360=DIRECTION('',(-0.173648177666899,0.,0.984807753012214));
#2361=DIRECTION('',(-0.984807753012214,0.,-0.173648177666899));
#2362=DIRECTION('center_axis',(0.,0.,1.));
#2363=DIRECTION('ref_axis',(1.,0.,0.));
#2364=DIRECTION('',(1.,-4.92792061821883E-12,0.));
#2365=DIRECTION('',(0.,-1.,0.));
#2366=DIRECTION('',(-1.,0.,0.));
#2367=DIRECTION('',(4.61981967832256E-12,-1.,0.));
#2368=DIRECTION('',(0.594843005410301,-0.803841899203096,0.));
#2369=DIRECTION('',(-8.5265128291212E-15,-1.,0.));
#2370=DIRECTION('',(1.,1.30904968745844E-12,0.));
#2371=DIRECTION('',(1.13686837721616E-14,1.,0.));
#2372=DIRECTION('',(0.624695047554416,0.780868809443037,0.));
#2373=DIRECTION('',(-9.20863385538399E-12,1.,0.));
#2374=DIRECTION('',(1.,1.29476676287933E-12,0.));
#2375=DIRECTION('',(-7.38417671543981E-13,-1.,0.));
#2376=DIRECTION('',(1.,-9.66338120633764E-13,0.));
#2377=DIRECTION('',(0.499999999972626,0.866025403800243,0.));
#2378=DIRECTION('',(1.,1.28356107105051E-12,0.));
#2379=DIRECTION('',(4.04049166508605E-12,1.,0.));
#2380=DIRECTION('',(-1.,5.16758353280009E-13,0.));
#2381=DIRECTION('',(5.85487762483961E-5,0.99999999828602,0.));
#2382=DIRECTION('',(0.999925839868605,0.0121784548718411,0.));
#2383=DIRECTION('',(-7.05286095980149E-6,0.999999999975129,0.));
#2384=DIRECTION('',(-1.,-3.66731734585859E-14,0.));
#2385=DIRECTION('',(-0.499999999999389,0.866025403784792,0.));
#2386=DIRECTION('',(-1.,-4.61852778244039E-12,0.));
#2387=DIRECTION('',(3.28185631813979E-14,-1.,0.));
#2388=DIRECTION('',(-1.,-3.15796771444454E-14,0.));
#2389=DIRECTION('',(-3.10055011968137E-14,1.,0.));
#2390=DIRECTION('',(-0.624695047554354,0.780868809443087,0.));
#2391=DIRECTION('',(0.,1.,0.));
#2392=DIRECTION('',(-1.,-1.35698544599631E-12,0.));
#2393=DIRECTION('',(-5.68434188607977E-15,-1.,0.));
#2394=DIRECTION('',(-0.624695047554344,-0.780868809443094,0.));
#2395=DIRECTION('',(-4.65082517953589E-12,-1.,0.));
#2396=DIRECTION('',(1.,0.,0.));
#2397=DIRECTION('',(0.,-1.,0.));
#2398=DIRECTION('',(-1.,0.,0.));
#2399=DIRECTION('center_axis',(0.,0.,-1.));
#2400=DIRECTION('ref_axis',(1.,0.,0.));
#2401=DIRECTION('',(1.,0.,0.));
#2402=DIRECTION('',(0.,-1.,0.));
#2403=DIRECTION('',(-1.,0.,0.));
#2404=DIRECTION('',(0.,1.,0.));
#2405=DIRECTION('center_axis',(0.,0.,-1.));
#2406=DIRECTION('ref_axis',(1.,0.,0.));
#2407=DIRECTION('center_axis',(0.,0.,-1.));
#2408=DIRECTION('ref_axis',(1.,0.,0.));
#2409=DIRECTION('center_axis',(0.,0.,-1.));
#2410=DIRECTION('ref_axis',(1.,0.,0.));
#2411=DIRECTION('center_axis',(0.,0.,-1.));
#2412=DIRECTION('ref_axis',(1.,0.,0.));
#2413=DIRECTION('center_axis',(0.,0.,-1.));
#2414=DIRECTION('ref_axis',(1.,0.,0.));
#2415=DIRECTION('center_axis',(0.,0.,-1.));
#2416=DIRECTION('ref_axis',(1.,0.,0.));
#2417=DIRECTION('center_axis',(0.,0.,-1.));
#2418=DIRECTION('ref_axis',(1.,0.,0.));
#2419=DIRECTION('center_axis',(0.,0.,-1.));
#2420=DIRECTION('ref_axis',(1.,0.,0.));
#2421=DIRECTION('center_axis',(0.,0.,-1.));
#2422=DIRECTION('ref_axis',(1.,0.,0.));
#2423=DIRECTION('center_axis',(0.,0.,-1.));
#2424=DIRECTION('ref_axis',(1.,0.,0.));
#2425=DIRECTION('center_axis',(0.,0.,-1.));
#2426=DIRECTION('ref_axis',(1.,0.,0.));
#2427=DIRECTION('center_axis',(0.,0.,-1.));
#2428=DIRECTION('ref_axis',(1.,0.,0.));
#2429=DIRECTION('center_axis',(0.,0.,-1.));
#2430=DIRECTION('ref_axis',(1.,0.,0.));
#2431=DIRECTION('center_axis',(0.,0.,-1.));
#2432=DIRECTION('ref_axis',(1.,0.,0.));
#2433=DIRECTION('center_axis',(0.,0.,-1.));
#2434=DIRECTION('ref_axis',(1.,0.,0.));
#2435=DIRECTION('center_axis',(0.,0.,-1.));
#2436=DIRECTION('ref_axis',(1.,0.,0.));
#2437=DIRECTION('center_axis',(0.,0.,-1.));
#2438=DIRECTION('ref_axis',(1.,0.,0.));
#2439=DIRECTION('center_axis',(0.,0.,-1.));
#2440=DIRECTION('ref_axis',(1.,0.,0.));
#2441=DIRECTION('center_axis',(0.,0.,-1.));
#2442=DIRECTION('ref_axis',(1.,0.,0.));
#2443=DIRECTION('center_axis',(0.,0.,-1.));
#2444=DIRECTION('ref_axis',(1.,0.,0.));
#2445=DIRECTION('center_axis',(0.,0.,-1.));
#2446=DIRECTION('ref_axis',(1.,0.,0.));
#2447=DIRECTION('center_axis',(0.,0.,-1.));
#2448=DIRECTION('ref_axis',(1.,0.,0.));
#2449=DIRECTION('center_axis',(0.,0.,-1.));
#2450=DIRECTION('ref_axis',(1.,0.,0.));
#2451=DIRECTION('center_axis',(0.,0.,-1.));
#2452=DIRECTION('ref_axis',(1.,0.,0.));
#2453=DIRECTION('center_axis',(0.,0.,-1.));
#2454=DIRECTION('ref_axis',(1.,0.,0.));
#2455=DIRECTION('center_axis',(0.,0.,-1.));
#2456=DIRECTION('ref_axis',(1.,0.,0.));
#2457=DIRECTION('center_axis',(0.,0.,-1.));
#2458=DIRECTION('ref_axis',(1.,0.,0.));
#2459=DIRECTION('center_axis',(0.,0.,-1.));
#2460=DIRECTION('ref_axis',(1.,0.,0.));
#2461=DIRECTION('center_axis',(0.,0.,-1.));
#2462=DIRECTION('ref_axis',(1.,0.,0.));
#2463=DIRECTION('center_axis',(-4.92792061821883E-12,-1.,0.));
#2464=DIRECTION('ref_axis',(1.,-4.92792061821883E-12,0.));
#2465=DIRECTION('',(0.,0.,1.));
#2466=DIRECTION('',(1.,-4.92792061821883E-12,0.));
#2467=DIRECTION('',(0.,0.,1.));
#2468=DIRECTION('center_axis',(0.,-1.,0.));
#2469=DIRECTION('ref_axis',(0.,0.,1.));
#2470=DIRECTION('',(0.,-1.,0.));
#2471=DIRECTION('center_axis',(0.,1.,0.));
#2472=DIRECTION('ref_axis',(-0.173648177666905,0.,0.984807753012212));
#2473=DIRECTION('center_axis',(0.,-1.,0.));
#2474=DIRECTION('ref_axis',(1.,0.,0.));
#2475=DIRECTION('',(1.,0.,0.));
#2476=DIRECTION('',(0.,0.,-1.));
#2477=DIRECTION('',(0.,0.,1.));
#2478=DIRECTION('center_axis',(1.,0.,0.));
#2479=DIRECTION('ref_axis',(0.,1.,0.));
#2480=DIRECTION('',(0.,1.,0.));
#2481=DIRECTION('center_axis',(-0.173648177666899,0.,0.984807753012214));
#2482=DIRECTION('ref_axis',(0.984807753012214,0.,0.173648177666899));
#2483=DIRECTION('',(0.000814101193788052,0.99999965831655,0.000143548005491777));
#2484=DIRECTION('',(-0.984807416902399,0.000826189799582196,-0.17364811840167));
#2485=DIRECTION('',(-0.632996084139041,-0.766066712570284,-0.111614288316497));
#2486=DIRECTION('',(-0.984807753012214,0.,-0.173648177666899));
#2487=DIRECTION('',(-0.000229264711132872,-0.999999972901733,-4.04255542970501E-5));
#2488=DIRECTION('',(-0.984807753012214,-4.08239077079541E-12,-0.173648177666899));
#2489=DIRECTION('',(-0.000230133428341844,-0.999999972695986,-4.05787325795976E-5));
#2490=DIRECTION('',(0.984807753012214,1.7052901662256E-12,0.173648177666899));
#2491=DIRECTION('',(-0.000229264711138128,-0.999999972901733,-4.04255542979769E-5));
#2492=DIRECTION('',(0.984802471190412,-0.00327514519813315,0.173647246339208));
#2493=DIRECTION('',(0.633850793877336,-0.765337674894434,0.111764996704033));
#2494=DIRECTION('',(0.984807753012214,7.105427357601E-13,0.173648177666899));
#2495=DIRECTION('',(0.,1.,0.));
#2496=DIRECTION('center_axis',(0.173648177666899,0.,-0.984807753012214));
#2497=DIRECTION('ref_axis',(0.984807753012214,0.,0.173648177666899));
#2498=DIRECTION('center_axis',(0.173648177666899,0.,-0.984807753012214));
#2499=DIRECTION('ref_axis',(0.984807753012214,0.,0.173648177666899));
#2500=DIRECTION('center_axis',(0.173648177666899,0.,-0.984807753012214));
#2501=DIRECTION('ref_axis',(0.984807753012214,0.,0.173648177666899));
#2502=DIRECTION('center_axis',(0.173648177666899,0.,-0.984807753012214));
#2503=DIRECTION('ref_axis',(0.984807753012214,0.,0.173648177666899));
#2504=DIRECTION('center_axis',(0.173648177666899,0.,-0.984807753012214));
#2505=DIRECTION('ref_axis',(0.984807753012214,0.,0.173648177666899));
#2506=DIRECTION('center_axis',(0.173648177666899,0.,-0.984807753012214));
#2507=DIRECTION('ref_axis',(0.984807753012214,0.,0.173648177666899));
#2508=DIRECTION('center_axis',(0.173648177666899,0.,-0.984807753012214));
#2509=DIRECTION('ref_axis',(0.984807753012214,0.,0.173648177666899));
#2510=DIRECTION('center_axis',(0.173648177666899,0.,-0.984807753012214));
#2511=DIRECTION('ref_axis',(0.984807753012214,0.,0.173648177666899));
#2512=DIRECTION('center_axis',(0.,1.,0.));
#2513=DIRECTION('ref_axis',(-1.,0.,0.));
#2514=DIRECTION('',(-1.,0.,0.));
#2515=DIRECTION('',(0.,0.,1.));
#2516=DIRECTION('',(0.,0.,1.));
#2517=DIRECTION('center_axis',(1.,0.,0.));
#2518=DIRECTION('ref_axis',(0.,1.,0.));
#2519=DIRECTION('',(0.,1.,0.));
#2520=DIRECTION('',(0.,0.,1.));
#2521=DIRECTION('center_axis',(-1.,4.65082517953589E-12,0.));
#2522=DIRECTION('ref_axis',(-4.65082517953589E-12,-1.,0.));
#2523=DIRECTION('',(0.,0.,1.));
#2524=DIRECTION('',(-4.65082517953589E-12,-1.,0.));
#2525=DIRECTION('center_axis',(0.,0.,1.));
#2526=DIRECTION('ref_axis',(1.,0.,0.));
#2527=DIRECTION('',(0.,0.,-1.));
#2528=DIRECTION('center_axis',(0.,0.,-1.));
#2529=DIRECTION('ref_axis',(1.,0.,0.));
#2530=DIRECTION('center_axis',(1.,0.,0.));
#2531=DIRECTION('ref_axis',(0.,1.,0.));
#2532=DIRECTION('',(0.,1.,0.));
#2533=DIRECTION('',(0.,0.,1.));
#2534=DIRECTION('',(0.,0.,1.));
#2535=DIRECTION('center_axis',(0.,1.,0.));
#2536=DIRECTION('ref_axis',(-1.,0.,0.));
#2537=DIRECTION('',(-1.,0.,0.));
#2538=DIRECTION('',(0.,0.,1.));
#2539=DIRECTION('center_axis',(-1.,0.,0.));
#2540=DIRECTION('ref_axis',(0.,-1.,0.));
#2541=DIRECTION('',(0.,-1.,0.));
#2542=DIRECTION('',(0.,0.,1.));
#2543=DIRECTION('center_axis',(0.,-1.,0.));
#2544=DIRECTION('ref_axis',(1.,0.,0.));
#2545=DIRECTION('',(1.,0.,0.));
#2546=DIRECTION('center_axis',(0.,0.,1.));
#2547=DIRECTION('ref_axis',(1.,0.,0.));
#2548=DIRECTION('',(0.,0.,-1.));
#2549=DIRECTION('center_axis',(0.,0.,-1.));
#2550=DIRECTION('ref_axis',(1.,0.,0.));
#2551=DIRECTION('center_axis',(0.,0.,1.));
#2552=DIRECTION('ref_axis',(1.,0.,0.));
#2553=DIRECTION('',(0.,0.,-1.));
#2554=DIRECTION('center_axis',(0.,0.,-1.));
#2555=DIRECTION('ref_axis',(1.,0.,0.));
#2556=DIRECTION('center_axis',(0.,0.,1.));
#2557=DIRECTION('ref_axis',(1.,0.,0.));
#2558=DIRECTION('',(0.,0.,-1.));
#2559=DIRECTION('center_axis',(0.,0.,-1.));
#2560=DIRECTION('ref_axis',(1.,0.,0.));
#2561=DIRECTION('center_axis',(0.,0.,1.));
#2562=DIRECTION('ref_axis',(1.,0.,0.));
#2563=DIRECTION('',(0.,0.,-1.));
#2564=DIRECTION('center_axis',(0.,0.,-1.));
#2565=DIRECTION('ref_axis',(1.,0.,0.));
#2566=DIRECTION('center_axis',(0.,0.,1.));
#2567=DIRECTION('ref_axis',(1.,0.,0.));
#2568=DIRECTION('',(0.,0.,-1.));
#2569=DIRECTION('center_axis',(0.,0.,-1.));
#2570=DIRECTION('ref_axis',(1.,0.,0.));
#2571=DIRECTION('center_axis',(0.,0.,1.));
#2572=DIRECTION('ref_axis',(1.,0.,0.));
#2573=DIRECTION('',(0.,0.,-1.));
#2574=DIRECTION('center_axis',(0.,0.,-1.));
#2575=DIRECTION('ref_axis',(1.,0.,0.));
#2576=DIRECTION('center_axis',(0.,0.,1.));
#2577=DIRECTION('ref_axis',(1.,0.,0.));
#2578=DIRECTION('',(0.,0.,-1.));
#2579=DIRECTION('center_axis',(0.,0.,-1.));
#2580=DIRECTION('ref_axis',(1.,0.,0.));
#2581=DIRECTION('center_axis',(0.,0.,1.));
#2582=DIRECTION('ref_axis',(1.,0.,0.));
#2583=DIRECTION('',(0.,0.,-1.));
#2584=DIRECTION('center_axis',(0.,0.,-1.));
#2585=DIRECTION('ref_axis',(1.,0.,0.));
#2586=DIRECTION('center_axis',(0.,0.,1.));
#2587=DIRECTION('ref_axis',(1.,0.,0.));
#2588=DIRECTION('',(0.,0.,-1.));
#2589=DIRECTION('center_axis',(0.,0.,-1.));
#2590=DIRECTION('ref_axis',(1.,0.,0.));
#2591=DIRECTION('center_axis',(0.,0.,1.));
#2592=DIRECTION('ref_axis',(1.,0.,0.));
#2593=DIRECTION('',(0.,0.,-1.));
#2594=DIRECTION('center_axis',(0.,0.,-1.));
#2595=DIRECTION('ref_axis',(1.,0.,0.));
#2596=DIRECTION('center_axis',(0.,0.,1.));
#2597=DIRECTION('ref_axis',(1.,0.,0.));
#2598=DIRECTION('',(0.,0.,-1.));
#2599=DIRECTION('center_axis',(0.,0.,-1.));
#2600=DIRECTION('ref_axis',(1.,0.,0.));
#2601=DIRECTION('center_axis',(0.,0.,1.));
#2602=DIRECTION('ref_axis',(1.,0.,0.));
#2603=DIRECTION('',(0.,0.,-1.));
#2604=DIRECTION('center_axis',(0.,0.,-1.));
#2605=DIRECTION('ref_axis',(1.,0.,0.));
#2606=DIRECTION('center_axis',(-0.173648177666899,0.,0.984807753012214));
#2607=DIRECTION('ref_axis',(0.984807753012214,0.,0.173648177666899));
#2608=DIRECTION('',(0.173648177666899,0.,-0.984807753012214));
#2609=DIRECTION('center_axis',(0.,0.,1.));
#2610=DIRECTION('ref_axis',(1.,0.,0.));
#2611=DIRECTION('',(0.,0.,-1.));
#2612=DIRECTION('center_axis',(0.,0.,-1.));
#2613=DIRECTION('ref_axis',(1.,0.,0.));
#2614=DIRECTION('center_axis',(0.,0.,1.));
#2615=DIRECTION('ref_axis',(1.,0.,0.));
#2616=DIRECTION('',(0.,0.,-1.));
#2617=DIRECTION('center_axis',(0.,0.,-1.));
#2618=DIRECTION('ref_axis',(1.,0.,0.));
#2619=DIRECTION('center_axis',(0.,0.,1.));
#2620=DIRECTION('ref_axis',(1.,0.,0.));
#2621=DIRECTION('',(0.,0.,-1.));
#2622=DIRECTION('center_axis',(0.,0.,-1.));
#2623=DIRECTION('ref_axis',(1.,0.,0.));
#2624=DIRECTION('center_axis',(0.,0.,1.));
#2625=DIRECTION('ref_axis',(1.,0.,0.));
#2626=DIRECTION('',(0.,0.,-1.));
#2627=DIRECTION('center_axis',(0.,0.,-1.));
#2628=DIRECTION('ref_axis',(1.,0.,0.));
#2629=DIRECTION('center_axis',(-0.173648177666899,0.,0.984807753012214));
#2630=DIRECTION('ref_axis',(0.984807753012214,0.,0.173648177666899));
#2631=DIRECTION('',(0.173648177666899,0.,-0.984807753012214));
#2632=DIRECTION('center_axis',(0.,0.,1.));
#2633=DIRECTION('ref_axis',(1.,0.,0.));
#2634=DIRECTION('',(0.,0.,-1.));
#2635=DIRECTION('center_axis',(0.,0.,-1.));
#2636=DIRECTION('ref_axis',(1.,0.,0.));
#2637=DIRECTION('center_axis',(0.,0.,1.));
#2638=DIRECTION('ref_axis',(1.,0.,0.));
#2639=DIRECTION('',(0.,0.,-1.));
#2640=DIRECTION('center_axis',(0.,0.,-1.));
#2641=DIRECTION('ref_axis',(1.,0.,0.));
#2642=DIRECTION('center_axis',(0.,0.,1.));
#2643=DIRECTION('ref_axis',(1.,0.,0.));
#2644=DIRECTION('',(0.,0.,-1.));
#2645=DIRECTION('center_axis',(0.,0.,-1.));
#2646=DIRECTION('ref_axis',(1.,0.,0.));
#2647=DIRECTION('center_axis',(0.,0.,1.));
#2648=DIRECTION('ref_axis',(1.,0.,0.));
#2649=DIRECTION('',(0.,0.,-1.));
#2650=DIRECTION('center_axis',(0.,0.,-1.));
#2651=DIRECTION('ref_axis',(1.,0.,0.));
#2652=DIRECTION('center_axis',(0.,0.,1.));
#2653=DIRECTION('ref_axis',(1.,0.,0.));
#2654=DIRECTION('',(0.,0.,-1.));
#2655=DIRECTION('center_axis',(0.,0.,-1.));
#2656=DIRECTION('ref_axis',(1.,0.,0.));
#2657=DIRECTION('center_axis',(-0.173648177666899,0.,0.984807753012214));
#2658=DIRECTION('ref_axis',(0.984807753012214,0.,0.173648177666899));
#2659=DIRECTION('',(0.173648177666899,0.,-0.984807753012214));
#2660=DIRECTION('center_axis',(-0.173648177666899,0.,0.984807753012214));
#2661=DIRECTION('ref_axis',(0.984807753012214,0.,0.173648177666899));
#2662=DIRECTION('',(0.173648177666899,0.,-0.984807753012214));
#2663=DIRECTION('center_axis',(0.,0.,1.));
#2664=DIRECTION('ref_axis',(1.,0.,0.));
#2665=DIRECTION('',(0.,0.,-1.));
#2666=DIRECTION('center_axis',(0.,0.,-1.));
#2667=DIRECTION('ref_axis',(1.,0.,0.));
#2668=DIRECTION('center_axis',(0.,0.,1.));
#2669=DIRECTION('ref_axis',(1.,0.,0.));
#2670=DIRECTION('',(0.,0.,-1.));
#2671=DIRECTION('center_axis',(0.,0.,-1.));
#2672=DIRECTION('ref_axis',(1.,0.,0.));
#2673=DIRECTION('center_axis',(0.,0.,1.));
#2674=DIRECTION('ref_axis',(1.,0.,0.));
#2675=DIRECTION('',(0.,0.,-1.));
#2676=DIRECTION('center_axis',(0.,0.,-1.));
#2677=DIRECTION('ref_axis',(1.,0.,0.));
#2678=DIRECTION('center_axis',(0.,0.,1.));
#2679=DIRECTION('ref_axis',(1.,0.,0.));
#2680=DIRECTION('',(0.,0.,-1.));
#2681=DIRECTION('center_axis',(0.,0.,-1.));
#2682=DIRECTION('ref_axis',(1.,0.,0.));
#2683=DIRECTION('center_axis',(0.,0.,1.));
#2684=DIRECTION('ref_axis',(1.,0.,0.));
#2685=DIRECTION('',(0.,0.,-1.));
#2686=DIRECTION('center_axis',(0.,0.,-1.));
#2687=DIRECTION('ref_axis',(1.,0.,0.));
#2688=DIRECTION('center_axis',(0.,0.,1.));
#2689=DIRECTION('ref_axis',(1.,0.,0.));
#2690=DIRECTION('',(0.,0.,-1.));
#2691=DIRECTION('center_axis',(0.,0.,-1.));
#2692=DIRECTION('ref_axis',(1.,0.,0.));
#2693=DIRECTION('center_axis',(-0.173648177666899,0.,0.984807753012214));
#2694=DIRECTION('ref_axis',(0.984807753012214,0.,0.173648177666899));
#2695=DIRECTION('',(0.173648177666899,0.,-0.984807753012214));
#2696=DIRECTION('center_axis',(0.,0.,1.));
#2697=DIRECTION('ref_axis',(1.,0.,0.));
#2698=DIRECTION('',(0.,0.,-1.));
#2699=DIRECTION('center_axis',(0.,0.,-1.));
#2700=DIRECTION('ref_axis',(1.,0.,0.));
#2701=DIRECTION('center_axis',(-0.173648177666899,0.,0.984807753012214));
#2702=DIRECTION('ref_axis',(0.984807753012214,0.,0.173648177666899));
#2703=DIRECTION('',(0.173648177666899,0.,-0.984807753012214));
#2704=DIRECTION('center_axis',(-0.173648177666899,0.,0.984807753012214));
#2705=DIRECTION('ref_axis',(0.984807753012214,0.,0.173648177666899));
#2706=DIRECTION('',(0.173648177666899,0.,-0.984807753012214));
#2707=DIRECTION('center_axis',(-0.173648177666899,0.,0.984807753012214));
#2708=DIRECTION('ref_axis',(0.984807753012214,0.,0.173648177666899));
#2709=DIRECTION('',(0.173648177666899,0.,-0.984807753012214));
#2710=DIRECTION('center_axis',(0.,0.,1.));
#2711=DIRECTION('ref_axis',(1.,0.,0.));
#2712=DIRECTION('',(0.,0.,-1.));
#2713=DIRECTION('center_axis',(0.,0.,-1.));
#2714=DIRECTION('ref_axis',(1.,0.,0.));
#2715=DIRECTION('center_axis',(0.984807416519703,-0.000826660016940338,
0.17364811833419));
#2716=DIRECTION('ref_axis',(0.000814101193788052,0.99999965831655,0.000143548005491777));
#2717=DIRECTION('',(-0.173648177666899,0.,0.984807753012214));
#2718=DIRECTION('center_axis',(-1.22140556031809E-12,1.,0.));
#2719=DIRECTION('ref_axis',(-1.,-1.22140556031809E-12,0.));
#2720=DIRECTION('',(1.,0.,0.));
#2721=DIRECTION('center_axis',(-0.780868809443094,0.624695047554344,0.));
#2722=DIRECTION('ref_axis',(-0.624695047554344,-0.780868809443094,0.));
#2723=DIRECTION('',(0.624695047554344,0.780868809443094,0.));
#2724=DIRECTION('',(0.,0.,1.));
#2725=DIRECTION('center_axis',(-1.,5.68434188607977E-15,0.));
#2726=DIRECTION('ref_axis',(-5.68434188607977E-15,-1.,0.));
#2727=DIRECTION('',(5.68434188607977E-15,1.,0.));
#2728=DIRECTION('',(0.,0.,1.));
#2729=DIRECTION('center_axis',(-1.35698544599631E-12,1.,0.));
#2730=DIRECTION('ref_axis',(-1.,-1.35698544599631E-12,0.));
#2731=DIRECTION('',(1.,1.35698544599631E-12,0.));
#2732=DIRECTION('',(0.,0.,1.));
#2733=DIRECTION('center_axis',(1.,0.,0.));
#2734=DIRECTION('ref_axis',(0.,1.,0.));
#2735=DIRECTION('',(0.,-1.,0.));
#2736=DIRECTION('',(0.,0.,1.));
#2737=DIRECTION('center_axis',(0.780868809443087,0.624695047554354,0.));
#2738=DIRECTION('ref_axis',(-0.624695047554354,0.780868809443087,0.));
#2739=DIRECTION('',(0.624695047554354,-0.780868809443087,0.));
#2740=DIRECTION('',(0.,0.,1.));
#2741=DIRECTION('center_axis',(1.,3.10055011968137E-14,0.));
#2742=DIRECTION('ref_axis',(-3.10055011968137E-14,1.,0.));
#2743=DIRECTION('',(3.10055011968137E-14,-1.,0.));
#2744=DIRECTION('',(0.,0.,1.));
#2745=DIRECTION('center_axis',(-3.15796771444454E-14,1.,0.));
#2746=DIRECTION('ref_axis',(-1.,-3.15796771444454E-14,0.));
#2747=DIRECTION('',(1.,3.15796771444454E-14,0.));
#2748=DIRECTION('',(0.,0.,1.));
#2749=DIRECTION('center_axis',(-1.,-3.28185631813979E-14,0.));
#2750=DIRECTION('ref_axis',(3.28185631813979E-14,-1.,0.));
#2751=DIRECTION('',(3.28185631813979E-14,-1.,0.));
#2752=DIRECTION('',(0.,0.,1.));
#2753=DIRECTION('center_axis',(-4.61852778244039E-12,1.,0.));
#2754=DIRECTION('ref_axis',(-1.,-4.61852778244039E-12,0.));
#2755=DIRECTION('',(-1.,-4.61852778244039E-12,0.));
#2756=DIRECTION('',(0.,0.,1.));
#2757=DIRECTION('center_axis',(0.866025403784792,0.499999999999389,0.));
#2758=DIRECTION('ref_axis',(-0.499999999999389,0.866025403784792,0.));
#2759=DIRECTION('',(-0.499999999999389,0.866025403784792,0.));
#2760=DIRECTION('',(0.,0.,1.));
#2761=DIRECTION('center_axis',(-3.66731734585859E-14,1.,0.));
#2762=DIRECTION('ref_axis',(-1.,-3.66731734585859E-14,0.));
#2763=DIRECTION('',(1.,3.66731734585859E-14,0.));
#2764=DIRECTION('',(0.,0.,1.));
#2765=DIRECTION('center_axis',(0.999999999975129,7.05286095980149E-6,0.));
#2766=DIRECTION('ref_axis',(-7.05286095980149E-6,0.999999999975129,0.));
#2767=DIRECTION('',(7.05286095980149E-6,-0.999999999975129,0.));
#2768=DIRECTION('',(0.,0.,1.));
#2769=DIRECTION('center_axis',(0.0121784548718411,-0.999925839868605,0.));
#2770=DIRECTION('ref_axis',(0.999925839868605,0.0121784548718411,0.));
#2771=DIRECTION('',(-0.999925839868605,-0.0121784548718411,0.));
#2772=DIRECTION('',(0.,0.,1.));
#2773=DIRECTION('center_axis',(0.99999999828602,-5.85487762483961E-5,0.));
#2774=DIRECTION('ref_axis',(5.85487762483961E-5,0.99999999828602,0.));
#2775=DIRECTION('',(-5.85487762483961E-5,-0.99999999828602,0.));
#2776=DIRECTION('',(0.,0.,1.));
#2777=DIRECTION('center_axis',(5.16758353280009E-13,1.,0.));
#2778=DIRECTION('ref_axis',(-1.,5.16758353280009E-13,0.));
#2779=DIRECTION('',(1.,-5.16758353280009E-13,0.));
#2780=DIRECTION('',(0.,0.,1.));
#2781=DIRECTION('center_axis',(1.,-4.04049166508605E-12,0.));
#2782=DIRECTION('ref_axis',(4.04049166508605E-12,1.,0.));
#2783=DIRECTION('',(4.04049166508605E-12,1.,0.));
#2784=DIRECTION('',(0.,0.,1.));
#2785=DIRECTION('center_axis',(1.28356107105051E-12,-1.,0.));
#2786=DIRECTION('ref_axis',(1.,1.28356107105051E-12,0.));
#2787=DIRECTION('',(1.,1.28356107105051E-12,0.));
#2788=DIRECTION('',(0.,0.,1.));
#2789=DIRECTION('center_axis',(0.866025403800243,-0.499999999972626,0.));
#2790=DIRECTION('ref_axis',(0.499999999972626,0.866025403800243,0.));
#2791=DIRECTION('',(-0.499999999972626,-0.866025403800243,0.));
#2792=DIRECTION('',(0.,0.,1.));
#2793=DIRECTION('center_axis',(-9.66338120633764E-13,-1.,0.));
#2794=DIRECTION('ref_axis',(1.,-9.66338120633764E-13,0.));
#2795=DIRECTION('',(-1.,9.66338120633764E-13,0.));
#2796=DIRECTION('',(0.,0.,1.));
#2797=DIRECTION('center_axis',(-1.,7.38417671543981E-13,0.));
#2798=DIRECTION('ref_axis',(-7.38417671543981E-13,-1.,0.));
#2799=DIRECTION('',(7.38417671543981E-13,1.,0.));
#2800=DIRECTION('',(0.,0.,1.));
#2801=DIRECTION('center_axis',(1.29476676287933E-12,-1.,0.));
#2802=DIRECTION('ref_axis',(1.,1.29476676287933E-12,0.));
#2803=DIRECTION('',(-1.,-1.29476676287933E-12,0.));
#2804=DIRECTION('',(0.,0.,1.));
#2805=DIRECTION('center_axis',(1.,9.20863385538399E-12,0.));
#2806=DIRECTION('ref_axis',(-9.20863385538399E-12,1.,0.));
#2807=DIRECTION('',(9.20863385538399E-12,-1.,0.));
#2808=DIRECTION('',(0.,0.,1.));
#2809=DIRECTION('center_axis',(0.780868809443037,-0.624695047554416,0.));
#2810=DIRECTION('ref_axis',(0.624695047554416,0.780868809443037,0.));
#2811=DIRECTION('',(-0.624695047554416,-0.780868809443037,0.));
#2812=DIRECTION('',(0.,0.,1.));
#2813=DIRECTION('center_axis',(1.,-1.13686837721616E-14,0.));
#2814=DIRECTION('ref_axis',(1.13686837721616E-14,1.,0.));
#2815=DIRECTION('',(1.13686837721616E-14,1.,0.));
#2816=DIRECTION('',(0.,0.,1.));
#2817=DIRECTION('center_axis',(1.30904968745844E-12,-1.,0.));
#2818=DIRECTION('ref_axis',(1.,1.30904968745844E-12,0.));
#2819=DIRECTION('',(-1.,-1.30904968745844E-12,0.));
#2820=DIRECTION('',(0.,0.,1.));
#2821=DIRECTION('center_axis',(-1.,8.5265128291212E-15,0.));
#2822=DIRECTION('ref_axis',(-8.5265128291212E-15,-1.,0.));
#2823=DIRECTION('',(8.5265128291212E-15,1.,0.));
#2824=DIRECTION('',(0.,0.,1.));
#2825=DIRECTION('center_axis',(-0.803841899203096,-0.594843005410301,0.));
#2826=DIRECTION('ref_axis',(0.594843005410301,-0.803841899203096,0.));
#2827=DIRECTION('',(0.594843005410301,-0.803841899203096,0.));
#2828=DIRECTION('',(0.,0.,1.));
#2829=DIRECTION('center_axis',(-1.,-4.61981967832256E-12,0.));
#2830=DIRECTION('ref_axis',(4.61981967832256E-12,-1.,0.));
#2831=DIRECTION('',(4.61981967832256E-12,-1.,0.));
#2832=DIRECTION('center_axis',(0.,-1.,0.));
#2833=DIRECTION('ref_axis',(0.,0.,-1.));
#2834=DIRECTION('center_axis',(0.984807753012214,0.,0.173648177666899));
#2835=DIRECTION('ref_axis',(0.,1.,0.));
#2836=DIRECTION('',(-0.173648177666899,0.,0.984807753012214));
#2837=DIRECTION('center_axis',(6.99747995023055E-13,-1.,1.23384451219194E-13));
#2838=DIRECTION('ref_axis',(0.984807753012214,7.105427357601E-13,0.173648177666899));
#2839=DIRECTION('',(-0.173648177666899,0.,0.984807753012214));
#2840=DIRECTION('center_axis',(-0.75371047590838,-0.643628964067949,-0.13289949254524));
#2841=DIRECTION('ref_axis',(0.633850793877336,-0.765337674894434,0.111764996704033));
#2842=DIRECTION('',(-0.173648177666899,0.,0.984807753012214));
#2843=DIRECTION('center_axis',(-0.00322538838336225,-0.999994636697583,
-0.000568722995250315));
#2844=DIRECTION('ref_axis',(0.984802471190412,-0.00327514519813315,0.173647246339208));
#2845=DIRECTION('',(-0.173648177666899,0.,0.984807753012214));
#2846=DIRECTION('center_axis',(-0.98480772632563,0.000232801488855952,-0.173648172961334));
#2847=DIRECTION('ref_axis',(-0.000229264711138128,-0.999999972901733,-4.04255542979769E-5));
#2848=DIRECTION('',(-0.173648177666899,0.,0.984807753012214));
#2849=DIRECTION('center_axis',(1.67938297683446E-12,-1.,2.96120529758358E-13));
#2850=DIRECTION('ref_axis',(0.984807753012214,1.7052901662256E-12,0.173648177666899));
#2851=DIRECTION('',(-0.173648177666899,0.,0.984807753012214));
#2852=DIRECTION('center_axis',(-0.984807726123008,0.000233683607422808,
-0.173648172925606));
#2853=DIRECTION('ref_axis',(-0.000230133428341844,-0.999999972695986,-4.05787325795976E-5));
#2854=DIRECTION('',(-0.173648177666899,0.,0.984807753012214));
#2855=DIRECTION('center_axis',(-4.02037008190483E-12,1.,-7.08899717872789E-13));
#2856=DIRECTION('ref_axis',(-0.984807753012214,-4.08239077079541E-12,-0.173648177666899));
#2857=DIRECTION('',(-0.173648177666899,0.,0.984807753012214));
#2858=DIRECTION('center_axis',(-0.98480772632563,0.000232801488850615,-0.173648172961334));
#2859=DIRECTION('ref_axis',(-0.000229264711132872,-0.999999972901733,-4.04255542970501E-5));
#2860=DIRECTION('',(-0.173648177666899,0.,0.984807753012214));
#2861=DIRECTION('center_axis',(0.,1.,0.));
#2862=DIRECTION('ref_axis',(-0.984807753012214,0.,-0.173648177666899));
#2863=DIRECTION('',(-0.173648177666899,0.,0.984807753012214));
#2864=DIRECTION('center_axis',(-0.754428437863795,0.642761069054246,-0.133026088609102));
#2865=DIRECTION('ref_axis',(-0.632996084139041,-0.766066712570284,-0.111614288316497));
#2866=DIRECTION('',(-0.173648177666899,0.,0.984807753012214));
#2867=DIRECTION('center_axis',(0.000813638120088153,0.999999658705149,0.000143466353104429));
#2868=DIRECTION('ref_axis',(-0.984807416902399,0.000826189799582196,-0.17364811840167));
#2869=DIRECTION('center_axis',(0.,0.,1.));
#2870=DIRECTION('ref_axis',(1.,0.,0.));
#2871=CARTESIAN_POINT('',(0.,0.,0.));
#2872=CARTESIAN_POINT('Origin',(1020.80402166532,-1171.16756517727,27.5208612789612));
#2873=CARTESIAN_POINT('',(864.46698289127,-1148.66756517735,-0.0455767409633623));
#2874=CARTESIAN_POINT('',(864.46698289127,-1193.66756517742,-0.0455767409633623));
#2875=CARTESIAN_POINT('',(864.46698289127,-585.583782588636,-0.0455767409633623));
#2876=CARTESIAN_POINT('',(851.918628262746,-1193.66756517736,-2.25819022546963));
#2877=CARTESIAN_POINT('',(851.918628262746,-1193.66756517736,-2.25819022546963));
#2878=CARTESIAN_POINT('',(851.918628262746,-1213.66756517736,-2.25819022546963));
#2879=CARTESIAN_POINT('',(851.918628262746,-1193.66756517736,-2.25819022546963));
#2880=CARTESIAN_POINT('',(842.070550732624,-1213.66756517737,-3.99467200213861));
#2881=CARTESIAN_POINT('',(851.918628262746,-1213.66756517736,-2.25819022546963));
#2882=CARTESIAN_POINT('',(828.033946625086,-1196.71918859593,-6.4697040238203));
#2883=CARTESIAN_POINT('',(842.070550732624,-1213.66756517737,-3.99467200213861));
#2884=CARTESIAN_POINT('',(812.511291243252,-1196.66756509607,-9.20676697987656));
#2885=CARTESIAN_POINT('',(812.511291243252,-1196.66756509607,-9.20676697987656));
#2886=CARTESIAN_POINT('',(812.511979037386,-1193.66756517739,-9.20664570321366));
#2887=CARTESIAN_POINT('',(812.511979037386,-1193.66756517739,-9.20664570321366));
#2888=CARTESIAN_POINT('',(807.095497011486,-1193.6675651774,-10.161717624902));
#2889=CARTESIAN_POINT('',(807.095497011486,-1193.6675651774,-10.161717624902));
#2890=CARTESIAN_POINT('',(807.105853016044,-1148.66756517744,-10.1598915818861));
#2891=CARTESIAN_POINT('',(807.105853016044,-1148.66756517744,-10.1598915818861));
#2892=CARTESIAN_POINT('',(812.522295949659,-1148.66756517742,-9.2048265532223));
#2893=CARTESIAN_POINT('',(807.105853016044,-1148.66756517744,-10.1598915818861));
#2894=CARTESIAN_POINT('',(812.522983743792,-1145.68048767733,-9.2047052765594));
#2895=CARTESIAN_POINT('',(812.522295949659,-1148.66756517742,-9.2048265532223));
#2896=CARTESIAN_POINT('',(827.926337485594,-1145.68048767733,-6.48867841848368));
#2897=CARTESIAN_POINT('',(827.926337485594,-1145.68048767733,-6.48867841848368));
#2898=CARTESIAN_POINT('',(842.086442286397,-1128.54359661874,-3.99186989244301));
#2899=CARTESIAN_POINT('',(842.086442286397,-1128.54359661874,-3.99186989244301));
#2900=CARTESIAN_POINT('',(851.934516455422,-1128.55185851674,-2.25538870842616));
#2901=CARTESIAN_POINT('',(851.934516455422,-1128.55185851674,-2.25538870842616));
#2902=CARTESIAN_POINT('',(851.91814022902,-1148.66756517737,-2.25827627898299));
#2903=CARTESIAN_POINT('',(851.91814022902,-1148.66756517737,-2.25827627898299));
#2904=CARTESIAN_POINT('',(943.00676605454,-1148.66756517735,13.803106089711));
#2905=CARTESIAN_POINT('',(813.50538415208,-1156.1675651768,-9.03148157871934));
#2906=CARTESIAN_POINT('Origin',(815.474999658104,-1156.1675651768,-8.68418522338555));
#2907=CARTESIAN_POINT('',(813.49850621056,-1186.16756517739,-9.03269434538094));
#2908=CARTESIAN_POINT('Origin',(815.468121716585,-1186.16756517739,-8.68539799004715));
#2909=CARTESIAN_POINT('',(824.351987416593,-1153.16756517742,-7.11893277414545));
#2910=CARTESIAN_POINT('Origin',(826.814006799124,-1153.16756517742,-6.68481232997818));
#2911=CARTESIAN_POINT('',(855.865839638905,-1156.16756517744,-1.56219036129363));
#2912=CARTESIAN_POINT('Origin',(857.835455144929,-1156.16756517744,-1.21489400595982));
#2913=CARTESIAN_POINT('',(844.048147797966,-1189.16756517739,-3.64596828254896));
#2914=CARTESIAN_POINT('Origin',(846.510167180497,-1189.16756517739,-3.21184783838172));
#2915=CARTESIAN_POINT('',(844.048145084638,-1153.16756517743,-3.64596876098181));
#2916=CARTESIAN_POINT('Origin',(846.510164467169,-1153.16756517743,-3.21184831681457));
#2917=CARTESIAN_POINT('',(824.3519912587,-1189.16756517739,-7.11893209667833));
#2918=CARTESIAN_POINT('Origin',(826.814010641231,-1189.16756517739,-6.68481165251109));
#2919=CARTESIAN_POINT('',(855.865839638905,-1186.1675651774,-1.56219036129363));
#2920=CARTESIAN_POINT('Origin',(857.835455144929,-1186.1675651774,-1.21489400595982));
#2921=CARTESIAN_POINT('Origin',(863.946038358269,-1148.66756517735,2.90884651807328));
#2922=CARTESIAN_POINT('',(863.946038358269,-1148.66756517735,2.90884651807328));
#2923=CARTESIAN_POINT('',(864.46698289127,-1148.66756517735,-0.0455767409633445));
#2924=CARTESIAN_POINT('',(864.98792742427,-1148.66756517735,3.));
#2925=CARTESIAN_POINT('Origin',(864.98792742427,-1148.66756517735,-3.));
#2926=CARTESIAN_POINT('',(864.98792742427,-1148.66756517735,0.));
#2927=CARTESIAN_POINT('',(864.98792742427,-1148.66756517735,0.));
#2928=CARTESIAN_POINT('Origin',(864.98792742427,-1148.66756517735,-3.));
#2929=CARTESIAN_POINT('Origin',(864.98792742427,-1171.16756517739,-3.));
#2930=CARTESIAN_POINT('',(863.946038358269,-1193.66756517742,2.90884651807328));
#2931=CARTESIAN_POINT('',(863.946038358269,-585.583782588636,2.90884651807328));
#2932=CARTESIAN_POINT('',(864.98792742427,-1193.66756517743,3.));
#2933=CARTESIAN_POINT('Origin',(864.98792742427,-1193.66756517742,-3.));
#2934=CARTESIAN_POINT('',(864.98792742427,-585.583782588636,3.));
#2935=CARTESIAN_POINT('Origin',(851.918628262746,-1193.66756517736,-2.25819022546963));
#2936=CARTESIAN_POINT('',(864.46698289127,-1193.66756517742,-0.0455767409633445));
#2937=CARTESIAN_POINT('',(851.397683729745,-1193.66756517736,0.696233033567015));
#2938=CARTESIAN_POINT('',(851.397683729745,-1193.66756517736,0.696233033567015));
#2939=CARTESIAN_POINT('',(851.918628262746,-1193.66756517736,-2.25819022546963));
#2940=CARTESIAN_POINT('Origin',(865.209510443764,-1148.66756517735,0.0853509004608455));
#2941=CARTESIAN_POINT('',(851.397195696019,-1148.66756517737,0.696146980053651));
#2942=CARTESIAN_POINT('',(851.91814022902,-1148.66756517737,-2.25827627898299));
#2943=CARTESIAN_POINT('',(942.485821521539,-1148.66756517735,16.7575293487477));
#2944=CARTESIAN_POINT('Origin',(1022.98273478199,-1171.16756517727,3.));
#2945=CARTESIAN_POINT('',(866.487927424271,-1193.66756517743,3.));
#2946=CARTESIAN_POINT('',(851.492011962226,-1193.66756517736,3.));
#2947=CARTESIAN_POINT('',(866.487927424271,-1196.66756517743,3.));
#2948=CARTESIAN_POINT('',(866.487927424271,-1183.91756517735,3.));
#2949=CARTESIAN_POINT('',(864.98792742427,-1196.66756517743,3.));
#2950=CARTESIAN_POINT('',(943.985331103129,-1196.66756517743,3.));
#2951=CARTESIAN_POINT('',(864.987927424397,-1221.16756517744,3.));
#2952=CARTESIAN_POINT('',(864.98792742427,-1193.66756517743,3.));
#2953=CARTESIAN_POINT('',(901.987927424398,-1271.16756517744,3.));
#2954=CARTESIAN_POINT('',(864.987927424397,-1221.16756517744,3.));
#2955=CARTESIAN_POINT('',(901.987927424398,-1321.16756517744,3.));
#2956=CARTESIAN_POINT('',(901.987927424398,-1321.16756517744,3.));
#2957=CARTESIAN_POINT('',(1139.9879274244,-1321.16756517712,3.));
#2958=CARTESIAN_POINT('',(1142.9879274244,-1321.16756517712,3.));
#2959=CARTESIAN_POINT('',(1139.9879274244,-1271.16756517712,3.));
#2960=CARTESIAN_POINT('',(1139.9879274244,-1321.16756517712,3.));
#2961=CARTESIAN_POINT('',(1179.9879274244,-1221.16756517712,3.));
#2962=CARTESIAN_POINT('',(1179.9879274244,-1221.16756517712,3.));
#2963=CARTESIAN_POINT('',(1179.98792742414,-1193.66756517692,3.));
#2964=CARTESIAN_POINT('',(1179.98792742414,-1193.66756517692,3.));
#2965=CARTESIAN_POINT('',(1188.98792742457,-1193.66756517691,3.));
#2966=CARTESIAN_POINT('',(1188.98792742457,-1193.66756517691,3.));
#2967=CARTESIAN_POINT('',(1188.98792742456,-1210.98807325324,3.));
#2968=CARTESIAN_POINT('',(1188.98792742456,-1210.98807325324,3.));
#2969=CARTESIAN_POINT('',(1198.98792742456,-1210.98807325325,3.));
#2970=CARTESIAN_POINT('',(1198.98792742456,-1210.98807325325,3.));
#2971=CARTESIAN_POINT('',(1208.98792742422,-1193.66756517688,3.));
#2972=CARTESIAN_POINT('',(1208.98792742422,-1193.66756517688,3.));
#2973=CARTESIAN_POINT('',(1239.98792742422,-1193.66756517684,3.));
#2974=CARTESIAN_POINT('',(1208.98792742422,-1193.66756517688,3.));
#2975=CARTESIAN_POINT('',(1239.98792742429,-1175.16756517737,3.));
#2976=CARTESIAN_POINT('',(1239.98792742422,-1193.66756517684,3.));
#2977=CARTESIAN_POINT('',(1234.48792742429,-1175.16756517737,3.));
#2978=CARTESIAN_POINT('',(1234.48792742429,-1175.16756517737,3.));
#2979=CARTESIAN_POINT('',(1234.48839189276,-1167.23454758017,3.));
#2980=CARTESIAN_POINT('',(1234.48839189276,-1167.23454758017,3.));
#2981=CARTESIAN_POINT('',(1239.98805790233,-1167.16756517843,3.));
#2982=CARTESIAN_POINT('',(1239.98805790233,-1167.16756517843,3.));
#2983=CARTESIAN_POINT('',(1239.9879274244,-1148.66756517712,3.));
#2984=CARTESIAN_POINT('',(1239.9879274244,-1148.66756517712,3.));
#2985=CARTESIAN_POINT('',(1208.9879274244,-1148.66756517712,3.));
#2986=CARTESIAN_POINT('',(1208.9879274244,-1148.66756517712,3.));
#2987=CARTESIAN_POINT('',(1198.98792742453,-1131.34705710162,3.));
#2988=CARTESIAN_POINT('',(1208.9879274244,-1148.66756517712,3.));
#2989=CARTESIAN_POINT('',(1188.98792742453,-1131.34705710167,3.));
#2990=CARTESIAN_POINT('',(1198.98792742453,-1131.34705710162,3.));
#2991=CARTESIAN_POINT('',(1188.98792742453,-1148.66756517712,3.));
#2992=CARTESIAN_POINT('',(1188.98792742453,-1131.34705710167,3.));
#2993=CARTESIAN_POINT('',(1179.9879274244,-1148.66756517712,3.));
#2994=CARTESIAN_POINT('',(1179.9879274244,-1148.66756517712,3.));
#2995=CARTESIAN_POINT('',(1179.9879274244,-1121.16756517713,3.));
#2996=CARTESIAN_POINT('',(1179.9879274244,-1121.16756517713,3.));
#2997=CARTESIAN_POINT('',(1139.9879274244,-1071.16756517712,3.));
#2998=CARTESIAN_POINT('',(1139.9879274244,-1071.16756517712,3.));
#2999=CARTESIAN_POINT('',(1139.9879274244,-1021.16756517711,3.));
#3000=CARTESIAN_POINT('',(1139.9879274244,-1021.16756517711,3.));
#3001=CARTESIAN_POINT('',(904.987927424397,-1021.16756517743,3.));
#3002=CARTESIAN_POINT('',(904.987927424397,-1021.16756517743,3.));
#3003=CARTESIAN_POINT('',(904.987927424397,-1071.16756517743,3.));
#3004=CARTESIAN_POINT('',(904.987927424397,-1071.16756517743,3.));
#3005=CARTESIAN_POINT('',(864.987927424398,-1121.16756517744,3.));
#3006=CARTESIAN_POINT('',(864.987927424398,-1121.16756517744,3.));
#3007=CARTESIAN_POINT('',(864.98792742427,-1145.66756517735,3.));
#3008=CARTESIAN_POINT('',(864.987927424398,-1121.16756517744,3.));
#3009=CARTESIAN_POINT('',(866.487927424271,-1145.66756517735,3.));
#3010=CARTESIAN_POINT('',(944.735331103129,-1145.66756517735,3.));
#3011=CARTESIAN_POINT('',(866.487927424271,-1148.66756517735,3.));
#3012=CARTESIAN_POINT('',(866.487927424271,-1159.91756517731,3.));
#3013=CARTESIAN_POINT('',(943.985331103129,-1148.66756517735,3.));
#3014=CARTESIAN_POINT('',(972.721239833377,-1165.16911287244,3.));
#3015=CARTESIAN_POINT('Origin',(974.721239833377,-1165.16911287244,3.));
#3016=CARTESIAN_POINT('',(997.979086845175,-1161.143870944,3.));
#3017=CARTESIAN_POINT('',(1004.47908684517,-1161.143870944,3.));
#3018=CARTESIAN_POINT('',(997.979086845175,-1161.143870944,3.));
#3019=CARTESIAN_POINT('',(1004.47908684517,-1191.143870944,3.));
#3020=CARTESIAN_POINT('',(1004.47908684517,-1161.143870944,3.));
#3021=CARTESIAN_POINT('',(997.979086845175,-1191.143870944,3.));
#3022=CARTESIAN_POINT('',(1004.47908684517,-1191.143870944,3.));
#3023=CARTESIAN_POINT('',(997.979086845175,-1191.143870944,3.));
#3024=CARTESIAN_POINT('',(891.987927424398,-1206.66756517739,3.));
#3025=CARTESIAN_POINT('Origin',(893.987927424398,-1206.66756517739,3.));
#3026=CARTESIAN_POINT('',(953.487927424271,-1183.66756517744,3.));
#3027=CARTESIAN_POINT('Origin',(954.987927424271,-1183.66756517744,3.));
#3028=CARTESIAN_POINT('',(907.987927424397,-1205.66756517739,3.));
#3029=CARTESIAN_POINT('Origin',(909.487927424398,-1205.66756517739,3.));
#3030=CARTESIAN_POINT('',(972.466287285771,-1186.16756517727,3.));
#3031=CARTESIAN_POINT('Origin',(974.466287285771,-1186.16756517727,3.));
#3032=CARTESIAN_POINT('',(1007.45372059683,-1186.6053872843,3.));
#3033=CARTESIAN_POINT('Origin',(1009.45372059683,-1186.6053872843,3.));
#3034=CARTESIAN_POINT('',(961.420535607846,-1208.8645587871,3.));
#3035=CARTESIAN_POINT('Origin',(962.920535607846,-1208.8645587871,3.));
#3036=CARTESIAN_POINT('',(961.091523149313,-1219.85963726805,3.));
#3037=CARTESIAN_POINT('Origin',(962.591523149313,-1219.85963726805,3.));
#3038=CARTESIAN_POINT('',(924.003696518339,-1291.20105637877,3.));
#3039=CARTESIAN_POINT('Origin',(926.003696518339,-1291.20105637877,3.));
#3040=CARTESIAN_POINT('',(1197.4879274242,-1189.16756517739,3.));
#3041=CARTESIAN_POINT('Origin',(1199.9879274242,-1189.16756517739,3.));
#3042=CARTESIAN_POINT('',(1007.21844057519,-1165.6053872843,3.));
#3043=CARTESIAN_POINT('Origin',(1009.21844057519,-1165.6053872843,3.));
#3044=CARTESIAN_POINT('',(1007.47908684517,-1211.60184046268,3.));
#3045=CARTESIAN_POINT('Origin',(1009.47908684517,-1211.60184046268,3.));
#3046=CARTESIAN_POINT('',(1103.4879274244,-1131.16756517739,3.));
#3047=CARTESIAN_POINT('Origin',(1105.4879274244,-1131.16756517739,3.));
#3048=CARTESIAN_POINT('',(1010.9879274244,-1051.16756517739,3.));
#3049=CARTESIAN_POINT('Origin',(1012.9879274244,-1051.16756517739,3.));
#3050=CARTESIAN_POINT('',(1103.9879274244,-1181.16756517739,3.));
#3051=CARTESIAN_POINT('Origin',(1105.4879274244,-1181.16756517739,3.));
#3052=CARTESIAN_POINT('',(1217.48792742401,-1153.16756517737,3.));
#3053=CARTESIAN_POINT('Origin',(1219.98792742401,-1153.16756517737,3.));
#3054=CARTESIAN_POINT('',(1186.48792742403,-1156.16756517737,3.));
#3055=CARTESIAN_POINT('Origin',(1188.48792742403,-1156.16756517737,3.));
#3056=CARTESIAN_POINT('',(1186.9879274244,-1186.16756517739,3.));
#3057=CARTESIAN_POINT('Origin',(1188.9879274244,-1186.16756517739,3.));
#3058=CARTESIAN_POINT('',(923.999723896905,-1274.20105637877,3.));
#3059=CARTESIAN_POINT('Origin',(925.999723896905,-1274.20105637877,3.));
#3060=CARTESIAN_POINT('',(1068.4879274244,-1181.16756517739,3.));
#3061=CARTESIAN_POINT('Origin',(1069.9879274244,-1181.16756517739,3.));
#3062=CARTESIAN_POINT('',(1217.4879274242,-1189.16756517739,3.));
#3063=CARTESIAN_POINT('Origin',(1219.9879274242,-1189.16756517739,3.));
#3064=CARTESIAN_POINT('',(1197.48792742401,-1153.16756517737,3.));
#3065=CARTESIAN_POINT('Origin',(1199.98792742401,-1153.16756517737,3.));
#3066=CARTESIAN_POINT('',(1074.9997238969,-1274.20105637877,3.));
#3067=CARTESIAN_POINT('Origin',(1076.9997238969,-1274.20105637877,3.));
#3068=CARTESIAN_POINT('',(1074.9997238969,-1291.20105637877,3.));
#3069=CARTESIAN_POINT('Origin',(1076.9997238969,-1291.20105637877,3.));
#3070=CARTESIAN_POINT('',(1103.4879274244,-1051.16756517739,3.));
#3071=CARTESIAN_POINT('Origin',(1105.4879274244,-1051.16756517739,3.));
#3072=CARTESIAN_POINT('',(1229.48792742418,-1186.16756517739,3.));
#3073=CARTESIAN_POINT('Origin',(1231.48792742418,-1186.16756517739,3.));
#3074=CARTESIAN_POINT('',(1010.9879274244,-1131.16756517739,3.));
#3075=CARTESIAN_POINT('Origin',(1012.9879274244,-1131.16756517739,3.));
#3076=CARTESIAN_POINT('',(1229.48792742403,-1156.16756517737,3.));
#3077=CARTESIAN_POINT('Origin',(1231.48792742403,-1156.16756517737,3.));
#3078=CARTESIAN_POINT('',(891.987927424398,-1135.66756517742,3.));
#3079=CARTESIAN_POINT('Origin',(893.987927424398,-1135.66756517742,3.));
#3080=CARTESIAN_POINT('',(907.091523149313,-1216.16042029564,3.));
#3081=CARTESIAN_POINT('Origin',(908.591523149313,-1216.16042029564,3.));
#3082=CARTESIAN_POINT('Origin',(851.492011962226,-1193.66756517736,0.));
#3083=CARTESIAN_POINT('',(864.98792742427,-1193.66756517743,0.));
#3084=CARTESIAN_POINT('',(864.98792742427,-1193.66756517743,0.));
#3085=CARTESIAN_POINT('',(866.487927424271,-1193.66756517743,0.));
#3086=CARTESIAN_POINT('',(851.492011962226,-1193.66756517736,0.));
#3087=CARTESIAN_POINT('',(866.487927424271,-1193.66756517743,0.));
#3088=CARTESIAN_POINT('Origin',(864.98792742427,-1171.16756517739,-3.));
#3089=CARTESIAN_POINT('',(864.98792742427,-585.583782588636,0.));
#3090=CARTESIAN_POINT('Origin',(864.98792742427,-1193.66756517742,-3.));
#3091=CARTESIAN_POINT('Origin',(864.98792742427,-1196.66756517743,0.));
#3092=CARTESIAN_POINT('',(864.98792742427,-1196.66756517743,0.));
#3093=CARTESIAN_POINT('',(866.487927424271,-1196.66756517743,0.));
#3094=CARTESIAN_POINT('',(943.985331103129,-1196.66756517743,0.));
#3095=CARTESIAN_POINT('',(864.987927424284,-1196.66756517743,0.));
#3096=CARTESIAN_POINT('',(866.487927424271,-1196.66756517743,0.));
#3097=CARTESIAN_POINT('Origin',(866.487927424271,-1196.66756517743,0.));
#3098=CARTESIAN_POINT('',(866.487927424271,-1183.91756517735,0.));
#3099=CARTESIAN_POINT('Origin',(1020.28307713231,-1171.16756517727,30.4752845379979));
#3100=CARTESIAN_POINT('',(851.413571922421,-1128.55185851674,0.699034550610484));
#3101=CARTESIAN_POINT('',(851.397195696019,-1148.66756517737,0.696146980053651));
#3102=CARTESIAN_POINT('',(841.565497753396,-1128.54359661874,-1.03744663340636));
#3103=CARTESIAN_POINT('',(851.413571922421,-1128.55185851674,0.699034550610484));
#3104=CARTESIAN_POINT('',(827.405392952593,-1145.68048767733,-3.53425515944704));
#3105=CARTESIAN_POINT('',(841.565497753396,-1128.54359661874,-1.03744663340636));
#3106=CARTESIAN_POINT('',(812.002039210792,-1145.68048767733,-6.25028201752276));
#3107=CARTESIAN_POINT('',(827.405392952593,-1145.68048767733,-3.53425515944704));
#3108=CARTESIAN_POINT('',(812.001351416658,-1148.66756517742,-6.25040329418566));
#3109=CARTESIAN_POINT('',(812.001351416658,-1148.66756517742,-6.25040329418566));
#3110=CARTESIAN_POINT('',(806.584908483044,-1148.66756517744,-7.20546832284944));
#3111=CARTESIAN_POINT('',(806.584908483044,-1148.66756517744,-7.20546832284944));
#3112=CARTESIAN_POINT('',(806.574552478485,-1193.6675651774,-7.20729436586538));
#3113=CARTESIAN_POINT('',(806.584908483044,-1148.66756517744,-7.20546832284944));
#3114=CARTESIAN_POINT('',(811.991034504385,-1193.66756517739,-6.25222244417701));
#3115=CARTESIAN_POINT('',(806.574552478485,-1193.6675651774,-7.20729436586538));
#3116=CARTESIAN_POINT('',(811.990346710252,-1196.66756509607,-6.25234372083991));
#3117=CARTESIAN_POINT('',(811.991034504385,-1193.66756517739,-6.25222244417701));
#3118=CARTESIAN_POINT('',(827.513002092086,-1196.71918859593,-3.51528076478365));
#3119=CARTESIAN_POINT('',(811.990346710252,-1196.66756509607,-6.25234372083991));
#3120=CARTESIAN_POINT('',(841.549606199623,-1213.66756517737,-1.04024874310197));
#3121=CARTESIAN_POINT('',(841.549606199623,-1213.66756517737,-1.04024874310197));
#3122=CARTESIAN_POINT('',(851.397683729745,-1213.66756517736,0.696233033567015));
#3123=CARTESIAN_POINT('',(851.397683729745,-1213.66756517736,0.696233033567015));
#3124=CARTESIAN_POINT('',(851.397683729745,-1193.66756517736,0.696233033567015));
#3125=CARTESIAN_POINT('',(812.984439619079,-1156.1675651768,-6.0770583196827));
#3126=CARTESIAN_POINT('Origin',(814.954055125103,-1156.1675651768,-5.7297619643489));
#3127=CARTESIAN_POINT('',(812.97756167756,-1186.16756517739,-6.0782710863443));
#3128=CARTESIAN_POINT('Origin',(814.947177183584,-1186.16756517739,-5.73097473101051));
#3129=CARTESIAN_POINT('',(823.831042883593,-1153.16756517742,-4.1645095151088));
#3130=CARTESIAN_POINT('Origin',(826.293062266123,-1153.16756517742,-3.73038907094154));
#3131=CARTESIAN_POINT('',(855.344895105904,-1156.16756517744,1.39223289774302));
#3132=CARTESIAN_POINT('Origin',(857.314510611928,-1156.16756517744,1.73952925307683));
#3133=CARTESIAN_POINT('',(843.527203264965,-1189.16756517739,-0.691545023512319));
#3134=CARTESIAN_POINT('Origin',(845.989222647496,-1189.16756517739,-0.257424579345074));
#3135=CARTESIAN_POINT('',(843.527200551638,-1153.16756517743,-0.691545501945168));
#3136=CARTESIAN_POINT('Origin',(845.989219934168,-1153.16756517743,-0.257425057777922));
#3137=CARTESIAN_POINT('',(823.8310467257,-1189.16756517739,-4.16450883764169));
#3138=CARTESIAN_POINT('Origin',(826.29306610823,-1189.16756517739,-3.73038839347444));
#3139=CARTESIAN_POINT('',(855.344895105904,-1186.1675651774,1.39223289774302));
#3140=CARTESIAN_POINT('Origin',(857.314510611928,-1186.1675651774,1.73952925307683));
#3141=CARTESIAN_POINT('Origin',(866.487927424271,-1145.66756517735,0.));
#3142=CARTESIAN_POINT('',(866.487927424271,-1145.66756517735,0.));
#3143=CARTESIAN_POINT('',(864.98792742427,-1145.66756517735,0.));
#3144=CARTESIAN_POINT('',(944.735331103129,-1145.66756517735,0.));
#3145=CARTESIAN_POINT('',(866.487927424271,-1145.66756517735,0.));
#3146=CARTESIAN_POINT('',(864.987927424284,-1145.66756517735,0.));
#3147=CARTESIAN_POINT('Origin',(866.487927424271,-1148.66756517735,0.));
#3148=CARTESIAN_POINT('',(866.487927424271,-1148.66756517735,0.));
#3149=CARTESIAN_POINT('',(866.487927424271,-1159.91756517731,0.));
#3150=CARTESIAN_POINT('',(866.487927424271,-1148.66756517735,0.));
#3151=CARTESIAN_POINT('Origin',(864.987927424398,-1121.16756517744,0.));
#3152=CARTESIAN_POINT('',(864.987927424398,-1121.16756517744,0.));
#3153=CARTESIAN_POINT('',(864.987927424398,-1121.16756517744,0.));
#3154=CARTESIAN_POINT('',(864.987927424398,-1121.16756517744,0.));
#3155=CARTESIAN_POINT('Origin',(974.721239833377,-1165.16911287244,0.));
#3156=CARTESIAN_POINT('',(972.721239833377,-1165.16911287244,0.));
#3157=CARTESIAN_POINT('',(972.721239833377,-1165.16911287244,0.));
#3158=CARTESIAN_POINT('Origin',(974.721239833377,-1165.16911287244,0.));
#3159=CARTESIAN_POINT('Origin',(997.979086845175,-1191.143870944,0.));
#3160=CARTESIAN_POINT('',(997.979086845175,-1191.143870944,0.));
#3161=CARTESIAN_POINT('',(997.979086845175,-1161.143870944,0.));
#3162=CARTESIAN_POINT('',(997.979086845175,-1191.143870944,0.));
#3163=CARTESIAN_POINT('',(997.979086845175,-1161.143870944,0.));
#3164=CARTESIAN_POINT('',(997.979086845175,-1191.143870944,0.));
#3165=CARTESIAN_POINT('Origin',(1004.47908684517,-1191.143870944,0.));
#3166=CARTESIAN_POINT('',(1004.47908684517,-1191.143870944,0.));
#3167=CARTESIAN_POINT('',(1004.47908684517,-1191.143870944,0.));
#3168=CARTESIAN_POINT('',(1004.47908684517,-1191.143870944,0.));
#3169=CARTESIAN_POINT('Origin',(1004.47908684517,-1161.143870944,0.));
#3170=CARTESIAN_POINT('',(1004.47908684517,-1161.143870944,0.));
#3171=CARTESIAN_POINT('',(1004.47908684517,-1161.143870944,0.));
#3172=CARTESIAN_POINT('',(1004.47908684517,-1161.143870944,0.));
#3173=CARTESIAN_POINT('Origin',(997.979086845175,-1161.143870944,0.));
#3174=CARTESIAN_POINT('',(997.979086845175,-1161.143870944,0.));
#3175=CARTESIAN_POINT('Origin',(893.987927424398,-1206.66756517739,0.));
#3176=CARTESIAN_POINT('',(891.987927424398,-1206.66756517739,0.));
#3177=CARTESIAN_POINT('',(891.987927424398,-1206.66756517739,0.));
#3178=CARTESIAN_POINT('Origin',(893.987927424398,-1206.66756517739,0.));
#3179=CARTESIAN_POINT('Origin',(954.987927424271,-1183.66756517744,0.));
#3180=CARTESIAN_POINT('',(953.487927424271,-1183.66756517744,0.));
#3181=CARTESIAN_POINT('',(953.487927424271,-1183.66756517744,0.));
#3182=CARTESIAN_POINT('Origin',(954.987927424271,-1183.66756517744,0.));
#3183=CARTESIAN_POINT('Origin',(909.487927424398,-1205.66756517739,0.));
#3184=CARTESIAN_POINT('',(907.987927424397,-1205.66756517739,0.));
#3185=CARTESIAN_POINT('',(907.987927424397,-1205.66756517739,0.));
#3186=CARTESIAN_POINT('Origin',(909.487927424398,-1205.66756517739,0.));
#3187=CARTESIAN_POINT('Origin',(974.466287285771,-1186.16756517727,0.));
#3188=CARTESIAN_POINT('',(972.466287285771,-1186.16756517727,0.));
#3189=CARTESIAN_POINT('',(972.466287285771,-1186.16756517727,0.));
#3190=CARTESIAN_POINT('Origin',(974.466287285771,-1186.16756517727,0.));
#3191=CARTESIAN_POINT('Origin',(1009.45372059683,-1186.6053872843,0.));
#3192=CARTESIAN_POINT('',(1007.45372059683,-1186.6053872843,0.));
#3193=CARTESIAN_POINT('',(1007.45372059683,-1186.6053872843,0.));
#3194=CARTESIAN_POINT('Origin',(1009.45372059683,-1186.6053872843,0.));
#3195=CARTESIAN_POINT('Origin',(962.920535607846,-1208.8645587871,0.));
#3196=CARTESIAN_POINT('',(961.420535607846,-1208.8645587871,0.));
#3197=CARTESIAN_POINT('',(961.420535607846,-1208.8645587871,0.));
#3198=CARTESIAN_POINT('Origin',(962.920535607846,-1208.8645587871,0.));
#3199=CARTESIAN_POINT('Origin',(962.591523149313,-1219.85963726805,0.));
#3200=CARTESIAN_POINT('',(961.091523149313,-1219.85963726805,0.));
#3201=CARTESIAN_POINT('',(961.091523149313,-1219.85963726805,0.));
#3202=CARTESIAN_POINT('Origin',(962.591523149313,-1219.85963726805,0.));
#3203=CARTESIAN_POINT('Origin',(926.003696518339,-1291.20105637877,0.));
#3204=CARTESIAN_POINT('',(924.003696518339,-1291.20105637877,0.));
#3205=CARTESIAN_POINT('',(924.003696518339,-1291.20105637877,0.));
#3206=CARTESIAN_POINT('Origin',(926.003696518339,-1291.20105637877,0.));
#3207=CARTESIAN_POINT('Origin',(1199.9879274242,-1189.16756517739,0.));
#3208=CARTESIAN_POINT('',(1197.4879274242,-1189.16756517739,0.));
#3209=CARTESIAN_POINT('',(1197.4879274242,-1189.16756517739,0.));
#3210=CARTESIAN_POINT('Origin',(1199.9879274242,-1189.16756517739,0.));
#3211=CARTESIAN_POINT('Origin',(1009.21844057519,-1165.6053872843,0.));
#3212=CARTESIAN_POINT('',(1007.21844057519,-1165.6053872843,0.));
#3213=CARTESIAN_POINT('',(1007.21844057519,-1165.6053872843,0.));
#3214=CARTESIAN_POINT('Origin',(1009.21844057519,-1165.6053872843,0.));
#3215=CARTESIAN_POINT('Origin',(1009.47908684517,-1211.60184046268,0.));
#3216=CARTESIAN_POINT('',(1007.47908684517,-1211.60184046268,0.));
#3217=CARTESIAN_POINT('',(1007.47908684517,-1211.60184046268,0.));
#3218=CARTESIAN_POINT('Origin',(1009.47908684517,-1211.60184046268,0.));
#3219=CARTESIAN_POINT('Origin',(1105.4879274244,-1131.16756517739,0.));
#3220=CARTESIAN_POINT('',(1103.4879274244,-1131.16756517739,0.));
#3221=CARTESIAN_POINT('',(1103.4879274244,-1131.16756517739,0.));
#3222=CARTESIAN_POINT('Origin',(1105.4879274244,-1131.16756517739,0.));
#3223=CARTESIAN_POINT('Origin',(857.835455144929,-1186.1675651774,-1.21489400595982));
#3224=CARTESIAN_POINT('',(855.865839638904,-1186.1675651774,-1.56219036129362));
#3225=CARTESIAN_POINT('Origin',(1012.9879274244,-1051.16756517739,0.));
#3226=CARTESIAN_POINT('',(1010.9879274244,-1051.16756517739,0.));
#3227=CARTESIAN_POINT('',(1010.9879274244,-1051.16756517739,0.));
#3228=CARTESIAN_POINT('Origin',(1012.9879274244,-1051.16756517739,0.));
#3229=CARTESIAN_POINT('Origin',(1105.4879274244,-1181.16756517739,0.));
#3230=CARTESIAN_POINT('',(1103.9879274244,-1181.16756517739,0.));
#3231=CARTESIAN_POINT('',(1103.9879274244,-1181.16756517739,0.));
#3232=CARTESIAN_POINT('Origin',(1105.4879274244,-1181.16756517739,0.));
#3233=CARTESIAN_POINT('Origin',(1219.98792742401,-1153.16756517737,0.));
#3234=CARTESIAN_POINT('',(1217.48792742401,-1153.16756517737,0.));
#3235=CARTESIAN_POINT('',(1217.48792742401,-1153.16756517737,0.));
#3236=CARTESIAN_POINT('Origin',(1219.98792742401,-1153.16756517737,0.));
#3237=CARTESIAN_POINT('Origin',(1188.48792742403,-1156.16756517737,0.));
#3238=CARTESIAN_POINT('',(1186.48792742403,-1156.16756517737,0.));
#3239=CARTESIAN_POINT('',(1186.48792742403,-1156.16756517737,0.));
#3240=CARTESIAN_POINT('Origin',(1188.48792742403,-1156.16756517737,0.));
#3241=CARTESIAN_POINT('Origin',(826.814010641231,-1189.16756517739,-6.68481165251109));
#3242=CARTESIAN_POINT('',(824.3519912587,-1189.16756517739,-7.11893209667833));
#3243=CARTESIAN_POINT('Origin',(1188.9879274244,-1186.16756517739,0.));
#3244=CARTESIAN_POINT('',(1186.9879274244,-1186.16756517739,0.));
#3245=CARTESIAN_POINT('',(1186.9879274244,-1186.16756517739,0.));
#3246=CARTESIAN_POINT('Origin',(1188.9879274244,-1186.16756517739,0.));
#3247=CARTESIAN_POINT('Origin',(925.999723896905,-1274.20105637877,0.));
#3248=CARTESIAN_POINT('',(923.999723896905,-1274.20105637877,0.));
#3249=CARTESIAN_POINT('',(923.999723896905,-1274.20105637877,0.));
#3250=CARTESIAN_POINT('Origin',(925.999723896905,-1274.20105637877,0.));
#3251=CARTESIAN_POINT('Origin',(1069.9879274244,-1181.16756517739,0.));
#3252=CARTESIAN_POINT('',(1068.4879274244,-1181.16756517739,0.));
#3253=CARTESIAN_POINT('',(1068.4879274244,-1181.16756517739,0.));
#3254=CARTESIAN_POINT('Origin',(1069.9879274244,-1181.16756517739,0.));
#3255=CARTESIAN_POINT('Origin',(1219.9879274242,-1189.16756517739,0.));
#3256=CARTESIAN_POINT('',(1217.4879274242,-1189.16756517739,0.));
#3257=CARTESIAN_POINT('',(1217.4879274242,-1189.16756517739,0.));
#3258=CARTESIAN_POINT('Origin',(1219.9879274242,-1189.16756517739,0.));
#3259=CARTESIAN_POINT('Origin',(1199.98792742401,-1153.16756517737,0.));
#3260=CARTESIAN_POINT('',(1197.48792742401,-1153.16756517737,0.));
#3261=CARTESIAN_POINT('',(1197.48792742401,-1153.16756517737,0.));
#3262=CARTESIAN_POINT('Origin',(1199.98792742401,-1153.16756517737,0.));
#3263=CARTESIAN_POINT('Origin',(846.510164467169,-1153.16756517743,-3.21184831681457));
#3264=CARTESIAN_POINT('',(844.048145084639,-1153.16756517743,-3.64596876098181));
#3265=CARTESIAN_POINT('Origin',(846.510167180497,-1189.16756517739,-3.21184783838172));
#3266=CARTESIAN_POINT('',(844.048147797966,-1189.16756517739,-3.64596828254897));
#3267=CARTESIAN_POINT('Origin',(1076.9997238969,-1274.20105637877,0.));
#3268=CARTESIAN_POINT('',(1074.9997238969,-1274.20105637877,0.));
#3269=CARTESIAN_POINT('',(1074.9997238969,-1274.20105637877,0.));
#3270=CARTESIAN_POINT('Origin',(1076.9997238969,-1274.20105637877,0.));
#3271=CARTESIAN_POINT('Origin',(1076.9997238969,-1291.20105637877,0.));
#3272=CARTESIAN_POINT('',(1074.9997238969,-1291.20105637877,0.));
#3273=CARTESIAN_POINT('',(1074.9997238969,-1291.20105637877,0.));
#3274=CARTESIAN_POINT('Origin',(1076.9997238969,-1291.20105637877,0.));
#3275=CARTESIAN_POINT('Origin',(1105.4879274244,-1051.16756517739,0.));
#3276=CARTESIAN_POINT('',(1103.4879274244,-1051.16756517739,0.));
#3277=CARTESIAN_POINT('',(1103.4879274244,-1051.16756517739,0.));
#3278=CARTESIAN_POINT('Origin',(1105.4879274244,-1051.16756517739,0.));
#3279=CARTESIAN_POINT('Origin',(1231.48792742418,-1186.16756517739,0.));
#3280=CARTESIAN_POINT('',(1229.48792742418,-1186.16756517739,0.));
#3281=CARTESIAN_POINT('',(1229.48792742418,-1186.16756517739,0.));
#3282=CARTESIAN_POINT('Origin',(1231.48792742418,-1186.16756517739,0.));
#3283=CARTESIAN_POINT('Origin',(1012.9879274244,-1131.16756517739,0.));
#3284=CARTESIAN_POINT('',(1010.9879274244,-1131.16756517739,0.));
#3285=CARTESIAN_POINT('',(1010.9879274244,-1131.16756517739,0.));
#3286=CARTESIAN_POINT('Origin',(1012.9879274244,-1131.16756517739,0.));
#3287=CARTESIAN_POINT('Origin',(1231.48792742403,-1156.16756517737,0.));
#3288=CARTESIAN_POINT('',(1229.48792742403,-1156.16756517737,0.));
#3289=CARTESIAN_POINT('',(1229.48792742403,-1156.16756517737,0.));
#3290=CARTESIAN_POINT('Origin',(1231.48792742403,-1156.16756517737,0.));
#3291=CARTESIAN_POINT('Origin',(857.835455144929,-1156.16756517744,-1.21489400595982));
#3292=CARTESIAN_POINT('',(855.865839638904,-1156.16756517744,-1.56219036129362));
#3293=CARTESIAN_POINT('Origin',(893.987927424398,-1135.66756517742,0.));
#3294=CARTESIAN_POINT('',(891.987927424398,-1135.66756517742,0.));
#3295=CARTESIAN_POINT('',(891.987927424398,-1135.66756517742,0.));
#3296=CARTESIAN_POINT('Origin',(893.987927424398,-1135.66756517742,0.));
#3297=CARTESIAN_POINT('Origin',(826.814006799124,-1153.16756517742,-6.68481232997818));
#3298=CARTESIAN_POINT('',(824.351987416593,-1153.16756517742,-7.11893277414543));
#3299=CARTESIAN_POINT('Origin',(815.468121716585,-1186.16756517739,-8.68539799004715));
#3300=CARTESIAN_POINT('',(813.49850621056,-1186.16756517739,-9.03269434538095));
#3301=CARTESIAN_POINT('Origin',(815.474999658104,-1156.1675651768,-8.68418522338555));
#3302=CARTESIAN_POINT('',(813.50538415208,-1156.1675651768,-9.03148157871935));
#3303=CARTESIAN_POINT('Origin',(908.591523149313,-1216.16042029564,0.));
#3304=CARTESIAN_POINT('',(907.091523149313,-1216.16042029564,0.));
#3305=CARTESIAN_POINT('',(907.091523149313,-1216.16042029564,0.));
#3306=CARTESIAN_POINT('Origin',(908.591523149313,-1216.16042029564,0.));
#3307=CARTESIAN_POINT('Origin',(851.91814022902,-1148.66756517737,-2.25827627898299));
#3308=CARTESIAN_POINT('',(851.934516455422,-1128.55185851674,-2.25538870842616));
#3309=CARTESIAN_POINT('Origin',(864.98792742427,-1148.66756517735,0.));
#3310=CARTESIAN_POINT('',(943.985331103129,-1148.66756517735,0.));
#3311=CARTESIAN_POINT('Origin',(904.987927424397,-1071.16756517743,0.));
#3312=CARTESIAN_POINT('',(904.987927424397,-1071.16756517743,0.));
#3313=CARTESIAN_POINT('',(864.987927424398,-1121.16756517744,0.));
#3314=CARTESIAN_POINT('',(904.987927424397,-1071.16756517743,0.));
#3315=CARTESIAN_POINT('Origin',(904.987927424397,-1021.16756517743,0.));
#3316=CARTESIAN_POINT('',(904.987927424397,-1021.16756517743,0.));
#3317=CARTESIAN_POINT('',(904.987927424397,-1071.16756517743,0.));
#3318=CARTESIAN_POINT('',(904.987927424397,-1021.16756517743,0.));
#3319=CARTESIAN_POINT('Origin',(1139.9879274244,-1021.16756517711,0.));
#3320=CARTESIAN_POINT('',(1139.9879274244,-1021.16756517711,0.));
#3321=CARTESIAN_POINT('',(904.987927424397,-1021.16756517743,0.));
#3322=CARTESIAN_POINT('',(1139.9879274244,-1021.16756517711,0.));
#3323=CARTESIAN_POINT('Origin',(1139.9879274244,-1071.16756517712,0.));
#3324=CARTESIAN_POINT('',(1139.9879274244,-1071.16756517712,0.));
#3325=CARTESIAN_POINT('',(1139.9879274244,-1021.16756517711,0.));
#3326=CARTESIAN_POINT('',(1139.9879274244,-1071.16756517712,0.));
#3327=CARTESIAN_POINT('Origin',(1179.9879274244,-1121.16756517713,0.));
#3328=CARTESIAN_POINT('',(1179.9879274244,-1121.16756517713,0.));
#3329=CARTESIAN_POINT('',(1139.9879274244,-1071.16756517712,0.));
#3330=CARTESIAN_POINT('',(1179.9879274244,-1121.16756517713,0.));
#3331=CARTESIAN_POINT('Origin',(1179.9879274244,-1148.66756517712,0.));
#3332=CARTESIAN_POINT('',(1179.9879274244,-1148.66756517712,0.));
#3333=CARTESIAN_POINT('',(1179.9879274244,-1121.16756517713,0.));
#3334=CARTESIAN_POINT('',(1179.9879274244,-1148.66756517712,0.));
#3335=CARTESIAN_POINT('Origin',(1188.98792742453,-1148.66756517712,0.));
#3336=CARTESIAN_POINT('',(1188.98792742453,-1148.66756517712,0.));
#3337=CARTESIAN_POINT('',(1179.9879274244,-1148.66756517712,0.));
#3338=CARTESIAN_POINT('',(1188.98792742453,-1148.66756517712,0.));
#3339=CARTESIAN_POINT('Origin',(1188.98792742453,-1131.34705710167,0.));
#3340=CARTESIAN_POINT('',(1188.98792742453,-1131.34705710167,0.));
#3341=CARTESIAN_POINT('',(1188.98792742453,-1131.34705710167,0.));
#3342=CARTESIAN_POINT('',(1188.98792742453,-1131.34705710167,0.));
#3343=CARTESIAN_POINT('Origin',(1198.98792742453,-1131.34705710162,0.));
#3344=CARTESIAN_POINT('',(1198.98792742453,-1131.34705710162,0.));
#3345=CARTESIAN_POINT('',(1198.98792742453,-1131.34705710162,0.));
#3346=CARTESIAN_POINT('',(1198.98792742453,-1131.34705710162,0.));
#3347=CARTESIAN_POINT('Origin',(1208.9879274244,-1148.66756517712,0.));
#3348=CARTESIAN_POINT('',(1208.9879274244,-1148.66756517712,0.));
#3349=CARTESIAN_POINT('',(1208.9879274244,-1148.66756517712,0.));
#3350=CARTESIAN_POINT('',(1208.9879274244,-1148.66756517712,0.));
#3351=CARTESIAN_POINT('Origin',(1239.9879274244,-1148.66756517712,0.));
#3352=CARTESIAN_POINT('',(1239.9879274244,-1148.66756517712,0.));
#3353=CARTESIAN_POINT('',(1208.9879274244,-1148.66756517712,0.));
#3354=CARTESIAN_POINT('',(1239.9879274244,-1148.66756517712,0.));
#3355=CARTESIAN_POINT('Origin',(1239.98805790233,-1167.16756517843,0.));
#3356=CARTESIAN_POINT('',(1239.98805790233,-1167.16756517843,0.));
#3357=CARTESIAN_POINT('',(1239.9879274244,-1148.66756517712,0.));
#3358=CARTESIAN_POINT('',(1239.98805790233,-1167.16756517843,0.));
#3359=CARTESIAN_POINT('Origin',(1234.48839189276,-1167.23454758017,0.));
#3360=CARTESIAN_POINT('',(1234.48839189276,-1167.23454758017,0.));
#3361=CARTESIAN_POINT('',(1239.98805790233,-1167.16756517843,0.));
#3362=CARTESIAN_POINT('',(1234.48839189276,-1167.23454758017,0.));
#3363=CARTESIAN_POINT('Origin',(1234.48792742429,-1175.16756517737,0.));
#3364=CARTESIAN_POINT('',(1234.48792742429,-1175.16756517737,0.));
#3365=CARTESIAN_POINT('',(1234.48839189276,-1167.23454758017,0.));
#3366=CARTESIAN_POINT('',(1234.48792742429,-1175.16756517737,0.));
#3367=CARTESIAN_POINT('Origin',(1239.98792742429,-1175.16756517737,0.));
#3368=CARTESIAN_POINT('',(1239.98792742429,-1175.16756517737,0.));
#3369=CARTESIAN_POINT('',(1234.48792742429,-1175.16756517737,0.));
#3370=CARTESIAN_POINT('',(1239.98792742429,-1175.16756517737,0.));
#3371=CARTESIAN_POINT('Origin',(1239.98792742422,-1193.66756517684,0.));
#3372=CARTESIAN_POINT('',(1239.98792742422,-1193.66756517684,0.));
#3373=CARTESIAN_POINT('',(1239.98792742422,-1193.66756517684,0.));
#3374=CARTESIAN_POINT('',(1239.98792742422,-1193.66756517684,0.));
#3375=CARTESIAN_POINT('Origin',(1208.98792742422,-1193.66756517688,0.));
#3376=CARTESIAN_POINT('',(1208.98792742422,-1193.66756517688,0.));
#3377=CARTESIAN_POINT('',(1208.98792742422,-1193.66756517688,0.));
#3378=CARTESIAN_POINT('',(1208.98792742422,-1193.66756517688,0.));
#3379=CARTESIAN_POINT('Origin',(1198.98792742456,-1210.98807325325,0.));
#3380=CARTESIAN_POINT('',(1198.98792742456,-1210.98807325325,0.));
#3381=CARTESIAN_POINT('',(1208.98792742422,-1193.66756517688,0.));
#3382=CARTESIAN_POINT('',(1198.98792742456,-1210.98807325325,0.));
#3383=CARTESIAN_POINT('Origin',(1188.98792742456,-1210.98807325324,0.));
#3384=CARTESIAN_POINT('',(1188.98792742456,-1210.98807325324,0.));
#3385=CARTESIAN_POINT('',(1198.98792742456,-1210.98807325325,0.));
#3386=CARTESIAN_POINT('',(1188.98792742456,-1210.98807325324,0.));
#3387=CARTESIAN_POINT('Origin',(1188.98792742457,-1193.66756517691,0.));
#3388=CARTESIAN_POINT('',(1188.98792742457,-1193.66756517691,0.));
#3389=CARTESIAN_POINT('',(1188.98792742456,-1210.98807325324,0.));
#3390=CARTESIAN_POINT('',(1188.98792742457,-1193.66756517691,0.));
#3391=CARTESIAN_POINT('Origin',(1179.98792742414,-1193.66756517692,0.));
#3392=CARTESIAN_POINT('',(1179.98792742414,-1193.66756517692,0.));
#3393=CARTESIAN_POINT('',(1188.98792742457,-1193.66756517691,0.));
#3394=CARTESIAN_POINT('',(1179.98792742414,-1193.66756517692,0.));
#3395=CARTESIAN_POINT('Origin',(1179.9879274244,-1221.16756517712,0.));
#3396=CARTESIAN_POINT('',(1179.9879274244,-1221.16756517712,0.));
#3397=CARTESIAN_POINT('',(1179.98792742414,-1193.66756517692,0.));
#3398=CARTESIAN_POINT('',(1179.9879274244,-1221.16756517712,0.));
#3399=CARTESIAN_POINT('Origin',(1139.9879274244,-1271.16756517712,0.));
#3400=CARTESIAN_POINT('',(1139.9879274244,-1271.16756517712,0.));
#3401=CARTESIAN_POINT('',(1179.9879274244,-1221.16756517712,0.));
#3402=CARTESIAN_POINT('',(1139.9879274244,-1271.16756517712,0.));
#3403=CARTESIAN_POINT('Origin',(1139.9879274244,-1321.16756517712,0.));
#3404=CARTESIAN_POINT('',(1139.9879274244,-1321.16756517712,0.));
#3405=CARTESIAN_POINT('',(1139.9879274244,-1321.16756517712,0.));
#3406=CARTESIAN_POINT('',(1139.9879274244,-1321.16756517712,0.));
#3407=CARTESIAN_POINT('Origin',(901.987927424398,-1321.16756517744,0.));
#3408=CARTESIAN_POINT('',(901.987927424398,-1321.16756517744,0.));
#3409=CARTESIAN_POINT('',(1142.9879274244,-1321.16756517712,0.));
#3410=CARTESIAN_POINT('',(901.987927424398,-1321.16756517744,0.));
#3411=CARTESIAN_POINT('Origin',(901.987927424398,-1271.16756517744,0.));
#3412=CARTESIAN_POINT('',(901.987927424398,-1271.16756517744,0.));
#3413=CARTESIAN_POINT('',(901.987927424398,-1321.16756517744,0.));
#3414=CARTESIAN_POINT('',(901.987927424398,-1271.16756517744,0.));
#3415=CARTESIAN_POINT('Origin',(864.987927424397,-1221.16756517744,0.));
#3416=CARTESIAN_POINT('',(864.987927424397,-1221.16756517744,0.));
#3417=CARTESIAN_POINT('',(864.987927424397,-1221.16756517744,0.));
#3418=CARTESIAN_POINT('',(864.987927424397,-1221.16756517744,0.));
#3419=CARTESIAN_POINT('Origin',(864.98792742427,-1193.66756517743,0.));
#3420=CARTESIAN_POINT('',(864.98792742427,-1193.66756517743,0.));
#3421=CARTESIAN_POINT('Origin',(864.46698289127,-1193.66756517742,-0.045576740963359));
#3422=CARTESIAN_POINT('Origin',(851.918628262746,-1213.66756517736,-2.25819022546963));
#3423=CARTESIAN_POINT('',(851.918628262746,-1213.66756517736,-2.25819022546963));
#3424=CARTESIAN_POINT('Origin',(842.070550732624,-1213.66756517737,-3.99467200213861));
#3425=CARTESIAN_POINT('',(842.070550732624,-1213.66756517737,-3.99467200213861));
#3426=CARTESIAN_POINT('Origin',(828.033946625086,-1196.71918859593,-6.4697040238203));
#3427=CARTESIAN_POINT('',(828.033946625086,-1196.71918859593,-6.4697040238203));
#3428=CARTESIAN_POINT('Origin',(812.511291243252,-1196.66756509607,-9.20676697987656));
#3429=CARTESIAN_POINT('',(812.511291243252,-1196.66756509607,-9.20676697987656));
#3430=CARTESIAN_POINT('Origin',(812.511979037386,-1193.66756517739,-9.20664570321366));
#3431=CARTESIAN_POINT('',(812.511979037386,-1193.66756517739,-9.20664570321366));
#3432=CARTESIAN_POINT('Origin',(807.095497011486,-1193.6675651774,-10.161717624902));
#3433=CARTESIAN_POINT('',(807.095497011486,-1193.6675651774,-10.161717624902));
#3434=CARTESIAN_POINT('Origin',(807.105853016044,-1148.66756517744,-10.1598915818861));
#3435=CARTESIAN_POINT('',(807.105853016044,-1148.66756517744,-10.1598915818861));
#3436=CARTESIAN_POINT('Origin',(812.522295949659,-1148.66756517742,-9.2048265532223));
#3437=CARTESIAN_POINT('',(812.522295949659,-1148.66756517742,-9.2048265532223));
#3438=CARTESIAN_POINT('Origin',(812.522980781138,-1145.68048767663,-9.20470579895532));
#3439=CARTESIAN_POINT('',(812.522983743792,-1145.68048767733,-9.2047052765594));
#3440=CARTESIAN_POINT('Origin',(827.926337485594,-1145.68048767733,-6.48867841848368));
#3441=CARTESIAN_POINT('',(827.926337485594,-1145.68048767733,-6.48867841848368));
#3442=CARTESIAN_POINT('Origin',(842.086442286397,-1128.54359661874,-3.99186989244301));
#3443=CARTESIAN_POINT('',(842.086442286397,-1128.54359661874,-3.99186989244301));
#3444=CARTESIAN_POINT('Origin',(851.934516455422,-1128.55185851674,-2.25538870842616));
#3445=CARTESIAN_POINT('Origin',(1022.98273478199,-1171.16756517727,0.));
#3446=UNCERTAINTY_MEASURE_WITH_UNIT(LENGTH_MEASURE(0.01),#3450,
'DISTANCE_ACCURACY_VALUE',
'Maximum model space distance between geometric entities at asserted c
onnectivities');
#3447=UNCERTAINTY_MEASURE_WITH_UNIT(LENGTH_MEASURE(0.01),#3450,
'DISTANCE_ACCURACY_VALUE',
'Maximum model space distance between geometric entities at asserted c
onnectivities');
#3448=(
GEOMETRIC_REPRESENTATION_CONTEXT(3)
GLOBAL_UNCERTAINTY_ASSIGNED_CONTEXT((#3446))
GLOBAL_UNIT_ASSIGNED_CONTEXT((#3450,#3452,#3453))
REPRESENTATION_CONTEXT('','3D')
);
#3449=(
GEOMETRIC_REPRESENTATION_CONTEXT(3)
GLOBAL_UNCERTAINTY_ASSIGNED_CONTEXT((#3447))
GLOBAL_UNIT_ASSIGNED_CONTEXT((#3450,#3452,#3453))
REPRESENTATION_CONTEXT('','3D')
);
#3450=(
LENGTH_UNIT()
NAMED_UNIT(*)
SI_UNIT(.MILLI.,.METRE.)
);
#3451=(
LENGTH_UNIT()
NAMED_UNIT(*)
SI_UNIT($,.METRE.)
);
#3452=(
NAMED_UNIT(*)
PLANE_ANGLE_UNIT()
SI_UNIT($,.RADIAN.)
);
#3453=(
NAMED_UNIT(*)
SI_UNIT($,.STERADIAN.)
SOLID_ANGLE_UNIT()
);
#3454=SHAPE_DEFINITION_REPRESENTATION(#3455,#3456);
#3455=PRODUCT_DEFINITION_SHAPE('',$,#3458);
#3456=SHAPE_REPRESENTATION('',(#2122),#3448);
#3457=PRODUCT_DEFINITION_CONTEXT('part definition',#3462,'design');
#3458=PRODUCT_DEFINITION('2025-11-23-15-30-43-404',
'chassis-custom-minerva-front-mid (~recovered)',#3459,#3457);
#3459=PRODUCT_DEFINITION_FORMATION('',$,#3464);
#3460=PRODUCT_RELATED_PRODUCT_CATEGORY(
'chassis-custom-minerva-front-mid (~recovered)',
'chassis-custom-minerva-front-mid (~recovered)',(#3464));
#3461=APPLICATION_PROTOCOL_DEFINITION('international standard',
'automotive_design',2009,#3462);
#3462=APPLICATION_CONTEXT(
'Core Data for Automotive Mechanical Design Process');
#3463=PRODUCT_CONTEXT('part definition',#3462,'mechanical');
#3464=PRODUCT('2025-11-23-15-30-43-404',
'chassis-custom-minerva-front-mid (~recovered)',$,(#3463));
#3465=PRESENTATION_STYLE_ASSIGNMENT((#3466));
#3466=SURFACE_STYLE_USAGE(.BOTH.,#3467);
#3467=SURFACE_SIDE_STYLE('',(#3468));
#3468=SURFACE_STYLE_FILL_AREA(#3469);
#3469=FILL_AREA_STYLE('Acier - Satin\X\E9',(#3470));
#3470=FILL_AREA_STYLE_COLOUR('Acier - Satin\X\E9',#3471);
#3471=COLOUR_RGB('Acier - Satin\X\E9',0.627450980392157,0.627450980392157,
0.627450980392157);
ENDSEC;
END-ISO-10303-21;
