ISO-10303-21;
HEADER;
/* Generated by software containing ST-Developer
 * from STEP Tools, Inc. (www.steptools.com) 
 */

FILE_DESCRIPTION(
/* description */ (''),
/* implementation_level */ '2;1');

FILE_NAME(
/* name */ '[HX01] electronics holder.step',
/* time_stamp */ '2026-03-19T08:59:53+01:00',
/* author */ (''),
/* organization */ (''),
/* preprocessor_version */ 'ST-DEVELOPER v20.1',
/* originating_system */ 'Autodesk Translation Framework v14.24.0.0',
/* authorisation */ '');

FILE_SCHEMA (('AUTOMOTIVE_DESIGN { 1 0 10303 214 3 1 1 }'));
ENDSEC;

DATA;
#10=MECHANICAL_DESIGN_GEOMETRIC_PRESENTATION_REPRESENTATION('',(#33,#34,
#35),#21127);
#11=ITEM_DEFINED_TRANSFORMATION($,$,#13543,#14138);
#12=ITEM_DEFINED_TRANSFORMATION($,$,#13393,#14139);
#13=ITEM_DEFINED_TRANSFORMATION($,$,#13393,#14140);
#14=ITEM_DEFINED_TRANSFORMATION($,$,#13543,#14141);
#15=(
REPRESENTATION_RELATIONSHIP($,$,#21144,#21142)
REPRESENTATION_RELATIONSHIP_WITH_TRANSFORMATION(#11)
SHAPE_REPRESENTATION_RELATIONSHIP()
);
#16=(
REPRESENTATION_RELATIONSHIP($,$,#21143,#21142)
REPRESENTATION_RELATIONSHIP_WITH_TRANSFORMATION(#12)
SHAPE_REPRESENTATION_RELATIONSHIP()
);
#17=(
REPRESENTATION_RELATIONSHIP($,$,#21143,#21142)
REPRESENTATION_RELATIONSHIP_WITH_TRANSFORMATION(#13)
SHAPE_REPRESENTATION_RELATIONSHIP()
);
#18=(
REPRESENTATION_RELATIONSHIP($,$,#21144,#21142)
REPRESENTATION_RELATIONSHIP_WITH_TRANSFORMATION(#14)
SHAPE_REPRESENTATION_RELATIONSHIP()
);
#19=CONTEXT_DEPENDENT_SHAPE_REPRESENTATION(#15,#21138);
#20=CONTEXT_DEPENDENT_SHAPE_REPRESENTATION(#16,#21139);
#21=CONTEXT_DEPENDENT_SHAPE_REPRESENTATION(#17,#21140);
#22=CONTEXT_DEPENDENT_SHAPE_REPRESENTATION(#18,#21141);
#23=NEXT_ASSEMBLY_USAGE_OCCURRENCE('Composant1:1','Composant1:1',
'Composant1:1',#21146,#21148,'Composant1:1');
#24=NEXT_ASSEMBLY_USAGE_OCCURRENCE('Composant2:1','Composant2:1',
'Composant2:1',#21146,#21147,'Composant2:1');
#25=NEXT_ASSEMBLY_USAGE_OCCURRENCE('Composant2:5','Composant2:5',
'Composant2:5',#21146,#21147,'Composant2:5');
#26=NEXT_ASSEMBLY_USAGE_OCCURRENCE('Composant1:5','Composant1:5',
'Composant1:5',#21146,#21148,'Composant1:5');
#27=SHAPE_REPRESENTATION_RELATIONSHIP('SRR','None',#21143,#30);
#28=SHAPE_REPRESENTATION_RELATIONSHIP('SRR','None',#21144,#31);
#29=SHAPE_REPRESENTATION_RELATIONSHIP('SRR','None',#21142,#32);
#30=ADVANCED_BREP_SHAPE_REPRESENTATION('',(#36),#21125);
#31=ADVANCED_BREP_SHAPE_REPRESENTATION('',(#37),#21126);
#32=ADVANCED_BREP_SHAPE_REPRESENTATION('',(#38),#21124);
#33=STYLED_ITEM('',(#21161),#36);
#34=STYLED_ITEM('',(#21161),#37);
#35=STYLED_ITEM('',(#21161),#38);
#36=MANIFOLD_SOLID_BREP('Corps1',#13366);
#37=MANIFOLD_SOLID_BREP('Corps1',#13367);
#38=MANIFOLD_SOLID_BREP('Corps1',#13368);
#39=FACE_BOUND('',#4983,.T.);
#40=FACE_BOUND('',#4984,.T.);
#41=FACE_BOUND('',#4991,.T.);
#42=FACE_BOUND('',#4992,.T.);
#43=FACE_BOUND('',#5066,.T.);
#44=FACE_BOUND('',#5067,.T.);
#45=FACE_BOUND('',#5068,.T.);
#46=FACE_BOUND('',#5069,.T.);
#47=FACE_BOUND('',#5070,.T.);
#48=FACE_BOUND('',#5071,.T.);
#49=FACE_BOUND('',#5072,.T.);
#50=FACE_BOUND('',#5073,.T.);
#51=FACE_BOUND('',#5074,.T.);
#52=FACE_BOUND('',#5075,.T.);
#53=FACE_BOUND('',#5076,.T.);
#54=FACE_BOUND('',#5077,.T.);
#55=FACE_BOUND('',#5078,.T.);
#56=FACE_BOUND('',#5079,.T.);
#57=FACE_BOUND('',#5080,.T.);
#58=FACE_BOUND('',#5081,.T.);
#59=FACE_BOUND('',#5082,.T.);
#60=FACE_BOUND('',#5083,.T.);
#61=FACE_BOUND('',#5084,.T.);
#62=FACE_BOUND('',#5085,.T.);
#63=FACE_BOUND('',#5086,.T.);
#64=FACE_BOUND('',#5087,.T.);
#65=FACE_BOUND('',#5092,.T.);
#66=FACE_BOUND('',#5093,.T.);
#67=FACE_BOUND('',#5094,.T.);
#68=FACE_BOUND('',#5095,.T.);
#69=FACE_BOUND('',#5096,.T.);
#70=FACE_BOUND('',#5097,.T.);
#71=FACE_BOUND('',#5098,.T.);
#72=FACE_BOUND('',#5099,.T.);
#73=FACE_BOUND('',#5100,.T.);
#74=FACE_BOUND('',#5101,.T.);
#75=FACE_BOUND('',#5102,.T.);
#76=FACE_BOUND('',#5103,.T.);
#77=FACE_BOUND('',#5104,.T.);
#78=FACE_BOUND('',#5105,.T.);
#79=FACE_BOUND('',#5106,.T.);
#80=FACE_BOUND('',#5107,.T.);
#81=FACE_BOUND('',#5108,.T.);
#82=FACE_BOUND('',#5109,.T.);
#83=FACE_BOUND('',#5110,.T.);
#84=FACE_BOUND('',#5111,.T.);
#85=FACE_BOUND('',#5112,.T.);
#86=FACE_BOUND('',#5220,.T.);
#87=FACE_BOUND('',#5221,.T.);
#88=FACE_BOUND('',#5222,.T.);
#89=FACE_BOUND('',#5223,.T.);
#90=FACE_BOUND('',#5224,.T.);
#91=FACE_BOUND('',#5225,.T.);
#92=FACE_BOUND('',#5226,.T.);
#93=FACE_BOUND('',#5227,.T.);
#94=FACE_BOUND('',#5228,.T.);
#95=FACE_BOUND('',#5229,.T.);
#96=FACE_BOUND('',#5230,.T.);
#97=FACE_BOUND('',#5231,.T.);
#98=FACE_BOUND('',#5232,.T.);
#99=FACE_BOUND('',#5233,.T.);
#100=FACE_BOUND('',#5234,.T.);
#101=FACE_BOUND('',#5235,.T.);
#102=FACE_BOUND('',#5236,.T.);
#103=FACE_BOUND('',#5237,.T.);
#104=FACE_BOUND('',#5238,.T.);
#105=FACE_BOUND('',#5239,.T.);
#106=FACE_BOUND('',#5240,.T.);
#107=FACE_BOUND('',#5241,.T.);
#108=FACE_BOUND('',#5242,.T.);
#109=FACE_BOUND('',#5244,.T.);
#110=FACE_BOUND('',#5246,.T.);
#111=FACE_BOUND('',#5248,.T.);
#112=FACE_BOUND('',#5250,.T.);
#113=FACE_BOUND('',#5357,.T.);
#114=FACE_BOUND('',#5358,.T.);
#115=FACE_BOUND('',#5359,.T.);
#116=FACE_BOUND('',#5360,.T.);
#117=FACE_BOUND('',#5361,.T.);
#118=FACE_BOUND('',#5362,.T.);
#119=FACE_BOUND('',#5363,.T.);
#120=FACE_BOUND('',#5364,.T.);
#121=FACE_BOUND('',#5365,.T.);
#122=FACE_BOUND('',#5366,.T.);
#123=FACE_BOUND('',#5367,.T.);
#124=FACE_BOUND('',#5368,.T.);
#125=FACE_BOUND('',#5369,.T.);
#126=FACE_BOUND('',#5370,.T.);
#127=FACE_BOUND('',#5371,.T.);
#128=FACE_BOUND('',#5372,.T.);
#129=FACE_BOUND('',#5373,.T.);
#130=FACE_BOUND('',#5374,.T.);
#131=FACE_BOUND('',#5375,.T.);
#132=FACE_BOUND('',#5376,.T.);
#133=FACE_BOUND('',#5377,.T.);
#134=FACE_BOUND('',#5378,.T.);
#135=FACE_BOUND('',#5379,.T.);
#136=FACE_BOUND('',#5380,.T.);
#137=FACE_BOUND('',#5381,.T.);
#138=FACE_BOUND('',#5382,.T.);
#139=FACE_BOUND('',#5383,.T.);
#140=FACE_BOUND('',#5384,.T.);
#141=FACE_BOUND('',#5385,.T.);
#142=FACE_BOUND('',#5386,.T.);
#143=FACE_BOUND('',#5387,.T.);
#144=FACE_BOUND('',#5388,.T.);
#145=FACE_BOUND('',#5389,.T.);
#146=FACE_BOUND('',#5390,.T.);
#147=FACE_BOUND('',#5391,.T.);
#148=FACE_BOUND('',#5392,.T.);
#149=FACE_BOUND('',#5393,.T.);
#150=FACE_BOUND('',#5394,.T.);
#151=FACE_BOUND('',#5395,.T.);
#152=FACE_BOUND('',#5396,.T.);
#153=FACE_BOUND('',#5397,.T.);
#154=FACE_BOUND('',#5398,.T.);
#155=FACE_BOUND('',#5399,.T.);
#156=FACE_BOUND('',#5400,.T.);
#157=FACE_BOUND('',#5401,.T.);
#158=FACE_BOUND('',#5402,.T.);
#159=FACE_BOUND('',#5403,.T.);
#160=FACE_BOUND('',#5404,.T.);
#161=FACE_BOUND('',#5405,.T.);
#162=FACE_BOUND('',#5406,.T.);
#163=FACE_BOUND('',#5407,.T.);
#164=FACE_BOUND('',#5408,.T.);
#165=FACE_BOUND('',#5409,.T.);
#166=FACE_BOUND('',#5410,.T.);
#167=FACE_BOUND('',#5411,.T.);
#168=FACE_BOUND('',#5412,.T.);
#169=FACE_BOUND('',#5413,.T.);
#170=FACE_BOUND('',#5414,.T.);
#171=FACE_BOUND('',#5712,.T.);
#172=FACE_BOUND('',#5714,.T.);
#173=FACE_BOUND('',#5718,.T.);
#174=FACE_BOUND('',#5724,.T.);
#175=FACE_BOUND('',#5725,.T.);
#176=FACE_BOUND('',#5726,.T.);
#177=FACE_BOUND('',#5727,.T.);
#178=FACE_BOUND('',#5728,.T.);
#179=FACE_BOUND('',#5729,.T.);
#180=FACE_BOUND('',#5730,.T.);
#181=FACE_BOUND('',#5731,.T.);
#182=FACE_BOUND('',#5732,.T.);
#183=FACE_BOUND('',#5733,.T.);
#184=FACE_BOUND('',#5734,.T.);
#185=FACE_BOUND('',#5735,.T.);
#186=FACE_BOUND('',#5736,.T.);
#187=FACE_BOUND('',#5737,.T.);
#188=FACE_BOUND('',#5738,.T.);
#189=FACE_BOUND('',#5739,.T.);
#190=FACE_BOUND('',#5740,.T.);
#191=FACE_BOUND('',#5741,.T.);
#192=FACE_BOUND('',#5742,.T.);
#193=FACE_BOUND('',#5743,.T.);
#194=FACE_BOUND('',#5744,.T.);
#195=FACE_BOUND('',#5745,.T.);
#196=FACE_BOUND('',#5746,.T.);
#197=FACE_BOUND('',#5747,.T.);
#198=FACE_BOUND('',#5748,.T.);
#199=FACE_BOUND('',#5749,.T.);
#200=FACE_BOUND('',#5750,.T.);
#201=FACE_BOUND('',#5751,.T.);
#202=FACE_BOUND('',#5752,.T.);
#203=FACE_BOUND('',#5753,.T.);
#204=FACE_BOUND('',#5754,.T.);
#205=FACE_BOUND('',#5755,.T.);
#206=FACE_BOUND('',#5756,.T.);
#207=FACE_BOUND('',#5757,.T.);
#208=FACE_BOUND('',#5758,.T.);
#209=FACE_BOUND('',#5759,.T.);
#210=FACE_BOUND('',#5760,.T.);
#211=FACE_BOUND('',#5761,.T.);
#212=FACE_BOUND('',#5762,.T.);
#213=FACE_BOUND('',#5763,.T.);
#214=FACE_BOUND('',#5764,.T.);
#215=FACE_BOUND('',#5765,.T.);
#216=FACE_BOUND('',#5766,.T.);
#217=FACE_BOUND('',#5767,.T.);
#218=FACE_BOUND('',#5768,.T.);
#219=FACE_BOUND('',#5769,.T.);
#220=FACE_BOUND('',#5770,.T.);
#221=FACE_BOUND('',#5771,.T.);
#222=FACE_BOUND('',#5772,.T.);
#223=FACE_BOUND('',#5773,.T.);
#224=FACE_BOUND('',#5774,.T.);
#225=FACE_BOUND('',#5775,.T.);
#226=FACE_BOUND('',#5776,.T.);
#227=FACE_BOUND('',#5777,.T.);
#228=FACE_BOUND('',#5778,.T.);
#229=FACE_BOUND('',#5779,.T.);
#230=FACE_BOUND('',#5780,.T.);
#231=FACE_BOUND('',#5781,.T.);
#232=FACE_BOUND('',#5782,.T.);
#233=FACE_BOUND('',#5783,.T.);
#234=FACE_BOUND('',#5784,.T.);
#235=FACE_BOUND('',#5785,.T.);
#236=FACE_BOUND('',#5786,.T.);
#237=FACE_BOUND('',#5787,.T.);
#238=FACE_BOUND('',#5788,.T.);
#239=FACE_BOUND('',#5789,.T.);
#240=FACE_BOUND('',#5790,.T.);
#241=LINE('',#17409,#1982);
#242=LINE('',#17411,#1983);
#243=LINE('',#17412,#1984);
#244=LINE('',#17415,#1985);
#245=LINE('',#17417,#1986);
#246=LINE('',#17418,#1987);
#247=LINE('',#17421,#1988);
#248=LINE('',#17425,#1989);
#249=LINE('',#17429,#1990);
#250=LINE('',#17431,#1991);
#251=LINE('',#17433,#1992);
#252=LINE('',#17435,#1993);
#253=LINE('',#17437,#1994);
#254=LINE('',#17439,#1995);
#255=LINE('',#17440,#1996);
#256=LINE('',#17442,#1997);
#257=LINE('',#17444,#1998);
#258=LINE('',#17445,#1999);
#259=LINE('',#17448,#2000);
#260=LINE('',#17450,#2001);
#261=LINE('',#17452,#2002);
#262=LINE('',#17453,#2003);
#263=LINE('',#17456,#2004);
#264=LINE('',#17458,#2005);
#265=LINE('',#17460,#2006);
#266=LINE('',#17461,#2007);
#267=LINE('',#17464,#2008);
#268=LINE('',#17466,#2009);
#269=LINE('',#17468,#2010);
#270=LINE('',#17470,#2011);
#271=LINE('',#17471,#2012);
#272=LINE('',#17474,#2013);
#273=LINE('',#17476,#2014);
#274=LINE('',#17477,#2015);
#275=LINE('',#17479,#2016);
#276=LINE('',#17481,#2017);
#277=LINE('',#17483,#2018);
#278=LINE('',#17485,#2019);
#279=LINE('',#17489,#2020);
#280=LINE('',#17491,#2021);
#281=LINE('',#17493,#2022);
#282=LINE('',#17495,#2023);
#283=LINE('',#17497,#2024);
#284=LINE('',#17501,#2025);
#285=LINE('',#17505,#2026);
#286=LINE('',#17509,#2027);
#287=LINE('',#17513,#2028);
#288=LINE('',#17517,#2029);
#289=LINE('',#17538,#2030);
#290=LINE('',#17540,#2031);
#291=LINE('',#17541,#2032);
#292=LINE('',#17544,#2033);
#293=LINE('',#17546,#2034);
#294=LINE('',#17548,#2035);
#295=LINE('',#17550,#2036);
#296=LINE('',#17552,#2037);
#297=LINE('',#17554,#2038);
#298=LINE('',#17560,#2039);
#299=LINE('',#17562,#2040);
#300=LINE('',#17564,#2041);
#301=LINE('',#17566,#2042);
#302=LINE('',#17567,#2043);
#303=LINE('',#17570,#2044);
#304=LINE('',#17572,#2045);
#305=LINE('',#17574,#2046);
#306=LINE('',#17575,#2047);
#307=LINE('',#17578,#2048);
#308=LINE('',#17580,#2049);
#309=LINE('',#17582,#2050);
#310=LINE('',#17583,#2051);
#311=LINE('',#17586,#2052);
#312=LINE('',#17587,#2053);
#313=LINE('',#17591,#2054);
#314=LINE('',#17597,#2055);
#315=LINE('',#17606,#2056);
#316=LINE('',#17611,#2057);
#317=LINE('',#17619,#2058);
#318=LINE('',#17622,#2059);
#319=LINE('',#17624,#2060);
#320=LINE('',#17626,#2061);
#321=LINE('',#17628,#2062);
#322=LINE('',#17630,#2063);
#323=LINE('',#17631,#2064);
#324=LINE('',#17634,#2065);
#325=LINE('',#17637,#2066);
#326=LINE('',#17639,#2067);
#327=LINE('',#17641,#2068);
#328=LINE('',#17643,#2069);
#329=LINE('',#17645,#2070);
#330=LINE('',#17647,#2071);
#331=LINE('',#17649,#2072);
#332=LINE('',#17651,#2073);
#333=LINE('',#17653,#2074);
#334=LINE('',#17655,#2075);
#335=LINE('',#17657,#2076);
#336=LINE('',#17659,#2077);
#337=LINE('',#17661,#2078);
#338=LINE('',#17663,#2079);
#339=LINE('',#17665,#2080);
#340=LINE('',#17667,#2081);
#341=LINE('',#17671,#2082);
#342=LINE('',#17675,#2083);
#343=LINE('',#17678,#2084);
#344=LINE('',#17682,#2085);
#345=LINE('',#17686,#2086);
#346=LINE('',#17692,#2087);
#347=LINE('',#17699,#2088);
#348=LINE('',#17705,#2089);
#349=LINE('',#17710,#2090);
#350=LINE('',#17712,#2091);
#351=LINE('',#17714,#2092);
#352=LINE('',#17716,#2093);
#353=LINE('',#17717,#2094);
#354=LINE('',#17722,#2095);
#355=LINE('',#17723,#2096);
#356=LINE('',#17724,#2097);
#357=LINE('',#17727,#2098);
#358=LINE('',#17728,#2099);
#359=LINE('',#17731,#2100);
#360=LINE('',#17732,#2101);
#361=LINE('',#17734,#2102);
#362=LINE('',#17737,#2103);
#363=LINE('',#17738,#2104);
#364=LINE('',#17741,#2105);
#365=LINE('',#17742,#2106);
#366=LINE('',#17744,#2107);
#367=LINE('',#17748,#2108);
#368=LINE('',#17749,#2109);
#369=LINE('',#17751,#2110);
#370=LINE('',#17752,#2111);
#371=LINE('',#17755,#2112);
#372=LINE('',#17756,#2113);
#373=LINE('',#17759,#2114);
#374=LINE('',#17760,#2115);
#375=LINE('',#17763,#2116);
#376=LINE('',#17764,#2117);
#377=LINE('',#17765,#2118);
#378=LINE('',#17768,#2119);
#379=LINE('',#17769,#2120);
#380=LINE('',#17773,#2121);
#381=LINE('',#17774,#2122);
#382=LINE('',#17775,#2123);
#383=LINE('',#17778,#2124);
#384=LINE('',#17779,#2125);
#385=LINE('',#17782,#2126);
#386=LINE('',#17783,#2127);
#387=LINE('',#17785,#2128);
#388=LINE('',#17789,#2129);
#389=LINE('',#17790,#2130);
#390=LINE('',#17791,#2131);
#391=LINE('',#17793,#2132);
#392=LINE('',#17796,#2133);
#393=LINE('',#17797,#2134);
#394=LINE('',#17799,#2135);
#395=LINE('',#17800,#2136);
#396=LINE('',#17803,#2137);
#397=LINE('',#17805,#2138);
#398=LINE('',#17807,#2139);
#399=LINE('',#17809,#2140);
#400=LINE('',#17810,#2141);
#401=LINE('',#17813,#2142);
#402=LINE('',#17814,#2143);
#403=LINE('',#17817,#2144);
#404=LINE('',#17818,#2145);
#405=LINE('',#17819,#2146);
#406=LINE('',#17821,#2147);
#407=LINE('',#17823,#2148);
#408=LINE('',#17827,#2149);
#409=LINE('',#17828,#2150);
#410=LINE('',#17829,#2151);
#411=LINE('',#17832,#2152);
#412=LINE('',#17833,#2153);
#413=LINE('',#17836,#2154);
#414=LINE('',#17837,#2155);
#415=LINE('',#17839,#2156);
#416=LINE('',#17842,#2157);
#417=LINE('',#17843,#2158);
#418=LINE('',#17846,#2159);
#419=LINE('',#17847,#2160);
#420=LINE('',#17849,#2161);
#421=LINE('',#17852,#2162);
#422=LINE('',#17854,#2163);
#423=LINE('',#17856,#2164);
#424=LINE('',#17857,#2165);
#425=LINE('',#17859,#2166);
#426=LINE('',#17861,#2167);
#427=LINE('',#17863,#2168);
#428=LINE('',#17864,#2169);
#429=LINE('',#17867,#2170);
#430=LINE('',#17868,#2171);
#431=LINE('',#17871,#2172);
#432=LINE('',#17872,#2173);
#433=LINE('',#17874,#2174);
#434=LINE('',#17878,#2175);
#435=LINE('',#17879,#2176);
#436=LINE('',#17880,#2177);
#437=LINE('',#17883,#2178);
#438=LINE('',#17884,#2179);
#439=LINE('',#17887,#2180);
#440=LINE('',#17888,#2181);
#441=LINE('',#17890,#2182);
#442=LINE('',#17893,#2183);
#443=LINE('',#17894,#2184);
#444=LINE('',#17896,#2185);
#445=LINE('',#17897,#2186);
#446=LINE('',#17899,#2187);
#447=LINE('',#17901,#2188);
#448=LINE('',#17904,#2189);
#449=LINE('',#17906,#2190);
#450=LINE('',#17908,#2191);
#451=LINE('',#17909,#2192);
#452=LINE('',#17912,#2193);
#453=LINE('',#17913,#2194);
#454=LINE('',#17916,#2195);
#455=LINE('',#17917,#2196);
#456=LINE('',#17920,#2197);
#457=LINE('',#17921,#2198);
#458=LINE('',#17922,#2199);
#459=LINE('',#17924,#2200);
#460=LINE('',#17927,#2201);
#461=LINE('',#17928,#2202);
#462=LINE('',#17932,#2203);
#463=LINE('',#17941,#2204);
#464=LINE('',#17944,#2205);
#465=LINE('',#17945,#2206);
#466=LINE('',#17948,#2207);
#467=LINE('',#17949,#2208);
#468=LINE('',#17952,#2209);
#469=LINE('',#17953,#2210);
#470=LINE('',#17955,#2211);
#471=LINE('',#17957,#2212);
#472=LINE('',#17959,#2213);
#473=LINE('',#17961,#2214);
#474=LINE('',#17977,#2215);
#475=LINE('',#17979,#2216);
#476=LINE('',#17981,#2217);
#477=LINE('',#17982,#2218);
#478=LINE('',#17985,#2219);
#479=LINE('',#17987,#2220);
#480=LINE('',#17989,#2221);
#481=LINE('',#17990,#2222);
#482=LINE('',#17993,#2223);
#483=LINE('',#17997,#2224);
#484=LINE('',#17999,#2225);
#485=LINE('',#18001,#2226);
#486=LINE('',#18002,#2227);
#487=LINE('',#18005,#2228);
#488=LINE('',#18007,#2229);
#489=LINE('',#18009,#2230);
#490=LINE('',#18010,#2231);
#491=LINE('',#18013,#2232);
#492=LINE('',#18015,#2233);
#493=LINE('',#18017,#2234);
#494=LINE('',#18018,#2235);
#495=LINE('',#18021,#2236);
#496=LINE('',#18023,#2237);
#497=LINE('',#18025,#2238);
#498=LINE('',#18026,#2239);
#499=LINE('',#18029,#2240);
#500=LINE('',#18031,#2241);
#501=LINE('',#18033,#2242);
#502=LINE('',#18034,#2243);
#503=LINE('',#18037,#2244);
#504=LINE('',#18039,#2245);
#505=LINE('',#18041,#2246);
#506=LINE('',#18042,#2247);
#507=LINE('',#18045,#2248);
#508=LINE('',#18047,#2249);
#509=LINE('',#18049,#2250);
#510=LINE('',#18050,#2251);
#511=LINE('',#18053,#2252);
#512=LINE('',#18055,#2253);
#513=LINE('',#18057,#2254);
#514=LINE('',#18058,#2255);
#515=LINE('',#18061,#2256);
#516=LINE('',#18063,#2257);
#517=LINE('',#18065,#2258);
#518=LINE('',#18066,#2259);
#519=LINE('',#18069,#2260);
#520=LINE('',#18071,#2261);
#521=LINE('',#18073,#2262);
#522=LINE('',#18074,#2263);
#523=LINE('',#18077,#2264);
#524=LINE('',#18079,#2265);
#525=LINE('',#18081,#2266);
#526=LINE('',#18082,#2267);
#527=LINE('',#18085,#2268);
#528=LINE('',#18087,#2269);
#529=LINE('',#18089,#2270);
#530=LINE('',#18090,#2271);
#531=LINE('',#18093,#2272);
#532=LINE('',#18095,#2273);
#533=LINE('',#18097,#2274);
#534=LINE('',#18098,#2275);
#535=LINE('',#18101,#2276);
#536=LINE('',#18103,#2277);
#537=LINE('',#18105,#2278);
#538=LINE('',#18106,#2279);
#539=LINE('',#18109,#2280);
#540=LINE('',#18111,#2281);
#541=LINE('',#18113,#2282);
#542=LINE('',#18114,#2283);
#543=LINE('',#18117,#2284);
#544=LINE('',#18119,#2285);
#545=LINE('',#18121,#2286);
#546=LINE('',#18122,#2287);
#547=LINE('',#18125,#2288);
#548=LINE('',#18127,#2289);
#549=LINE('',#18129,#2290);
#550=LINE('',#18130,#2291);
#551=LINE('',#18136,#2292);
#552=LINE('',#18139,#2293);
#553=LINE('',#18141,#2294);
#554=LINE('',#18143,#2295);
#555=LINE('',#18145,#2296);
#556=LINE('',#18147,#2297);
#557=LINE('',#18149,#2298);
#558=LINE('',#18155,#2299);
#559=LINE('',#18157,#2300);
#560=LINE('',#18159,#2301);
#561=LINE('',#18161,#2302);
#562=LINE('',#18163,#2303);
#563=LINE('',#18169,#2304);
#564=LINE('',#18171,#2305);
#565=LINE('',#18173,#2306);
#566=LINE('',#18175,#2307);
#567=LINE('',#18177,#2308);
#568=LINE('',#18181,#2309);
#569=LINE('',#18185,#2310);
#570=LINE('',#18188,#2311);
#571=LINE('',#18197,#2312);
#572=LINE('',#18200,#2313);
#573=LINE('',#18202,#2314);
#574=LINE('',#18204,#2315);
#575=LINE('',#18206,#2316);
#576=LINE('',#18207,#2317);
#577=LINE('',#18211,#2318);
#578=LINE('',#18214,#2319);
#579=LINE('',#18217,#2320);
#580=LINE('',#18219,#2321);
#581=LINE('',#18220,#2322);
#582=LINE('',#18223,#2323);
#583=LINE('',#18228,#2324);
#584=LINE('',#18231,#2325);
#585=LINE('',#18233,#2326);
#586=LINE('',#18239,#2327);
#587=LINE('',#18240,#2328);
#588=LINE('',#18243,#2329);
#589=LINE('',#18246,#2330);
#590=LINE('',#18248,#2331);
#591=LINE('',#18249,#2332);
#592=LINE('',#18255,#2333);
#593=LINE('',#18257,#2334);
#594=LINE('',#18258,#2335);
#595=LINE('',#18261,#2336);
#596=LINE('',#18265,#2337);
#597=LINE('',#18267,#2338);
#598=LINE('',#18271,#2339);
#599=LINE('',#18272,#2340);
#600=LINE('',#18277,#2341);
#601=LINE('',#18278,#2342);
#602=LINE('',#18287,#2343);
#603=LINE('',#18291,#2344);
#604=LINE('',#18295,#2345);
#605=LINE('',#18299,#2346);
#606=LINE('',#18303,#2347);
#607=LINE('',#18304,#2348);
#608=LINE('',#18306,#2349);
#609=LINE('',#18310,#2350);
#610=LINE('',#18311,#2351);
#611=LINE('',#18312,#2352);
#612=LINE('',#18315,#2353);
#613=LINE('',#18316,#2354);
#614=LINE('',#18319,#2355);
#615=LINE('',#18320,#2356);
#616=LINE('',#18322,#2357);
#617=LINE('',#18326,#2358);
#618=LINE('',#18327,#2359);
#619=LINE('',#18328,#2360);
#620=LINE('',#18331,#2361);
#621=LINE('',#18332,#2362);
#622=LINE('',#18335,#2363);
#623=LINE('',#18336,#2364);
#624=LINE('',#18338,#2365);
#625=LINE('',#18342,#2366);
#626=LINE('',#18343,#2367);
#627=LINE('',#18344,#2368);
#628=LINE('',#18347,#2369);
#629=LINE('',#18348,#2370);
#630=LINE('',#18351,#2371);
#631=LINE('',#18352,#2372);
#632=LINE('',#18354,#2373);
#633=LINE('',#18358,#2374);
#634=LINE('',#18359,#2375);
#635=LINE('',#18360,#2376);
#636=LINE('',#18363,#2377);
#637=LINE('',#18364,#2378);
#638=LINE('',#18367,#2379);
#639=LINE('',#18368,#2380);
#640=LINE('',#18370,#2381);
#641=LINE('',#18374,#2382);
#642=LINE('',#18375,#2383);
#643=LINE('',#18376,#2384);
#644=LINE('',#18379,#2385);
#645=LINE('',#18380,#2386);
#646=LINE('',#18383,#2387);
#647=LINE('',#18384,#2388);
#648=LINE('',#18386,#2389);
#649=LINE('',#18390,#2390);
#650=LINE('',#18391,#2391);
#651=LINE('',#18392,#2392);
#652=LINE('',#18395,#2393);
#653=LINE('',#18396,#2394);
#654=LINE('',#18399,#2395);
#655=LINE('',#18400,#2396);
#656=LINE('',#18402,#2397);
#657=LINE('',#18406,#2398);
#658=LINE('',#18407,#2399);
#659=LINE('',#18408,#2400);
#660=LINE('',#18411,#2401);
#661=LINE('',#18412,#2402);
#662=LINE('',#18415,#2403);
#663=LINE('',#18416,#2404);
#664=LINE('',#18418,#2405);
#665=LINE('',#18422,#2406);
#666=LINE('',#18423,#2407);
#667=LINE('',#18424,#2408);
#668=LINE('',#18427,#2409);
#669=LINE('',#18428,#2410);
#670=LINE('',#18431,#2411);
#671=LINE('',#18432,#2412);
#672=LINE('',#18434,#2413);
#673=LINE('',#18438,#2414);
#674=LINE('',#18439,#2415);
#675=LINE('',#18440,#2416);
#676=LINE('',#18443,#2417);
#677=LINE('',#18444,#2418);
#678=LINE('',#18447,#2419);
#679=LINE('',#18448,#2420);
#680=LINE('',#18450,#2421);
#681=LINE('',#18454,#2422);
#682=LINE('',#18455,#2423);
#683=LINE('',#18456,#2424);
#684=LINE('',#18459,#2425);
#685=LINE('',#18460,#2426);
#686=LINE('',#18463,#2427);
#687=LINE('',#18464,#2428);
#688=LINE('',#18466,#2429);
#689=LINE('',#18470,#2430);
#690=LINE('',#18471,#2431);
#691=LINE('',#18472,#2432);
#692=LINE('',#18475,#2433);
#693=LINE('',#18476,#2434);
#694=LINE('',#18479,#2435);
#695=LINE('',#18480,#2436);
#696=LINE('',#18482,#2437);
#697=LINE('',#18486,#2438);
#698=LINE('',#18487,#2439);
#699=LINE('',#18488,#2440);
#700=LINE('',#18491,#2441);
#701=LINE('',#18492,#2442);
#702=LINE('',#18495,#2443);
#703=LINE('',#18496,#2444);
#704=LINE('',#18498,#2445);
#705=LINE('',#18502,#2446);
#706=LINE('',#18503,#2447);
#707=LINE('',#18504,#2448);
#708=LINE('',#18507,#2449);
#709=LINE('',#18508,#2450);
#710=LINE('',#18511,#2451);
#711=LINE('',#18512,#2452);
#712=LINE('',#18514,#2453);
#713=LINE('',#18518,#2454);
#714=LINE('',#18519,#2455);
#715=LINE('',#18520,#2456);
#716=LINE('',#18523,#2457);
#717=LINE('',#18524,#2458);
#718=LINE('',#18527,#2459);
#719=LINE('',#18528,#2460);
#720=LINE('',#18530,#2461);
#721=LINE('',#18533,#2462);
#722=LINE('',#18535,#2463);
#723=LINE('',#18536,#2464);
#724=LINE('',#18539,#2465);
#725=LINE('',#18540,#2466);
#726=LINE('',#18543,#2467);
#727=LINE('',#18544,#2468);
#728=LINE('',#18546,#2469);
#729=LINE('',#18549,#2470);
#730=LINE('',#18551,#2471);
#731=LINE('',#18552,#2472);
#732=LINE('',#18555,#2473);
#733=LINE('',#18556,#2474);
#734=LINE('',#18559,#2475);
#735=LINE('',#18560,#2476);
#736=LINE('',#18562,#2477);
#737=LINE('',#18565,#2478);
#738=LINE('',#18567,#2479);
#739=LINE('',#18568,#2480);
#740=LINE('',#18571,#2481);
#741=LINE('',#18572,#2482);
#742=LINE('',#18575,#2483);
#743=LINE('',#18576,#2484);
#744=LINE('',#18579,#2485);
#745=LINE('',#18580,#2486);
#746=LINE('',#18584,#2487);
#747=LINE('',#18586,#2488);
#748=LINE('',#18589,#2489);
#749=LINE('',#18591,#2490);
#750=LINE('',#18592,#2491);
#751=LINE('',#18595,#2492);
#752=LINE('',#18596,#2493);
#753=LINE('',#18599,#2494);
#754=LINE('',#18600,#2495);
#755=LINE('',#18602,#2496);
#756=LINE('',#18606,#2497);
#757=LINE('',#18607,#2498);
#758=LINE('',#18608,#2499);
#759=LINE('',#18611,#2500);
#760=LINE('',#18612,#2501);
#761=LINE('',#18615,#2502);
#762=LINE('',#18616,#2503);
#763=LINE('',#18618,#2504);
#764=LINE('',#18623,#2505);
#765=LINE('',#18625,#2506);
#766=LINE('',#18627,#2507);
#767=LINE('',#18628,#2508);
#768=LINE('',#18634,#2509);
#769=LINE('',#18636,#2510);
#770=LINE('',#18638,#2511);
#771=LINE('',#18639,#2512);
#772=LINE('',#18645,#2513);
#773=LINE('',#18647,#2514);
#774=LINE('',#18649,#2515);
#775=LINE('',#18650,#2516);
#776=LINE('',#18656,#2517);
#777=LINE('',#18658,#2518);
#778=LINE('',#18660,#2519);
#779=LINE('',#18661,#2520);
#780=LINE('',#18667,#2521);
#781=LINE('',#18669,#2522);
#782=LINE('',#18671,#2523);
#783=LINE('',#18672,#2524);
#784=LINE('',#18675,#2525);
#785=LINE('',#18677,#2526);
#786=LINE('',#18678,#2527);
#787=LINE('',#18681,#2528);
#788=LINE('',#18683,#2529);
#789=LINE('',#18684,#2530);
#790=LINE('',#18687,#2531);
#791=LINE('',#18689,#2532);
#792=LINE('',#18690,#2533);
#793=LINE('',#18693,#2534);
#794=LINE('',#18695,#2535);
#795=LINE('',#18696,#2536);
#796=LINE('',#18698,#2537);
#797=LINE('',#18699,#2538);
#798=LINE('',#18703,#2539);
#799=LINE('',#18705,#2540);
#800=LINE('',#18707,#2541);
#801=LINE('',#18708,#2542);
#802=LINE('',#18711,#2543);
#803=LINE('',#18713,#2544);
#804=LINE('',#18714,#2545);
#805=LINE('',#18717,#2546);
#806=LINE('',#18719,#2547);
#807=LINE('',#18720,#2548);
#808=LINE('',#18723,#2549);
#809=LINE('',#18725,#2550);
#810=LINE('',#18726,#2551);
#811=LINE('',#18729,#2552);
#812=LINE('',#18731,#2553);
#813=LINE('',#18732,#2554);
#814=LINE('',#18735,#2555);
#815=LINE('',#18737,#2556);
#816=LINE('',#18738,#2557);
#817=LINE('',#18740,#2558);
#818=LINE('',#18741,#2559);
#819=LINE('',#18745,#2560);
#820=LINE('',#18747,#2561);
#821=LINE('',#18749,#2562);
#822=LINE('',#18750,#2563);
#823=LINE('',#18753,#2564);
#824=LINE('',#18755,#2565);
#825=LINE('',#18756,#2566);
#826=LINE('',#18759,#2567);
#827=LINE('',#18761,#2568);
#828=LINE('',#18762,#2569);
#829=LINE('',#18765,#2570);
#830=LINE('',#18767,#2571);
#831=LINE('',#18768,#2572);
#832=LINE('',#18771,#2573);
#833=LINE('',#18773,#2574);
#834=LINE('',#18774,#2575);
#835=LINE('',#18776,#2576);
#836=LINE('',#18777,#2577);
#837=LINE('',#18781,#2578);
#838=LINE('',#18783,#2579);
#839=LINE('',#18785,#2580);
#840=LINE('',#18786,#2581);
#841=LINE('',#18789,#2582);
#842=LINE('',#18791,#2583);
#843=LINE('',#18792,#2584);
#844=LINE('',#18795,#2585);
#845=LINE('',#18797,#2586);
#846=LINE('',#18798,#2587);
#847=LINE('',#18801,#2588);
#848=LINE('',#18803,#2589);
#849=LINE('',#18804,#2590);
#850=LINE('',#18807,#2591);
#851=LINE('',#18809,#2592);
#852=LINE('',#18810,#2593);
#853=LINE('',#18812,#2594);
#854=LINE('',#18813,#2595);
#855=LINE('',#18817,#2596);
#856=LINE('',#18819,#2597);
#857=LINE('',#18821,#2598);
#858=LINE('',#18822,#2599);
#859=LINE('',#18825,#2600);
#860=LINE('',#18827,#2601);
#861=LINE('',#18828,#2602);
#862=LINE('',#18832,#2603);
#863=LINE('',#18834,#2604);
#864=LINE('',#18836,#2605);
#865=LINE('',#18837,#2606);
#866=LINE('',#18840,#2607);
#867=LINE('',#18842,#2608);
#868=LINE('',#18843,#2609);
#869=LINE('',#18846,#2610);
#870=LINE('',#18848,#2611);
#871=LINE('',#18849,#2612);
#872=LINE('',#18852,#2613);
#873=LINE('',#18854,#2614);
#874=LINE('',#18855,#2615);
#875=LINE('',#18857,#2616);
#876=LINE('',#18858,#2617);
#877=LINE('',#18862,#2618);
#878=LINE('',#18864,#2619);
#879=LINE('',#18866,#2620);
#880=LINE('',#18867,#2621);
#881=LINE('',#18870,#2622);
#882=LINE('',#18872,#2623);
#883=LINE('',#18873,#2624);
#884=LINE('',#18876,#2625);
#885=LINE('',#18878,#2626);
#886=LINE('',#18879,#2627);
#887=LINE('',#18882,#2628);
#888=LINE('',#18884,#2629);
#889=LINE('',#18885,#2630);
#890=LINE('',#18888,#2631);
#891=LINE('',#18890,#2632);
#892=LINE('',#18891,#2633);
#893=LINE('',#18893,#2634);
#894=LINE('',#18894,#2635);
#895=LINE('',#18898,#2636);
#896=LINE('',#18900,#2637);
#897=LINE('',#18902,#2638);
#898=LINE('',#18903,#2639);
#899=LINE('',#18906,#2640);
#900=LINE('',#18908,#2641);
#901=LINE('',#18909,#2642);
#902=LINE('',#18912,#2643);
#903=LINE('',#18914,#2644);
#904=LINE('',#18915,#2645);
#905=LINE('',#18918,#2646);
#906=LINE('',#18920,#2647);
#907=LINE('',#18921,#2648);
#908=LINE('',#18924,#2649);
#909=LINE('',#18926,#2650);
#910=LINE('',#18927,#2651);
#911=LINE('',#18930,#2652);
#912=LINE('',#18932,#2653);
#913=LINE('',#18933,#2654);
#914=LINE('',#18935,#2655);
#915=LINE('',#18936,#2656);
#916=LINE('',#18940,#2657);
#917=LINE('',#18942,#2658);
#918=LINE('',#18944,#2659);
#919=LINE('',#18945,#2660);
#920=LINE('',#18948,#2661);
#921=LINE('',#18950,#2662);
#922=LINE('',#18951,#2663);
#923=LINE('',#18954,#2664);
#924=LINE('',#18956,#2665);
#925=LINE('',#18957,#2666);
#926=LINE('',#18960,#2667);
#927=LINE('',#18962,#2668);
#928=LINE('',#18963,#2669);
#929=LINE('',#18966,#2670);
#930=LINE('',#18968,#2671);
#931=LINE('',#18969,#2672);
#932=LINE('',#18971,#2673);
#933=LINE('',#18972,#2674);
#934=LINE('',#18976,#2675);
#935=LINE('',#18978,#2676);
#936=LINE('',#18980,#2677);
#937=LINE('',#18981,#2678);
#938=LINE('',#18984,#2679);
#939=LINE('',#18986,#2680);
#940=LINE('',#18987,#2681);
#941=LINE('',#18990,#2682);
#942=LINE('',#18992,#2683);
#943=LINE('',#18993,#2684);
#944=LINE('',#18996,#2685);
#945=LINE('',#18998,#2686);
#946=LINE('',#18999,#2687);
#947=LINE('',#19002,#2688);
#948=LINE('',#19004,#2689);
#949=LINE('',#19005,#2690);
#950=LINE('',#19007,#2691);
#951=LINE('',#19008,#2692);
#952=LINE('',#19012,#2693);
#953=LINE('',#19014,#2694);
#954=LINE('',#19016,#2695);
#955=LINE('',#19017,#2696);
#956=LINE('',#19020,#2697);
#957=LINE('',#19022,#2698);
#958=LINE('',#19023,#2699);
#959=LINE('',#19026,#2700);
#960=LINE('',#19028,#2701);
#961=LINE('',#19029,#2702);
#962=LINE('',#19032,#2703);
#963=LINE('',#19034,#2704);
#964=LINE('',#19035,#2705);
#965=LINE('',#19038,#2706);
#966=LINE('',#19040,#2707);
#967=LINE('',#19041,#2708);
#968=LINE('',#19045,#2709);
#969=LINE('',#19047,#2710);
#970=LINE('',#19049,#2711);
#971=LINE('',#19050,#2712);
#972=LINE('',#19053,#2713);
#973=LINE('',#19055,#2714);
#974=LINE('',#19056,#2715);
#975=LINE('',#19059,#2716);
#976=LINE('',#19061,#2717);
#977=LINE('',#19062,#2718);
#978=LINE('',#19065,#2719);
#979=LINE('',#19067,#2720);
#980=LINE('',#19068,#2721);
#981=LINE('',#19071,#2722);
#982=LINE('',#19073,#2723);
#983=LINE('',#19074,#2724);
#984=LINE('',#19077,#2725);
#985=LINE('',#19079,#2726);
#986=LINE('',#19080,#2727);
#987=LINE('',#19084,#2728);
#988=LINE('',#19086,#2729);
#989=LINE('',#19088,#2730);
#990=LINE('',#19089,#2731);
#991=LINE('',#19092,#2732);
#992=LINE('',#19094,#2733);
#993=LINE('',#19095,#2734);
#994=LINE('',#19098,#2735);
#995=LINE('',#19100,#2736);
#996=LINE('',#19101,#2737);
#997=LINE('',#19104,#2738);
#998=LINE('',#19106,#2739);
#999=LINE('',#19107,#2740);
#1000=LINE('',#19110,#2741);
#1001=LINE('',#19112,#2742);
#1002=LINE('',#19113,#2743);
#1003=LINE('',#19115,#2744);
#1004=LINE('',#19116,#2745);
#1005=LINE('',#19120,#2746);
#1006=LINE('',#19122,#2747);
#1007=LINE('',#19124,#2748);
#1008=LINE('',#19125,#2749);
#1009=LINE('',#19128,#2750);
#1010=LINE('',#19130,#2751);
#1011=LINE('',#19131,#2752);
#1012=LINE('',#19134,#2753);
#1013=LINE('',#19136,#2754);
#1014=LINE('',#19137,#2755);
#1015=LINE('',#19140,#2756);
#1016=LINE('',#19142,#2757);
#1017=LINE('',#19143,#2758);
#1018=LINE('',#19146,#2759);
#1019=LINE('',#19148,#2760);
#1020=LINE('',#19149,#2761);
#1021=LINE('',#19153,#2762);
#1022=LINE('',#19155,#2763);
#1023=LINE('',#19157,#2764);
#1024=LINE('',#19158,#2765);
#1025=LINE('',#19160,#2766);
#1026=LINE('',#19161,#2767);
#1027=LINE('',#19165,#2768);
#1028=LINE('',#19167,#2769);
#1029=LINE('',#19169,#2770);
#1030=LINE('',#19170,#2771);
#1031=LINE('',#19173,#2772);
#1032=LINE('',#19175,#2773);
#1033=LINE('',#19176,#2774);
#1034=LINE('',#19179,#2775);
#1035=LINE('',#19181,#2776);
#1036=LINE('',#19182,#2777);
#1037=LINE('',#19185,#2778);
#1038=LINE('',#19187,#2779);
#1039=LINE('',#19188,#2780);
#1040=LINE('',#19191,#2781);
#1041=LINE('',#19193,#2782);
#1042=LINE('',#19194,#2783);
#1043=LINE('',#19196,#2784);
#1044=LINE('',#19197,#2785);
#1045=LINE('',#19201,#2786);
#1046=LINE('',#19203,#2787);
#1047=LINE('',#19205,#2788);
#1048=LINE('',#19206,#2789);
#1049=LINE('',#19209,#2790);
#1050=LINE('',#19211,#2791);
#1051=LINE('',#19212,#2792);
#1052=LINE('',#19215,#2793);
#1053=LINE('',#19217,#2794);
#1054=LINE('',#19218,#2795);
#1055=LINE('',#19221,#2796);
#1056=LINE('',#19223,#2797);
#1057=LINE('',#19224,#2798);
#1058=LINE('',#19227,#2799);
#1059=LINE('',#19229,#2800);
#1060=LINE('',#19230,#2801);
#1061=LINE('',#19232,#2802);
#1062=LINE('',#19233,#2803);
#1063=LINE('',#19237,#2804);
#1064=LINE('',#19239,#2805);
#1065=LINE('',#19241,#2806);
#1066=LINE('',#19242,#2807);
#1067=LINE('',#19245,#2808);
#1068=LINE('',#19247,#2809);
#1069=LINE('',#19248,#2810);
#1070=LINE('',#19251,#2811);
#1071=LINE('',#19253,#2812);
#1072=LINE('',#19254,#2813);
#1073=LINE('',#19257,#2814);
#1074=LINE('',#19259,#2815);
#1075=LINE('',#19260,#2816);
#1076=LINE('',#19263,#2817);
#1077=LINE('',#19265,#2818);
#1078=LINE('',#19266,#2819);
#1079=LINE('',#19268,#2820);
#1080=LINE('',#19269,#2821);
#1081=LINE('',#19273,#2822);
#1082=LINE('',#19275,#2823);
#1083=LINE('',#19277,#2824);
#1084=LINE('',#19278,#2825);
#1085=LINE('',#19281,#2826);
#1086=LINE('',#19283,#2827);
#1087=LINE('',#19284,#2828);
#1088=LINE('',#19287,#2829);
#1089=LINE('',#19289,#2830);
#1090=LINE('',#19290,#2831);
#1091=LINE('',#19293,#2832);
#1092=LINE('',#19295,#2833);
#1093=LINE('',#19296,#2834);
#1094=LINE('',#19299,#2835);
#1095=LINE('',#19301,#2836);
#1096=LINE('',#19302,#2837);
#1097=LINE('',#19304,#2838);
#1098=LINE('',#19305,#2839);
#1099=LINE('',#19308,#2840);
#1100=LINE('',#19310,#2841);
#1101=LINE('',#19312,#2842);
#1102=LINE('',#19314,#2843);
#1103=LINE('',#19316,#2844);
#1104=LINE('',#19317,#2845);
#1105=LINE('',#19319,#2846);
#1106=LINE('',#19321,#2847);
#1107=LINE('',#19323,#2848);
#1108=LINE('',#19325,#2849);
#1109=LINE('',#19327,#2850);
#1110=LINE('',#19329,#2851);
#1111=LINE('',#19331,#2852);
#1112=LINE('',#19333,#2853);
#1113=LINE('',#19335,#2854);
#1114=LINE('',#19337,#2855);
#1115=LINE('',#19338,#2856);
#1116=LINE('',#19344,#2857);
#1117=LINE('',#19348,#2858);
#1118=LINE('',#19350,#2859);
#1119=LINE('',#19352,#2860);
#1120=LINE('',#19354,#2861);
#1121=LINE('',#19356,#2862);
#1122=LINE('',#19358,#2863);
#1123=LINE('',#19360,#2864);
#1124=LINE('',#19364,#2865);
#1125=LINE('',#19366,#2866);
#1126=LINE('',#19368,#2867);
#1127=LINE('',#19369,#2868);
#1128=LINE('',#19372,#2869);
#1129=LINE('',#19374,#2870);
#1130=LINE('',#19376,#2871);
#1131=LINE('',#19378,#2872);
#1132=LINE('',#19380,#2873);
#1133=LINE('',#19381,#2874);
#1134=LINE('',#19384,#2875);
#1135=LINE('',#19386,#2876);
#1136=LINE('',#19388,#2877);
#1137=LINE('',#19390,#2878);
#1138=LINE('',#19392,#2879);
#1139=LINE('',#19393,#2880);
#1140=LINE('',#19396,#2881);
#1141=LINE('',#19398,#2882);
#1142=LINE('',#19400,#2883);
#1143=LINE('',#19402,#2884);
#1144=LINE('',#19404,#2885);
#1145=LINE('',#19405,#2886);
#1146=LINE('',#19408,#2887);
#1147=LINE('',#19410,#2888);
#1148=LINE('',#19412,#2889);
#1149=LINE('',#19414,#2890);
#1150=LINE('',#19416,#2891);
#1151=LINE('',#19417,#2892);
#1152=LINE('',#19420,#2893);
#1153=LINE('',#19422,#2894);
#1154=LINE('',#19424,#2895);
#1155=LINE('',#19426,#2896);
#1156=LINE('',#19428,#2897);
#1157=LINE('',#19429,#2898);
#1158=LINE('',#19432,#2899);
#1159=LINE('',#19434,#2900);
#1160=LINE('',#19436,#2901);
#1161=LINE('',#19438,#2902);
#1162=LINE('',#19440,#2903);
#1163=LINE('',#19441,#2904);
#1164=LINE('',#19444,#2905);
#1165=LINE('',#19446,#2906);
#1166=LINE('',#19448,#2907);
#1167=LINE('',#19450,#2908);
#1168=LINE('',#19452,#2909);
#1169=LINE('',#19453,#2910);
#1170=LINE('',#19456,#2911);
#1171=LINE('',#19458,#2912);
#1172=LINE('',#19460,#2913);
#1173=LINE('',#19462,#2914);
#1174=LINE('',#19464,#2915);
#1175=LINE('',#19465,#2916);
#1176=LINE('',#19468,#2917);
#1177=LINE('',#19470,#2918);
#1178=LINE('',#19472,#2919);
#1179=LINE('',#19474,#2920);
#1180=LINE('',#19476,#2921);
#1181=LINE('',#19477,#2922);
#1182=LINE('',#19480,#2923);
#1183=LINE('',#19482,#2924);
#1184=LINE('',#19484,#2925);
#1185=LINE('',#19486,#2926);
#1186=LINE('',#19488,#2927);
#1187=LINE('',#19489,#2928);
#1188=LINE('',#19492,#2929);
#1189=LINE('',#19494,#2930);
#1190=LINE('',#19496,#2931);
#1191=LINE('',#19498,#2932);
#1192=LINE('',#19500,#2933);
#1193=LINE('',#19501,#2934);
#1194=LINE('',#19504,#2935);
#1195=LINE('',#19506,#2936);
#1196=LINE('',#19508,#2937);
#1197=LINE('',#19510,#2938);
#1198=LINE('',#19512,#2939);
#1199=LINE('',#19513,#2940);
#1200=LINE('',#19516,#2941);
#1201=LINE('',#19518,#2942);
#1202=LINE('',#19520,#2943);
#1203=LINE('',#19522,#2944);
#1204=LINE('',#19524,#2945);
#1205=LINE('',#19525,#2946);
#1206=LINE('',#19528,#2947);
#1207=LINE('',#19530,#2948);
#1208=LINE('',#19532,#2949);
#1209=LINE('',#19534,#2950);
#1210=LINE('',#19536,#2951);
#1211=LINE('',#19537,#2952);
#1212=LINE('',#19540,#2953);
#1213=LINE('',#19542,#2954);
#1214=LINE('',#19544,#2955);
#1215=LINE('',#19546,#2956);
#1216=LINE('',#19548,#2957);
#1217=LINE('',#19549,#2958);
#1218=LINE('',#19552,#2959);
#1219=LINE('',#19554,#2960);
#1220=LINE('',#19556,#2961);
#1221=LINE('',#19558,#2962);
#1222=LINE('',#19560,#2963);
#1223=LINE('',#19561,#2964);
#1224=LINE('',#19564,#2965);
#1225=LINE('',#19566,#2966);
#1226=LINE('',#19568,#2967);
#1227=LINE('',#19570,#2968);
#1228=LINE('',#19572,#2969);
#1229=LINE('',#19573,#2970);
#1230=LINE('',#19576,#2971);
#1231=LINE('',#19578,#2972);
#1232=LINE('',#19580,#2973);
#1233=LINE('',#19582,#2974);
#1234=LINE('',#19584,#2975);
#1235=LINE('',#19585,#2976);
#1236=LINE('',#19588,#2977);
#1237=LINE('',#19590,#2978);
#1238=LINE('',#19592,#2979);
#1239=LINE('',#19594,#2980);
#1240=LINE('',#19596,#2981);
#1241=LINE('',#19597,#2982);
#1242=LINE('',#19600,#2983);
#1243=LINE('',#19602,#2984);
#1244=LINE('',#19604,#2985);
#1245=LINE('',#19606,#2986);
#1246=LINE('',#19608,#2987);
#1247=LINE('',#19609,#2988);
#1248=LINE('',#19612,#2989);
#1249=LINE('',#19614,#2990);
#1250=LINE('',#19616,#2991);
#1251=LINE('',#19618,#2992);
#1252=LINE('',#19620,#2993);
#1253=LINE('',#19621,#2994);
#1254=LINE('',#19624,#2995);
#1255=LINE('',#19626,#2996);
#1256=LINE('',#19628,#2997);
#1257=LINE('',#19630,#2998);
#1258=LINE('',#19632,#2999);
#1259=LINE('',#19633,#3000);
#1260=LINE('',#19636,#3001);
#1261=LINE('',#19638,#3002);
#1262=LINE('',#19640,#3003);
#1263=LINE('',#19642,#3004);
#1264=LINE('',#19644,#3005);
#1265=LINE('',#19646,#3006);
#1266=LINE('',#19648,#3007);
#1267=LINE('',#19650,#3008);
#1268=LINE('',#19651,#3009);
#1269=LINE('',#19654,#3010);
#1270=LINE('',#19656,#3011);
#1271=LINE('',#19658,#3012);
#1272=LINE('',#19660,#3013);
#1273=LINE('',#19662,#3014);
#1274=LINE('',#19663,#3015);
#1275=LINE('',#19666,#3016);
#1276=LINE('',#19668,#3017);
#1277=LINE('',#19670,#3018);
#1278=LINE('',#19672,#3019);
#1279=LINE('',#19674,#3020);
#1280=LINE('',#19675,#3021);
#1281=LINE('',#19678,#3022);
#1282=LINE('',#19680,#3023);
#1283=LINE('',#19682,#3024);
#1284=LINE('',#19684,#3025);
#1285=LINE('',#19686,#3026);
#1286=LINE('',#19687,#3027);
#1287=LINE('',#19690,#3028);
#1288=LINE('',#19692,#3029);
#1289=LINE('',#19694,#3030);
#1290=LINE('',#19696,#3031);
#1291=LINE('',#19698,#3032);
#1292=LINE('',#19699,#3033);
#1293=LINE('',#19702,#3034);
#1294=LINE('',#19704,#3035);
#1295=LINE('',#19706,#3036);
#1296=LINE('',#19708,#3037);
#1297=LINE('',#19710,#3038);
#1298=LINE('',#19711,#3039);
#1299=LINE('',#19714,#3040);
#1300=LINE('',#19716,#3041);
#1301=LINE('',#19718,#3042);
#1302=LINE('',#19720,#3043);
#1303=LINE('',#19722,#3044);
#1304=LINE('',#19723,#3045);
#1305=LINE('',#19726,#3046);
#1306=LINE('',#19728,#3047);
#1307=LINE('',#19730,#3048);
#1308=LINE('',#19732,#3049);
#1309=LINE('',#19734,#3050);
#1310=LINE('',#19735,#3051);
#1311=LINE('',#19738,#3052);
#1312=LINE('',#19740,#3053);
#1313=LINE('',#19742,#3054);
#1314=LINE('',#19744,#3055);
#1315=LINE('',#19746,#3056);
#1316=LINE('',#19747,#3057);
#1317=LINE('',#19750,#3058);
#1318=LINE('',#19752,#3059);
#1319=LINE('',#19754,#3060);
#1320=LINE('',#19756,#3061);
#1321=LINE('',#19758,#3062);
#1322=LINE('',#19759,#3063);
#1323=LINE('',#19762,#3064);
#1324=LINE('',#19764,#3065);
#1325=LINE('',#19766,#3066);
#1326=LINE('',#19768,#3067);
#1327=LINE('',#19770,#3068);
#1328=LINE('',#19771,#3069);
#1329=LINE('',#19774,#3070);
#1330=LINE('',#19776,#3071);
#1331=LINE('',#19778,#3072);
#1332=LINE('',#19780,#3073);
#1333=LINE('',#19782,#3074);
#1334=LINE('',#19783,#3075);
#1335=LINE('',#19786,#3076);
#1336=LINE('',#19788,#3077);
#1337=LINE('',#19790,#3078);
#1338=LINE('',#19792,#3079);
#1339=LINE('',#19794,#3080);
#1340=LINE('',#19795,#3081);
#1341=LINE('',#19798,#3082);
#1342=LINE('',#19800,#3083);
#1343=LINE('',#19802,#3084);
#1344=LINE('',#19804,#3085);
#1345=LINE('',#19806,#3086);
#1346=LINE('',#19807,#3087);
#1347=LINE('',#19810,#3088);
#1348=LINE('',#19812,#3089);
#1349=LINE('',#19814,#3090);
#1350=LINE('',#19816,#3091);
#1351=LINE('',#19818,#3092);
#1352=LINE('',#19819,#3093);
#1353=LINE('',#19822,#3094);
#1354=LINE('',#19824,#3095);
#1355=LINE('',#19826,#3096);
#1356=LINE('',#19828,#3097);
#1357=LINE('',#19830,#3098);
#1358=LINE('',#19831,#3099);
#1359=LINE('',#19834,#3100);
#1360=LINE('',#19836,#3101);
#1361=LINE('',#19838,#3102);
#1362=LINE('',#19840,#3103);
#1363=LINE('',#19842,#3104);
#1364=LINE('',#19843,#3105);
#1365=LINE('',#19846,#3106);
#1366=LINE('',#19848,#3107);
#1367=LINE('',#19850,#3108);
#1368=LINE('',#19852,#3109);
#1369=LINE('',#19854,#3110);
#1370=LINE('',#19855,#3111);
#1371=LINE('',#19858,#3112);
#1372=LINE('',#19860,#3113);
#1373=LINE('',#19862,#3114);
#1374=LINE('',#19864,#3115);
#1375=LINE('',#19866,#3116);
#1376=LINE('',#19867,#3117);
#1377=LINE('',#19870,#3118);
#1378=LINE('',#19872,#3119);
#1379=LINE('',#19874,#3120);
#1380=LINE('',#19876,#3121);
#1381=LINE('',#19878,#3122);
#1382=LINE('',#19879,#3123);
#1383=LINE('',#19883,#3124);
#1384=LINE('',#19885,#3125);
#1385=LINE('',#19887,#3126);
#1386=LINE('',#19889,#3127);
#1387=LINE('',#19891,#3128);
#1388=LINE('',#19896,#3129);
#1389=LINE('',#19897,#3130);
#1390=LINE('',#19898,#3131);
#1391=LINE('',#19901,#3132);
#1392=LINE('',#19902,#3133);
#1393=LINE('',#19905,#3134);
#1394=LINE('',#19906,#3135);
#1395=LINE('',#19909,#3136);
#1396=LINE('',#19910,#3137);
#1397=LINE('',#19913,#3138);
#1398=LINE('',#19914,#3139);
#1399=LINE('',#19916,#3140);
#1400=LINE('',#19920,#3141);
#1401=LINE('',#19921,#3142);
#1402=LINE('',#19922,#3143);
#1403=LINE('',#19925,#3144);
#1404=LINE('',#19926,#3145);
#1405=LINE('',#19929,#3146);
#1406=LINE('',#19930,#3147);
#1407=LINE('',#19933,#3148);
#1408=LINE('',#19934,#3149);
#1409=LINE('',#19937,#3150);
#1410=LINE('',#19938,#3151);
#1411=LINE('',#19940,#3152);
#1412=LINE('',#19944,#3153);
#1413=LINE('',#19945,#3154);
#1414=LINE('',#19946,#3155);
#1415=LINE('',#19949,#3156);
#1416=LINE('',#19950,#3157);
#1417=LINE('',#19953,#3158);
#1418=LINE('',#19954,#3159);
#1419=LINE('',#19957,#3160);
#1420=LINE('',#19958,#3161);
#1421=LINE('',#19961,#3162);
#1422=LINE('',#19962,#3163);
#1423=LINE('',#19964,#3164);
#1424=LINE('',#19968,#3165);
#1425=LINE('',#19969,#3166);
#1426=LINE('',#19970,#3167);
#1427=LINE('',#19973,#3168);
#1428=LINE('',#19974,#3169);
#1429=LINE('',#19977,#3170);
#1430=LINE('',#19978,#3171);
#1431=LINE('',#19981,#3172);
#1432=LINE('',#19982,#3173);
#1433=LINE('',#19985,#3174);
#1434=LINE('',#19986,#3175);
#1435=LINE('',#19988,#3176);
#1436=LINE('',#19992,#3177);
#1437=LINE('',#19993,#3178);
#1438=LINE('',#19994,#3179);
#1439=LINE('',#19997,#3180);
#1440=LINE('',#19998,#3181);
#1441=LINE('',#20001,#3182);
#1442=LINE('',#20002,#3183);
#1443=LINE('',#20005,#3184);
#1444=LINE('',#20006,#3185);
#1445=LINE('',#20009,#3186);
#1446=LINE('',#20010,#3187);
#1447=LINE('',#20012,#3188);
#1448=LINE('',#20016,#3189);
#1449=LINE('',#20017,#3190);
#1450=LINE('',#20018,#3191);
#1451=LINE('',#20021,#3192);
#1452=LINE('',#20022,#3193);
#1453=LINE('',#20025,#3194);
#1454=LINE('',#20026,#3195);
#1455=LINE('',#20029,#3196);
#1456=LINE('',#20030,#3197);
#1457=LINE('',#20033,#3198);
#1458=LINE('',#20034,#3199);
#1459=LINE('',#20036,#3200);
#1460=LINE('',#20040,#3201);
#1461=LINE('',#20041,#3202);
#1462=LINE('',#20042,#3203);
#1463=LINE('',#20045,#3204);
#1464=LINE('',#20046,#3205);
#1465=LINE('',#20049,#3206);
#1466=LINE('',#20050,#3207);
#1467=LINE('',#20053,#3208);
#1468=LINE('',#20054,#3209);
#1469=LINE('',#20057,#3210);
#1470=LINE('',#20058,#3211);
#1471=LINE('',#20060,#3212);
#1472=LINE('',#20064,#3213);
#1473=LINE('',#20065,#3214);
#1474=LINE('',#20066,#3215);
#1475=LINE('',#20069,#3216);
#1476=LINE('',#20070,#3217);
#1477=LINE('',#20073,#3218);
#1478=LINE('',#20074,#3219);
#1479=LINE('',#20077,#3220);
#1480=LINE('',#20078,#3221);
#1481=LINE('',#20081,#3222);
#1482=LINE('',#20082,#3223);
#1483=LINE('',#20084,#3224);
#1484=LINE('',#20088,#3225);
#1485=LINE('',#20089,#3226);
#1486=LINE('',#20090,#3227);
#1487=LINE('',#20093,#3228);
#1488=LINE('',#20094,#3229);
#1489=LINE('',#20097,#3230);
#1490=LINE('',#20098,#3231);
#1491=LINE('',#20101,#3232);
#1492=LINE('',#20102,#3233);
#1493=LINE('',#20105,#3234);
#1494=LINE('',#20106,#3235);
#1495=LINE('',#20108,#3236);
#1496=LINE('',#20112,#3237);
#1497=LINE('',#20113,#3238);
#1498=LINE('',#20114,#3239);
#1499=LINE('',#20117,#3240);
#1500=LINE('',#20118,#3241);
#1501=LINE('',#20121,#3242);
#1502=LINE('',#20122,#3243);
#1503=LINE('',#20125,#3244);
#1504=LINE('',#20126,#3245);
#1505=LINE('',#20129,#3246);
#1506=LINE('',#20130,#3247);
#1507=LINE('',#20132,#3248);
#1508=LINE('',#20136,#3249);
#1509=LINE('',#20137,#3250);
#1510=LINE('',#20138,#3251);
#1511=LINE('',#20141,#3252);
#1512=LINE('',#20142,#3253);
#1513=LINE('',#20145,#3254);
#1514=LINE('',#20146,#3255);
#1515=LINE('',#20149,#3256);
#1516=LINE('',#20150,#3257);
#1517=LINE('',#20153,#3258);
#1518=LINE('',#20154,#3259);
#1519=LINE('',#20156,#3260);
#1520=LINE('',#20160,#3261);
#1521=LINE('',#20161,#3262);
#1522=LINE('',#20162,#3263);
#1523=LINE('',#20165,#3264);
#1524=LINE('',#20166,#3265);
#1525=LINE('',#20169,#3266);
#1526=LINE('',#20170,#3267);
#1527=LINE('',#20173,#3268);
#1528=LINE('',#20174,#3269);
#1529=LINE('',#20177,#3270);
#1530=LINE('',#20178,#3271);
#1531=LINE('',#20180,#3272);
#1532=LINE('',#20184,#3273);
#1533=LINE('',#20185,#3274);
#1534=LINE('',#20186,#3275);
#1535=LINE('',#20189,#3276);
#1536=LINE('',#20190,#3277);
#1537=LINE('',#20193,#3278);
#1538=LINE('',#20194,#3279);
#1539=LINE('',#20197,#3280);
#1540=LINE('',#20198,#3281);
#1541=LINE('',#20201,#3282);
#1542=LINE('',#20202,#3283);
#1543=LINE('',#20204,#3284);
#1544=LINE('',#20208,#3285);
#1545=LINE('',#20209,#3286);
#1546=LINE('',#20210,#3287);
#1547=LINE('',#20213,#3288);
#1548=LINE('',#20214,#3289);
#1549=LINE('',#20217,#3290);
#1550=LINE('',#20218,#3291);
#1551=LINE('',#20221,#3292);
#1552=LINE('',#20222,#3293);
#1553=LINE('',#20225,#3294);
#1554=LINE('',#20226,#3295);
#1555=LINE('',#20228,#3296);
#1556=LINE('',#20232,#3297);
#1557=LINE('',#20233,#3298);
#1558=LINE('',#20234,#3299);
#1559=LINE('',#20237,#3300);
#1560=LINE('',#20238,#3301);
#1561=LINE('',#20241,#3302);
#1562=LINE('',#20242,#3303);
#1563=LINE('',#20245,#3304);
#1564=LINE('',#20246,#3305);
#1565=LINE('',#20249,#3306);
#1566=LINE('',#20250,#3307);
#1567=LINE('',#20252,#3308);
#1568=LINE('',#20256,#3309);
#1569=LINE('',#20257,#3310);
#1570=LINE('',#20258,#3311);
#1571=LINE('',#20261,#3312);
#1572=LINE('',#20262,#3313);
#1573=LINE('',#20265,#3314);
#1574=LINE('',#20266,#3315);
#1575=LINE('',#20269,#3316);
#1576=LINE('',#20270,#3317);
#1577=LINE('',#20273,#3318);
#1578=LINE('',#20274,#3319);
#1579=LINE('',#20276,#3320);
#1580=LINE('',#20280,#3321);
#1581=LINE('',#20281,#3322);
#1582=LINE('',#20282,#3323);
#1583=LINE('',#20285,#3324);
#1584=LINE('',#20286,#3325);
#1585=LINE('',#20289,#3326);
#1586=LINE('',#20290,#3327);
#1587=LINE('',#20293,#3328);
#1588=LINE('',#20294,#3329);
#1589=LINE('',#20297,#3330);
#1590=LINE('',#20298,#3331);
#1591=LINE('',#20300,#3332);
#1592=LINE('',#20304,#3333);
#1593=LINE('',#20305,#3334);
#1594=LINE('',#20306,#3335);
#1595=LINE('',#20309,#3336);
#1596=LINE('',#20310,#3337);
#1597=LINE('',#20313,#3338);
#1598=LINE('',#20314,#3339);
#1599=LINE('',#20317,#3340);
#1600=LINE('',#20318,#3341);
#1601=LINE('',#20321,#3342);
#1602=LINE('',#20322,#3343);
#1603=LINE('',#20324,#3344);
#1604=LINE('',#20328,#3345);
#1605=LINE('',#20329,#3346);
#1606=LINE('',#20330,#3347);
#1607=LINE('',#20333,#3348);
#1608=LINE('',#20334,#3349);
#1609=LINE('',#20337,#3350);
#1610=LINE('',#20338,#3351);
#1611=LINE('',#20341,#3352);
#1612=LINE('',#20342,#3353);
#1613=LINE('',#20345,#3354);
#1614=LINE('',#20346,#3355);
#1615=LINE('',#20348,#3356);
#1616=LINE('',#20352,#3357);
#1617=LINE('',#20353,#3358);
#1618=LINE('',#20354,#3359);
#1619=LINE('',#20358,#3360);
#1620=LINE('',#20359,#3361);
#1621=LINE('',#20360,#3362);
#1622=LINE('',#20363,#3363);
#1623=LINE('',#20364,#3364);
#1624=LINE('',#20367,#3365);
#1625=LINE('',#20368,#3366);
#1626=LINE('',#20370,#3367);
#1627=LINE('',#20374,#3368);
#1628=LINE('',#20375,#3369);
#1629=LINE('',#20376,#3370);
#1630=LINE('',#20379,#3371);
#1631=LINE('',#20380,#3372);
#1632=LINE('',#20383,#3373);
#1633=LINE('',#20384,#3374);
#1634=LINE('',#20387,#3375);
#1635=LINE('',#20388,#3376);
#1636=LINE('',#20391,#3377);
#1637=LINE('',#20392,#3378);
#1638=LINE('',#20394,#3379);
#1639=LINE('',#20398,#3380);
#1640=LINE('',#20399,#3381);
#1641=LINE('',#20400,#3382);
#1642=LINE('',#20403,#3383);
#1643=LINE('',#20404,#3384);
#1644=LINE('',#20407,#3385);
#1645=LINE('',#20408,#3386);
#1646=LINE('',#20411,#3387);
#1647=LINE('',#20412,#3388);
#1648=LINE('',#20415,#3389);
#1649=LINE('',#20416,#3390);
#1650=LINE('',#20418,#3391);
#1651=LINE('',#20422,#3392);
#1652=LINE('',#20423,#3393);
#1653=LINE('',#20424,#3394);
#1654=LINE('',#20427,#3395);
#1655=LINE('',#20428,#3396);
#1656=LINE('',#20431,#3397);
#1657=LINE('',#20432,#3398);
#1658=LINE('',#20435,#3399);
#1659=LINE('',#20436,#3400);
#1660=LINE('',#20439,#3401);
#1661=LINE('',#20440,#3402);
#1662=LINE('',#20442,#3403);
#1663=LINE('',#20446,#3404);
#1664=LINE('',#20447,#3405);
#1665=LINE('',#20448,#3406);
#1666=LINE('',#20451,#3407);
#1667=LINE('',#20452,#3408);
#1668=LINE('',#20455,#3409);
#1669=LINE('',#20456,#3410);
#1670=LINE('',#20459,#3411);
#1671=LINE('',#20460,#3412);
#1672=LINE('',#20463,#3413);
#1673=LINE('',#20464,#3414);
#1674=LINE('',#20467,#3415);
#1675=LINE('',#20468,#3416);
#1676=LINE('',#20471,#3417);
#1677=LINE('',#20472,#3418);
#1678=LINE('',#20475,#3419);
#1679=LINE('',#20476,#3420);
#1680=LINE('',#20478,#3421);
#1681=LINE('',#20482,#3422);
#1682=LINE('',#20483,#3423);
#1683=LINE('',#20484,#3424);
#1684=LINE('',#20487,#3425);
#1685=LINE('',#20488,#3426);
#1686=LINE('',#20491,#3427);
#1687=LINE('',#20492,#3428);
#1688=LINE('',#20495,#3429);
#1689=LINE('',#20496,#3430);
#1690=LINE('',#20499,#3431);
#1691=LINE('',#20500,#3432);
#1692=LINE('',#20502,#3433);
#1693=LINE('',#20506,#3434);
#1694=LINE('',#20507,#3435);
#1695=LINE('',#20508,#3436);
#1696=LINE('',#20511,#3437);
#1697=LINE('',#20512,#3438);
#1698=LINE('',#20515,#3439);
#1699=LINE('',#20516,#3440);
#1700=LINE('',#20519,#3441);
#1701=LINE('',#20520,#3442);
#1702=LINE('',#20523,#3443);
#1703=LINE('',#20524,#3444);
#1704=LINE('',#20526,#3445);
#1705=LINE('',#20530,#3446);
#1706=LINE('',#20531,#3447);
#1707=LINE('',#20532,#3448);
#1708=LINE('',#20535,#3449);
#1709=LINE('',#20536,#3450);
#1710=LINE('',#20539,#3451);
#1711=LINE('',#20540,#3452);
#1712=LINE('',#20543,#3453);
#1713=LINE('',#20544,#3454);
#1714=LINE('',#20547,#3455);
#1715=LINE('',#20548,#3456);
#1716=LINE('',#20550,#3457);
#1717=LINE('',#20554,#3458);
#1718=LINE('',#20555,#3459);
#1719=LINE('',#20556,#3460);
#1720=LINE('',#20559,#3461);
#1721=LINE('',#20560,#3462);
#1722=LINE('',#20563,#3463);
#1723=LINE('',#20564,#3464);
#1724=LINE('',#20567,#3465);
#1725=LINE('',#20568,#3466);
#1726=LINE('',#20571,#3467);
#1727=LINE('',#20572,#3468);
#1728=LINE('',#20574,#3469);
#1729=LINE('',#20578,#3470);
#1730=LINE('',#20579,#3471);
#1731=LINE('',#20580,#3472);
#1732=LINE('',#20583,#3473);
#1733=LINE('',#20584,#3474);
#1734=LINE('',#20587,#3475);
#1735=LINE('',#20588,#3476);
#1736=LINE('',#20591,#3477);
#1737=LINE('',#20592,#3478);
#1738=LINE('',#20595,#3479);
#1739=LINE('',#20596,#3480);
#1740=LINE('',#20600,#3481);
#1741=LINE('',#20601,#3482);
#1742=LINE('',#20602,#3483);
#1743=LINE('',#20605,#3484);
#1744=LINE('',#20606,#3485);
#1745=LINE('',#20609,#3486);
#1746=LINE('',#20610,#3487);
#1747=LINE('',#20613,#3488);
#1748=LINE('',#20614,#3489);
#1749=LINE('',#20617,#3490);
#1750=LINE('',#20618,#3491);
#1751=LINE('',#20620,#3492);
#1752=LINE('',#20624,#3493);
#1753=LINE('',#20625,#3494);
#1754=LINE('',#20626,#3495);
#1755=LINE('',#20629,#3496);
#1756=LINE('',#20630,#3497);
#1757=LINE('',#20633,#3498);
#1758=LINE('',#20634,#3499);
#1759=LINE('',#20637,#3500);
#1760=LINE('',#20638,#3501);
#1761=LINE('',#20641,#3502);
#1762=LINE('',#20642,#3503);
#1763=LINE('',#20644,#3504);
#1764=LINE('',#20648,#3505);
#1765=LINE('',#20649,#3506);
#1766=LINE('',#20650,#3507);
#1767=LINE('',#20653,#3508);
#1768=LINE('',#20654,#3509);
#1769=LINE('',#20657,#3510);
#1770=LINE('',#20658,#3511);
#1771=LINE('',#20661,#3512);
#1772=LINE('',#20662,#3513);
#1773=LINE('',#20665,#3514);
#1774=LINE('',#20666,#3515);
#1775=LINE('',#20668,#3516);
#1776=LINE('',#20672,#3517);
#1777=LINE('',#20673,#3518);
#1778=LINE('',#20674,#3519);
#1779=LINE('',#20677,#3520);
#1780=LINE('',#20678,#3521);
#1781=LINE('',#20681,#3522);
#1782=LINE('',#20682,#3523);
#1783=LINE('',#20685,#3524);
#1784=LINE('',#20686,#3525);
#1785=LINE('',#20689,#3526);
#1786=LINE('',#20690,#3527);
#1787=LINE('',#20692,#3528);
#1788=LINE('',#20696,#3529);
#1789=LINE('',#20697,#3530);
#1790=LINE('',#20698,#3531);
#1791=LINE('',#20701,#3532);
#1792=LINE('',#20702,#3533);
#1793=LINE('',#20705,#3534);
#1794=LINE('',#20706,#3535);
#1795=LINE('',#20709,#3536);
#1796=LINE('',#20710,#3537);
#1797=LINE('',#20713,#3538);
#1798=LINE('',#20714,#3539);
#1799=LINE('',#20716,#3540);
#1800=LINE('',#20720,#3541);
#1801=LINE('',#20721,#3542);
#1802=LINE('',#20722,#3543);
#1803=LINE('',#20725,#3544);
#1804=LINE('',#20726,#3545);
#1805=LINE('',#20729,#3546);
#1806=LINE('',#20730,#3547);
#1807=LINE('',#20733,#3548);
#1808=LINE('',#20734,#3549);
#1809=LINE('',#20737,#3550);
#1810=LINE('',#20738,#3551);
#1811=LINE('',#20740,#3552);
#1812=LINE('',#20744,#3553);
#1813=LINE('',#20745,#3554);
#1814=LINE('',#20746,#3555);
#1815=LINE('',#20749,#3556);
#1816=LINE('',#20750,#3557);
#1817=LINE('',#20753,#3558);
#1818=LINE('',#20754,#3559);
#1819=LINE('',#20757,#3560);
#1820=LINE('',#20758,#3561);
#1821=LINE('',#20761,#3562);
#1822=LINE('',#20762,#3563);
#1823=LINE('',#20764,#3564);
#1824=LINE('',#20768,#3565);
#1825=LINE('',#20769,#3566);
#1826=LINE('',#20770,#3567);
#1827=LINE('',#20773,#3568);
#1828=LINE('',#20774,#3569);
#1829=LINE('',#20777,#3570);
#1830=LINE('',#20778,#3571);
#1831=LINE('',#20781,#3572);
#1832=LINE('',#20782,#3573);
#1833=LINE('',#20785,#3574);
#1834=LINE('',#20786,#3575);
#1835=LINE('',#20788,#3576);
#1836=LINE('',#20792,#3577);
#1837=LINE('',#20793,#3578);
#1838=LINE('',#20794,#3579);
#1839=LINE('',#20797,#3580);
#1840=LINE('',#20798,#3581);
#1841=LINE('',#20801,#3582);
#1842=LINE('',#20802,#3583);
#1843=LINE('',#20805,#3584);
#1844=LINE('',#20806,#3585);
#1845=LINE('',#20809,#3586);
#1846=LINE('',#20810,#3587);
#1847=LINE('',#20812,#3588);
#1848=LINE('',#20816,#3589);
#1849=LINE('',#20817,#3590);
#1850=LINE('',#20818,#3591);
#1851=LINE('',#20821,#3592);
#1852=LINE('',#20822,#3593);
#1853=LINE('',#20825,#3594);
#1854=LINE('',#20826,#3595);
#1855=LINE('',#20829,#3596);
#1856=LINE('',#20830,#3597);
#1857=LINE('',#20833,#3598);
#1858=LINE('',#20834,#3599);
#1859=LINE('',#20836,#3600);
#1860=LINE('',#20840,#3601);
#1861=LINE('',#20841,#3602);
#1862=LINE('',#20842,#3603);
#1863=LINE('',#20845,#3604);
#1864=LINE('',#20846,#3605);
#1865=LINE('',#20850,#3606);
#1866=LINE('',#20851,#3607);
#1867=LINE('',#20852,#3608);
#1868=LINE('',#20855,#3609);
#1869=LINE('',#20856,#3610);
#1870=LINE('',#20859,#3611);
#1871=LINE('',#20860,#3612);
#1872=LINE('',#20863,#3613);
#1873=LINE('',#20864,#3614);
#1874=LINE('',#20866,#3615);
#1875=LINE('',#20870,#3616);
#1876=LINE('',#20871,#3617);
#1877=LINE('',#20872,#3618);
#1878=LINE('',#20875,#3619);
#1879=LINE('',#20876,#3620);
#1880=LINE('',#20879,#3621);
#1881=LINE('',#20880,#3622);
#1882=LINE('',#20883,#3623);
#1883=LINE('',#20884,#3624);
#1884=LINE('',#20887,#3625);
#1885=LINE('',#20888,#3626);
#1886=LINE('',#20890,#3627);
#1887=LINE('',#20894,#3628);
#1888=LINE('',#20895,#3629);
#1889=LINE('',#20896,#3630);
#1890=LINE('',#20899,#3631);
#1891=LINE('',#20900,#3632);
#1892=LINE('',#20903,#3633);
#1893=LINE('',#20904,#3634);
#1894=LINE('',#20907,#3635);
#1895=LINE('',#20908,#3636);
#1896=LINE('',#20911,#3637);
#1897=LINE('',#20912,#3638);
#1898=LINE('',#20914,#3639);
#1899=LINE('',#20918,#3640);
#1900=LINE('',#20919,#3641);
#1901=LINE('',#20920,#3642);
#1902=LINE('',#20923,#3643);
#1903=LINE('',#20924,#3644);
#1904=LINE('',#20927,#3645);
#1905=LINE('',#20928,#3646);
#1906=LINE('',#20931,#3647);
#1907=LINE('',#20932,#3648);
#1908=LINE('',#20935,#3649);
#1909=LINE('',#20936,#3650);
#1910=LINE('',#20938,#3651);
#1911=LINE('',#20942,#3652);
#1912=LINE('',#20943,#3653);
#1913=LINE('',#20944,#3654);
#1914=LINE('',#20947,#3655);
#1915=LINE('',#20948,#3656);
#1916=LINE('',#20951,#3657);
#1917=LINE('',#20952,#3658);
#1918=LINE('',#20955,#3659);
#1919=LINE('',#20956,#3660);
#1920=LINE('',#20959,#3661);
#1921=LINE('',#20960,#3662);
#1922=LINE('',#20962,#3663);
#1923=LINE('',#20966,#3664);
#1924=LINE('',#20967,#3665);
#1925=LINE('',#20968,#3666);
#1926=LINE('',#20971,#3667);
#1927=LINE('',#20972,#3668);
#1928=LINE('',#20975,#3669);
#1929=LINE('',#20976,#3670);
#1930=LINE('',#20979,#3671);
#1931=LINE('',#20980,#3672);
#1932=LINE('',#20983,#3673);
#1933=LINE('',#20984,#3674);
#1934=LINE('',#20988,#3675);
#1935=LINE('',#20989,#3676);
#1936=LINE('',#20990,#3677);
#1937=LINE('',#20993,#3678);
#1938=LINE('',#20994,#3679);
#1939=LINE('',#20997,#3680);
#1940=LINE('',#20998,#3681);
#1941=LINE('',#21001,#3682);
#1942=LINE('',#21002,#3683);
#1943=LINE('',#21005,#3684);
#1944=LINE('',#21006,#3685);
#1945=LINE('',#21008,#3686);
#1946=LINE('',#21013,#3687);
#1947=LINE('',#21019,#3688);
#1948=LINE('',#21025,#3689);
#1949=LINE('',#21029,#3690);
#1950=LINE('',#21033,#3691);
#1951=LINE('',#21037,#3692);
#1952=LINE('',#21041,#3693);
#1953=LINE('',#21045,#3694);
#1954=LINE('',#21047,#3695);
#1955=LINE('',#21048,#3696);
#1956=LINE('',#21049,#3697);
#1957=LINE('',#21050,#3698);
#1958=LINE('',#21052,#3699);
#1959=LINE('',#21053,#3700);
#1960=LINE('',#21055,#3701);
#1961=LINE('',#21056,#3702);
#1962=LINE('',#21061,#3703);
#1963=LINE('',#21067,#3704);
#1964=LINE('',#21068,#3705);
#1965=LINE('',#21070,#3706);
#1966=LINE('',#21073,#3707);
#1967=LINE('',#21074,#3708);
#1968=LINE('',#21076,#3709);
#1969=LINE('',#21077,#3710);
#1970=LINE('',#21079,#3711);
#1971=LINE('',#21080,#3712);
#1972=LINE('',#21083,#3713);
#1973=LINE('',#21085,#3714);
#1974=LINE('',#21086,#3715);
#1975=LINE('',#21088,#3716);
#1976=LINE('',#21089,#3717);
#1977=LINE('',#21093,#3718);
#1978=LINE('',#21102,#3719);
#1979=LINE('',#21110,#3720);
#1980=LINE('',#21111,#3721);
#1981=LINE('',#21113,#3722);
#1982=VECTOR('',#14172,10.);
#1983=VECTOR('',#14173,10.);
#1984=VECTOR('',#14174,10.);
#1985=VECTOR('',#14177,10.);
#1986=VECTOR('',#14178,10.);
#1987=VECTOR('',#14179,10.);
#1988=VECTOR('',#14182,10.);
#1989=VECTOR('',#14185,10.);
#1990=VECTOR('',#14188,10.);
#1991=VECTOR('',#14189,10.);
#1992=VECTOR('',#14190,10.);
#1993=VECTOR('',#14191,10.);
#1994=VECTOR('',#14192,10.);
#1995=VECTOR('',#14193,10.);
#1996=VECTOR('',#14194,10.);
#1997=VECTOR('',#14195,10.);
#1998=VECTOR('',#14196,10.);
#1999=VECTOR('',#14197,10.);
#2000=VECTOR('',#14198,10.);
#2001=VECTOR('',#14199,10.);
#2002=VECTOR('',#14200,10.);
#2003=VECTOR('',#14201,10.);
#2004=VECTOR('',#14202,10.);
#2005=VECTOR('',#14203,10.);
#2006=VECTOR('',#14204,10.);
#2007=VECTOR('',#14205,10.);
#2008=VECTOR('',#14208,10.);
#2009=VECTOR('',#14209,10.);
#2010=VECTOR('',#14210,10.);
#2011=VECTOR('',#14211,10.);
#2012=VECTOR('',#14212,10.);
#2013=VECTOR('',#14215,10.);
#2014=VECTOR('',#14216,10.);
#2015=VECTOR('',#14217,10.);
#2016=VECTOR('',#14218,10.);
#2017=VECTOR('',#14219,10.);
#2018=VECTOR('',#14220,10.);
#2019=VECTOR('',#14221,10.);
#2020=VECTOR('',#14224,10.);
#2021=VECTOR('',#14225,10.);
#2022=VECTOR('',#14226,10.);
#2023=VECTOR('',#14227,10.);
#2024=VECTOR('',#14228,10.);
#2025=VECTOR('',#14231,10.);
#2026=VECTOR('',#14234,10.);
#2027=VECTOR('',#14237,10.);
#2028=VECTOR('',#14240,10.);
#2029=VECTOR('',#14243,10.);
#2030=VECTOR('',#14270,10.);
#2031=VECTOR('',#14271,10.);
#2032=VECTOR('',#14272,10.);
#2033=VECTOR('',#14275,10.);
#2034=VECTOR('',#14276,10.);
#2035=VECTOR('',#14277,10.);
#2036=VECTOR('',#14278,10.);
#2037=VECTOR('',#14279,10.);
#2038=VECTOR('',#14280,10.);
#2039=VECTOR('',#14287,10.);
#2040=VECTOR('',#14288,10.);
#2041=VECTOR('',#14289,10.);
#2042=VECTOR('',#14290,10.);
#2043=VECTOR('',#14291,10.);
#2044=VECTOR('',#14292,10.);
#2045=VECTOR('',#14293,10.);
#2046=VECTOR('',#14294,10.);
#2047=VECTOR('',#14295,10.);
#2048=VECTOR('',#14296,10.);
#2049=VECTOR('',#14297,10.);
#2050=VECTOR('',#14298,10.);
#2051=VECTOR('',#14299,10.);
#2052=VECTOR('',#14302,10.);
#2053=VECTOR('',#14303,10.);
#2054=VECTOR('',#14308,1.4);
#2055=VECTOR('',#14315,1.4);
#2056=VECTOR('',#14326,1.4);
#2057=VECTOR('',#14331,1.4);
#2058=VECTOR('',#14340,10.);
#2059=VECTOR('',#14343,10.);
#2060=VECTOR('',#14344,10.);
#2061=VECTOR('',#14345,10.);
#2062=VECTOR('',#14346,10.);
#2063=VECTOR('',#14347,10.);
#2064=VECTOR('',#14348,10.);
#2065=VECTOR('',#14351,10.);
#2066=VECTOR('',#14354,10.);
#2067=VECTOR('',#14355,10.);
#2068=VECTOR('',#14356,10.);
#2069=VECTOR('',#14357,10.);
#2070=VECTOR('',#14358,10.);
#2071=VECTOR('',#14359,10.);
#2072=VECTOR('',#14360,10.);
#2073=VECTOR('',#14361,10.);
#2074=VECTOR('',#14362,10.);
#2075=VECTOR('',#14363,10.);
#2076=VECTOR('',#14364,10.);
#2077=VECTOR('',#14365,10.);
#2078=VECTOR('',#14366,10.);
#2079=VECTOR('',#14367,10.);
#2080=VECTOR('',#14368,10.);
#2081=VECTOR('',#14369,10.);
#2082=VECTOR('',#14372,10.);
#2083=VECTOR('',#14375,10.);
#2084=VECTOR('',#14378,10.);
#2085=VECTOR('',#14383,1.4);
#2086=VECTOR('',#14388,1.4);
#2087=VECTOR('',#14395,1.4);
#2088=VECTOR('',#14404,10.);
#2089=VECTOR('',#14411,1.4);
#2090=VECTOR('',#14418,10.);
#2091=VECTOR('',#14419,10.);
#2092=VECTOR('',#14420,10.);
#2093=VECTOR('',#14421,10.);
#2094=VECTOR('',#14422,10.);
#2095=VECTOR('',#14427,10.);
#2096=VECTOR('',#14428,10.);
#2097=VECTOR('',#14429,10.);
#2098=VECTOR('',#14432,10.);
#2099=VECTOR('',#14433,10.);
#2100=VECTOR('',#14436,10.);
#2101=VECTOR('',#14437,10.);
#2102=VECTOR('',#14440,10.);
#2103=VECTOR('',#14443,10.);
#2104=VECTOR('',#14444,10.);
#2105=VECTOR('',#14447,10.);
#2106=VECTOR('',#14448,10.);
#2107=VECTOR('',#14451,10.);
#2108=VECTOR('',#14454,10.);
#2109=VECTOR('',#14455,10.);
#2110=VECTOR('',#14456,10.);
#2111=VECTOR('',#14457,10.);
#2112=VECTOR('',#14460,10.);
#2113=VECTOR('',#14461,10.);
#2114=VECTOR('',#14464,10.);
#2115=VECTOR('',#14465,10.);
#2116=VECTOR('',#14468,10.);
#2117=VECTOR('',#14469,10.);
#2118=VECTOR('',#14470,10.);
#2119=VECTOR('',#14473,10.);
#2120=VECTOR('',#14474,10.);
#2121=VECTOR('',#14477,10.);
#2122=VECTOR('',#14478,10.);
#2123=VECTOR('',#14479,10.);
#2124=VECTOR('',#14482,10.);
#2125=VECTOR('',#14483,10.);
#2126=VECTOR('',#14486,10.);
#2127=VECTOR('',#14487,10.);
#2128=VECTOR('',#14490,10.);
#2129=VECTOR('',#14493,10.);
#2130=VECTOR('',#14494,10.);
#2131=VECTOR('',#14495,10.);
#2132=VECTOR('',#14498,10.);
#2133=VECTOR('',#14501,10.);
#2134=VECTOR('',#14502,10.);
#2135=VECTOR('',#14505,10.);
#2136=VECTOR('',#14506,10.);
#2137=VECTOR('',#14509,10.);
#2138=VECTOR('',#14510,10.);
#2139=VECTOR('',#14511,10.);
#2140=VECTOR('',#14512,10.);
#2141=VECTOR('',#14513,10.);
#2142=VECTOR('',#14516,10.);
#2143=VECTOR('',#14517,10.);
#2144=VECTOR('',#14520,10.);
#2145=VECTOR('',#14521,10.);
#2146=VECTOR('',#14522,10.);
#2147=VECTOR('',#14525,10.);
#2148=VECTOR('',#14528,10.);
#2149=VECTOR('',#14531,10.);
#2150=VECTOR('',#14532,10.);
#2151=VECTOR('',#14533,10.);
#2152=VECTOR('',#14536,10.);
#2153=VECTOR('',#14537,10.);
#2154=VECTOR('',#14540,10.);
#2155=VECTOR('',#14541,10.);
#2156=VECTOR('',#14544,10.);
#2157=VECTOR('',#14547,10.);
#2158=VECTOR('',#14548,10.);
#2159=VECTOR('',#14551,10.);
#2160=VECTOR('',#14552,10.);
#2161=VECTOR('',#14555,10.);
#2162=VECTOR('',#14558,10.);
#2163=VECTOR('',#14559,10.);
#2164=VECTOR('',#14560,10.);
#2165=VECTOR('',#14561,10.);
#2166=VECTOR('',#14564,10.);
#2167=VECTOR('',#14565,10.);
#2168=VECTOR('',#14566,10.);
#2169=VECTOR('',#14567,10.);
#2170=VECTOR('',#14570,10.);
#2171=VECTOR('',#14571,10.);
#2172=VECTOR('',#14574,10.);
#2173=VECTOR('',#14575,10.);
#2174=VECTOR('',#14578,10.);
#2175=VECTOR('',#14581,10.);
#2176=VECTOR('',#14582,10.);
#2177=VECTOR('',#14583,10.);
#2178=VECTOR('',#14586,10.);
#2179=VECTOR('',#14587,10.);
#2180=VECTOR('',#14590,10.);
#2181=VECTOR('',#14591,10.);
#2182=VECTOR('',#14594,10.);
#2183=VECTOR('',#14597,10.);
#2184=VECTOR('',#14598,10.);
#2185=VECTOR('',#14599,10.);
#2186=VECTOR('',#14600,10.);
#2187=VECTOR('',#14603,10.);
#2188=VECTOR('',#14606,10.);
#2189=VECTOR('',#14609,10.);
#2190=VECTOR('',#14610,10.);
#2191=VECTOR('',#14611,10.);
#2192=VECTOR('',#14612,10.);
#2193=VECTOR('',#14615,10.);
#2194=VECTOR('',#14616,10.);
#2195=VECTOR('',#14619,10.);
#2196=VECTOR('',#14620,10.);
#2197=VECTOR('',#14623,10.);
#2198=VECTOR('',#14624,10.);
#2199=VECTOR('',#14625,10.);
#2200=VECTOR('',#14628,10.);
#2201=VECTOR('',#14631,10.);
#2202=VECTOR('',#14632,10.);
#2203=VECTOR('',#14637,14.);
#2204=VECTOR('',#14650,14.);
#2205=VECTOR('',#14653,10.);
#2206=VECTOR('',#14654,10.);
#2207=VECTOR('',#14657,10.);
#2208=VECTOR('',#14658,10.);
#2209=VECTOR('',#14661,10.);
#2210=VECTOR('',#14662,10.);
#2211=VECTOR('',#14665,10.);
#2212=VECTOR('',#14668,10.);
#2213=VECTOR('',#14671,10.);
#2214=VECTOR('',#14674,10.);
#2215=VECTOR('',#14693,10.);
#2216=VECTOR('',#14694,10.);
#2217=VECTOR('',#14695,10.);
#2218=VECTOR('',#14696,10.);
#2219=VECTOR('',#14697,10.);
#2220=VECTOR('',#14698,10.);
#2221=VECTOR('',#14699,10.);
#2222=VECTOR('',#14700,10.);
#2223=VECTOR('',#14701,10.);
#2224=VECTOR('',#14704,10.);
#2225=VECTOR('',#14705,10.);
#2226=VECTOR('',#14706,10.);
#2227=VECTOR('',#14707,10.);
#2228=VECTOR('',#14708,10.);
#2229=VECTOR('',#14709,10.);
#2230=VECTOR('',#14710,10.);
#2231=VECTOR('',#14711,10.);
#2232=VECTOR('',#14712,10.);
#2233=VECTOR('',#14713,10.);
#2234=VECTOR('',#14714,10.);
#2235=VECTOR('',#14715,10.);
#2236=VECTOR('',#14716,10.);
#2237=VECTOR('',#14717,10.);
#2238=VECTOR('',#14718,10.);
#2239=VECTOR('',#14719,10.);
#2240=VECTOR('',#14720,10.);
#2241=VECTOR('',#14721,10.);
#2242=VECTOR('',#14722,10.);
#2243=VECTOR('',#14723,10.);
#2244=VECTOR('',#14724,10.);
#2245=VECTOR('',#14725,10.);
#2246=VECTOR('',#14726,10.);
#2247=VECTOR('',#14727,10.);
#2248=VECTOR('',#14728,10.);
#2249=VECTOR('',#14729,10.);
#2250=VECTOR('',#14730,10.);
#2251=VECTOR('',#14731,10.);
#2252=VECTOR('',#14732,10.);
#2253=VECTOR('',#14733,10.);
#2254=VECTOR('',#14734,10.);
#2255=VECTOR('',#14735,10.);
#2256=VECTOR('',#14736,10.);
#2257=VECTOR('',#14737,10.);
#2258=VECTOR('',#14738,10.);
#2259=VECTOR('',#14739,10.);
#2260=VECTOR('',#14740,10.);
#2261=VECTOR('',#14741,10.);
#2262=VECTOR('',#14742,10.);
#2263=VECTOR('',#14743,10.);
#2264=VECTOR('',#14744,10.);
#2265=VECTOR('',#14745,10.);
#2266=VECTOR('',#14746,10.);
#2267=VECTOR('',#14747,10.);
#2268=VECTOR('',#14748,10.);
#2269=VECTOR('',#14749,10.);
#2270=VECTOR('',#14750,10.);
#2271=VECTOR('',#14751,10.);
#2272=VECTOR('',#14752,10.);
#2273=VECTOR('',#14753,10.);
#2274=VECTOR('',#14754,10.);
#2275=VECTOR('',#14755,10.);
#2276=VECTOR('',#14756,10.);
#2277=VECTOR('',#14757,10.);
#2278=VECTOR('',#14758,10.);
#2279=VECTOR('',#14759,10.);
#2280=VECTOR('',#14760,10.);
#2281=VECTOR('',#14761,10.);
#2282=VECTOR('',#14762,10.);
#2283=VECTOR('',#14763,10.);
#2284=VECTOR('',#14764,10.);
#2285=VECTOR('',#14765,10.);
#2286=VECTOR('',#14766,10.);
#2287=VECTOR('',#14767,10.);
#2288=VECTOR('',#14768,10.);
#2289=VECTOR('',#14769,10.);
#2290=VECTOR('',#14770,10.);
#2291=VECTOR('',#14771,10.);
#2292=VECTOR('',#14776,10.);
#2293=VECTOR('',#14779,10.);
#2294=VECTOR('',#14780,10.);
#2295=VECTOR('',#14781,10.);
#2296=VECTOR('',#14782,10.);
#2297=VECTOR('',#14783,10.);
#2298=VECTOR('',#14784,10.);
#2299=VECTOR('',#14789,10.);
#2300=VECTOR('',#14790,10.);
#2301=VECTOR('',#14791,10.);
#2302=VECTOR('',#14792,10.);
#2303=VECTOR('',#14793,10.);
#2304=VECTOR('',#14798,10.);
#2305=VECTOR('',#14799,10.);
#2306=VECTOR('',#14800,10.);
#2307=VECTOR('',#14801,10.);
#2308=VECTOR('',#14802,10.);
#2309=VECTOR('',#14805,10.);
#2310=VECTOR('',#14808,10.);
#2311=VECTOR('',#14811,10.);
#2312=VECTOR('',#14824,10.);
#2313=VECTOR('',#14827,10.);
#2314=VECTOR('',#14828,10.);
#2315=VECTOR('',#14829,10.);
#2316=VECTOR('',#14830,10.);
#2317=VECTOR('',#14831,10.);
#2318=VECTOR('',#14834,10.);
#2319=VECTOR('',#14839,10.);
#2320=VECTOR('',#14842,10.);
#2321=VECTOR('',#14843,10.);
#2322=VECTOR('',#14844,10.);
#2323=VECTOR('',#14847,10.);
#2324=VECTOR('',#14854,10.);
#2325=VECTOR('',#14857,10.);
#2326=VECTOR('',#14858,10.);
#2327=VECTOR('',#14865,10.);
#2328=VECTOR('',#14866,10.);
#2329=VECTOR('',#14871,10.);
#2330=VECTOR('',#14874,10.);
#2331=VECTOR('',#14875,10.);
#2332=VECTOR('',#14876,10.);
#2333=VECTOR('',#14881,10.);
#2334=VECTOR('',#14882,10.);
#2335=VECTOR('',#14883,10.);
#2336=VECTOR('',#14888,10.);
#2337=VECTOR('',#14893,10.);
#2338=VECTOR('',#14896,10.);
#2339=VECTOR('',#14901,10.);
#2340=VECTOR('',#14902,10.);
#2341=VECTOR('',#14909,10.);
#2342=VECTOR('',#14910,10.);
#2343=VECTOR('',#14925,1.5);
#2344=VECTOR('',#14930,1.5);
#2345=VECTOR('',#14935,1.5);
#2346=VECTOR('',#14940,1.5);
#2347=VECTOR('',#14945,10.);
#2348=VECTOR('',#14946,10.);
#2349=VECTOR('',#14949,10.);
#2350=VECTOR('',#14952,10.);
#2351=VECTOR('',#14953,10.);
#2352=VECTOR('',#14954,10.);
#2353=VECTOR('',#14957,10.);
#2354=VECTOR('',#14958,10.);
#2355=VECTOR('',#14961,10.);
#2356=VECTOR('',#14962,10.);
#2357=VECTOR('',#14965,10.);
#2358=VECTOR('',#14968,10.);
#2359=VECTOR('',#14969,10.);
#2360=VECTOR('',#14970,10.);
#2361=VECTOR('',#14973,10.);
#2362=VECTOR('',#14974,10.);
#2363=VECTOR('',#14977,10.);
#2364=VECTOR('',#14978,10.);
#2365=VECTOR('',#14981,10.);
#2366=VECTOR('',#14984,10.);
#2367=VECTOR('',#14985,10.);
#2368=VECTOR('',#14986,10.);
#2369=VECTOR('',#14989,10.);
#2370=VECTOR('',#14990,10.);
#2371=VECTOR('',#14993,10.);
#2372=VECTOR('',#14994,10.);
#2373=VECTOR('',#14997,10.);
#2374=VECTOR('',#15000,10.);
#2375=VECTOR('',#15001,10.);
#2376=VECTOR('',#15002,10.);
#2377=VECTOR('',#15005,10.);
#2378=VECTOR('',#15006,10.);
#2379=VECTOR('',#15009,10.);
#2380=VECTOR('',#15010,10.);
#2381=VECTOR('',#15013,10.);
#2382=VECTOR('',#15016,10.);
#2383=VECTOR('',#15017,10.);
#2384=VECTOR('',#15018,10.);
#2385=VECTOR('',#15021,10.);
#2386=VECTOR('',#15022,10.);
#2387=VECTOR('',#15025,10.);
#2388=VECTOR('',#15026,10.);
#2389=VECTOR('',#15029,10.);
#2390=VECTOR('',#15032,10.);
#2391=VECTOR('',#15033,10.);
#2392=VECTOR('',#15034,10.);
#2393=VECTOR('',#15037,10.);
#2394=VECTOR('',#15038,10.);
#2395=VECTOR('',#15041,10.);
#2396=VECTOR('',#15042,10.);
#2397=VECTOR('',#15045,10.);
#2398=VECTOR('',#15048,10.);
#2399=VECTOR('',#15049,10.);
#2400=VECTOR('',#15050,10.);
#2401=VECTOR('',#15053,10.);
#2402=VECTOR('',#15054,10.);
#2403=VECTOR('',#15057,10.);
#2404=VECTOR('',#15058,10.);
#2405=VECTOR('',#15061,10.);
#2406=VECTOR('',#15064,10.);
#2407=VECTOR('',#15065,10.);
#2408=VECTOR('',#15066,10.);
#2409=VECTOR('',#15069,10.);
#2410=VECTOR('',#15070,10.);
#2411=VECTOR('',#15073,10.);
#2412=VECTOR('',#15074,10.);
#2413=VECTOR('',#15077,10.);
#2414=VECTOR('',#15080,10.);
#2415=VECTOR('',#15081,10.);
#2416=VECTOR('',#15082,10.);
#2417=VECTOR('',#15085,10.);
#2418=VECTOR('',#15086,10.);
#2419=VECTOR('',#15089,10.);
#2420=VECTOR('',#15090,10.);
#2421=VECTOR('',#15093,10.);
#2422=VECTOR('',#15096,10.);
#2423=VECTOR('',#15097,10.);
#2424=VECTOR('',#15098,10.);
#2425=VECTOR('',#15101,10.);
#2426=VECTOR('',#15102,10.);
#2427=VECTOR('',#15105,10.);
#2428=VECTOR('',#15106,10.);
#2429=VECTOR('',#15109,10.);
#2430=VECTOR('',#15112,10.);
#2431=VECTOR('',#15113,10.);
#2432=VECTOR('',#15114,10.);
#2433=VECTOR('',#15117,10.);
#2434=VECTOR('',#15118,10.);
#2435=VECTOR('',#15121,10.);
#2436=VECTOR('',#15122,10.);
#2437=VECTOR('',#15125,10.);
#2438=VECTOR('',#15128,10.);
#2439=VECTOR('',#15129,10.);
#2440=VECTOR('',#15130,10.);
#2441=VECTOR('',#15133,10.);
#2442=VECTOR('',#15134,10.);
#2443=VECTOR('',#15137,10.);
#2444=VECTOR('',#15138,10.);
#2445=VECTOR('',#15141,10.);
#2446=VECTOR('',#15144,10.);
#2447=VECTOR('',#15145,10.);
#2448=VECTOR('',#15146,10.);
#2449=VECTOR('',#15149,10.);
#2450=VECTOR('',#15150,10.);
#2451=VECTOR('',#15153,10.);
#2452=VECTOR('',#15154,10.);
#2453=VECTOR('',#15157,10.);
#2454=VECTOR('',#15160,10.);
#2455=VECTOR('',#15161,10.);
#2456=VECTOR('',#15162,10.);
#2457=VECTOR('',#15165,10.);
#2458=VECTOR('',#15166,10.);
#2459=VECTOR('',#15169,10.);
#2460=VECTOR('',#15170,10.);
#2461=VECTOR('',#15173,10.);
#2462=VECTOR('',#15176,10.);
#2463=VECTOR('',#15177,10.);
#2464=VECTOR('',#15178,10.);
#2465=VECTOR('',#15181,10.);
#2466=VECTOR('',#15182,10.);
#2467=VECTOR('',#15185,10.);
#2468=VECTOR('',#15186,10.);
#2469=VECTOR('',#15189,10.);
#2470=VECTOR('',#15192,10.);
#2471=VECTOR('',#15193,10.);
#2472=VECTOR('',#15194,10.);
#2473=VECTOR('',#15197,10.);
#2474=VECTOR('',#15198,10.);
#2475=VECTOR('',#15201,10.);
#2476=VECTOR('',#15202,10.);
#2477=VECTOR('',#15205,10.);
#2478=VECTOR('',#15208,10.);
#2479=VECTOR('',#15209,10.);
#2480=VECTOR('',#15210,10.);
#2481=VECTOR('',#15213,10.);
#2482=VECTOR('',#15214,10.);
#2483=VECTOR('',#15217,10.);
#2484=VECTOR('',#15218,10.);
#2485=VECTOR('',#15221,10.);
#2486=VECTOR('',#15222,10.);
#2487=VECTOR('',#15227,10.);
#2488=VECTOR('',#15230,10.);
#2489=VECTOR('',#15233,10.);
#2490=VECTOR('',#15234,10.);
#2491=VECTOR('',#15235,10.);
#2492=VECTOR('',#15238,10.);
#2493=VECTOR('',#15239,10.);
#2494=VECTOR('',#15242,10.);
#2495=VECTOR('',#15243,10.);
#2496=VECTOR('',#15246,10.);
#2497=VECTOR('',#15249,10.);
#2498=VECTOR('',#15250,10.);
#2499=VECTOR('',#15251,10.);
#2500=VECTOR('',#15254,10.);
#2501=VECTOR('',#15255,10.);
#2502=VECTOR('',#15258,10.);
#2503=VECTOR('',#15259,10.);
#2504=VECTOR('',#15262,10.);
#2505=VECTOR('',#15267,10.);
#2506=VECTOR('',#15268,10.);
#2507=VECTOR('',#15269,10.);
#2508=VECTOR('',#15270,10.);
#2509=VECTOR('',#15275,10.);
#2510=VECTOR('',#15276,10.);
#2511=VECTOR('',#15277,10.);
#2512=VECTOR('',#15278,10.);
#2513=VECTOR('',#15283,10.);
#2514=VECTOR('',#15284,10.);
#2515=VECTOR('',#15285,10.);
#2516=VECTOR('',#15286,10.);
#2517=VECTOR('',#15291,10.);
#2518=VECTOR('',#15292,10.);
#2519=VECTOR('',#15293,10.);
#2520=VECTOR('',#15294,10.);
#2521=VECTOR('',#15299,10.);
#2522=VECTOR('',#15300,10.);
#2523=VECTOR('',#15301,10.);
#2524=VECTOR('',#15302,10.);
#2525=VECTOR('',#15305,10.);
#2526=VECTOR('',#15306,10.);
#2527=VECTOR('',#15307,10.);
#2528=VECTOR('',#15310,10.);
#2529=VECTOR('',#15311,10.);
#2530=VECTOR('',#15312,10.);
#2531=VECTOR('',#15315,10.);
#2532=VECTOR('',#15316,10.);
#2533=VECTOR('',#15317,10.);
#2534=VECTOR('',#15320,10.);
#2535=VECTOR('',#15321,10.);
#2536=VECTOR('',#15322,10.);
#2537=VECTOR('',#15325,10.);
#2538=VECTOR('',#15326,10.);
#2539=VECTOR('',#15329,10.);
#2540=VECTOR('',#15330,10.);
#2541=VECTOR('',#15331,10.);
#2542=VECTOR('',#15332,10.);
#2543=VECTOR('',#15335,10.);
#2544=VECTOR('',#15336,10.);
#2545=VECTOR('',#15337,10.);
#2546=VECTOR('',#15340,10.);
#2547=VECTOR('',#15341,10.);
#2548=VECTOR('',#15342,10.);
#2549=VECTOR('',#15345,10.);
#2550=VECTOR('',#15346,10.);
#2551=VECTOR('',#15347,10.);
#2552=VECTOR('',#15350,10.);
#2553=VECTOR('',#15351,10.);
#2554=VECTOR('',#15352,10.);
#2555=VECTOR('',#15355,10.);
#2556=VECTOR('',#15356,10.);
#2557=VECTOR('',#15357,10.);
#2558=VECTOR('',#15360,10.);
#2559=VECTOR('',#15361,10.);
#2560=VECTOR('',#15364,10.);
#2561=VECTOR('',#15365,10.);
#2562=VECTOR('',#15366,10.);
#2563=VECTOR('',#15367,10.);
#2564=VECTOR('',#15370,10.);
#2565=VECTOR('',#15371,10.);
#2566=VECTOR('',#15372,10.);
#2567=VECTOR('',#15375,10.);
#2568=VECTOR('',#15376,10.);
#2569=VECTOR('',#15377,10.);
#2570=VECTOR('',#15380,10.);
#2571=VECTOR('',#15381,10.);
#2572=VECTOR('',#15382,10.);
#2573=VECTOR('',#15385,10.);
#2574=VECTOR('',#15386,10.);
#2575=VECTOR('',#15387,10.);
#2576=VECTOR('',#15390,10.);
#2577=VECTOR('',#15391,10.);
#2578=VECTOR('',#15394,10.);
#2579=VECTOR('',#15395,10.);
#2580=VECTOR('',#15396,10.);
#2581=VECTOR('',#15397,10.);
#2582=VECTOR('',#15400,10.);
#2583=VECTOR('',#15401,10.);
#2584=VECTOR('',#15402,10.);
#2585=VECTOR('',#15405,10.);
#2586=VECTOR('',#15406,10.);
#2587=VECTOR('',#15407,10.);
#2588=VECTOR('',#15410,10.);
#2589=VECTOR('',#15411,10.);
#2590=VECTOR('',#15412,10.);
#2591=VECTOR('',#15415,10.);
#2592=VECTOR('',#15416,10.);
#2593=VECTOR('',#15417,10.);
#2594=VECTOR('',#15420,10.);
#2595=VECTOR('',#15421,10.);
#2596=VECTOR('',#15424,10.);
#2597=VECTOR('',#15425,10.);
#2598=VECTOR('',#15426,10.);
#2599=VECTOR('',#15427,10.);
#2600=VECTOR('',#15430,10.);
#2601=VECTOR('',#15431,10.);
#2602=VECTOR('',#15432,10.);
#2603=VECTOR('',#15435,10.);
#2604=VECTOR('',#15436,10.);
#2605=VECTOR('',#15437,10.);
#2606=VECTOR('',#15438,10.);
#2607=VECTOR('',#15441,10.);
#2608=VECTOR('',#15442,10.);
#2609=VECTOR('',#15443,10.);
#2610=VECTOR('',#15446,10.);
#2611=VECTOR('',#15447,10.);
#2612=VECTOR('',#15448,10.);
#2613=VECTOR('',#15451,10.);
#2614=VECTOR('',#15452,10.);
#2615=VECTOR('',#15453,10.);
#2616=VECTOR('',#15456,10.);
#2617=VECTOR('',#15457,10.);
#2618=VECTOR('',#15460,10.);
#2619=VECTOR('',#15461,10.);
#2620=VECTOR('',#15462,10.);
#2621=VECTOR('',#15463,10.);
#2622=VECTOR('',#15466,10.);
#2623=VECTOR('',#15467,10.);
#2624=VECTOR('',#15468,10.);
#2625=VECTOR('',#15471,10.);
#2626=VECTOR('',#15472,10.);
#2627=VECTOR('',#15473,10.);
#2628=VECTOR('',#15476,10.);
#2629=VECTOR('',#15477,10.);
#2630=VECTOR('',#15478,10.);
#2631=VECTOR('',#15481,10.);
#2632=VECTOR('',#15482,10.);
#2633=VECTOR('',#15483,10.);
#2634=VECTOR('',#15486,10.);
#2635=VECTOR('',#15487,10.);
#2636=VECTOR('',#15490,10.);
#2637=VECTOR('',#15491,10.);
#2638=VECTOR('',#15492,10.);
#2639=VECTOR('',#15493,10.);
#2640=VECTOR('',#15496,10.);
#2641=VECTOR('',#15497,10.);
#2642=VECTOR('',#15498,10.);
#2643=VECTOR('',#15501,10.);
#2644=VECTOR('',#15502,10.);
#2645=VECTOR('',#15503,10.);
#2646=VECTOR('',#15506,10.);
#2647=VECTOR('',#15507,10.);
#2648=VECTOR('',#15508,10.);
#2649=VECTOR('',#15511,10.);
#2650=VECTOR('',#15512,10.);
#2651=VECTOR('',#15513,10.);
#2652=VECTOR('',#15516,10.);
#2653=VECTOR('',#15517,10.);
#2654=VECTOR('',#15518,10.);
#2655=VECTOR('',#15521,10.);
#2656=VECTOR('',#15522,10.);
#2657=VECTOR('',#15525,10.);
#2658=VECTOR('',#15526,10.);
#2659=VECTOR('',#15527,10.);
#2660=VECTOR('',#15528,10.);
#2661=VECTOR('',#15531,10.);
#2662=VECTOR('',#15532,10.);
#2663=VECTOR('',#15533,10.);
#2664=VECTOR('',#15536,10.);
#2665=VECTOR('',#15537,10.);
#2666=VECTOR('',#15538,10.);
#2667=VECTOR('',#15541,10.);
#2668=VECTOR('',#15542,10.);
#2669=VECTOR('',#15543,10.);
#2670=VECTOR('',#15546,10.);
#2671=VECTOR('',#15547,10.);
#2672=VECTOR('',#15548,10.);
#2673=VECTOR('',#15551,10.);
#2674=VECTOR('',#15552,10.);
#2675=VECTOR('',#15555,10.);
#2676=VECTOR('',#15556,10.);
#2677=VECTOR('',#15557,10.);
#2678=VECTOR('',#15558,10.);
#2679=VECTOR('',#15561,10.);
#2680=VECTOR('',#15562,10.);
#2681=VECTOR('',#15563,10.);
#2682=VECTOR('',#15566,10.);
#2683=VECTOR('',#15567,10.);
#2684=VECTOR('',#15568,10.);
#2685=VECTOR('',#15571,10.);
#2686=VECTOR('',#15572,10.);
#2687=VECTOR('',#15573,10.);
#2688=VECTOR('',#15576,10.);
#2689=VECTOR('',#15577,10.);
#2690=VECTOR('',#15578,10.);
#2691=VECTOR('',#15581,10.);
#2692=VECTOR('',#15582,10.);
#2693=VECTOR('',#15585,10.);
#2694=VECTOR('',#15586,10.);
#2695=VECTOR('',#15587,10.);
#2696=VECTOR('',#15588,10.);
#2697=VECTOR('',#15591,10.);
#2698=VECTOR('',#15592,10.);
#2699=VECTOR('',#15593,10.);
#2700=VECTOR('',#15596,10.);
#2701=VECTOR('',#15597,10.);
#2702=VECTOR('',#15598,10.);
#2703=VECTOR('',#15601,10.);
#2704=VECTOR('',#15602,10.);
#2705=VECTOR('',#15603,10.);
#2706=VECTOR('',#15606,10.);
#2707=VECTOR('',#15607,10.);
#2708=VECTOR('',#15608,10.);
#2709=VECTOR('',#15611,10.);
#2710=VECTOR('',#15612,10.);
#2711=VECTOR('',#15613,10.);
#2712=VECTOR('',#15614,10.);
#2713=VECTOR('',#15617,10.);
#2714=VECTOR('',#15618,10.);
#2715=VECTOR('',#15619,10.);
#2716=VECTOR('',#15622,10.);
#2717=VECTOR('',#15623,10.);
#2718=VECTOR('',#15624,10.);
#2719=VECTOR('',#15627,10.);
#2720=VECTOR('',#15628,10.);
#2721=VECTOR('',#15629,10.);
#2722=VECTOR('',#15632,10.);
#2723=VECTOR('',#15633,10.);
#2724=VECTOR('',#15634,10.);
#2725=VECTOR('',#15637,10.);
#2726=VECTOR('',#15638,10.);
#2727=VECTOR('',#15639,10.);
#2728=VECTOR('',#15642,10.);
#2729=VECTOR('',#15643,10.);
#2730=VECTOR('',#15644,10.);
#2731=VECTOR('',#15645,10.);
#2732=VECTOR('',#15648,10.);
#2733=VECTOR('',#15649,10.);
#2734=VECTOR('',#15650,10.);
#2735=VECTOR('',#15653,10.);
#2736=VECTOR('',#15654,10.);
#2737=VECTOR('',#15655,10.);
#2738=VECTOR('',#15658,10.);
#2739=VECTOR('',#15659,10.);
#2740=VECTOR('',#15660,10.);
#2741=VECTOR('',#15663,10.);
#2742=VECTOR('',#15664,10.);
#2743=VECTOR('',#15665,10.);
#2744=VECTOR('',#15668,10.);
#2745=VECTOR('',#15669,10.);
#2746=VECTOR('',#15672,10.);
#2747=VECTOR('',#15673,10.);
#2748=VECTOR('',#15674,10.);
#2749=VECTOR('',#15675,10.);
#2750=VECTOR('',#15678,10.);
#2751=VECTOR('',#15679,10.);
#2752=VECTOR('',#15680,10.);
#2753=VECTOR('',#15683,10.);
#2754=VECTOR('',#15684,10.);
#2755=VECTOR('',#15685,10.);
#2756=VECTOR('',#15688,10.);
#2757=VECTOR('',#15689,10.);
#2758=VECTOR('',#15690,10.);
#2759=VECTOR('',#15693,10.);
#2760=VECTOR('',#15694,10.);
#2761=VECTOR('',#15695,10.);
#2762=VECTOR('',#15698,10.);
#2763=VECTOR('',#15699,10.);
#2764=VECTOR('',#15700,10.);
#2765=VECTOR('',#15701,10.);
#2766=VECTOR('',#15704,10.);
#2767=VECTOR('',#15705,10.);
#2768=VECTOR('',#15708,10.);
#2769=VECTOR('',#15709,10.);
#2770=VECTOR('',#15710,10.);
#2771=VECTOR('',#15711,10.);
#2772=VECTOR('',#15714,10.);
#2773=VECTOR('',#15715,10.);
#2774=VECTOR('',#15716,10.);
#2775=VECTOR('',#15719,10.);
#2776=VECTOR('',#15720,10.);
#2777=VECTOR('',#15721,10.);
#2778=VECTOR('',#15724,10.);
#2779=VECTOR('',#15725,10.);
#2780=VECTOR('',#15726,10.);
#2781=VECTOR('',#15729,10.);
#2782=VECTOR('',#15730,10.);
#2783=VECTOR('',#15731,10.);
#2784=VECTOR('',#15734,10.);
#2785=VECTOR('',#15735,10.);
#2786=VECTOR('',#15738,10.);
#2787=VECTOR('',#15739,10.);
#2788=VECTOR('',#15740,10.);
#2789=VECTOR('',#15741,10.);
#2790=VECTOR('',#15744,10.);
#2791=VECTOR('',#15745,10.);
#2792=VECTOR('',#15746,10.);
#2793=VECTOR('',#15749,10.);
#2794=VECTOR('',#15750,10.);
#2795=VECTOR('',#15751,10.);
#2796=VECTOR('',#15754,10.);
#2797=VECTOR('',#15755,10.);
#2798=VECTOR('',#15756,10.);
#2799=VECTOR('',#15759,10.);
#2800=VECTOR('',#15760,10.);
#2801=VECTOR('',#15761,10.);
#2802=VECTOR('',#15764,10.);
#2803=VECTOR('',#15765,10.);
#2804=VECTOR('',#15768,10.);
#2805=VECTOR('',#15769,10.);
#2806=VECTOR('',#15770,10.);
#2807=VECTOR('',#15771,10.);
#2808=VECTOR('',#15774,10.);
#2809=VECTOR('',#15775,10.);
#2810=VECTOR('',#15776,10.);
#2811=VECTOR('',#15779,10.);
#2812=VECTOR('',#15780,10.);
#2813=VECTOR('',#15781,10.);
#2814=VECTOR('',#15784,10.);
#2815=VECTOR('',#15785,10.);
#2816=VECTOR('',#15786,10.);
#2817=VECTOR('',#15789,10.);
#2818=VECTOR('',#15790,10.);
#2819=VECTOR('',#15791,10.);
#2820=VECTOR('',#15794,10.);
#2821=VECTOR('',#15795,10.);
#2822=VECTOR('',#15798,10.);
#2823=VECTOR('',#15799,10.);
#2824=VECTOR('',#15800,10.);
#2825=VECTOR('',#15801,10.);
#2826=VECTOR('',#15804,10.);
#2827=VECTOR('',#15805,10.);
#2828=VECTOR('',#15806,10.);
#2829=VECTOR('',#15809,10.);
#2830=VECTOR('',#15810,10.);
#2831=VECTOR('',#15811,10.);
#2832=VECTOR('',#15814,10.);
#2833=VECTOR('',#15815,10.);
#2834=VECTOR('',#15816,10.);
#2835=VECTOR('',#15819,10.);
#2836=VECTOR('',#15820,10.);
#2837=VECTOR('',#15821,10.);
#2838=VECTOR('',#15824,10.);
#2839=VECTOR('',#15825,10.);
#2840=VECTOR('',#15828,10.);
#2841=VECTOR('',#15829,10.);
#2842=VECTOR('',#15830,10.);
#2843=VECTOR('',#15831,10.);
#2844=VECTOR('',#15832,10.);
#2845=VECTOR('',#15833,10.);
#2846=VECTOR('',#15834,10.);
#2847=VECTOR('',#15835,10.);
#2848=VECTOR('',#15836,10.);
#2849=VECTOR('',#15837,10.);
#2850=VECTOR('',#15838,10.);
#2851=VECTOR('',#15839,10.);
#2852=VECTOR('',#15840,10.);
#2853=VECTOR('',#15841,10.);
#2854=VECTOR('',#15842,10.);
#2855=VECTOR('',#15843,10.);
#2856=VECTOR('',#15844,10.);
#2857=VECTOR('',#15849,10.);
#2858=VECTOR('',#15852,10.);
#2859=VECTOR('',#15853,10.);
#2860=VECTOR('',#15854,10.);
#2861=VECTOR('',#15855,10.);
#2862=VECTOR('',#15856,10.);
#2863=VECTOR('',#15857,10.);
#2864=VECTOR('',#15858,10.);
#2865=VECTOR('',#15861,10.);
#2866=VECTOR('',#15862,10.);
#2867=VECTOR('',#15863,10.);
#2868=VECTOR('',#15864,10.);
#2869=VECTOR('',#15865,10.);
#2870=VECTOR('',#15866,10.);
#2871=VECTOR('',#15867,10.);
#2872=VECTOR('',#15868,10.);
#2873=VECTOR('',#15869,10.);
#2874=VECTOR('',#15870,10.);
#2875=VECTOR('',#15871,10.);
#2876=VECTOR('',#15872,10.);
#2877=VECTOR('',#15873,10.);
#2878=VECTOR('',#15874,10.);
#2879=VECTOR('',#15875,10.);
#2880=VECTOR('',#15876,10.);
#2881=VECTOR('',#15877,10.);
#2882=VECTOR('',#15878,10.);
#2883=VECTOR('',#15879,10.);
#2884=VECTOR('',#15880,10.);
#2885=VECTOR('',#15881,10.);
#2886=VECTOR('',#15882,10.);
#2887=VECTOR('',#15883,10.);
#2888=VECTOR('',#15884,10.);
#2889=VECTOR('',#15885,10.);
#2890=VECTOR('',#15886,10.);
#2891=VECTOR('',#15887,10.);
#2892=VECTOR('',#15888,10.);
#2893=VECTOR('',#15889,10.);
#2894=VECTOR('',#15890,10.);
#2895=VECTOR('',#15891,10.);
#2896=VECTOR('',#15892,10.);
#2897=VECTOR('',#15893,10.);
#2898=VECTOR('',#15894,10.);
#2899=VECTOR('',#15895,10.);
#2900=VECTOR('',#15896,10.);
#2901=VECTOR('',#15897,10.);
#2902=VECTOR('',#15898,10.);
#2903=VECTOR('',#15899,10.);
#2904=VECTOR('',#15900,10.);
#2905=VECTOR('',#15901,10.);
#2906=VECTOR('',#15902,10.);
#2907=VECTOR('',#15903,10.);
#2908=VECTOR('',#15904,10.);
#2909=VECTOR('',#15905,10.);
#2910=VECTOR('',#15906,10.);
#2911=VECTOR('',#15907,10.);
#2912=VECTOR('',#15908,10.);
#2913=VECTOR('',#15909,10.);
#2914=VECTOR('',#15910,10.);
#2915=VECTOR('',#15911,10.);
#2916=VECTOR('',#15912,10.);
#2917=VECTOR('',#15913,10.);
#2918=VECTOR('',#15914,10.);
#2919=VECTOR('',#15915,10.);
#2920=VECTOR('',#15916,10.);
#2921=VECTOR('',#15917,10.);
#2922=VECTOR('',#15918,10.);
#2923=VECTOR('',#15919,10.);
#2924=VECTOR('',#15920,10.);
#2925=VECTOR('',#15921,10.);
#2926=VECTOR('',#15922,10.);
#2927=VECTOR('',#15923,10.);
#2928=VECTOR('',#15924,10.);
#2929=VECTOR('',#15925,10.);
#2930=VECTOR('',#15926,10.);
#2931=VECTOR('',#15927,10.);
#2932=VECTOR('',#15928,10.);
#2933=VECTOR('',#15929,10.);
#2934=VECTOR('',#15930,10.);
#2935=VECTOR('',#15931,10.);
#2936=VECTOR('',#15932,10.);
#2937=VECTOR('',#15933,10.);
#2938=VECTOR('',#15934,10.);
#2939=VECTOR('',#15935,10.);
#2940=VECTOR('',#15936,10.);
#2941=VECTOR('',#15937,10.);
#2942=VECTOR('',#15938,10.);
#2943=VECTOR('',#15939,10.);
#2944=VECTOR('',#15940,10.);
#2945=VECTOR('',#15941,10.);
#2946=VECTOR('',#15942,10.);
#2947=VECTOR('',#15943,10.);
#2948=VECTOR('',#15944,10.);
#2949=VECTOR('',#15945,10.);
#2950=VECTOR('',#15946,10.);
#2951=VECTOR('',#15947,10.);
#2952=VECTOR('',#15948,10.);
#2953=VECTOR('',#15949,10.);
#2954=VECTOR('',#15950,10.);
#2955=VECTOR('',#15951,10.);
#2956=VECTOR('',#15952,10.);
#2957=VECTOR('',#15953,10.);
#2958=VECTOR('',#15954,10.);
#2959=VECTOR('',#15955,10.);
#2960=VECTOR('',#15956,10.);
#2961=VECTOR('',#15957,10.);
#2962=VECTOR('',#15958,10.);
#2963=VECTOR('',#15959,10.);
#2964=VECTOR('',#15960,10.);
#2965=VECTOR('',#15961,10.);
#2966=VECTOR('',#15962,10.);
#2967=VECTOR('',#15963,10.);
#2968=VECTOR('',#15964,10.);
#2969=VECTOR('',#15965,10.);
#2970=VECTOR('',#15966,10.);
#2971=VECTOR('',#15967,10.);
#2972=VECTOR('',#15968,10.);
#2973=VECTOR('',#15969,10.);
#2974=VECTOR('',#15970,10.);
#2975=VECTOR('',#15971,10.);
#2976=VECTOR('',#15972,10.);
#2977=VECTOR('',#15973,10.);
#2978=VECTOR('',#15974,10.);
#2979=VECTOR('',#15975,10.);
#2980=VECTOR('',#15976,10.);
#2981=VECTOR('',#15977,10.);
#2982=VECTOR('',#15978,10.);
#2983=VECTOR('',#15979,10.);
#2984=VECTOR('',#15980,10.);
#2985=VECTOR('',#15981,10.);
#2986=VECTOR('',#15982,10.);
#2987=VECTOR('',#15983,10.);
#2988=VECTOR('',#15984,10.);
#2989=VECTOR('',#15985,10.);
#2990=VECTOR('',#15986,10.);
#2991=VECTOR('',#15987,10.);
#2992=VECTOR('',#15988,10.);
#2993=VECTOR('',#15989,10.);
#2994=VECTOR('',#15990,10.);
#2995=VECTOR('',#15991,10.);
#2996=VECTOR('',#15992,10.);
#2997=VECTOR('',#15993,10.);
#2998=VECTOR('',#15994,10.);
#2999=VECTOR('',#15995,10.);
#3000=VECTOR('',#15996,10.);
#3001=VECTOR('',#15997,10.);
#3002=VECTOR('',#15998,10.);
#3003=VECTOR('',#15999,10.);
#3004=VECTOR('',#16000,10.);
#3005=VECTOR('',#16001,10.);
#3006=VECTOR('',#16002,10.);
#3007=VECTOR('',#16003,10.);
#3008=VECTOR('',#16004,10.);
#3009=VECTOR('',#16005,10.);
#3010=VECTOR('',#16006,10.);
#3011=VECTOR('',#16007,10.);
#3012=VECTOR('',#16008,10.);
#3013=VECTOR('',#16009,10.);
#3014=VECTOR('',#16010,10.);
#3015=VECTOR('',#16011,10.);
#3016=VECTOR('',#16012,10.);
#3017=VECTOR('',#16013,10.);
#3018=VECTOR('',#16014,10.);
#3019=VECTOR('',#16015,10.);
#3020=VECTOR('',#16016,10.);
#3021=VECTOR('',#16017,10.);
#3022=VECTOR('',#16018,10.);
#3023=VECTOR('',#16019,10.);
#3024=VECTOR('',#16020,10.);
#3025=VECTOR('',#16021,10.);
#3026=VECTOR('',#16022,10.);
#3027=VECTOR('',#16023,10.);
#3028=VECTOR('',#16024,10.);
#3029=VECTOR('',#16025,10.);
#3030=VECTOR('',#16026,10.);
#3031=VECTOR('',#16027,10.);
#3032=VECTOR('',#16028,10.);
#3033=VECTOR('',#16029,10.);
#3034=VECTOR('',#16030,10.);
#3035=VECTOR('',#16031,10.);
#3036=VECTOR('',#16032,10.);
#3037=VECTOR('',#16033,10.);
#3038=VECTOR('',#16034,10.);
#3039=VECTOR('',#16035,10.);
#3040=VECTOR('',#16036,10.);
#3041=VECTOR('',#16037,10.);
#3042=VECTOR('',#16038,10.);
#3043=VECTOR('',#16039,10.);
#3044=VECTOR('',#16040,10.);
#3045=VECTOR('',#16041,10.);
#3046=VECTOR('',#16042,10.);
#3047=VECTOR('',#16043,10.);
#3048=VECTOR('',#16044,10.);
#3049=VECTOR('',#16045,10.);
#3050=VECTOR('',#16046,10.);
#3051=VECTOR('',#16047,10.);
#3052=VECTOR('',#16048,10.);
#3053=VECTOR('',#16049,10.);
#3054=VECTOR('',#16050,10.);
#3055=VECTOR('',#16051,10.);
#3056=VECTOR('',#16052,10.);
#3057=VECTOR('',#16053,10.);
#3058=VECTOR('',#16054,10.);
#3059=VECTOR('',#16055,10.);
#3060=VECTOR('',#16056,10.);
#3061=VECTOR('',#16057,10.);
#3062=VECTOR('',#16058,10.);
#3063=VECTOR('',#16059,10.);
#3064=VECTOR('',#16060,10.);
#3065=VECTOR('',#16061,10.);
#3066=VECTOR('',#16062,10.);
#3067=VECTOR('',#16063,10.);
#3068=VECTOR('',#16064,10.);
#3069=VECTOR('',#16065,10.);
#3070=VECTOR('',#16066,10.);
#3071=VECTOR('',#16067,10.);
#3072=VECTOR('',#16068,10.);
#3073=VECTOR('',#16069,10.);
#3074=VECTOR('',#16070,10.);
#3075=VECTOR('',#16071,10.);
#3076=VECTOR('',#16072,10.);
#3077=VECTOR('',#16073,10.);
#3078=VECTOR('',#16074,10.);
#3079=VECTOR('',#16075,10.);
#3080=VECTOR('',#16076,10.);
#3081=VECTOR('',#16077,10.);
#3082=VECTOR('',#16078,10.);
#3083=VECTOR('',#16079,10.);
#3084=VECTOR('',#16080,10.);
#3085=VECTOR('',#16081,10.);
#3086=VECTOR('',#16082,10.);
#3087=VECTOR('',#16083,10.);
#3088=VECTOR('',#16084,10.);
#3089=VECTOR('',#16085,10.);
#3090=VECTOR('',#16086,10.);
#3091=VECTOR('',#16087,10.);
#3092=VECTOR('',#16088,10.);
#3093=VECTOR('',#16089,10.);
#3094=VECTOR('',#16090,10.);
#3095=VECTOR('',#16091,10.);
#3096=VECTOR('',#16092,10.);
#3097=VECTOR('',#16093,10.);
#3098=VECTOR('',#16094,10.);
#3099=VECTOR('',#16095,10.);
#3100=VECTOR('',#16096,10.);
#3101=VECTOR('',#16097,10.);
#3102=VECTOR('',#16098,10.);
#3103=VECTOR('',#16099,10.);
#3104=VECTOR('',#16100,10.);
#3105=VECTOR('',#16101,10.);
#3106=VECTOR('',#16102,10.);
#3107=VECTOR('',#16103,10.);
#3108=VECTOR('',#16104,10.);
#3109=VECTOR('',#16105,10.);
#3110=VECTOR('',#16106,10.);
#3111=VECTOR('',#16107,10.);
#3112=VECTOR('',#16108,10.);
#3113=VECTOR('',#16109,10.);
#3114=VECTOR('',#16110,10.);
#3115=VECTOR('',#16111,10.);
#3116=VECTOR('',#16112,10.);
#3117=VECTOR('',#16113,10.);
#3118=VECTOR('',#16114,10.);
#3119=VECTOR('',#16115,10.);
#3120=VECTOR('',#16116,10.);
#3121=VECTOR('',#16117,10.);
#3122=VECTOR('',#16118,10.);
#3123=VECTOR('',#16119,10.);
#3124=VECTOR('',#16122,10.);
#3125=VECTOR('',#16123,10.);
#3126=VECTOR('',#16124,10.);
#3127=VECTOR('',#16125,10.);
#3128=VECTOR('',#16126,10.);
#3129=VECTOR('',#16131,10.);
#3130=VECTOR('',#16132,10.);
#3131=VECTOR('',#16133,10.);
#3132=VECTOR('',#16136,10.);
#3133=VECTOR('',#16137,10.);
#3134=VECTOR('',#16140,10.);
#3135=VECTOR('',#16141,10.);
#3136=VECTOR('',#16144,10.);
#3137=VECTOR('',#16145,10.);
#3138=VECTOR('',#16148,10.);
#3139=VECTOR('',#16149,10.);
#3140=VECTOR('',#16152,10.);
#3141=VECTOR('',#16155,10.);
#3142=VECTOR('',#16156,10.);
#3143=VECTOR('',#16157,10.);
#3144=VECTOR('',#16160,10.);
#3145=VECTOR('',#16161,10.);
#3146=VECTOR('',#16164,10.);
#3147=VECTOR('',#16165,10.);
#3148=VECTOR('',#16168,10.);
#3149=VECTOR('',#16169,10.);
#3150=VECTOR('',#16172,10.);
#3151=VECTOR('',#16173,10.);
#3152=VECTOR('',#16176,10.);
#3153=VECTOR('',#16179,10.);
#3154=VECTOR('',#16180,10.);
#3155=VECTOR('',#16181,10.);
#3156=VECTOR('',#16184,10.);
#3157=VECTOR('',#16185,10.);
#3158=VECTOR('',#16188,10.);
#3159=VECTOR('',#16189,10.);
#3160=VECTOR('',#16192,10.);
#3161=VECTOR('',#16193,10.);
#3162=VECTOR('',#16196,10.);
#3163=VECTOR('',#16197,10.);
#3164=VECTOR('',#16200,10.);
#3165=VECTOR('',#16203,10.);
#3166=VECTOR('',#16204,10.);
#3167=VECTOR('',#16205,10.);
#3168=VECTOR('',#16208,10.);
#3169=VECTOR('',#16209,10.);
#3170=VECTOR('',#16212,10.);
#3171=VECTOR('',#16213,10.);
#3172=VECTOR('',#16216,10.);
#3173=VECTOR('',#16217,10.);
#3174=VECTOR('',#16220,10.);
#3175=VECTOR('',#16221,10.);
#3176=VECTOR('',#16224,10.);
#3177=VECTOR('',#16227,10.);
#3178=VECTOR('',#16228,10.);
#3179=VECTOR('',#16229,10.);
#3180=VECTOR('',#16232,10.);
#3181=VECTOR('',#16233,10.);
#3182=VECTOR('',#16236,10.);
#3183=VECTOR('',#16237,10.);
#3184=VECTOR('',#16240,10.);
#3185=VECTOR('',#16241,10.);
#3186=VECTOR('',#16244,10.);
#3187=VECTOR('',#16245,10.);
#3188=VECTOR('',#16248,10.);
#3189=VECTOR('',#16251,10.);
#3190=VECTOR('',#16252,10.);
#3191=VECTOR('',#16253,10.);
#3192=VECTOR('',#16256,10.);
#3193=VECTOR('',#16257,10.);
#3194=VECTOR('',#16260,10.);
#3195=VECTOR('',#16261,10.);
#3196=VECTOR('',#16264,10.);
#3197=VECTOR('',#16265,10.);
#3198=VECTOR('',#16268,10.);
#3199=VECTOR('',#16269,10.);
#3200=VECTOR('',#16272,10.);
#3201=VECTOR('',#16275,10.);
#3202=VECTOR('',#16276,10.);
#3203=VECTOR('',#16277,10.);
#3204=VECTOR('',#16280,10.);
#3205=VECTOR('',#16281,10.);
#3206=VECTOR('',#16284,10.);
#3207=VECTOR('',#16285,10.);
#3208=VECTOR('',#16288,10.);
#3209=VECTOR('',#16289,10.);
#3210=VECTOR('',#16292,10.);
#3211=VECTOR('',#16293,10.);
#3212=VECTOR('',#16296,10.);
#3213=VECTOR('',#16299,10.);
#3214=VECTOR('',#16300,10.);
#3215=VECTOR('',#16301,10.);
#3216=VECTOR('',#16304,10.);
#3217=VECTOR('',#16305,10.);
#3218=VECTOR('',#16308,10.);
#3219=VECTOR('',#16309,10.);
#3220=VECTOR('',#16312,10.);
#3221=VECTOR('',#16313,10.);
#3222=VECTOR('',#16316,10.);
#3223=VECTOR('',#16317,10.);
#3224=VECTOR('',#16320,10.);
#3225=VECTOR('',#16323,10.);
#3226=VECTOR('',#16324,10.);
#3227=VECTOR('',#16325,10.);
#3228=VECTOR('',#16328,10.);
#3229=VECTOR('',#16329,10.);
#3230=VECTOR('',#16332,10.);
#3231=VECTOR('',#16333,10.);
#3232=VECTOR('',#16336,10.);
#3233=VECTOR('',#16337,10.);
#3234=VECTOR('',#16340,10.);
#3235=VECTOR('',#16341,10.);
#3236=VECTOR('',#16344,10.);
#3237=VECTOR('',#16347,10.);
#3238=VECTOR('',#16348,10.);
#3239=VECTOR('',#16349,10.);
#3240=VECTOR('',#16352,10.);
#3241=VECTOR('',#16353,10.);
#3242=VECTOR('',#16356,10.);
#3243=VECTOR('',#16357,10.);
#3244=VECTOR('',#16360,10.);
#3245=VECTOR('',#16361,10.);
#3246=VECTOR('',#16364,10.);
#3247=VECTOR('',#16365,10.);
#3248=VECTOR('',#16368,10.);
#3249=VECTOR('',#16371,10.);
#3250=VECTOR('',#16372,10.);
#3251=VECTOR('',#16373,10.);
#3252=VECTOR('',#16376,10.);
#3253=VECTOR('',#16377,10.);
#3254=VECTOR('',#16380,10.);
#3255=VECTOR('',#16381,10.);
#3256=VECTOR('',#16384,10.);
#3257=VECTOR('',#16385,10.);
#3258=VECTOR('',#16388,10.);
#3259=VECTOR('',#16389,10.);
#3260=VECTOR('',#16392,10.);
#3261=VECTOR('',#16395,10.);
#3262=VECTOR('',#16396,10.);
#3263=VECTOR('',#16397,10.);
#3264=VECTOR('',#16400,10.);
#3265=VECTOR('',#16401,10.);
#3266=VECTOR('',#16404,10.);
#3267=VECTOR('',#16405,10.);
#3268=VECTOR('',#16408,10.);
#3269=VECTOR('',#16409,10.);
#3270=VECTOR('',#16412,10.);
#3271=VECTOR('',#16413,10.);
#3272=VECTOR('',#16416,10.);
#3273=VECTOR('',#16419,10.);
#3274=VECTOR('',#16420,10.);
#3275=VECTOR('',#16421,10.);
#3276=VECTOR('',#16424,10.);
#3277=VECTOR('',#16425,10.);
#3278=VECTOR('',#16428,10.);
#3279=VECTOR('',#16429,10.);
#3280=VECTOR('',#16432,10.);
#3281=VECTOR('',#16433,10.);
#3282=VECTOR('',#16436,10.);
#3283=VECTOR('',#16437,10.);
#3284=VECTOR('',#16440,10.);
#3285=VECTOR('',#16443,10.);
#3286=VECTOR('',#16444,10.);
#3287=VECTOR('',#16445,10.);
#3288=VECTOR('',#16448,10.);
#3289=VECTOR('',#16449,10.);
#3290=VECTOR('',#16452,10.);
#3291=VECTOR('',#16453,10.);
#3292=VECTOR('',#16456,10.);
#3293=VECTOR('',#16457,10.);
#3294=VECTOR('',#16460,10.);
#3295=VECTOR('',#16461,10.);
#3296=VECTOR('',#16464,10.);
#3297=VECTOR('',#16467,10.);
#3298=VECTOR('',#16468,10.);
#3299=VECTOR('',#16469,10.);
#3300=VECTOR('',#16472,10.);
#3301=VECTOR('',#16473,10.);
#3302=VECTOR('',#16476,10.);
#3303=VECTOR('',#16477,10.);
#3304=VECTOR('',#16480,10.);
#3305=VECTOR('',#16481,10.);
#3306=VECTOR('',#16484,10.);
#3307=VECTOR('',#16485,10.);
#3308=VECTOR('',#16488,10.);
#3309=VECTOR('',#16491,10.);
#3310=VECTOR('',#16492,10.);
#3311=VECTOR('',#16493,10.);
#3312=VECTOR('',#16496,10.);
#3313=VECTOR('',#16497,10.);
#3314=VECTOR('',#16500,10.);
#3315=VECTOR('',#16501,10.);
#3316=VECTOR('',#16504,10.);
#3317=VECTOR('',#16505,10.);
#3318=VECTOR('',#16508,10.);
#3319=VECTOR('',#16509,10.);
#3320=VECTOR('',#16512,10.);
#3321=VECTOR('',#16515,10.);
#3322=VECTOR('',#16516,10.);
#3323=VECTOR('',#16517,10.);
#3324=VECTOR('',#16520,10.);
#3325=VECTOR('',#16521,10.);
#3326=VECTOR('',#16524,10.);
#3327=VECTOR('',#16525,10.);
#3328=VECTOR('',#16528,10.);
#3329=VECTOR('',#16529,10.);
#3330=VECTOR('',#16532,10.);
#3331=VECTOR('',#16533,10.);
#3332=VECTOR('',#16536,10.);
#3333=VECTOR('',#16539,10.);
#3334=VECTOR('',#16540,10.);
#3335=VECTOR('',#16541,10.);
#3336=VECTOR('',#16544,10.);
#3337=VECTOR('',#16545,10.);
#3338=VECTOR('',#16548,10.);
#3339=VECTOR('',#16549,10.);
#3340=VECTOR('',#16552,10.);
#3341=VECTOR('',#16553,10.);
#3342=VECTOR('',#16556,10.);
#3343=VECTOR('',#16557,10.);
#3344=VECTOR('',#16560,10.);
#3345=VECTOR('',#16563,10.);
#3346=VECTOR('',#16564,10.);
#3347=VECTOR('',#16565,10.);
#3348=VECTOR('',#16568,10.);
#3349=VECTOR('',#16569,10.);
#3350=VECTOR('',#16572,10.);
#3351=VECTOR('',#16573,10.);
#3352=VECTOR('',#16576,10.);
#3353=VECTOR('',#16577,10.);
#3354=VECTOR('',#16580,10.);
#3355=VECTOR('',#16581,10.);
#3356=VECTOR('',#16584,10.);
#3357=VECTOR('',#16587,10.);
#3358=VECTOR('',#16588,10.);
#3359=VECTOR('',#16589,10.);
#3360=VECTOR('',#16592,10.);
#3361=VECTOR('',#16593,10.);
#3362=VECTOR('',#16594,10.);
#3363=VECTOR('',#16597,10.);
#3364=VECTOR('',#16598,10.);
#3365=VECTOR('',#16601,10.);
#3366=VECTOR('',#16602,10.);
#3367=VECTOR('',#16605,10.);
#3368=VECTOR('',#16608,10.);
#3369=VECTOR('',#16609,10.);
#3370=VECTOR('',#16610,10.);
#3371=VECTOR('',#16613,10.);
#3372=VECTOR('',#16614,10.);
#3373=VECTOR('',#16617,10.);
#3374=VECTOR('',#16618,10.);
#3375=VECTOR('',#16621,10.);
#3376=VECTOR('',#16622,10.);
#3377=VECTOR('',#16625,10.);
#3378=VECTOR('',#16626,10.);
#3379=VECTOR('',#16629,10.);
#3380=VECTOR('',#16632,10.);
#3381=VECTOR('',#16633,10.);
#3382=VECTOR('',#16634,10.);
#3383=VECTOR('',#16637,10.);
#3384=VECTOR('',#16638,10.);
#3385=VECTOR('',#16641,10.);
#3386=VECTOR('',#16642,10.);
#3387=VECTOR('',#16645,10.);
#3388=VECTOR('',#16646,10.);
#3389=VECTOR('',#16649,10.);
#3390=VECTOR('',#16650,10.);
#3391=VECTOR('',#16653,10.);
#3392=VECTOR('',#16656,10.);
#3393=VECTOR('',#16657,10.);
#3394=VECTOR('',#16658,10.);
#3395=VECTOR('',#16661,10.);
#3396=VECTOR('',#16662,10.);
#3397=VECTOR('',#16665,10.);
#3398=VECTOR('',#16666,10.);
#3399=VECTOR('',#16669,10.);
#3400=VECTOR('',#16670,10.);
#3401=VECTOR('',#16673,10.);
#3402=VECTOR('',#16674,10.);
#3403=VECTOR('',#16677,10.);
#3404=VECTOR('',#16680,10.);
#3405=VECTOR('',#16681,10.);
#3406=VECTOR('',#16682,10.);
#3407=VECTOR('',#16685,10.);
#3408=VECTOR('',#16686,10.);
#3409=VECTOR('',#16689,10.);
#3410=VECTOR('',#16690,10.);
#3411=VECTOR('',#16693,10.);
#3412=VECTOR('',#16694,10.);
#3413=VECTOR('',#16697,10.);
#3414=VECTOR('',#16698,10.);
#3415=VECTOR('',#16701,10.);
#3416=VECTOR('',#16702,10.);
#3417=VECTOR('',#16705,10.);
#3418=VECTOR('',#16706,10.);
#3419=VECTOR('',#16709,10.);
#3420=VECTOR('',#16710,10.);
#3421=VECTOR('',#16713,10.);
#3422=VECTOR('',#16716,10.);
#3423=VECTOR('',#16717,10.);
#3424=VECTOR('',#16718,10.);
#3425=VECTOR('',#16721,10.);
#3426=VECTOR('',#16722,10.);
#3427=VECTOR('',#16725,10.);
#3428=VECTOR('',#16726,10.);
#3429=VECTOR('',#16729,10.);
#3430=VECTOR('',#16730,10.);
#3431=VECTOR('',#16733,10.);
#3432=VECTOR('',#16734,10.);
#3433=VECTOR('',#16737,10.);
#3434=VECTOR('',#16740,10.);
#3435=VECTOR('',#16741,10.);
#3436=VECTOR('',#16742,10.);
#3437=VECTOR('',#16745,10.);
#3438=VECTOR('',#16746,10.);
#3439=VECTOR('',#16749,10.);
#3440=VECTOR('',#16750,10.);
#3441=VECTOR('',#16753,10.);
#3442=VECTOR('',#16754,10.);
#3443=VECTOR('',#16757,10.);
#3444=VECTOR('',#16758,10.);
#3445=VECTOR('',#16761,10.);
#3446=VECTOR('',#16764,10.);
#3447=VECTOR('',#16765,10.);
#3448=VECTOR('',#16766,10.);
#3449=VECTOR('',#16769,10.);
#3450=VECTOR('',#16770,10.);
#3451=VECTOR('',#16773,10.);
#3452=VECTOR('',#16774,10.);
#3453=VECTOR('',#16777,10.);
#3454=VECTOR('',#16778,10.);
#3455=VECTOR('',#16781,10.);
#3456=VECTOR('',#16782,10.);
#3457=VECTOR('',#16785,10.);
#3458=VECTOR('',#16788,10.);
#3459=VECTOR('',#16789,10.);
#3460=VECTOR('',#16790,10.);
#3461=VECTOR('',#16793,10.);
#3462=VECTOR('',#16794,10.);
#3463=VECTOR('',#16797,10.);
#3464=VECTOR('',#16798,10.);
#3465=VECTOR('',#16801,10.);
#3466=VECTOR('',#16802,10.);
#3467=VECTOR('',#16805,10.);
#3468=VECTOR('',#16806,10.);
#3469=VECTOR('',#16809,10.);
#3470=VECTOR('',#16812,10.);
#3471=VECTOR('',#16813,10.);
#3472=VECTOR('',#16814,10.);
#3473=VECTOR('',#16817,10.);
#3474=VECTOR('',#16818,10.);
#3475=VECTOR('',#16821,10.);
#3476=VECTOR('',#16822,10.);
#3477=VECTOR('',#16825,10.);
#3478=VECTOR('',#16826,10.);
#3479=VECTOR('',#16829,10.);
#3480=VECTOR('',#16830,10.);
#3481=VECTOR('',#16833,10.);
#3482=VECTOR('',#16834,10.);
#3483=VECTOR('',#16835,10.);
#3484=VECTOR('',#16838,10.);
#3485=VECTOR('',#16839,10.);
#3486=VECTOR('',#16842,10.);
#3487=VECTOR('',#16843,10.);
#3488=VECTOR('',#16846,10.);
#3489=VECTOR('',#16847,10.);
#3490=VECTOR('',#16850,10.);
#3491=VECTOR('',#16851,10.);
#3492=VECTOR('',#16854,10.);
#3493=VECTOR('',#16857,10.);
#3494=VECTOR('',#16858,10.);
#3495=VECTOR('',#16859,10.);
#3496=VECTOR('',#16862,10.);
#3497=VECTOR('',#16863,10.);
#3498=VECTOR('',#16866,10.);
#3499=VECTOR('',#16867,10.);
#3500=VECTOR('',#16870,10.);
#3501=VECTOR('',#16871,10.);
#3502=VECTOR('',#16874,10.);
#3503=VECTOR('',#16875,10.);
#3504=VECTOR('',#16878,10.);
#3505=VECTOR('',#16881,10.);
#3506=VECTOR('',#16882,10.);
#3507=VECTOR('',#16883,10.);
#3508=VECTOR('',#16886,10.);
#3509=VECTOR('',#16887,10.);
#3510=VECTOR('',#16890,10.);
#3511=VECTOR('',#16891,10.);
#3512=VECTOR('',#16894,10.);
#3513=VECTOR('',#16895,10.);
#3514=VECTOR('',#16898,10.);
#3515=VECTOR('',#16899,10.);
#3516=VECTOR('',#16902,10.);
#3517=VECTOR('',#16905,10.);
#3518=VECTOR('',#16906,10.);
#3519=VECTOR('',#16907,10.);
#3520=VECTOR('',#16910,10.);
#3521=VECTOR('',#16911,10.);
#3522=VECTOR('',#16914,10.);
#3523=VECTOR('',#16915,10.);
#3524=VECTOR('',#16918,10.);
#3525=VECTOR('',#16919,10.);
#3526=VECTOR('',#16922,10.);
#3527=VECTOR('',#16923,10.);
#3528=VECTOR('',#16926,10.);
#3529=VECTOR('',#16929,10.);
#3530=VECTOR('',#16930,10.);
#3531=VECTOR('',#16931,10.);
#3532=VECTOR('',#16934,10.);
#3533=VECTOR('',#16935,10.);
#3534=VECTOR('',#16938,10.);
#3535=VECTOR('',#16939,10.);
#3536=VECTOR('',#16942,10.);
#3537=VECTOR('',#16943,10.);
#3538=VECTOR('',#16946,10.);
#3539=VECTOR('',#16947,10.);
#3540=VECTOR('',#16950,10.);
#3541=VECTOR('',#16953,10.);
#3542=VECTOR('',#16954,10.);
#3543=VECTOR('',#16955,10.);
#3544=VECTOR('',#16958,10.);
#3545=VECTOR('',#16959,10.);
#3546=VECTOR('',#16962,10.);
#3547=VECTOR('',#16963,10.);
#3548=VECTOR('',#16966,10.);
#3549=VECTOR('',#16967,10.);
#3550=VECTOR('',#16970,10.);
#3551=VECTOR('',#16971,10.);
#3552=VECTOR('',#16974,10.);
#3553=VECTOR('',#16977,10.);
#3554=VECTOR('',#16978,10.);
#3555=VECTOR('',#16979,10.);
#3556=VECTOR('',#16982,10.);
#3557=VECTOR('',#16983,10.);
#3558=VECTOR('',#16986,10.);
#3559=VECTOR('',#16987,10.);
#3560=VECTOR('',#16990,10.);
#3561=VECTOR('',#16991,10.);
#3562=VECTOR('',#16994,10.);
#3563=VECTOR('',#16995,10.);
#3564=VECTOR('',#16998,10.);
#3565=VECTOR('',#17001,10.);
#3566=VECTOR('',#17002,10.);
#3567=VECTOR('',#17003,10.);
#3568=VECTOR('',#17006,10.);
#3569=VECTOR('',#17007,10.);
#3570=VECTOR('',#17010,10.);
#3571=VECTOR('',#17011,10.);
#3572=VECTOR('',#17014,10.);
#3573=VECTOR('',#17015,10.);
#3574=VECTOR('',#17018,10.);
#3575=VECTOR('',#17019,10.);
#3576=VECTOR('',#17022,10.);
#3577=VECTOR('',#17025,10.);
#3578=VECTOR('',#17026,10.);
#3579=VECTOR('',#17027,10.);
#3580=VECTOR('',#17030,10.);
#3581=VECTOR('',#17031,10.);
#3582=VECTOR('',#17034,10.);
#3583=VECTOR('',#17035,10.);
#3584=VECTOR('',#17038,10.);
#3585=VECTOR('',#17039,10.);
#3586=VECTOR('',#17042,10.);
#3587=VECTOR('',#17043,10.);
#3588=VECTOR('',#17046,10.);
#3589=VECTOR('',#17049,10.);
#3590=VECTOR('',#17050,10.);
#3591=VECTOR('',#17051,10.);
#3592=VECTOR('',#17054,10.);
#3593=VECTOR('',#17055,10.);
#3594=VECTOR('',#17058,10.);
#3595=VECTOR('',#17059,10.);
#3596=VECTOR('',#17062,10.);
#3597=VECTOR('',#17063,10.);
#3598=VECTOR('',#17066,10.);
#3599=VECTOR('',#17067,10.);
#3600=VECTOR('',#17070,10.);
#3601=VECTOR('',#17073,10.);
#3602=VECTOR('',#17074,10.);
#3603=VECTOR('',#17075,10.);
#3604=VECTOR('',#17078,10.);
#3605=VECTOR('',#17079,10.);
#3606=VECTOR('',#17082,10.);
#3607=VECTOR('',#17083,10.);
#3608=VECTOR('',#17084,10.);
#3609=VECTOR('',#17087,10.);
#3610=VECTOR('',#17088,10.);
#3611=VECTOR('',#17091,10.);
#3612=VECTOR('',#17092,10.);
#3613=VECTOR('',#17095,10.);
#3614=VECTOR('',#17096,10.);
#3615=VECTOR('',#17099,10.);
#3616=VECTOR('',#17102,10.);
#3617=VECTOR('',#17103,10.);
#3618=VECTOR('',#17104,10.);
#3619=VECTOR('',#17107,10.);
#3620=VECTOR('',#17108,10.);
#3621=VECTOR('',#17111,10.);
#3622=VECTOR('',#17112,10.);
#3623=VECTOR('',#17115,10.);
#3624=VECTOR('',#17116,10.);
#3625=VECTOR('',#17119,10.);
#3626=VECTOR('',#17120,10.);
#3627=VECTOR('',#17123,10.);
#3628=VECTOR('',#17126,10.);
#3629=VECTOR('',#17127,10.);
#3630=VECTOR('',#17128,10.);
#3631=VECTOR('',#17131,10.);
#3632=VECTOR('',#17132,10.);
#3633=VECTOR('',#17135,10.);
#3634=VECTOR('',#17136,10.);
#3635=VECTOR('',#17139,10.);
#3636=VECTOR('',#17140,10.);
#3637=VECTOR('',#17143,10.);
#3638=VECTOR('',#17144,10.);
#3639=VECTOR('',#17147,10.);
#3640=VECTOR('',#17150,10.);
#3641=VECTOR('',#17151,10.);
#3642=VECTOR('',#17152,10.);
#3643=VECTOR('',#17155,10.);
#3644=VECTOR('',#17156,10.);
#3645=VECTOR('',#17159,10.);
#3646=VECTOR('',#17160,10.);
#3647=VECTOR('',#17163,10.);
#3648=VECTOR('',#17164,10.);
#3649=VECTOR('',#17167,10.);
#3650=VECTOR('',#17168,10.);
#3651=VECTOR('',#17171,10.);
#3652=VECTOR('',#17174,10.);
#3653=VECTOR('',#17175,10.);
#3654=VECTOR('',#17176,10.);
#3655=VECTOR('',#17179,10.);
#3656=VECTOR('',#17180,10.);
#3657=VECTOR('',#17183,10.);
#3658=VECTOR('',#17184,10.);
#3659=VECTOR('',#17187,10.);
#3660=VECTOR('',#17188,10.);
#3661=VECTOR('',#17191,10.);
#3662=VECTOR('',#17192,10.);
#3663=VECTOR('',#17195,10.);
#3664=VECTOR('',#17198,10.);
#3665=VECTOR('',#17199,10.);
#3666=VECTOR('',#17200,10.);
#3667=VECTOR('',#17203,10.);
#3668=VECTOR('',#17204,10.);
#3669=VECTOR('',#17207,10.);
#3670=VECTOR('',#17208,10.);
#3671=VECTOR('',#17211,10.);
#3672=VECTOR('',#17212,10.);
#3673=VECTOR('',#17215,10.);
#3674=VECTOR('',#17216,10.);
#3675=VECTOR('',#17219,10.);
#3676=VECTOR('',#17220,10.);
#3677=VECTOR('',#17221,10.);
#3678=VECTOR('',#17224,10.);
#3679=VECTOR('',#17225,10.);
#3680=VECTOR('',#17228,10.);
#3681=VECTOR('',#17229,10.);
#3682=VECTOR('',#17232,10.);
#3683=VECTOR('',#17233,10.);
#3684=VECTOR('',#17236,10.);
#3685=VECTOR('',#17237,10.);
#3686=VECTOR('',#17240,10.);
#3687=VECTOR('',#17245,1.4);
#3688=VECTOR('',#17252,1.4);
#3689=VECTOR('',#17259,1.4);
#3690=VECTOR('',#17264,1.4);
#3691=VECTOR('',#17269,1.4);
#3692=VECTOR('',#17274,1.40000000000001);
#3693=VECTOR('',#17279,1.39999999999999);
#3694=VECTOR('',#17284,10.);
#3695=VECTOR('',#17285,10.);
#3696=VECTOR('',#17286,10.);
#3697=VECTOR('',#17287,10.);
#3698=VECTOR('',#17288,10.);
#3699=VECTOR('',#17291,10.);
#3700=VECTOR('',#17292,10.);
#3701=VECTOR('',#17293,10.);
#3702=VECTOR('',#17294,10.);
#3703=VECTOR('',#17299,3.5);
#3704=VECTOR('',#17308,10.);
#3705=VECTOR('',#17309,10.);
#3706=VECTOR('',#17312,10.);
#3707=VECTOR('',#17315,10.);
#3708=VECTOR('',#17316,10.);
#3709=VECTOR('',#17319,10.);
#3710=VECTOR('',#17320,10.);
#3711=VECTOR('',#17323,10.);
#3712=VECTOR('',#17324,10.);
#3713=VECTOR('',#17329,10.);
#3714=VECTOR('',#17330,10.);
#3715=VECTOR('',#17331,10.);
#3716=VECTOR('',#17334,10.);
#3717=VECTOR('',#17335,10.);
#3718=VECTOR('',#17340,3.5);
#3719=VECTOR('',#17353,3.5);
#3720=VECTOR('',#17366,10.);
#3721=VECTOR('',#17367,10.);
#3722=VECTOR('',#17370,10.);
#3723=PLANE('',#13406);
#3724=PLANE('',#13407);
#3725=PLANE('',#13408);
#3726=PLANE('',#13411);
#3727=PLANE('',#13412);
#3728=PLANE('',#13431);
#3729=PLANE('',#13432);
#3730=PLANE('',#13436);
#3731=PLANE('',#13452);
#3732=PLANE('',#13454);
#3733=PLANE('',#13468);
#3734=PLANE('',#13475);
#3735=PLANE('',#13477);
#3736=PLANE('',#13478);
#3737=PLANE('',#13479);
#3738=PLANE('',#13480);
#3739=PLANE('',#13481);
#3740=PLANE('',#13482);
#3741=PLANE('',#13483);
#3742=PLANE('',#13484);
#3743=PLANE('',#13485);
#3744=PLANE('',#13486);
#3745=PLANE('',#13487);
#3746=PLANE('',#13488);
#3747=PLANE('',#13489);
#3748=PLANE('',#13490);
#3749=PLANE('',#13491);
#3750=PLANE('',#13492);
#3751=PLANE('',#13493);
#3752=PLANE('',#13494);
#3753=PLANE('',#13495);
#3754=PLANE('',#13496);
#3755=PLANE('',#13497);
#3756=PLANE('',#13498);
#3757=PLANE('',#13499);
#3758=PLANE('',#13500);
#3759=PLANE('',#13501);
#3760=PLANE('',#13502);
#3761=PLANE('',#13503);
#3762=PLANE('',#13504);
#3763=PLANE('',#13505);
#3764=PLANE('',#13506);
#3765=PLANE('',#13507);
#3766=PLANE('',#13508);
#3767=PLANE('',#13509);
#3768=PLANE('',#13510);
#3769=PLANE('',#13511);
#3770=PLANE('',#13512);
#3771=PLANE('',#13513);
#3772=PLANE('',#13514);
#3773=PLANE('',#13515);
#3774=PLANE('',#13516);
#3775=PLANE('',#13517);
#3776=PLANE('',#13518);
#3777=PLANE('',#13519);
#3778=PLANE('',#13520);
#3779=PLANE('',#13521);
#3780=PLANE('',#13522);
#3781=PLANE('',#13523);
#3782=PLANE('',#13524);
#3783=PLANE('',#13525);
#3784=PLANE('',#13526);
#3785=PLANE('',#13530);
#3786=PLANE('',#13535);
#3787=PLANE('',#13536);
#3788=PLANE('',#13537);
#3789=PLANE('',#13538);
#3790=PLANE('',#13539);
#3791=PLANE('',#13540);
#3792=PLANE('',#13541);
#3793=PLANE('',#13542);
#3794=PLANE('',#13550);
#3795=PLANE('',#13566);
#3796=PLANE('',#13571);
#3797=PLANE('',#13572);
#3798=PLANE('',#13573);
#3799=PLANE('',#13575);
#3800=PLANE('',#13577);
#3801=PLANE('',#13579);
#3802=PLANE('',#13581);
#3803=PLANE('',#13583);
#3804=PLANE('',#13584);
#3805=PLANE('',#13586);
#3806=PLANE('',#13588);
#3807=PLANE('',#13590);
#3808=PLANE('',#13591);
#3809=PLANE('',#13593);
#3810=PLANE('',#13595);
#3811=PLANE('',#13596);
#3812=PLANE('',#13599);
#3813=PLANE('',#13610);
#3814=PLANE('',#13611);
#3815=PLANE('',#13612);
#3816=PLANE('',#13613);
#3817=PLANE('',#13614);
#3818=PLANE('',#13615);
#3819=PLANE('',#13616);
#3820=PLANE('',#13617);
#3821=PLANE('',#13618);
#3822=PLANE('',#13619);
#3823=PLANE('',#13620);
#3824=PLANE('',#13621);
#3825=PLANE('',#13622);
#3826=PLANE('',#13623);
#3827=PLANE('',#13624);
#3828=PLANE('',#13625);
#3829=PLANE('',#13626);
#3830=PLANE('',#13627);
#3831=PLANE('',#13628);
#3832=PLANE('',#13629);
#3833=PLANE('',#13630);
#3834=PLANE('',#13631);
#3835=PLANE('',#13632);
#3836=PLANE('',#13633);
#3837=PLANE('',#13634);
#3838=PLANE('',#13635);
#3839=PLANE('',#13636);
#3840=PLANE('',#13637);
#3841=PLANE('',#13638);
#3842=PLANE('',#13639);
#3843=PLANE('',#13640);
#3844=PLANE('',#13641);
#3845=PLANE('',#13642);
#3846=PLANE('',#13643);
#3847=PLANE('',#13644);
#3848=PLANE('',#13645);
#3849=PLANE('',#13646);
#3850=PLANE('',#13647);
#3851=PLANE('',#13648);
#3852=PLANE('',#13649);
#3853=PLANE('',#13650);
#3854=PLANE('',#13651);
#3855=PLANE('',#13652);
#3856=PLANE('',#13653);
#3857=PLANE('',#13654);
#3858=PLANE('',#13655);
#3859=PLANE('',#13656);
#3860=PLANE('',#13657);
#3861=PLANE('',#13658);
#3862=PLANE('',#13659);
#3863=PLANE('',#13660);
#3864=PLANE('',#13661);
#3865=PLANE('',#13662);
#3866=PLANE('',#13663);
#3867=PLANE('',#13664);
#3868=PLANE('',#13665);
#3869=PLANE('',#13666);
#3870=PLANE('',#13667);
#3871=PLANE('',#13668);
#3872=PLANE('',#13669);
#3873=PLANE('',#13670);
#3874=PLANE('',#13671);
#3875=PLANE('',#13672);
#3876=PLANE('',#13673);
#3877=PLANE('',#13674);
#3878=PLANE('',#13675);
#3879=PLANE('',#13676);
#3880=PLANE('',#13677);
#3881=PLANE('',#13678);
#3882=PLANE('',#13679);
#3883=PLANE('',#13682);
#3884=PLANE('',#13683);
#3885=PLANE('',#13684);
#3886=PLANE('',#13685);
#3887=PLANE('',#13686);
#3888=PLANE('',#13687);
#3889=PLANE('',#13688);
#3890=PLANE('',#13689);
#3891=PLANE('',#13690);
#3892=PLANE('',#13691);
#3893=PLANE('',#13692);
#3894=PLANE('',#13694);
#3895=PLANE('',#13696);
#3896=PLANE('',#13698);
#3897=PLANE('',#13700);
#3898=PLANE('',#13701);
#3899=PLANE('',#13702);
#3900=PLANE('',#13703);
#3901=PLANE('',#13704);
#3902=PLANE('',#13705);
#3903=PLANE('',#13706);
#3904=PLANE('',#13707);
#3905=PLANE('',#13708);
#3906=PLANE('',#13709);
#3907=PLANE('',#13710);
#3908=PLANE('',#13711);
#3909=PLANE('',#13712);
#3910=PLANE('',#13713);
#3911=PLANE('',#13714);
#3912=PLANE('',#13715);
#3913=PLANE('',#13716);
#3914=PLANE('',#13717);
#3915=PLANE('',#13718);
#3916=PLANE('',#13719);
#3917=PLANE('',#13720);
#3918=PLANE('',#13721);
#3919=PLANE('',#13722);
#3920=PLANE('',#13723);
#3921=PLANE('',#13724);
#3922=PLANE('',#13725);
#3923=PLANE('',#13726);
#3924=PLANE('',#13727);
#3925=PLANE('',#13728);
#3926=PLANE('',#13729);
#3927=PLANE('',#13730);
#3928=PLANE('',#13731);
#3929=PLANE('',#13732);
#3930=PLANE('',#13733);
#3931=PLANE('',#13734);
#3932=PLANE('',#13735);
#3933=PLANE('',#13736);
#3934=PLANE('',#13737);
#3935=PLANE('',#13738);
#3936=PLANE('',#13739);
#3937=PLANE('',#13740);
#3938=PLANE('',#13741);
#3939=PLANE('',#13742);
#3940=PLANE('',#13743);
#3941=PLANE('',#13744);
#3942=PLANE('',#13745);
#3943=PLANE('',#13746);
#3944=PLANE('',#13747);
#3945=PLANE('',#13748);
#3946=PLANE('',#13749);
#3947=PLANE('',#13750);
#3948=PLANE('',#13751);
#3949=PLANE('',#13752);
#3950=PLANE('',#13753);
#3951=PLANE('',#13754);
#3952=PLANE('',#13755);
#3953=PLANE('',#13756);
#3954=PLANE('',#13757);
#3955=PLANE('',#13758);
#3956=PLANE('',#13759);
#3957=PLANE('',#13760);
#3958=PLANE('',#13761);
#3959=PLANE('',#13762);
#3960=PLANE('',#13763);
#3961=PLANE('',#13764);
#3962=PLANE('',#13765);
#3963=PLANE('',#13766);
#3964=PLANE('',#13767);
#3965=PLANE('',#13768);
#3966=PLANE('',#13769);
#3967=PLANE('',#13770);
#3968=PLANE('',#13771);
#3969=PLANE('',#13772);
#3970=PLANE('',#13773);
#3971=PLANE('',#13774);
#3972=PLANE('',#13775);
#3973=PLANE('',#13776);
#3974=PLANE('',#13777);
#3975=PLANE('',#13778);
#3976=PLANE('',#13779);
#3977=PLANE('',#13780);
#3978=PLANE('',#13781);
#3979=PLANE('',#13782);
#3980=PLANE('',#13783);
#3981=PLANE('',#13784);
#3982=PLANE('',#13785);
#3983=PLANE('',#13786);
#3984=PLANE('',#13787);
#3985=PLANE('',#13788);
#3986=PLANE('',#13789);
#3987=PLANE('',#13790);
#3988=PLANE('',#13791);
#3989=PLANE('',#13792);
#3990=PLANE('',#13793);
#3991=PLANE('',#13794);
#3992=PLANE('',#13795);
#3993=PLANE('',#13796);
#3994=PLANE('',#13797);
#3995=PLANE('',#13798);
#3996=PLANE('',#13799);
#3997=PLANE('',#13800);
#3998=PLANE('',#13801);
#3999=PLANE('',#13802);
#4000=PLANE('',#13803);
#4001=PLANE('',#13804);
#4002=PLANE('',#13805);
#4003=PLANE('',#13812);
#4004=PLANE('',#13813);
#4005=PLANE('',#13814);
#4006=PLANE('',#13815);
#4007=PLANE('',#13816);
#4008=PLANE('',#13817);
#4009=PLANE('',#13818);
#4010=PLANE('',#13819);
#4011=PLANE('',#13820);
#4012=PLANE('',#13821);
#4013=PLANE('',#13822);
#4014=PLANE('',#13823);
#4015=PLANE('',#13824);
#4016=PLANE('',#13825);
#4017=PLANE('',#13826);
#4018=PLANE('',#13827);
#4019=PLANE('',#13828);
#4020=PLANE('',#13829);
#4021=PLANE('',#13830);
#4022=PLANE('',#13831);
#4023=PLANE('',#13832);
#4024=PLANE('',#13833);
#4025=PLANE('',#13834);
#4026=PLANE('',#13835);
#4027=PLANE('',#13836);
#4028=PLANE('',#13837);
#4029=PLANE('',#13838);
#4030=PLANE('',#13839);
#4031=PLANE('',#13840);
#4032=PLANE('',#13841);
#4033=PLANE('',#13842);
#4034=PLANE('',#13843);
#4035=PLANE('',#13844);
#4036=PLANE('',#13845);
#4037=PLANE('',#13846);
#4038=PLANE('',#13847);
#4039=PLANE('',#13848);
#4040=PLANE('',#13849);
#4041=PLANE('',#13850);
#4042=PLANE('',#13851);
#4043=PLANE('',#13852);
#4044=PLANE('',#13853);
#4045=PLANE('',#13854);
#4046=PLANE('',#13855);
#4047=PLANE('',#13856);
#4048=PLANE('',#13857);
#4049=PLANE('',#13858);
#4050=PLANE('',#13859);
#4051=PLANE('',#13860);
#4052=PLANE('',#13861);
#4053=PLANE('',#13862);
#4054=PLANE('',#13863);
#4055=PLANE('',#13864);
#4056=PLANE('',#13865);
#4057=PLANE('',#13866);
#4058=PLANE('',#13867);
#4059=PLANE('',#13868);
#4060=PLANE('',#13869);
#4061=PLANE('',#13870);
#4062=PLANE('',#13871);
#4063=PLANE('',#13872);
#4064=PLANE('',#13873);
#4065=PLANE('',#13874);
#4066=PLANE('',#13875);
#4067=PLANE('',#13876);
#4068=PLANE('',#13877);
#4069=PLANE('',#13878);
#4070=PLANE('',#13879);
#4071=PLANE('',#13880);
#4072=PLANE('',#13881);
#4073=PLANE('',#13882);
#4074=PLANE('',#13883);
#4075=PLANE('',#13884);
#4076=PLANE('',#13885);
#4077=PLANE('',#13886);
#4078=PLANE('',#13887);
#4079=PLANE('',#13888);
#4080=PLANE('',#13889);
#4081=PLANE('',#13890);
#4082=PLANE('',#13891);
#4083=PLANE('',#13892);
#4084=PLANE('',#13893);
#4085=PLANE('',#13894);
#4086=PLANE('',#13895);
#4087=PLANE('',#13896);
#4088=PLANE('',#13897);
#4089=PLANE('',#13898);
#4090=PLANE('',#13899);
#4091=PLANE('',#13900);
#4092=PLANE('',#13901);
#4093=PLANE('',#13902);
#4094=PLANE('',#13903);
#4095=PLANE('',#13904);
#4096=PLANE('',#13905);
#4097=PLANE('',#13906);
#4098=PLANE('',#13907);
#4099=PLANE('',#13908);
#4100=PLANE('',#13909);
#4101=PLANE('',#13910);
#4102=PLANE('',#13911);
#4103=PLANE('',#13912);
#4104=PLANE('',#13913);
#4105=PLANE('',#13914);
#4106=PLANE('',#13915);
#4107=PLANE('',#13916);
#4108=PLANE('',#13917);
#4109=PLANE('',#13918);
#4110=PLANE('',#13919);
#4111=PLANE('',#13920);
#4112=PLANE('',#13921);
#4113=PLANE('',#13922);
#4114=PLANE('',#13923);
#4115=PLANE('',#13924);
#4116=PLANE('',#13925);
#4117=PLANE('',#13926);
#4118=PLANE('',#13927);
#4119=PLANE('',#13928);
#4120=PLANE('',#13929);
#4121=PLANE('',#13930);
#4122=PLANE('',#13931);
#4123=PLANE('',#13932);
#4124=PLANE('',#13933);
#4125=PLANE('',#13934);
#4126=PLANE('',#13935);
#4127=PLANE('',#13936);
#4128=PLANE('',#13937);
#4129=PLANE('',#13938);
#4130=PLANE('',#13939);
#4131=PLANE('',#13940);
#4132=PLANE('',#13941);
#4133=PLANE('',#13942);
#4134=PLANE('',#13943);
#4135=PLANE('',#13944);
#4136=PLANE('',#13945);
#4137=PLANE('',#13946);
#4138=PLANE('',#13947);
#4139=PLANE('',#13948);
#4140=PLANE('',#13949);
#4141=PLANE('',#13950);
#4142=PLANE('',#13951);
#4143=PLANE('',#13952);
#4144=PLANE('',#13953);
#4145=PLANE('',#13954);
#4146=PLANE('',#13955);
#4147=PLANE('',#13956);
#4148=PLANE('',#13957);
#4149=PLANE('',#13958);
#4150=PLANE('',#13959);
#4151=PLANE('',#13960);
#4152=PLANE('',#13961);
#4153=PLANE('',#13962);
#4154=PLANE('',#13963);
#4155=PLANE('',#13964);
#4156=PLANE('',#13965);
#4157=PLANE('',#13966);
#4158=PLANE('',#13967);
#4159=PLANE('',#13968);
#4160=PLANE('',#13969);
#4161=PLANE('',#13970);
#4162=PLANE('',#13971);
#4163=PLANE('',#13972);
#4164=PLANE('',#13973);
#4165=PLANE('',#13974);
#4166=PLANE('',#13975);
#4167=PLANE('',#13976);
#4168=PLANE('',#13977);
#4169=PLANE('',#13978);
#4170=PLANE('',#13979);
#4171=PLANE('',#13980);
#4172=PLANE('',#13981);
#4173=PLANE('',#13982);
#4174=PLANE('',#13983);
#4175=PLANE('',#13984);
#4176=PLANE('',#13985);
#4177=PLANE('',#13986);
#4178=PLANE('',#13987);
#4179=PLANE('',#13988);
#4180=PLANE('',#13989);
#4181=PLANE('',#13990);
#4182=PLANE('',#13991);
#4183=PLANE('',#13992);
#4184=PLANE('',#13993);
#4185=PLANE('',#13994);
#4186=PLANE('',#13995);
#4187=PLANE('',#13996);
#4188=PLANE('',#13997);
#4189=PLANE('',#13998);
#4190=PLANE('',#13999);
#4191=PLANE('',#14000);
#4192=PLANE('',#14001);
#4193=PLANE('',#14002);
#4194=PLANE('',#14003);
#4195=PLANE('',#14004);
#4196=PLANE('',#14005);
#4197=PLANE('',#14006);
#4198=PLANE('',#14007);
#4199=PLANE('',#14008);
#4200=PLANE('',#14009);
#4201=PLANE('',#14010);
#4202=PLANE('',#14011);
#4203=PLANE('',#14012);
#4204=PLANE('',#14013);
#4205=PLANE('',#14014);
#4206=PLANE('',#14015);
#4207=PLANE('',#14016);
#4208=PLANE('',#14017);
#4209=PLANE('',#14018);
#4210=PLANE('',#14019);
#4211=PLANE('',#14020);
#4212=PLANE('',#14021);
#4213=PLANE('',#14022);
#4214=PLANE('',#14023);
#4215=PLANE('',#14024);
#4216=PLANE('',#14025);
#4217=PLANE('',#14026);
#4218=PLANE('',#14027);
#4219=PLANE('',#14028);
#4220=PLANE('',#14029);
#4221=PLANE('',#14030);
#4222=PLANE('',#14031);
#4223=PLANE('',#14032);
#4224=PLANE('',#14033);
#4225=PLANE('',#14034);
#4226=PLANE('',#14035);
#4227=PLANE('',#14036);
#4228=PLANE('',#14037);
#4229=PLANE('',#14038);
#4230=PLANE('',#14039);
#4231=PLANE('',#14040);
#4232=PLANE('',#14041);
#4233=PLANE('',#14042);
#4234=PLANE('',#14043);
#4235=PLANE('',#14044);
#4236=PLANE('',#14045);
#4237=PLANE('',#14046);
#4238=PLANE('',#14047);
#4239=PLANE('',#14048);
#4240=PLANE('',#14049);
#4241=PLANE('',#14050);
#4242=PLANE('',#14051);
#4243=PLANE('',#14052);
#4244=PLANE('',#14053);
#4245=PLANE('',#14054);
#4246=PLANE('',#14055);
#4247=PLANE('',#14056);
#4248=PLANE('',#14057);
#4249=PLANE('',#14058);
#4250=PLANE('',#14059);
#4251=PLANE('',#14060);
#4252=PLANE('',#14061);
#4253=PLANE('',#14062);
#4254=PLANE('',#14063);
#4255=PLANE('',#14064);
#4256=PLANE('',#14065);
#4257=PLANE('',#14066);
#4258=PLANE('',#14067);
#4259=PLANE('',#14068);
#4260=PLANE('',#14069);
#4261=PLANE('',#14070);
#4262=PLANE('',#14071);
#4263=PLANE('',#14072);
#4264=PLANE('',#14073);
#4265=PLANE('',#14074);
#4266=PLANE('',#14075);
#4267=PLANE('',#14076);
#4268=PLANE('',#14077);
#4269=PLANE('',#14078);
#4270=PLANE('',#14079);
#4271=PLANE('',#14080);
#4272=PLANE('',#14081);
#4273=PLANE('',#14082);
#4274=PLANE('',#14083);
#4275=PLANE('',#14084);
#4276=PLANE('',#14085);
#4277=PLANE('',#14086);
#4278=PLANE('',#14087);
#4279=PLANE('',#14088);
#4280=PLANE('',#14106);
#4281=PLANE('',#14107);
#4282=PLANE('',#14113);
#4283=PLANE('',#14114);
#4284=PLANE('',#14115);
#4285=PLANE('',#14116);
#4286=PLANE('',#14117);
#4287=PLANE('',#14118);
#4288=PLANE('',#14119);
#4289=PLANE('',#14120);
#4290=PLANE('',#14124);
#4291=PLANE('',#14125);
#4292=PLANE('',#14126);
#4293=PLANE('',#14132);
#4294=PLANE('',#14133);
#4295=PLANE('',#14134);
#4296=PLANE('',#14135);
#4297=PLANE('',#14136);
#4298=PLANE('',#14137);
#4299=CIRCLE('',#13403,1.5);
#4300=CIRCLE('',#13405,1.5);
#4301=CIRCLE('',#13409,1.4);
#4302=CIRCLE('',#13410,14.);
#4303=CIRCLE('',#13413,1.5);
#4304=CIRCLE('',#13414,1.5);
#4305=CIRCLE('',#13433,14.);
#4306=CIRCLE('',#13434,14.);
#4307=CIRCLE('',#13435,1.4);
#4308=CIRCLE('',#13438,1.4);
#4309=CIRCLE('',#13439,1.4);
#4310=CIRCLE('',#13441,1.4);
#4311=CIRCLE('',#13446,1.4);
#4312=CIRCLE('',#13448,1.4);
#4313=CIRCLE('',#13460,1.4);
#4314=CIRCLE('',#13462,1.4);
#4315=CIRCLE('',#13463,1.4);
#4316=CIRCLE('',#13465,1.4);
#4317=CIRCLE('',#13472,1.4);
#4318=CIRCLE('',#13528,14.);
#4319=CIRCLE('',#13529,14.);
#4320=CIRCLE('',#13531,14.);
#4321=CIRCLE('',#13532,14.);
#4322=CIRCLE('',#13534,14.);
#4323=CIRCLE('',#13551,3.5);
#4324=CIRCLE('',#13552,1.5);
#4325=CIRCLE('',#13553,1.5);
#4326=CIRCLE('',#13555,1.5);
#4327=CIRCLE('',#13556,1.5);
#4328=CIRCLE('',#13557,1.5);
#4329=CIRCLE('',#13558,1.5);
#4330=CIRCLE('',#13597,14.);
#4331=CIRCLE('',#13600,14.);
#4332=CIRCLE('',#13603,1.5);
#4333=CIRCLE('',#13605,1.5);
#4334=CIRCLE('',#13607,1.5);
#4335=CIRCLE('',#13609,1.5);
#4336=CIRCLE('',#13681,3.5);
#4337=CIRCLE('',#13693,1.4);
#4338=CIRCLE('',#13695,1.39999999999999);
#4339=CIRCLE('',#13697,1.4);
#4340=CIRCLE('',#13699,1.40000000000001);
#4341=CIRCLE('',#13806,3.5);
#4342=CIRCLE('',#13807,3.5);
#4343=CIRCLE('',#13808,3.5);
#4344=CIRCLE('',#13809,3.5);
#4345=CIRCLE('',#13810,3.5);
#4346=CIRCLE('',#13811,3.5);
#4347=CIRCLE('',#14090,1.4);
#4348=CIRCLE('',#14091,1.4);
#4349=CIRCLE('',#14093,1.4);
#4350=CIRCLE('',#14094,1.4);
#4351=CIRCLE('',#14096,1.4);
#4352=CIRCLE('',#14097,1.4);
#4353=CIRCLE('',#14099,1.4);
#4354=CIRCLE('',#14101,1.4);
#4355=CIRCLE('',#14103,1.40000000000001);
#4356=CIRCLE('',#14105,1.39999999999999);
#4357=CIRCLE('',#14109,3.5);
#4358=CIRCLE('',#14110,3.5);
#4359=CIRCLE('',#14111,3.5);
#4360=CIRCLE('',#14112,3.5);
#4361=CIRCLE('',#14122,3.5);
#4362=CIRCLE('',#14123,3.5);
#4363=CIRCLE('',#14128,3.5);
#4364=CIRCLE('',#14129,3.5);
#4365=CIRCLE('',#14130,3.5);
#4366=CIRCLE('',#14131,3.5);
#4367=FACE_OUTER_BOUND('',#4978,.T.);
#4368=FACE_OUTER_BOUND('',#4979,.T.);
#4369=FACE_OUTER_BOUND('',#4980,.T.);
#4370=FACE_OUTER_BOUND('',#4981,.T.);
#4371=FACE_OUTER_BOUND('',#4982,.T.);
#4372=FACE_OUTER_BOUND('',#4985,.T.);
#4373=FACE_OUTER_BOUND('',#4986,.T.);
#4374=FACE_OUTER_BOUND('',#4987,.T.);
#4375=FACE_OUTER_BOUND('',#4988,.T.);
#4376=FACE_OUTER_BOUND('',#4989,.T.);
#4377=FACE_OUTER_BOUND('',#4990,.T.);
#4378=FACE_OUTER_BOUND('',#4993,.T.);
#4379=FACE_OUTER_BOUND('',#4994,.T.);
#4380=FACE_OUTER_BOUND('',#4995,.T.);
#4381=FACE_OUTER_BOUND('',#4996,.T.);
#4382=FACE_OUTER_BOUND('',#4997,.T.);
#4383=FACE_OUTER_BOUND('',#4998,.T.);
#4384=FACE_OUTER_BOUND('',#4999,.T.);
#4385=FACE_OUTER_BOUND('',#5000,.T.);
#4386=FACE_OUTER_BOUND('',#5001,.T.);
#4387=FACE_OUTER_BOUND('',#5002,.T.);
#4388=FACE_OUTER_BOUND('',#5003,.T.);
#4389=FACE_OUTER_BOUND('',#5004,.T.);
#4390=FACE_OUTER_BOUND('',#5005,.T.);
#4391=FACE_OUTER_BOUND('',#5006,.T.);
#4392=FACE_OUTER_BOUND('',#5007,.T.);
#4393=FACE_OUTER_BOUND('',#5008,.T.);
#4394=FACE_OUTER_BOUND('',#5009,.T.);
#4395=FACE_OUTER_BOUND('',#5010,.T.);
#4396=FACE_OUTER_BOUND('',#5011,.T.);
#4397=FACE_OUTER_BOUND('',#5012,.T.);
#4398=FACE_OUTER_BOUND('',#5013,.T.);
#4399=FACE_OUTER_BOUND('',#5014,.T.);
#4400=FACE_OUTER_BOUND('',#5015,.T.);
#4401=FACE_OUTER_BOUND('',#5016,.T.);
#4402=FACE_OUTER_BOUND('',#5017,.T.);
#4403=FACE_OUTER_BOUND('',#5018,.T.);
#4404=FACE_OUTER_BOUND('',#5019,.T.);
#4405=FACE_OUTER_BOUND('',#5020,.T.);
#4406=FACE_OUTER_BOUND('',#5021,.T.);
#4407=FACE_OUTER_BOUND('',#5022,.T.);
#4408=FACE_OUTER_BOUND('',#5023,.T.);
#4409=FACE_OUTER_BOUND('',#5024,.T.);
#4410=FACE_OUTER_BOUND('',#5025,.T.);
#4411=FACE_OUTER_BOUND('',#5026,.T.);
#4412=FACE_OUTER_BOUND('',#5027,.T.);
#4413=FACE_OUTER_BOUND('',#5028,.T.);
#4414=FACE_OUTER_BOUND('',#5029,.T.);
#4415=FACE_OUTER_BOUND('',#5030,.T.);
#4416=FACE_OUTER_BOUND('',#5031,.T.);
#4417=FACE_OUTER_BOUND('',#5032,.T.);
#4418=FACE_OUTER_BOUND('',#5033,.T.);
#4419=FACE_OUTER_BOUND('',#5034,.T.);
#4420=FACE_OUTER_BOUND('',#5035,.T.);
#4421=FACE_OUTER_BOUND('',#5036,.T.);
#4422=FACE_OUTER_BOUND('',#5037,.T.);
#4423=FACE_OUTER_BOUND('',#5038,.T.);
#4424=FACE_OUTER_BOUND('',#5039,.T.);
#4425=FACE_OUTER_BOUND('',#5040,.T.);
#4426=FACE_OUTER_BOUND('',#5041,.T.);
#4427=FACE_OUTER_BOUND('',#5042,.T.);
#4428=FACE_OUTER_BOUND('',#5043,.T.);
#4429=FACE_OUTER_BOUND('',#5044,.T.);
#4430=FACE_OUTER_BOUND('',#5045,.T.);
#4431=FACE_OUTER_BOUND('',#5046,.T.);
#4432=FACE_OUTER_BOUND('',#5047,.T.);
#4433=FACE_OUTER_BOUND('',#5048,.T.);
#4434=FACE_OUTER_BOUND('',#5049,.T.);
#4435=FACE_OUTER_BOUND('',#5050,.T.);
#4436=FACE_OUTER_BOUND('',#5051,.T.);
#4437=FACE_OUTER_BOUND('',#5052,.T.);
#4438=FACE_OUTER_BOUND('',#5053,.T.);
#4439=FACE_OUTER_BOUND('',#5054,.T.);
#4440=FACE_OUTER_BOUND('',#5055,.T.);
#4441=FACE_OUTER_BOUND('',#5056,.T.);
#4442=FACE_OUTER_BOUND('',#5057,.T.);
#4443=FACE_OUTER_BOUND('',#5058,.T.);
#4444=FACE_OUTER_BOUND('',#5059,.T.);
#4445=FACE_OUTER_BOUND('',#5060,.T.);
#4446=FACE_OUTER_BOUND('',#5061,.T.);
#4447=FACE_OUTER_BOUND('',#5062,.T.);
#4448=FACE_OUTER_BOUND('',#5063,.T.);
#4449=FACE_OUTER_BOUND('',#5064,.T.);
#4450=FACE_OUTER_BOUND('',#5065,.T.);
#4451=FACE_OUTER_BOUND('',#5088,.T.);
#4452=FACE_OUTER_BOUND('',#5089,.T.);
#4453=FACE_OUTER_BOUND('',#5090,.T.);
#4454=FACE_OUTER_BOUND('',#5091,.T.);
#4455=FACE_OUTER_BOUND('',#5113,.T.);
#4456=FACE_OUTER_BOUND('',#5114,.T.);
#4457=FACE_OUTER_BOUND('',#5115,.T.);
#4458=FACE_OUTER_BOUND('',#5116,.T.);
#4459=FACE_OUTER_BOUND('',#5117,.T.);
#4460=FACE_OUTER_BOUND('',#5118,.T.);
#4461=FACE_OUTER_BOUND('',#5119,.T.);
#4462=FACE_OUTER_BOUND('',#5120,.T.);
#4463=FACE_OUTER_BOUND('',#5121,.T.);
#4464=FACE_OUTER_BOUND('',#5122,.T.);
#4465=FACE_OUTER_BOUND('',#5123,.T.);
#4466=FACE_OUTER_BOUND('',#5124,.T.);
#4467=FACE_OUTER_BOUND('',#5125,.T.);
#4468=FACE_OUTER_BOUND('',#5126,.T.);
#4469=FACE_OUTER_BOUND('',#5127,.T.);
#4470=FACE_OUTER_BOUND('',#5128,.T.);
#4471=FACE_OUTER_BOUND('',#5129,.T.);
#4472=FACE_OUTER_BOUND('',#5130,.T.);
#4473=FACE_OUTER_BOUND('',#5131,.T.);
#4474=FACE_OUTER_BOUND('',#5132,.T.);
#4475=FACE_OUTER_BOUND('',#5133,.T.);
#4476=FACE_OUTER_BOUND('',#5134,.T.);
#4477=FACE_OUTER_BOUND('',#5135,.T.);
#4478=FACE_OUTER_BOUND('',#5136,.T.);
#4479=FACE_OUTER_BOUND('',#5137,.T.);
#4480=FACE_OUTER_BOUND('',#5138,.T.);
#4481=FACE_OUTER_BOUND('',#5139,.T.);
#4482=FACE_OUTER_BOUND('',#5140,.T.);
#4483=FACE_OUTER_BOUND('',#5141,.T.);
#4484=FACE_OUTER_BOUND('',#5142,.T.);
#4485=FACE_OUTER_BOUND('',#5143,.T.);
#4486=FACE_OUTER_BOUND('',#5144,.T.);
#4487=FACE_OUTER_BOUND('',#5145,.T.);
#4488=FACE_OUTER_BOUND('',#5146,.T.);
#4489=FACE_OUTER_BOUND('',#5147,.T.);
#4490=FACE_OUTER_BOUND('',#5148,.T.);
#4491=FACE_OUTER_BOUND('',#5149,.T.);
#4492=FACE_OUTER_BOUND('',#5150,.T.);
#4493=FACE_OUTER_BOUND('',#5151,.T.);
#4494=FACE_OUTER_BOUND('',#5152,.T.);
#4495=FACE_OUTER_BOUND('',#5153,.T.);
#4496=FACE_OUTER_BOUND('',#5154,.T.);
#4497=FACE_OUTER_BOUND('',#5155,.T.);
#4498=FACE_OUTER_BOUND('',#5156,.T.);
#4499=FACE_OUTER_BOUND('',#5157,.T.);
#4500=FACE_OUTER_BOUND('',#5158,.T.);
#4501=FACE_OUTER_BOUND('',#5159,.T.);
#4502=FACE_OUTER_BOUND('',#5160,.T.);
#4503=FACE_OUTER_BOUND('',#5161,.T.);
#4504=FACE_OUTER_BOUND('',#5162,.T.);
#4505=FACE_OUTER_BOUND('',#5163,.T.);
#4506=FACE_OUTER_BOUND('',#5164,.T.);
#4507=FACE_OUTER_BOUND('',#5165,.T.);
#4508=FACE_OUTER_BOUND('',#5166,.T.);
#4509=FACE_OUTER_BOUND('',#5167,.T.);
#4510=FACE_OUTER_BOUND('',#5168,.T.);
#4511=FACE_OUTER_BOUND('',#5169,.T.);
#4512=FACE_OUTER_BOUND('',#5170,.T.);
#4513=FACE_OUTER_BOUND('',#5171,.T.);
#4514=FACE_OUTER_BOUND('',#5172,.T.);
#4515=FACE_OUTER_BOUND('',#5173,.T.);
#4516=FACE_OUTER_BOUND('',#5174,.T.);
#4517=FACE_OUTER_BOUND('',#5175,.T.);
#4518=FACE_OUTER_BOUND('',#5176,.T.);
#4519=FACE_OUTER_BOUND('',#5177,.T.);
#4520=FACE_OUTER_BOUND('',#5178,.T.);
#4521=FACE_OUTER_BOUND('',#5179,.T.);
#4522=FACE_OUTER_BOUND('',#5180,.T.);
#4523=FACE_OUTER_BOUND('',#5181,.T.);
#4524=FACE_OUTER_BOUND('',#5182,.T.);
#4525=FACE_OUTER_BOUND('',#5183,.T.);
#4526=FACE_OUTER_BOUND('',#5184,.T.);
#4527=FACE_OUTER_BOUND('',#5185,.T.);
#4528=FACE_OUTER_BOUND('',#5186,.T.);
#4529=FACE_OUTER_BOUND('',#5187,.T.);
#4530=FACE_OUTER_BOUND('',#5188,.T.);
#4531=FACE_OUTER_BOUND('',#5189,.T.);
#4532=FACE_OUTER_BOUND('',#5190,.T.);
#4533=FACE_OUTER_BOUND('',#5191,.T.);
#4534=FACE_OUTER_BOUND('',#5192,.T.);
#4535=FACE_OUTER_BOUND('',#5193,.T.);
#4536=FACE_OUTER_BOUND('',#5194,.T.);
#4537=FACE_OUTER_BOUND('',#5195,.T.);
#4538=FACE_OUTER_BOUND('',#5196,.T.);
#4539=FACE_OUTER_BOUND('',#5197,.T.);
#4540=FACE_OUTER_BOUND('',#5198,.T.);
#4541=FACE_OUTER_BOUND('',#5199,.T.);
#4542=FACE_OUTER_BOUND('',#5200,.T.);
#4543=FACE_OUTER_BOUND('',#5201,.T.);
#4544=FACE_OUTER_BOUND('',#5202,.T.);
#4545=FACE_OUTER_BOUND('',#5203,.T.);
#4546=FACE_OUTER_BOUND('',#5204,.T.);
#4547=FACE_OUTER_BOUND('',#5205,.T.);
#4548=FACE_OUTER_BOUND('',#5206,.T.);
#4549=FACE_OUTER_BOUND('',#5207,.T.);
#4550=FACE_OUTER_BOUND('',#5208,.T.);
#4551=FACE_OUTER_BOUND('',#5209,.T.);
#4552=FACE_OUTER_BOUND('',#5210,.T.);
#4553=FACE_OUTER_BOUND('',#5211,.T.);
#4554=FACE_OUTER_BOUND('',#5212,.T.);
#4555=FACE_OUTER_BOUND('',#5213,.T.);
#4556=FACE_OUTER_BOUND('',#5214,.T.);
#4557=FACE_OUTER_BOUND('',#5215,.T.);
#4558=FACE_OUTER_BOUND('',#5216,.T.);
#4559=FACE_OUTER_BOUND('',#5217,.T.);
#4560=FACE_OUTER_BOUND('',#5218,.T.);
#4561=FACE_OUTER_BOUND('',#5219,.T.);
#4562=FACE_OUTER_BOUND('',#5243,.T.);
#4563=FACE_OUTER_BOUND('',#5245,.T.);
#4564=FACE_OUTER_BOUND('',#5247,.T.);
#4565=FACE_OUTER_BOUND('',#5249,.T.);
#4566=FACE_OUTER_BOUND('',#5251,.T.);
#4567=FACE_OUTER_BOUND('',#5252,.T.);
#4568=FACE_OUTER_BOUND('',#5253,.T.);
#4569=FACE_OUTER_BOUND('',#5254,.T.);
#4570=FACE_OUTER_BOUND('',#5255,.T.);
#4571=FACE_OUTER_BOUND('',#5256,.T.);
#4572=FACE_OUTER_BOUND('',#5257,.T.);
#4573=FACE_OUTER_BOUND('',#5258,.T.);
#4574=FACE_OUTER_BOUND('',#5259,.T.);
#4575=FACE_OUTER_BOUND('',#5260,.T.);
#4576=FACE_OUTER_BOUND('',#5261,.T.);
#4577=FACE_OUTER_BOUND('',#5262,.T.);
#4578=FACE_OUTER_BOUND('',#5263,.T.);
#4579=FACE_OUTER_BOUND('',#5264,.T.);
#4580=FACE_OUTER_BOUND('',#5265,.T.);
#4581=FACE_OUTER_BOUND('',#5266,.T.);
#4582=FACE_OUTER_BOUND('',#5267,.T.);
#4583=FACE_OUTER_BOUND('',#5268,.T.);
#4584=FACE_OUTER_BOUND('',#5269,.T.);
#4585=FACE_OUTER_BOUND('',#5270,.T.);
#4586=FACE_OUTER_BOUND('',#5271,.T.);
#4587=FACE_OUTER_BOUND('',#5272,.T.);
#4588=FACE_OUTER_BOUND('',#5273,.T.);
#4589=FACE_OUTER_BOUND('',#5274,.T.);
#4590=FACE_OUTER_BOUND('',#5275,.T.);
#4591=FACE_OUTER_BOUND('',#5276,.T.);
#4592=FACE_OUTER_BOUND('',#5277,.T.);
#4593=FACE_OUTER_BOUND('',#5278,.T.);
#4594=FACE_OUTER_BOUND('',#5279,.T.);
#4595=FACE_OUTER_BOUND('',#5280,.T.);
#4596=FACE_OUTER_BOUND('',#5281,.T.);
#4597=FACE_OUTER_BOUND('',#5282,.T.);
#4598=FACE_OUTER_BOUND('',#5283,.T.);
#4599=FACE_OUTER_BOUND('',#5284,.T.);
#4600=FACE_OUTER_BOUND('',#5285,.T.);
#4601=FACE_OUTER_BOUND('',#5286,.T.);
#4602=FACE_OUTER_BOUND('',#5287,.T.);
#4603=FACE_OUTER_BOUND('',#5288,.T.);
#4604=FACE_OUTER_BOUND('',#5289,.T.);
#4605=FACE_OUTER_BOUND('',#5290,.T.);
#4606=FACE_OUTER_BOUND('',#5291,.T.);
#4607=FACE_OUTER_BOUND('',#5292,.T.);
#4608=FACE_OUTER_BOUND('',#5293,.T.);
#4609=FACE_OUTER_BOUND('',#5294,.T.);
#4610=FACE_OUTER_BOUND('',#5295,.T.);
#4611=FACE_OUTER_BOUND('',#5296,.T.);
#4612=FACE_OUTER_BOUND('',#5297,.T.);
#4613=FACE_OUTER_BOUND('',#5298,.T.);
#4614=FACE_OUTER_BOUND('',#5299,.T.);
#4615=FACE_OUTER_BOUND('',#5300,.T.);
#4616=FACE_OUTER_BOUND('',#5301,.T.);
#4617=FACE_OUTER_BOUND('',#5302,.T.);
#4618=FACE_OUTER_BOUND('',#5303,.T.);
#4619=FACE_OUTER_BOUND('',#5304,.T.);
#4620=FACE_OUTER_BOUND('',#5305,.T.);
#4621=FACE_OUTER_BOUND('',#5306,.T.);
#4622=FACE_OUTER_BOUND('',#5307,.T.);
#4623=FACE_OUTER_BOUND('',#5308,.T.);
#4624=FACE_OUTER_BOUND('',#5309,.T.);
#4625=FACE_OUTER_BOUND('',#5310,.T.);
#4626=FACE_OUTER_BOUND('',#5311,.T.);
#4627=FACE_OUTER_BOUND('',#5312,.T.);
#4628=FACE_OUTER_BOUND('',#5313,.T.);
#4629=FACE_OUTER_BOUND('',#5314,.T.);
#4630=FACE_OUTER_BOUND('',#5315,.T.);
#4631=FACE_OUTER_BOUND('',#5316,.T.);
#4632=FACE_OUTER_BOUND('',#5317,.T.);
#4633=FACE_OUTER_BOUND('',#5318,.T.);
#4634=FACE_OUTER_BOUND('',#5319,.T.);
#4635=FACE_OUTER_BOUND('',#5320,.T.);
#4636=FACE_OUTER_BOUND('',#5321,.T.);
#4637=FACE_OUTER_BOUND('',#5322,.T.);
#4638=FACE_OUTER_BOUND('',#5323,.T.);
#4639=FACE_OUTER_BOUND('',#5324,.T.);
#4640=FACE_OUTER_BOUND('',#5325,.T.);
#4641=FACE_OUTER_BOUND('',#5326,.T.);
#4642=FACE_OUTER_BOUND('',#5327,.T.);
#4643=FACE_OUTER_BOUND('',#5328,.T.);
#4644=FACE_OUTER_BOUND('',#5329,.T.);
#4645=FACE_OUTER_BOUND('',#5330,.T.);
#4646=FACE_OUTER_BOUND('',#5331,.T.);
#4647=FACE_OUTER_BOUND('',#5332,.T.);
#4648=FACE_OUTER_BOUND('',#5333,.T.);
#4649=FACE_OUTER_BOUND('',#5334,.T.);
#4650=FACE_OUTER_BOUND('',#5335,.T.);
#4651=FACE_OUTER_BOUND('',#5336,.T.);
#4652=FACE_OUTER_BOUND('',#5337,.T.);
#4653=FACE_OUTER_BOUND('',#5338,.T.);
#4654=FACE_OUTER_BOUND('',#5339,.T.);
#4655=FACE_OUTER_BOUND('',#5340,.T.);
#4656=FACE_OUTER_BOUND('',#5341,.T.);
#4657=FACE_OUTER_BOUND('',#5342,.T.);
#4658=FACE_OUTER_BOUND('',#5343,.T.);
#4659=FACE_OUTER_BOUND('',#5344,.T.);
#4660=FACE_OUTER_BOUND('',#5345,.T.);
#4661=FACE_OUTER_BOUND('',#5346,.T.);
#4662=FACE_OUTER_BOUND('',#5347,.T.);
#4663=FACE_OUTER_BOUND('',#5348,.T.);
#4664=FACE_OUTER_BOUND('',#5349,.T.);
#4665=FACE_OUTER_BOUND('',#5350,.T.);
#4666=FACE_OUTER_BOUND('',#5351,.T.);
#4667=FACE_OUTER_BOUND('',#5352,.T.);
#4668=FACE_OUTER_BOUND('',#5353,.T.);
#4669=FACE_OUTER_BOUND('',#5354,.T.);
#4670=FACE_OUTER_BOUND('',#5355,.T.);
#4671=FACE_OUTER_BOUND('',#5356,.T.);
#4672=FACE_OUTER_BOUND('',#5415,.T.);
#4673=FACE_OUTER_BOUND('',#5416,.T.);
#4674=FACE_OUTER_BOUND('',#5417,.T.);
#4675=FACE_OUTER_BOUND('',#5418,.T.);
#4676=FACE_OUTER_BOUND('',#5419,.T.);
#4677=FACE_OUTER_BOUND('',#5420,.T.);
#4678=FACE_OUTER_BOUND('',#5421,.T.);
#4679=FACE_OUTER_BOUND('',#5422,.T.);
#4680=FACE_OUTER_BOUND('',#5423,.T.);
#4681=FACE_OUTER_BOUND('',#5424,.T.);
#4682=FACE_OUTER_BOUND('',#5425,.T.);
#4683=FACE_OUTER_BOUND('',#5426,.T.);
#4684=FACE_OUTER_BOUND('',#5427,.T.);
#4685=FACE_OUTER_BOUND('',#5428,.T.);
#4686=FACE_OUTER_BOUND('',#5429,.T.);
#4687=FACE_OUTER_BOUND('',#5430,.T.);
#4688=FACE_OUTER_BOUND('',#5431,.T.);
#4689=FACE_OUTER_BOUND('',#5432,.T.);
#4690=FACE_OUTER_BOUND('',#5433,.T.);
#4691=FACE_OUTER_BOUND('',#5434,.T.);
#4692=FACE_OUTER_BOUND('',#5435,.T.);
#4693=FACE_OUTER_BOUND('',#5436,.T.);
#4694=FACE_OUTER_BOUND('',#5437,.T.);
#4695=FACE_OUTER_BOUND('',#5438,.T.);
#4696=FACE_OUTER_BOUND('',#5439,.T.);
#4697=FACE_OUTER_BOUND('',#5440,.T.);
#4698=FACE_OUTER_BOUND('',#5441,.T.);
#4699=FACE_OUTER_BOUND('',#5442,.T.);
#4700=FACE_OUTER_BOUND('',#5443,.T.);
#4701=FACE_OUTER_BOUND('',#5444,.T.);
#4702=FACE_OUTER_BOUND('',#5445,.T.);
#4703=FACE_OUTER_BOUND('',#5446,.T.);
#4704=FACE_OUTER_BOUND('',#5447,.T.);
#4705=FACE_OUTER_BOUND('',#5448,.T.);
#4706=FACE_OUTER_BOUND('',#5449,.T.);
#4707=FACE_OUTER_BOUND('',#5450,.T.);
#4708=FACE_OUTER_BOUND('',#5451,.T.);
#4709=FACE_OUTER_BOUND('',#5452,.T.);
#4710=FACE_OUTER_BOUND('',#5453,.T.);
#4711=FACE_OUTER_BOUND('',#5454,.T.);
#4712=FACE_OUTER_BOUND('',#5455,.T.);
#4713=FACE_OUTER_BOUND('',#5456,.T.);
#4714=FACE_OUTER_BOUND('',#5457,.T.);
#4715=FACE_OUTER_BOUND('',#5458,.T.);
#4716=FACE_OUTER_BOUND('',#5459,.T.);
#4717=FACE_OUTER_BOUND('',#5460,.T.);
#4718=FACE_OUTER_BOUND('',#5461,.T.);
#4719=FACE_OUTER_BOUND('',#5462,.T.);
#4720=FACE_OUTER_BOUND('',#5463,.T.);
#4721=FACE_OUTER_BOUND('',#5464,.T.);
#4722=FACE_OUTER_BOUND('',#5465,.T.);
#4723=FACE_OUTER_BOUND('',#5466,.T.);
#4724=FACE_OUTER_BOUND('',#5467,.T.);
#4725=FACE_OUTER_BOUND('',#5468,.T.);
#4726=FACE_OUTER_BOUND('',#5469,.T.);
#4727=FACE_OUTER_BOUND('',#5470,.T.);
#4728=FACE_OUTER_BOUND('',#5471,.T.);
#4729=FACE_OUTER_BOUND('',#5472,.T.);
#4730=FACE_OUTER_BOUND('',#5473,.T.);
#4731=FACE_OUTER_BOUND('',#5474,.T.);
#4732=FACE_OUTER_BOUND('',#5475,.T.);
#4733=FACE_OUTER_BOUND('',#5476,.T.);
#4734=FACE_OUTER_BOUND('',#5477,.T.);
#4735=FACE_OUTER_BOUND('',#5478,.T.);
#4736=FACE_OUTER_BOUND('',#5479,.T.);
#4737=FACE_OUTER_BOUND('',#5480,.T.);
#4738=FACE_OUTER_BOUND('',#5481,.T.);
#4739=FACE_OUTER_BOUND('',#5482,.T.);
#4740=FACE_OUTER_BOUND('',#5483,.T.);
#4741=FACE_OUTER_BOUND('',#5484,.T.);
#4742=FACE_OUTER_BOUND('',#5485,.T.);
#4743=FACE_OUTER_BOUND('',#5486,.T.);
#4744=FACE_OUTER_BOUND('',#5487,.T.);
#4745=FACE_OUTER_BOUND('',#5488,.T.);
#4746=FACE_OUTER_BOUND('',#5489,.T.);
#4747=FACE_OUTER_BOUND('',#5490,.T.);
#4748=FACE_OUTER_BOUND('',#5491,.T.);
#4749=FACE_OUTER_BOUND('',#5492,.T.);
#4750=FACE_OUTER_BOUND('',#5493,.T.);
#4751=FACE_OUTER_BOUND('',#5494,.T.);
#4752=FACE_OUTER_BOUND('',#5495,.T.);
#4753=FACE_OUTER_BOUND('',#5496,.T.);
#4754=FACE_OUTER_BOUND('',#5497,.T.);
#4755=FACE_OUTER_BOUND('',#5498,.T.);
#4756=FACE_OUTER_BOUND('',#5499,.T.);
#4757=FACE_OUTER_BOUND('',#5500,.T.);
#4758=FACE_OUTER_BOUND('',#5501,.T.);
#4759=FACE_OUTER_BOUND('',#5502,.T.);
#4760=FACE_OUTER_BOUND('',#5503,.T.);
#4761=FACE_OUTER_BOUND('',#5504,.T.);
#4762=FACE_OUTER_BOUND('',#5505,.T.);
#4763=FACE_OUTER_BOUND('',#5506,.T.);
#4764=FACE_OUTER_BOUND('',#5507,.T.);
#4765=FACE_OUTER_BOUND('',#5508,.T.);
#4766=FACE_OUTER_BOUND('',#5509,.T.);
#4767=FACE_OUTER_BOUND('',#5510,.T.);
#4768=FACE_OUTER_BOUND('',#5511,.T.);
#4769=FACE_OUTER_BOUND('',#5512,.T.);
#4770=FACE_OUTER_BOUND('',#5513,.T.);
#4771=FACE_OUTER_BOUND('',#5514,.T.);
#4772=FACE_OUTER_BOUND('',#5515,.T.);
#4773=FACE_OUTER_BOUND('',#5516,.T.);
#4774=FACE_OUTER_BOUND('',#5517,.T.);
#4775=FACE_OUTER_BOUND('',#5518,.T.);
#4776=FACE_OUTER_BOUND('',#5519,.T.);
#4777=FACE_OUTER_BOUND('',#5520,.T.);
#4778=FACE_OUTER_BOUND('',#5521,.T.);
#4779=FACE_OUTER_BOUND('',#5522,.T.);
#4780=FACE_OUTER_BOUND('',#5523,.T.);
#4781=FACE_OUTER_BOUND('',#5524,.T.);
#4782=FACE_OUTER_BOUND('',#5525,.T.);
#4783=FACE_OUTER_BOUND('',#5526,.T.);
#4784=FACE_OUTER_BOUND('',#5527,.T.);
#4785=FACE_OUTER_BOUND('',#5528,.T.);
#4786=FACE_OUTER_BOUND('',#5529,.T.);
#4787=FACE_OUTER_BOUND('',#5530,.T.);
#4788=FACE_OUTER_BOUND('',#5531,.T.);
#4789=FACE_OUTER_BOUND('',#5532,.T.);
#4790=FACE_OUTER_BOUND('',#5533,.T.);
#4791=FACE_OUTER_BOUND('',#5534,.T.);
#4792=FACE_OUTER_BOUND('',#5535,.T.);
#4793=FACE_OUTER_BOUND('',#5536,.T.);
#4794=FACE_OUTER_BOUND('',#5537,.T.);
#4795=FACE_OUTER_BOUND('',#5538,.T.);
#4796=FACE_OUTER_BOUND('',#5539,.T.);
#4797=FACE_OUTER_BOUND('',#5540,.T.);
#4798=FACE_OUTER_BOUND('',#5541,.T.);
#4799=FACE_OUTER_BOUND('',#5542,.T.);
#4800=FACE_OUTER_BOUND('',#5543,.T.);
#4801=FACE_OUTER_BOUND('',#5544,.T.);
#4802=FACE_OUTER_BOUND('',#5545,.T.);
#4803=FACE_OUTER_BOUND('',#5546,.T.);
#4804=FACE_OUTER_BOUND('',#5547,.T.);
#4805=FACE_OUTER_BOUND('',#5548,.T.);
#4806=FACE_OUTER_BOUND('',#5549,.T.);
#4807=FACE_OUTER_BOUND('',#5550,.T.);
#4808=FACE_OUTER_BOUND('',#5551,.T.);
#4809=FACE_OUTER_BOUND('',#5552,.T.);
#4810=FACE_OUTER_BOUND('',#5553,.T.);
#4811=FACE_OUTER_BOUND('',#5554,.T.);
#4812=FACE_OUTER_BOUND('',#5555,.T.);
#4813=FACE_OUTER_BOUND('',#5556,.T.);
#4814=FACE_OUTER_BOUND('',#5557,.T.);
#4815=FACE_OUTER_BOUND('',#5558,.T.);
#4816=FACE_OUTER_BOUND('',#5559,.T.);
#4817=FACE_OUTER_BOUND('',#5560,.T.);
#4818=FACE_OUTER_BOUND('',#5561,.T.);
#4819=FACE_OUTER_BOUND('',#5562,.T.);
#4820=FACE_OUTER_BOUND('',#5563,.T.);
#4821=FACE_OUTER_BOUND('',#5564,.T.);
#4822=FACE_OUTER_BOUND('',#5565,.T.);
#4823=FACE_OUTER_BOUND('',#5566,.T.);
#4824=FACE_OUTER_BOUND('',#5567,.T.);
#4825=FACE_OUTER_BOUND('',#5568,.T.);
#4826=FACE_OUTER_BOUND('',#5569,.T.);
#4827=FACE_OUTER_BOUND('',#5570,.T.);
#4828=FACE_OUTER_BOUND('',#5571,.T.);
#4829=FACE_OUTER_BOUND('',#5572,.T.);
#4830=FACE_OUTER_BOUND('',#5573,.T.);
#4831=FACE_OUTER_BOUND('',#5574,.T.);
#4832=FACE_OUTER_BOUND('',#5575,.T.);
#4833=FACE_OUTER_BOUND('',#5576,.T.);
#4834=FACE_OUTER_BOUND('',#5577,.T.);
#4835=FACE_OUTER_BOUND('',#5578,.T.);
#4836=FACE_OUTER_BOUND('',#5579,.T.);
#4837=FACE_OUTER_BOUND('',#5580,.T.);
#4838=FACE_OUTER_BOUND('',#5581,.T.);
#4839=FACE_OUTER_BOUND('',#5582,.T.);
#4840=FACE_OUTER_BOUND('',#5583,.T.);
#4841=FACE_OUTER_BOUND('',#5584,.T.);
#4842=FACE_OUTER_BOUND('',#5585,.T.);
#4843=FACE_OUTER_BOUND('',#5586,.T.);
#4844=FACE_OUTER_BOUND('',#5587,.T.);
#4845=FACE_OUTER_BOUND('',#5588,.T.);
#4846=FACE_OUTER_BOUND('',#5589,.T.);
#4847=FACE_OUTER_BOUND('',#5590,.T.);
#4848=FACE_OUTER_BOUND('',#5591,.T.);
#4849=FACE_OUTER_BOUND('',#5592,.T.);
#4850=FACE_OUTER_BOUND('',#5593,.T.);
#4851=FACE_OUTER_BOUND('',#5594,.T.);
#4852=FACE_OUTER_BOUND('',#5595,.T.);
#4853=FACE_OUTER_BOUND('',#5596,.T.);
#4854=FACE_OUTER_BOUND('',#5597,.T.);
#4855=FACE_OUTER_BOUND('',#5598,.T.);
#4856=FACE_OUTER_BOUND('',#5599,.T.);
#4857=FACE_OUTER_BOUND('',#5600,.T.);
#4858=FACE_OUTER_BOUND('',#5601,.T.);
#4859=FACE_OUTER_BOUND('',#5602,.T.);
#4860=FACE_OUTER_BOUND('',#5603,.T.);
#4861=FACE_OUTER_BOUND('',#5604,.T.);
#4862=FACE_OUTER_BOUND('',#5605,.T.);
#4863=FACE_OUTER_BOUND('',#5606,.T.);
#4864=FACE_OUTER_BOUND('',#5607,.T.);
#4865=FACE_OUTER_BOUND('',#5608,.T.);
#4866=FACE_OUTER_BOUND('',#5609,.T.);
#4867=FACE_OUTER_BOUND('',#5610,.T.);
#4868=FACE_OUTER_BOUND('',#5611,.T.);
#4869=FACE_OUTER_BOUND('',#5612,.T.);
#4870=FACE_OUTER_BOUND('',#5613,.T.);
#4871=FACE_OUTER_BOUND('',#5614,.T.);
#4872=FACE_OUTER_BOUND('',#5615,.T.);
#4873=FACE_OUTER_BOUND('',#5616,.T.);
#4874=FACE_OUTER_BOUND('',#5617,.T.);
#4875=FACE_OUTER_BOUND('',#5618,.T.);
#4876=FACE_OUTER_BOUND('',#5619,.T.);
#4877=FACE_OUTER_BOUND('',#5620,.T.);
#4878=FACE_OUTER_BOUND('',#5621,.T.);
#4879=FACE_OUTER_BOUND('',#5622,.T.);
#4880=FACE_OUTER_BOUND('',#5623,.T.);
#4881=FACE_OUTER_BOUND('',#5624,.T.);
#4882=FACE_OUTER_BOUND('',#5625,.T.);
#4883=FACE_OUTER_BOUND('',#5626,.T.);
#4884=FACE_OUTER_BOUND('',#5627,.T.);
#4885=FACE_OUTER_BOUND('',#5628,.T.);
#4886=FACE_OUTER_BOUND('',#5629,.T.);
#4887=FACE_OUTER_BOUND('',#5630,.T.);
#4888=FACE_OUTER_BOUND('',#5631,.T.);
#4889=FACE_OUTER_BOUND('',#5632,.T.);
#4890=FACE_OUTER_BOUND('',#5633,.T.);
#4891=FACE_OUTER_BOUND('',#5634,.T.);
#4892=FACE_OUTER_BOUND('',#5635,.T.);
#4893=FACE_OUTER_BOUND('',#5636,.T.);
#4894=FACE_OUTER_BOUND('',#5637,.T.);
#4895=FACE_OUTER_BOUND('',#5638,.T.);
#4896=FACE_OUTER_BOUND('',#5639,.T.);
#4897=FACE_OUTER_BOUND('',#5640,.T.);
#4898=FACE_OUTER_BOUND('',#5641,.T.);
#4899=FACE_OUTER_BOUND('',#5642,.T.);
#4900=FACE_OUTER_BOUND('',#5643,.T.);
#4901=FACE_OUTER_BOUND('',#5644,.T.);
#4902=FACE_OUTER_BOUND('',#5645,.T.);
#4903=FACE_OUTER_BOUND('',#5646,.T.);
#4904=FACE_OUTER_BOUND('',#5647,.T.);
#4905=FACE_OUTER_BOUND('',#5648,.T.);
#4906=FACE_OUTER_BOUND('',#5649,.T.);
#4907=FACE_OUTER_BOUND('',#5650,.T.);
#4908=FACE_OUTER_BOUND('',#5651,.T.);
#4909=FACE_OUTER_BOUND('',#5652,.T.);
#4910=FACE_OUTER_BOUND('',#5653,.T.);
#4911=FACE_OUTER_BOUND('',#5654,.T.);
#4912=FACE_OUTER_BOUND('',#5655,.T.);
#4913=FACE_OUTER_BOUND('',#5656,.T.);
#4914=FACE_OUTER_BOUND('',#5657,.T.);
#4915=FACE_OUTER_BOUND('',#5658,.T.);
#4916=FACE_OUTER_BOUND('',#5659,.T.);
#4917=FACE_OUTER_BOUND('',#5660,.T.);
#4918=FACE_OUTER_BOUND('',#5661,.T.);
#4919=FACE_OUTER_BOUND('',#5662,.T.);
#4920=FACE_OUTER_BOUND('',#5663,.T.);
#4921=FACE_OUTER_BOUND('',#5664,.T.);
#4922=FACE_OUTER_BOUND('',#5665,.T.);
#4923=FACE_OUTER_BOUND('',#5666,.T.);
#4924=FACE_OUTER_BOUND('',#5667,.T.);
#4925=FACE_OUTER_BOUND('',#5668,.T.);
#4926=FACE_OUTER_BOUND('',#5669,.T.);
#4927=FACE_OUTER_BOUND('',#5670,.T.);
#4928=FACE_OUTER_BOUND('',#5671,.T.);
#4929=FACE_OUTER_BOUND('',#5672,.T.);
#4930=FACE_OUTER_BOUND('',#5673,.T.);
#4931=FACE_OUTER_BOUND('',#5674,.T.);
#4932=FACE_OUTER_BOUND('',#5675,.T.);
#4933=FACE_OUTER_BOUND('',#5676,.T.);
#4934=FACE_OUTER_BOUND('',#5677,.T.);
#4935=FACE_OUTER_BOUND('',#5678,.T.);
#4936=FACE_OUTER_BOUND('',#5679,.T.);
#4937=FACE_OUTER_BOUND('',#5680,.T.);
#4938=FACE_OUTER_BOUND('',#5681,.T.);
#4939=FACE_OUTER_BOUND('',#5682,.T.);
#4940=FACE_OUTER_BOUND('',#5683,.T.);
#4941=FACE_OUTER_BOUND('',#5684,.T.);
#4942=FACE_OUTER_BOUND('',#5685,.T.);
#4943=FACE_OUTER_BOUND('',#5686,.T.);
#4944=FACE_OUTER_BOUND('',#5687,.T.);
#4945=FACE_OUTER_BOUND('',#5688,.T.);
#4946=FACE_OUTER_BOUND('',#5689,.T.);
#4947=FACE_OUTER_BOUND('',#5690,.T.);
#4948=FACE_OUTER_BOUND('',#5691,.T.);
#4949=FACE_OUTER_BOUND('',#5692,.T.);
#4950=FACE_OUTER_BOUND('',#5693,.T.);
#4951=FACE_OUTER_BOUND('',#5694,.T.);
#4952=FACE_OUTER_BOUND('',#5695,.T.);
#4953=FACE_OUTER_BOUND('',#5696,.T.);
#4954=FACE_OUTER_BOUND('',#5697,.T.);
#4955=FACE_OUTER_BOUND('',#5698,.T.);
#4956=FACE_OUTER_BOUND('',#5699,.T.);
#4957=FACE_OUTER_BOUND('',#5700,.T.);
#4958=FACE_OUTER_BOUND('',#5701,.T.);
#4959=FACE_OUTER_BOUND('',#5702,.T.);
#4960=FACE_OUTER_BOUND('',#5703,.T.);
#4961=FACE_OUTER_BOUND('',#5704,.T.);
#4962=FACE_OUTER_BOUND('',#5705,.T.);
#4963=FACE_OUTER_BOUND('',#5706,.T.);
#4964=FACE_OUTER_BOUND('',#5707,.T.);
#4965=FACE_OUTER_BOUND('',#5708,.T.);
#4966=FACE_OUTER_BOUND('',#5709,.T.);
#4967=FACE_OUTER_BOUND('',#5710,.T.);
#4968=FACE_OUTER_BOUND('',#5711,.T.);
#4969=FACE_OUTER_BOUND('',#5713,.T.);
#4970=FACE_OUTER_BOUND('',#5715,.T.);
#4971=FACE_OUTER_BOUND('',#5716,.T.);
#4972=FACE_OUTER_BOUND('',#5717,.T.);
#4973=FACE_OUTER_BOUND('',#5719,.T.);
#4974=FACE_OUTER_BOUND('',#5720,.T.);
#4975=FACE_OUTER_BOUND('',#5721,.T.);
#4976=FACE_OUTER_BOUND('',#5722,.T.);
#4977=FACE_OUTER_BOUND('',#5723,.T.);
#4978=EDGE_LOOP('',(#8974,#8975));
#4979=EDGE_LOOP('',(#8976,#8977,#8978,#8979,#8980,#8981,#8982,#8983));
#4980=EDGE_LOOP('',(#8984,#8985,#8986,#8987));
#4981=EDGE_LOOP('',(#8988,#8989,#8990,#8991));
#4982=EDGE_LOOP('',(#8992,#8993,#8994,#8995,#8996,#8997,#8998,#8999,#9000,
#9001,#9002,#9003,#9004,#9005,#9006,#9007,#9008,#9009));
#4983=EDGE_LOOP('',(#9010,#9011,#9012,#9013));
#4984=EDGE_LOOP('',(#9014,#9015,#9016,#9017));
#4985=EDGE_LOOP('',(#9018,#9019,#9020,#9021,#9022,#9023));
#4986=EDGE_LOOP('',(#9024,#9025,#9026,#9027,#9028,#9029,#9030,#9031,#9032,
#9033,#9034,#9035,#9036,#9037,#9038,#9039,#9040,#9041,#9042,#9043,#9044,
#9045,#9046,#9047,#9048,#9049,#9050,#9051,#9052,#9053,#9054,#9055));
#4987=EDGE_LOOP('',(#9056,#9057));
#4988=EDGE_LOOP('',(#9058,#9059,#9060,#9061,#9062,#9063,#9064,#9065));
#4989=EDGE_LOOP('',(#9066,#9067,#9068,#9069,#9070,#9071));
#4990=EDGE_LOOP('',(#9072,#9073,#9074,#9075,#9076,#9077,#9078,#9079,#9080,
#9081,#9082,#9083,#9084,#9085,#9086,#9087,#9088,#9089,#9090));
#4991=EDGE_LOOP('',(#9091,#9092,#9093,#9094));
#4992=EDGE_LOOP('',(#9095,#9096,#9097,#9098));
#4993=EDGE_LOOP('',(#9099,#9100,#9101,#9102));
#4994=EDGE_LOOP('',(#9103,#9104,#9105,#9106,#9107));
#4995=EDGE_LOOP('',(#9108,#9109,#9110,#9111,#9112,#9113));
#4996=EDGE_LOOP('',(#9114,#9115,#9116,#9117,#9118));
#4997=EDGE_LOOP('',(#9119,#9120,#9121,#9122,#9123,#9124));
#4998=EDGE_LOOP('',(#9125,#9126,#9127,#9128,#9129,#9130,#9131,#9132,#9133,
#9134,#9135));
#4999=EDGE_LOOP('',(#9136,#9137,#9138,#9139,#9140,#9141,#9142,#9143,#9144,
#9145,#9146,#9147,#9148,#9149,#9150,#9151,#9152,#9153,#9154,#9155,#9156,
#9157,#9158,#9159,#9160,#9161,#9162,#9163));
#5000=EDGE_LOOP('',(#9164,#9165,#9166,#9167,#9168));
#5001=EDGE_LOOP('',(#9169,#9170,#9171,#9172,#9173));
#5002=EDGE_LOOP('',(#9174,#9175,#9176,#9177,#9178,#9179));
#5003=EDGE_LOOP('',(#9180,#9181,#9182,#9183,#9184,#9185,#9186,#9187,#9188,
#9189));
#5004=EDGE_LOOP('',(#9190,#9191,#9192,#9193,#9194,#9195));
#5005=EDGE_LOOP('',(#9196,#9197,#9198,#9199,#9200,#9201,#9202,#9203,#9204,
#9205,#9206));
#5006=EDGE_LOOP('',(#9207,#9208,#9209,#9210));
#5007=EDGE_LOOP('',(#9211,#9212,#9213,#9214));
#5008=EDGE_LOOP('',(#9215,#9216,#9217,#9218));
#5009=EDGE_LOOP('',(#9219,#9220,#9221,#9222));
#5010=EDGE_LOOP('',(#9223,#9224,#9225,#9226));
#5011=EDGE_LOOP('',(#9227,#9228,#9229,#9230));
#5012=EDGE_LOOP('',(#9231,#9232,#9233,#9234));
#5013=EDGE_LOOP('',(#9235,#9236,#9237,#9238,#9239));
#5014=EDGE_LOOP('',(#9240,#9241,#9242,#9243));
#5015=EDGE_LOOP('',(#9244,#9245,#9246,#9247,#9248));
#5016=EDGE_LOOP('',(#9249,#9250,#9251,#9252,#9253,#9254));
#5017=EDGE_LOOP('',(#9255,#9256,#9257,#9258));
#5018=EDGE_LOOP('',(#9259,#9260,#9261,#9262));
#5019=EDGE_LOOP('',(#9263,#9264,#9265,#9266));
#5020=EDGE_LOOP('',(#9267,#9268,#9269,#9270));
#5021=EDGE_LOOP('',(#9271,#9272,#9273,#9274));
#5022=EDGE_LOOP('',(#9275,#9276,#9277,#9278));
#5023=EDGE_LOOP('',(#9279,#9280,#9281,#9282));
#5024=EDGE_LOOP('',(#9283,#9284,#9285,#9286));
#5025=EDGE_LOOP('',(#9287,#9288,#9289,#9290,#9291,#9292));
#5026=EDGE_LOOP('',(#9293,#9294,#9295,#9296,#9297,#9298));
#5027=EDGE_LOOP('',(#9299,#9300,#9301,#9302,#9303));
#5028=EDGE_LOOP('',(#9304,#9305,#9306,#9307,#9308));
#5029=EDGE_LOOP('',(#9309,#9310,#9311,#9312));
#5030=EDGE_LOOP('',(#9313,#9314,#9315,#9316));
#5031=EDGE_LOOP('',(#9317,#9318,#9319,#9320));
#5032=EDGE_LOOP('',(#9321,#9322,#9323,#9324));
#5033=EDGE_LOOP('',(#9325,#9326,#9327,#9328));
#5034=EDGE_LOOP('',(#9329,#9330,#9331,#9332));
#5035=EDGE_LOOP('',(#9333,#9334,#9335,#9336));
#5036=EDGE_LOOP('',(#9337,#9338,#9339,#9340));
#5037=EDGE_LOOP('',(#9341,#9342,#9343,#9344));
#5038=EDGE_LOOP('',(#9345,#9346,#9347,#9348));
#5039=EDGE_LOOP('',(#9349,#9350,#9351,#9352,#9353,#9354));
#5040=EDGE_LOOP('',(#9355,#9356,#9357,#9358,#9359));
#5041=EDGE_LOOP('',(#9360,#9361,#9362,#9363));
#5042=EDGE_LOOP('',(#9364,#9365,#9366,#9367,#9368));
#5043=EDGE_LOOP('',(#9369,#9370,#9371,#9372));
#5044=EDGE_LOOP('',(#9373,#9374,#9375,#9376));
#5045=EDGE_LOOP('',(#9377,#9378,#9379,#9380));
#5046=EDGE_LOOP('',(#9381,#9382,#9383,#9384));
#5047=EDGE_LOOP('',(#9385,#9386,#9387,#9388,#9389,#9390));
#5048=EDGE_LOOP('',(#9391,#9392,#9393,#9394));
#5049=EDGE_LOOP('',(#9395,#9396,#9397,#9398));
#5050=EDGE_LOOP('',(#9399,#9400,#9401,#9402,#9403));
#5051=EDGE_LOOP('',(#9404,#9405,#9406,#9407));
#5052=EDGE_LOOP('',(#9408,#9409,#9410,#9411,#9412));
#5053=EDGE_LOOP('',(#9413,#9414,#9415,#9416,#9417,#9418));
#5054=EDGE_LOOP('',(#9419,#9420,#9421,#9422));
#5055=EDGE_LOOP('',(#9423,#9424,#9425,#9426,#9427,#9428,#9429,#9430));
#5056=EDGE_LOOP('',(#9431,#9432,#9433,#9434,#9435,#9436,#9437,#9438,#9439,
#9440));
#5057=EDGE_LOOP('',(#9441,#9442,#9443,#9444,#9445,#9446,#9447,#9448,#9449));
#5058=EDGE_LOOP('',(#9450,#9451,#9452,#9453,#9454,#9455,#9456,#9457,#9458,
#9459));
#5059=EDGE_LOOP('',(#9460,#9461,#9462,#9463,#9464,#9465,#9466,#9467));
#5060=EDGE_LOOP('',(#9468,#9469,#9470,#9471,#9472));
#5061=EDGE_LOOP('',(#9473,#9474,#9475,#9476));
#5062=EDGE_LOOP('',(#9477,#9478,#9479,#9480,#9481));
#5063=EDGE_LOOP('',(#9482,#9483,#9484,#9485));
#5064=EDGE_LOOP('',(#9486,#9487,#9488,#9489,#9490,#9491));
#5065=EDGE_LOOP('',(#9492,#9493,#9494,#9495));
#5066=EDGE_LOOP('',(#9496,#9497,#9498,#9499,#9500,#9501,#9502,#9503));
#5067=EDGE_LOOP('',(#9504,#9505,#9506,#9507,#9508,#9509,#9510,#9511));
#5068=EDGE_LOOP('',(#9512));
#5069=EDGE_LOOP('',(#9513));
#5070=EDGE_LOOP('',(#9514));
#5071=EDGE_LOOP('',(#9515));
#5072=EDGE_LOOP('',(#9516));
#5073=EDGE_LOOP('',(#9517));
#5074=EDGE_LOOP('',(#9518));
#5075=EDGE_LOOP('',(#9519));
#5076=EDGE_LOOP('',(#9520,#9521,#9522,#9523));
#5077=EDGE_LOOP('',(#9524,#9525,#9526,#9527));
#5078=EDGE_LOOP('',(#9528,#9529,#9530,#9531));
#5079=EDGE_LOOP('',(#9532,#9533,#9534,#9535));
#5080=EDGE_LOOP('',(#9536,#9537,#9538,#9539));
#5081=EDGE_LOOP('',(#9540,#9541,#9542,#9543));
#5082=EDGE_LOOP('',(#9544,#9545,#9546,#9547));
#5083=EDGE_LOOP('',(#9548,#9549,#9550,#9551));
#5084=EDGE_LOOP('',(#9552,#9553,#9554,#9555));
#5085=EDGE_LOOP('',(#9556,#9557,#9558,#9559));
#5086=EDGE_LOOP('',(#9560));
#5087=EDGE_LOOP('',(#9561));
#5088=EDGE_LOOP('',(#9562,#9563,#9564,#9565,#9566,#9567));
#5089=EDGE_LOOP('',(#9568,#9569));
#5090=EDGE_LOOP('',(#9570,#9571));
#5091=EDGE_LOOP('',(#9572,#9573,#9574,#9575));
#5092=EDGE_LOOP('',(#9576,#9577,#9578,#9579));
#5093=EDGE_LOOP('',(#9580,#9581,#9582,#9583,#9584,#9585));
#5094=EDGE_LOOP('',(#9586,#9587,#9588,#9589));
#5095=EDGE_LOOP('',(#9590,#9591,#9592,#9593));
#5096=EDGE_LOOP('',(#9594,#9595,#9596,#9597));
#5097=EDGE_LOOP('',(#9598,#9599,#9600,#9601));
#5098=EDGE_LOOP('',(#9602,#9603,#9604,#9605));
#5099=EDGE_LOOP('',(#9606,#9607,#9608,#9609));
#5100=EDGE_LOOP('',(#9610,#9611,#9612,#9613));
#5101=EDGE_LOOP('',(#9614,#9615,#9616,#9617));
#5102=EDGE_LOOP('',(#9618,#9619,#9620,#9621));
#5103=EDGE_LOOP('',(#9622,#9623,#9624,#9625));
#5104=EDGE_LOOP('',(#9626,#9627,#9628,#9629));
#5105=EDGE_LOOP('',(#9630,#9631,#9632,#9633));
#5106=EDGE_LOOP('',(#9634,#9635,#9636,#9637));
#5107=EDGE_LOOP('',(#9638,#9639,#9640,#9641));
#5108=EDGE_LOOP('',(#9642,#9643,#9644,#9645));
#5109=EDGE_LOOP('',(#9646,#9647,#9648,#9649));
#5110=EDGE_LOOP('',(#9650));
#5111=EDGE_LOOP('',(#9651));
#5112=EDGE_LOOP('',(#9652,#9653,#9654,#9655,#9656,#9657,#9658,#9659,#9660,
#9661,#9662,#9663,#9664,#9665,#9666,#9667,#9668,#9669,#9670,#9671,#9672,
#9673,#9674,#9675,#9676,#9677,#9678,#9679,#9680,#9681));
#5113=EDGE_LOOP('',(#9682,#9683));
#5114=EDGE_LOOP('',(#9684,#9685));
#5115=EDGE_LOOP('',(#9686,#9687,#9688,#9689,#9690,#9691,#9692,#9693,#9694,
#9695,#9696,#9697,#9698,#9699,#9700,#9701,#9702,#9703,#9704,#9705,#9706,
#9707));
#5116=EDGE_LOOP('',(#9708,#9709,#9710));
#5117=EDGE_LOOP('',(#9711,#9712,#9713,#9714));
#5118=EDGE_LOOP('',(#9715,#9716,#9717,#9718));
#5119=EDGE_LOOP('',(#9719,#9720,#9721,#9722));
#5120=EDGE_LOOP('',(#9723,#9724,#9725,#9726,#9727,#9728,#9729));
#5121=EDGE_LOOP('',(#9730,#9731,#9732,#9733));
#5122=EDGE_LOOP('',(#9734,#9735,#9736,#9737));
#5123=EDGE_LOOP('',(#9738,#9739,#9740,#9741));
#5124=EDGE_LOOP('',(#9742,#9743,#9744,#9745));
#5125=EDGE_LOOP('',(#9746,#9747,#9748,#9749));
#5126=EDGE_LOOP('',(#9750,#9751,#9752,#9753));
#5127=EDGE_LOOP('',(#9754,#9755,#9756));
#5128=EDGE_LOOP('',(#9757,#9758,#9759,#9760,#9761,#9762,#9763));
#5129=EDGE_LOOP('',(#9764,#9765,#9766,#9767));
#5130=EDGE_LOOP('',(#9768,#9769,#9770,#9771,#9772,#9773,#9774));
#5131=EDGE_LOOP('',(#9775,#9776));
#5132=EDGE_LOOP('',(#9777,#9778,#9779,#9780));
#5133=EDGE_LOOP('',(#9781,#9782));
#5134=EDGE_LOOP('',(#9783,#9784,#9785,#9786));
#5135=EDGE_LOOP('',(#9787,#9788,#9789,#9790));
#5136=EDGE_LOOP('',(#9791,#9792,#9793,#9794));
#5137=EDGE_LOOP('',(#9795,#9796,#9797,#9798,#9799,#9800,#9801,#9802,#9803,
#9804));
#5138=EDGE_LOOP('',(#9805,#9806,#9807,#9808,#9809,#9810,#9811,#9812,#9813,
#9814));
#5139=EDGE_LOOP('',(#9815,#9816,#9817,#9818));
#5140=EDGE_LOOP('',(#9819,#9820,#9821,#9822,#9823,#9824,#9825));
#5141=EDGE_LOOP('',(#9826,#9827,#9828,#9829));
#5142=EDGE_LOOP('',(#9830,#9831,#9832,#9833));
#5143=EDGE_LOOP('',(#9834,#9835,#9836,#9837));
#5144=EDGE_LOOP('',(#9838,#9839,#9840,#9841));
#5145=EDGE_LOOP('',(#9842,#9843,#9844,#9845));
#5146=EDGE_LOOP('',(#9846,#9847,#9848,#9849));
#5147=EDGE_LOOP('',(#9850,#9851,#9852,#9853));
#5148=EDGE_LOOP('',(#9854,#9855,#9856,#9857));
#5149=EDGE_LOOP('',(#9858,#9859,#9860,#9861));
#5150=EDGE_LOOP('',(#9862,#9863,#9864,#9865));
#5151=EDGE_LOOP('',(#9866,#9867,#9868,#9869));
#5152=EDGE_LOOP('',(#9870,#9871,#9872,#9873));
#5153=EDGE_LOOP('',(#9874,#9875,#9876,#9877));
#5154=EDGE_LOOP('',(#9878,#9879,#9880,#9881));
#5155=EDGE_LOOP('',(#9882,#9883,#9884,#9885));
#5156=EDGE_LOOP('',(#9886,#9887,#9888,#9889));
#5157=EDGE_LOOP('',(#9890,#9891,#9892,#9893));
#5158=EDGE_LOOP('',(#9894,#9895,#9896,#9897));
#5159=EDGE_LOOP('',(#9898,#9899,#9900,#9901));
#5160=EDGE_LOOP('',(#9902,#9903,#9904,#9905));
#5161=EDGE_LOOP('',(#9906,#9907,#9908,#9909));
#5162=EDGE_LOOP('',(#9910,#9911,#9912,#9913));
#5163=EDGE_LOOP('',(#9914,#9915,#9916,#9917));
#5164=EDGE_LOOP('',(#9918,#9919,#9920,#9921));
#5165=EDGE_LOOP('',(#9922,#9923,#9924,#9925));
#5166=EDGE_LOOP('',(#9926,#9927,#9928,#9929));
#5167=EDGE_LOOP('',(#9930,#9931,#9932,#9933));
#5168=EDGE_LOOP('',(#9934,#9935,#9936,#9937));
#5169=EDGE_LOOP('',(#9938,#9939,#9940,#9941));
#5170=EDGE_LOOP('',(#9942,#9943,#9944,#9945));
#5171=EDGE_LOOP('',(#9946,#9947,#9948,#9949));
#5172=EDGE_LOOP('',(#9950,#9951,#9952,#9953));
#5173=EDGE_LOOP('',(#9954,#9955,#9956,#9957));
#5174=EDGE_LOOP('',(#9958,#9959,#9960,#9961));
#5175=EDGE_LOOP('',(#9962,#9963,#9964,#9965));
#5176=EDGE_LOOP('',(#9966,#9967,#9968,#9969));
#5177=EDGE_LOOP('',(#9970,#9971,#9972,#9973));
#5178=EDGE_LOOP('',(#9974,#9975,#9976,#9977));
#5179=EDGE_LOOP('',(#9978,#9979,#9980,#9981));
#5180=EDGE_LOOP('',(#9982,#9983,#9984,#9985));
#5181=EDGE_LOOP('',(#9986,#9987,#9988,#9989));
#5182=EDGE_LOOP('',(#9990,#9991,#9992,#9993));
#5183=EDGE_LOOP('',(#9994,#9995,#9996,#9997));
#5184=EDGE_LOOP('',(#9998,#9999,#10000,#10001));
#5185=EDGE_LOOP('',(#10002,#10003,#10004,#10005));
#5186=EDGE_LOOP('',(#10006,#10007,#10008,#10009));
#5187=EDGE_LOOP('',(#10010,#10011,#10012,#10013));
#5188=EDGE_LOOP('',(#10014,#10015,#10016,#10017));
#5189=EDGE_LOOP('',(#10018,#10019,#10020,#10021));
#5190=EDGE_LOOP('',(#10022,#10023,#10024,#10025));
#5191=EDGE_LOOP('',(#10026,#10027,#10028,#10029));
#5192=EDGE_LOOP('',(#10030,#10031,#10032,#10033));
#5193=EDGE_LOOP('',(#10034,#10035,#10036,#10037));
#5194=EDGE_LOOP('',(#10038,#10039,#10040,#10041));
#5195=EDGE_LOOP('',(#10042,#10043,#10044,#10045));
#5196=EDGE_LOOP('',(#10046,#10047,#10048,#10049));
#5197=EDGE_LOOP('',(#10050,#10051,#10052,#10053));
#5198=EDGE_LOOP('',(#10054,#10055,#10056,#10057));
#5199=EDGE_LOOP('',(#10058,#10059,#10060,#10061));
#5200=EDGE_LOOP('',(#10062,#10063,#10064,#10065));
#5201=EDGE_LOOP('',(#10066,#10067,#10068,#10069));
#5202=EDGE_LOOP('',(#10070,#10071,#10072,#10073));
#5203=EDGE_LOOP('',(#10074,#10075,#10076,#10077));
#5204=EDGE_LOOP('',(#10078,#10079,#10080,#10081));
#5205=EDGE_LOOP('',(#10082,#10083,#10084,#10085));
#5206=EDGE_LOOP('',(#10086,#10087,#10088,#10089));
#5207=EDGE_LOOP('',(#10090,#10091,#10092,#10093));
#5208=EDGE_LOOP('',(#10094,#10095,#10096,#10097));
#5209=EDGE_LOOP('',(#10098,#10099,#10100,#10101));
#5210=EDGE_LOOP('',(#10102,#10103,#10104,#10105));
#5211=EDGE_LOOP('',(#10106,#10107,#10108,#10109));
#5212=EDGE_LOOP('',(#10110,#10111,#10112,#10113));
#5213=EDGE_LOOP('',(#10114,#10115,#10116,#10117));
#5214=EDGE_LOOP('',(#10118,#10119,#10120,#10121));
#5215=EDGE_LOOP('',(#10122,#10123,#10124,#10125));
#5216=EDGE_LOOP('',(#10126,#10127,#10128,#10129));
#5217=EDGE_LOOP('',(#10130,#10131,#10132,#10133));
#5218=EDGE_LOOP('',(#10134,#10135,#10136,#10137));
#5219=EDGE_LOOP('',(#10138,#10139,#10140,#10141));
#5220=EDGE_LOOP('',(#10142));
#5221=EDGE_LOOP('',(#10143));
#5222=EDGE_LOOP('',(#10144));
#5223=EDGE_LOOP('',(#10145));
#5224=EDGE_LOOP('',(#10146,#10147,#10148,#10149));
#5225=EDGE_LOOP('',(#10150,#10151,#10152,#10153));
#5226=EDGE_LOOP('',(#10154,#10155,#10156,#10157));
#5227=EDGE_LOOP('',(#10158,#10159,#10160,#10161));
#5228=EDGE_LOOP('',(#10162,#10163,#10164,#10165));
#5229=EDGE_LOOP('',(#10166,#10167,#10168,#10169));
#5230=EDGE_LOOP('',(#10170,#10171,#10172,#10173));
#5231=EDGE_LOOP('',(#10174,#10175,#10176,#10177));
#5232=EDGE_LOOP('',(#10178,#10179,#10180,#10181));
#5233=EDGE_LOOP('',(#10182,#10183,#10184,#10185));
#5234=EDGE_LOOP('',(#10186,#10187,#10188,#10189));
#5235=EDGE_LOOP('',(#10190,#10191,#10192,#10193));
#5236=EDGE_LOOP('',(#10194,#10195,#10196,#10197));
#5237=EDGE_LOOP('',(#10198,#10199,#10200,#10201));
#5238=EDGE_LOOP('',(#10202,#10203,#10204,#10205));
#5239=EDGE_LOOP('',(#10206,#10207,#10208,#10209));
#5240=EDGE_LOOP('',(#10210,#10211,#10212,#10213));
#5241=EDGE_LOOP('',(#10214,#10215,#10216,#10217,#10218,#10219));
#5242=EDGE_LOOP('',(#10220,#10221,#10222,#10223));
#5243=EDGE_LOOP('',(#10224,#10225,#10226,#10227));
#5244=EDGE_LOOP('',(#10228));
#5245=EDGE_LOOP('',(#10229,#10230,#10231,#10232));
#5246=EDGE_LOOP('',(#10233));
#5247=EDGE_LOOP('',(#10234,#10235,#10236,#10237));
#5248=EDGE_LOOP('',(#10238));
#5249=EDGE_LOOP('',(#10239,#10240,#10241,#10242));
#5250=EDGE_LOOP('',(#10243));
#5251=EDGE_LOOP('',(#10244,#10245,#10246,#10247));
#5252=EDGE_LOOP('',(#10248,#10249,#10250,#10251));
#5253=EDGE_LOOP('',(#10252,#10253,#10254,#10255));
#5254=EDGE_LOOP('',(#10256,#10257,#10258,#10259));
#5255=EDGE_LOOP('',(#10260,#10261,#10262,#10263));
#5256=EDGE_LOOP('',(#10264,#10265,#10266,#10267));
#5257=EDGE_LOOP('',(#10268,#10269,#10270,#10271));
#5258=EDGE_LOOP('',(#10272,#10273,#10274,#10275));
#5259=EDGE_LOOP('',(#10276,#10277,#10278,#10279));
#5260=EDGE_LOOP('',(#10280,#10281,#10282,#10283));
#5261=EDGE_LOOP('',(#10284,#10285,#10286,#10287));
#5262=EDGE_LOOP('',(#10288,#10289,#10290,#10291));
#5263=EDGE_LOOP('',(#10292,#10293,#10294,#10295));
#5264=EDGE_LOOP('',(#10296,#10297,#10298,#10299));
#5265=EDGE_LOOP('',(#10300,#10301,#10302,#10303));
#5266=EDGE_LOOP('',(#10304,#10305,#10306,#10307));
#5267=EDGE_LOOP('',(#10308,#10309,#10310,#10311));
#5268=EDGE_LOOP('',(#10312,#10313,#10314,#10315));
#5269=EDGE_LOOP('',(#10316,#10317,#10318,#10319));
#5270=EDGE_LOOP('',(#10320,#10321,#10322,#10323));
#5271=EDGE_LOOP('',(#10324,#10325,#10326,#10327));
#5272=EDGE_LOOP('',(#10328,#10329,#10330,#10331));
#5273=EDGE_LOOP('',(#10332,#10333,#10334,#10335));
#5274=EDGE_LOOP('',(#10336,#10337,#10338,#10339));
#5275=EDGE_LOOP('',(#10340,#10341,#10342,#10343));
#5276=EDGE_LOOP('',(#10344,#10345,#10346,#10347));
#5277=EDGE_LOOP('',(#10348,#10349,#10350,#10351));
#5278=EDGE_LOOP('',(#10352,#10353,#10354,#10355));
#5279=EDGE_LOOP('',(#10356,#10357,#10358,#10359));
#5280=EDGE_LOOP('',(#10360,#10361,#10362,#10363));
#5281=EDGE_LOOP('',(#10364,#10365,#10366,#10367));
#5282=EDGE_LOOP('',(#10368,#10369,#10370,#10371));
#5283=EDGE_LOOP('',(#10372,#10373,#10374,#10375));
#5284=EDGE_LOOP('',(#10376,#10377,#10378,#10379));
#5285=EDGE_LOOP('',(#10380,#10381,#10382,#10383));
#5286=EDGE_LOOP('',(#10384,#10385,#10386,#10387));
#5287=EDGE_LOOP('',(#10388,#10389,#10390,#10391));
#5288=EDGE_LOOP('',(#10392,#10393,#10394,#10395));
#5289=EDGE_LOOP('',(#10396,#10397,#10398,#10399));
#5290=EDGE_LOOP('',(#10400,#10401,#10402,#10403));
#5291=EDGE_LOOP('',(#10404,#10405,#10406,#10407));
#5292=EDGE_LOOP('',(#10408,#10409,#10410,#10411));
#5293=EDGE_LOOP('',(#10412,#10413,#10414,#10415));
#5294=EDGE_LOOP('',(#10416,#10417,#10418,#10419));
#5295=EDGE_LOOP('',(#10420,#10421,#10422,#10423));
#5296=EDGE_LOOP('',(#10424,#10425,#10426,#10427));
#5297=EDGE_LOOP('',(#10428,#10429,#10430,#10431));
#5298=EDGE_LOOP('',(#10432,#10433,#10434,#10435));
#5299=EDGE_LOOP('',(#10436,#10437,#10438,#10439));
#5300=EDGE_LOOP('',(#10440,#10441,#10442,#10443));
#5301=EDGE_LOOP('',(#10444,#10445,#10446,#10447));
#5302=EDGE_LOOP('',(#10448,#10449,#10450,#10451));
#5303=EDGE_LOOP('',(#10452,#10453,#10454,#10455));
#5304=EDGE_LOOP('',(#10456,#10457,#10458,#10459));
#5305=EDGE_LOOP('',(#10460,#10461,#10462,#10463));
#5306=EDGE_LOOP('',(#10464,#10465,#10466,#10467));
#5307=EDGE_LOOP('',(#10468,#10469,#10470,#10471));
#5308=EDGE_LOOP('',(#10472,#10473,#10474,#10475));
#5309=EDGE_LOOP('',(#10476,#10477,#10478,#10479));
#5310=EDGE_LOOP('',(#10480,#10481,#10482,#10483));
#5311=EDGE_LOOP('',(#10484,#10485,#10486,#10487));
#5312=EDGE_LOOP('',(#10488,#10489,#10490,#10491));
#5313=EDGE_LOOP('',(#10492,#10493,#10494,#10495));
#5314=EDGE_LOOP('',(#10496,#10497,#10498,#10499));
#5315=EDGE_LOOP('',(#10500,#10501,#10502,#10503));
#5316=EDGE_LOOP('',(#10504,#10505,#10506,#10507));
#5317=EDGE_LOOP('',(#10508,#10509,#10510,#10511));
#5318=EDGE_LOOP('',(#10512,#10513,#10514,#10515));
#5319=EDGE_LOOP('',(#10516,#10517,#10518,#10519));
#5320=EDGE_LOOP('',(#10520,#10521,#10522,#10523));
#5321=EDGE_LOOP('',(#10524,#10525,#10526,#10527));
#5322=EDGE_LOOP('',(#10528,#10529,#10530,#10531));
#5323=EDGE_LOOP('',(#10532,#10533,#10534,#10535));
#5324=EDGE_LOOP('',(#10536,#10537,#10538,#10539));
#5325=EDGE_LOOP('',(#10540,#10541,#10542,#10543));
#5326=EDGE_LOOP('',(#10544,#10545,#10546,#10547));
#5327=EDGE_LOOP('',(#10548,#10549,#10550,#10551));
#5328=EDGE_LOOP('',(#10552,#10553,#10554,#10555));
#5329=EDGE_LOOP('',(#10556,#10557,#10558,#10559));
#5330=EDGE_LOOP('',(#10560,#10561,#10562,#10563));
#5331=EDGE_LOOP('',(#10564,#10565,#10566,#10567));
#5332=EDGE_LOOP('',(#10568,#10569,#10570,#10571));
#5333=EDGE_LOOP('',(#10572,#10573,#10574,#10575));
#5334=EDGE_LOOP('',(#10576,#10577,#10578,#10579));
#5335=EDGE_LOOP('',(#10580,#10581,#10582,#10583));
#5336=EDGE_LOOP('',(#10584,#10585,#10586,#10587));
#5337=EDGE_LOOP('',(#10588,#10589,#10590,#10591));
#5338=EDGE_LOOP('',(#10592,#10593,#10594,#10595));
#5339=EDGE_LOOP('',(#10596,#10597,#10598,#10599));
#5340=EDGE_LOOP('',(#10600,#10601,#10602,#10603));
#5341=EDGE_LOOP('',(#10604,#10605,#10606,#10607));
#5342=EDGE_LOOP('',(#10608,#10609,#10610,#10611));
#5343=EDGE_LOOP('',(#10612,#10613,#10614,#10615));
#5344=EDGE_LOOP('',(#10616,#10617,#10618,#10619));
#5345=EDGE_LOOP('',(#10620,#10621,#10622,#10623));
#5346=EDGE_LOOP('',(#10624,#10625,#10626,#10627));
#5347=EDGE_LOOP('',(#10628,#10629,#10630,#10631));
#5348=EDGE_LOOP('',(#10632,#10633,#10634,#10635));
#5349=EDGE_LOOP('',(#10636,#10637,#10638,#10639));
#5350=EDGE_LOOP('',(#10640,#10641,#10642,#10643));
#5351=EDGE_LOOP('',(#10644,#10645,#10646,#10647));
#5352=EDGE_LOOP('',(#10648,#10649,#10650,#10651));
#5353=EDGE_LOOP('',(#10652,#10653,#10654,#10655));
#5354=EDGE_LOOP('',(#10656,#10657,#10658,#10659));
#5355=EDGE_LOOP('',(#10660,#10661,#10662,#10663));
#5356=EDGE_LOOP('',(#10664,#10665,#10666,#10667,#10668,#10669,#10670,#10671,
#10672,#10673,#10674,#10675,#10676,#10677,#10678,#10679,#10680,#10681,#10682,
#10683,#10684,#10685,#10686,#10687,#10688,#10689,#10690,#10691,#10692,#10693));
#5357=EDGE_LOOP('',(#10694,#10695,#10696,#10697,#10698,#10699,#10700));
#5358=EDGE_LOOP('',(#10701,#10702,#10703,#10704,#10705,#10706));
#5359=EDGE_LOOP('',(#10707,#10708,#10709,#10710,#10711,#10712,#10713));
#5360=EDGE_LOOP('',(#10714,#10715,#10716,#10717,#10718,#10719));
#5361=EDGE_LOOP('',(#10720,#10721,#10722,#10723,#10724,#10725));
#5362=EDGE_LOOP('',(#10726,#10727,#10728,#10729,#10730,#10731));
#5363=EDGE_LOOP('',(#10732,#10733,#10734,#10735,#10736,#10737,#10738));
#5364=EDGE_LOOP('',(#10739,#10740,#10741,#10742,#10743,#10744));
#5365=EDGE_LOOP('',(#10745,#10746,#10747,#10748,#10749,#10750));
#5366=EDGE_LOOP('',(#10751,#10752,#10753,#10754,#10755,#10756));
#5367=EDGE_LOOP('',(#10757,#10758,#10759,#10760,#10761,#10762));
#5368=EDGE_LOOP('',(#10763,#10764,#10765,#10766,#10767,#10768));
#5369=EDGE_LOOP('',(#10769,#10770,#10771,#10772,#10773,#10774));
#5370=EDGE_LOOP('',(#10775,#10776,#10777,#10778,#10779,#10780));
#5371=EDGE_LOOP('',(#10781,#10782,#10783,#10784,#10785,#10786,#10787,#10788,
#10789,#10790,#10791,#10792,#10793,#10794));
#5372=EDGE_LOOP('',(#10795,#10796,#10797,#10798,#10799,#10800));
#5373=EDGE_LOOP('',(#10801,#10802,#10803,#10804,#10805,#10806));
#5374=EDGE_LOOP('',(#10807,#10808,#10809,#10810,#10811,#10812));
#5375=EDGE_LOOP('',(#10813,#10814,#10815,#10816,#10817,#10818));
#5376=EDGE_LOOP('',(#10819,#10820,#10821,#10822,#10823,#10824));
#5377=EDGE_LOOP('',(#10825,#10826,#10827,#10828,#10829,#10830));
#5378=EDGE_LOOP('',(#10831,#10832,#10833,#10834,#10835,#10836));
#5379=EDGE_LOOP('',(#10837,#10838,#10839,#10840,#10841,#10842));
#5380=EDGE_LOOP('',(#10843,#10844,#10845,#10846,#10847,#10848));
#5381=EDGE_LOOP('',(#10849,#10850,#10851,#10852,#10853,#10854));
#5382=EDGE_LOOP('',(#10855,#10856,#10857,#10858,#10859,#10860));
#5383=EDGE_LOOP('',(#10861,#10862,#10863,#10864,#10865,#10866));
#5384=EDGE_LOOP('',(#10867,#10868,#10869,#10870,#10871,#10872));
#5385=EDGE_LOOP('',(#10873,#10874,#10875,#10876,#10877,#10878));
#5386=EDGE_LOOP('',(#10879,#10880,#10881,#10882,#10883,#10884));
#5387=EDGE_LOOP('',(#10885,#10886,#10887,#10888,#10889,#10890));
#5388=EDGE_LOOP('',(#10891,#10892,#10893,#10894,#10895,#10896));
#5389=EDGE_LOOP('',(#10897,#10898,#10899,#10900,#10901,#10902));
#5390=EDGE_LOOP('',(#10903,#10904,#10905,#10906,#10907,#10908));
#5391=EDGE_LOOP('',(#10909,#10910,#10911,#10912,#10913,#10914));
#5392=EDGE_LOOP('',(#10915,#10916,#10917,#10918,#10919,#10920));
#5393=EDGE_LOOP('',(#10921,#10922,#10923,#10924,#10925,#10926));
#5394=EDGE_LOOP('',(#10927,#10928,#10929,#10930,#10931,#10932,#10933,#10934,
#10935));
#5395=EDGE_LOOP('',(#10936,#10937,#10938,#10939,#10940,#10941));
#5396=EDGE_LOOP('',(#10942,#10943,#10944,#10945,#10946,#10947));
#5397=EDGE_LOOP('',(#10948,#10949,#10950,#10951,#10952,#10953));
#5398=EDGE_LOOP('',(#10954,#10955,#10956,#10957,#10958,#10959));
#5399=EDGE_LOOP('',(#10960,#10961,#10962,#10963,#10964,#10965));
#5400=EDGE_LOOP('',(#10966,#10967,#10968,#10969,#10970,#10971));
#5401=EDGE_LOOP('',(#10972,#10973,#10974,#10975,#10976,#10977));
#5402=EDGE_LOOP('',(#10978,#10979,#10980,#10981,#10982,#10983));
#5403=EDGE_LOOP('',(#10984,#10985,#10986,#10987,#10988,#10989));
#5404=EDGE_LOOP('',(#10990,#10991,#10992,#10993,#10994,#10995));
#5405=EDGE_LOOP('',(#10996,#10997,#10998,#10999,#11000,#11001));
#5406=EDGE_LOOP('',(#11002,#11003,#11004,#11005,#11006,#11007));
#5407=EDGE_LOOP('',(#11008,#11009,#11010,#11011,#11012,#11013));
#5408=EDGE_LOOP('',(#11014,#11015,#11016,#11017,#11018,#11019));
#5409=EDGE_LOOP('',(#11020,#11021,#11022,#11023,#11024,#11025));
#5410=EDGE_LOOP('',(#11026,#11027,#11028,#11029,#11030,#11031));
#5411=EDGE_LOOP('',(#11032,#11033,#11034,#11035,#11036,#11037));
#5412=EDGE_LOOP('',(#11038,#11039,#11040,#11041,#11042,#11043));
#5413=EDGE_LOOP('',(#11044,#11045,#11046,#11047,#11048,#11049));
#5414=EDGE_LOOP('',(#11050,#11051,#11052,#11053,#11054,#11055,#11056,#11057,
#11058,#11059,#11060,#11061,#11062,#11063));
#5415=EDGE_LOOP('',(#11064,#11065,#11066,#11067));
#5416=EDGE_LOOP('',(#11068,#11069,#11070,#11071));
#5417=EDGE_LOOP('',(#11072,#11073,#11074,#11075));
#5418=EDGE_LOOP('',(#11076,#11077,#11078,#11079));
#5419=EDGE_LOOP('',(#11080,#11081,#11082,#11083));
#5420=EDGE_LOOP('',(#11084,#11085,#11086,#11087));
#5421=EDGE_LOOP('',(#11088,#11089,#11090,#11091));
#5422=EDGE_LOOP('',(#11092,#11093,#11094,#11095));
#5423=EDGE_LOOP('',(#11096,#11097,#11098,#11099));
#5424=EDGE_LOOP('',(#11100,#11101,#11102,#11103));
#5425=EDGE_LOOP('',(#11104,#11105,#11106,#11107));
#5426=EDGE_LOOP('',(#11108,#11109,#11110,#11111));
#5427=EDGE_LOOP('',(#11112,#11113,#11114,#11115));
#5428=EDGE_LOOP('',(#11116,#11117,#11118,#11119));
#5429=EDGE_LOOP('',(#11120,#11121,#11122,#11123));
#5430=EDGE_LOOP('',(#11124,#11125,#11126,#11127));
#5431=EDGE_LOOP('',(#11128,#11129,#11130,#11131));
#5432=EDGE_LOOP('',(#11132,#11133,#11134,#11135));
#5433=EDGE_LOOP('',(#11136,#11137,#11138,#11139));
#5434=EDGE_LOOP('',(#11140,#11141,#11142,#11143));
#5435=EDGE_LOOP('',(#11144,#11145,#11146,#11147));
#5436=EDGE_LOOP('',(#11148,#11149,#11150,#11151));
#5437=EDGE_LOOP('',(#11152,#11153,#11154,#11155));
#5438=EDGE_LOOP('',(#11156,#11157,#11158,#11159));
#5439=EDGE_LOOP('',(#11160,#11161,#11162,#11163));
#5440=EDGE_LOOP('',(#11164,#11165,#11166,#11167));
#5441=EDGE_LOOP('',(#11168,#11169,#11170,#11171));
#5442=EDGE_LOOP('',(#11172,#11173,#11174,#11175));
#5443=EDGE_LOOP('',(#11176,#11177,#11178,#11179));
#5444=EDGE_LOOP('',(#11180,#11181,#11182,#11183));
#5445=EDGE_LOOP('',(#11184,#11185,#11186,#11187));
#5446=EDGE_LOOP('',(#11188,#11189,#11190,#11191));
#5447=EDGE_LOOP('',(#11192,#11193,#11194,#11195));
#5448=EDGE_LOOP('',(#11196,#11197,#11198,#11199));
#5449=EDGE_LOOP('',(#11200,#11201,#11202,#11203));
#5450=EDGE_LOOP('',(#11204,#11205,#11206,#11207));
#5451=EDGE_LOOP('',(#11208,#11209,#11210,#11211));
#5452=EDGE_LOOP('',(#11212,#11213,#11214,#11215));
#5453=EDGE_LOOP('',(#11216,#11217,#11218,#11219));
#5454=EDGE_LOOP('',(#11220,#11221,#11222,#11223));
#5455=EDGE_LOOP('',(#11224,#11225,#11226,#11227));
#5456=EDGE_LOOP('',(#11228,#11229,#11230,#11231));
#5457=EDGE_LOOP('',(#11232,#11233,#11234,#11235));
#5458=EDGE_LOOP('',(#11236,#11237,#11238,#11239));
#5459=EDGE_LOOP('',(#11240,#11241,#11242,#11243));
#5460=EDGE_LOOP('',(#11244,#11245,#11246,#11247));
#5461=EDGE_LOOP('',(#11248,#11249,#11250,#11251));
#5462=EDGE_LOOP('',(#11252,#11253,#11254,#11255));
#5463=EDGE_LOOP('',(#11256,#11257,#11258,#11259));
#5464=EDGE_LOOP('',(#11260,#11261,#11262,#11263));
#5465=EDGE_LOOP('',(#11264,#11265,#11266,#11267));
#5466=EDGE_LOOP('',(#11268,#11269,#11270,#11271));
#5467=EDGE_LOOP('',(#11272,#11273,#11274,#11275));
#5468=EDGE_LOOP('',(#11276,#11277,#11278,#11279));
#5469=EDGE_LOOP('',(#11280,#11281,#11282,#11283));
#5470=EDGE_LOOP('',(#11284,#11285,#11286,#11287));
#5471=EDGE_LOOP('',(#11288,#11289,#11290,#11291));
#5472=EDGE_LOOP('',(#11292,#11293,#11294,#11295));
#5473=EDGE_LOOP('',(#11296,#11297,#11298,#11299));
#5474=EDGE_LOOP('',(#11300,#11301,#11302,#11303));
#5475=EDGE_LOOP('',(#11304,#11305,#11306,#11307));
#5476=EDGE_LOOP('',(#11308,#11309,#11310,#11311));
#5477=EDGE_LOOP('',(#11312,#11313,#11314,#11315));
#5478=EDGE_LOOP('',(#11316,#11317,#11318,#11319));
#5479=EDGE_LOOP('',(#11320,#11321,#11322,#11323));
#5480=EDGE_LOOP('',(#11324,#11325,#11326,#11327));
#5481=EDGE_LOOP('',(#11328,#11329,#11330,#11331));
#5482=EDGE_LOOP('',(#11332,#11333,#11334,#11335));
#5483=EDGE_LOOP('',(#11336,#11337,#11338,#11339));
#5484=EDGE_LOOP('',(#11340,#11341,#11342,#11343));
#5485=EDGE_LOOP('',(#11344,#11345,#11346,#11347));
#5486=EDGE_LOOP('',(#11348,#11349,#11350,#11351));
#5487=EDGE_LOOP('',(#11352,#11353,#11354,#11355));
#5488=EDGE_LOOP('',(#11356,#11357,#11358,#11359));
#5489=EDGE_LOOP('',(#11360,#11361,#11362,#11363));
#5490=EDGE_LOOP('',(#11364,#11365,#11366,#11367));
#5491=EDGE_LOOP('',(#11368,#11369,#11370,#11371));
#5492=EDGE_LOOP('',(#11372,#11373,#11374,#11375));
#5493=EDGE_LOOP('',(#11376,#11377,#11378,#11379));
#5494=EDGE_LOOP('',(#11380,#11381,#11382,#11383));
#5495=EDGE_LOOP('',(#11384,#11385,#11386,#11387));
#5496=EDGE_LOOP('',(#11388,#11389,#11390,#11391));
#5497=EDGE_LOOP('',(#11392,#11393,#11394,#11395));
#5498=EDGE_LOOP('',(#11396,#11397,#11398,#11399));
#5499=EDGE_LOOP('',(#11400,#11401,#11402,#11403));
#5500=EDGE_LOOP('',(#11404,#11405,#11406,#11407));
#5501=EDGE_LOOP('',(#11408,#11409,#11410,#11411));
#5502=EDGE_LOOP('',(#11412,#11413,#11414,#11415));
#5503=EDGE_LOOP('',(#11416,#11417,#11418,#11419));
#5504=EDGE_LOOP('',(#11420,#11421,#11422,#11423));
#5505=EDGE_LOOP('',(#11424,#11425,#11426,#11427));
#5506=EDGE_LOOP('',(#11428,#11429,#11430,#11431));
#5507=EDGE_LOOP('',(#11432,#11433,#11434,#11435));
#5508=EDGE_LOOP('',(#11436,#11437,#11438,#11439));
#5509=EDGE_LOOP('',(#11440,#11441,#11442,#11443));
#5510=EDGE_LOOP('',(#11444,#11445,#11446,#11447));
#5511=EDGE_LOOP('',(#11448,#11449,#11450,#11451));
#5512=EDGE_LOOP('',(#11452,#11453,#11454,#11455));
#5513=EDGE_LOOP('',(#11456,#11457,#11458,#11459));
#5514=EDGE_LOOP('',(#11460,#11461,#11462,#11463));
#5515=EDGE_LOOP('',(#11464,#11465,#11466,#11467));
#5516=EDGE_LOOP('',(#11468,#11469,#11470,#11471));
#5517=EDGE_LOOP('',(#11472,#11473,#11474,#11475));
#5518=EDGE_LOOP('',(#11476,#11477,#11478,#11479));
#5519=EDGE_LOOP('',(#11480,#11481,#11482,#11483));
#5520=EDGE_LOOP('',(#11484,#11485,#11486,#11487));
#5521=EDGE_LOOP('',(#11488,#11489,#11490,#11491));
#5522=EDGE_LOOP('',(#11492,#11493,#11494,#11495));
#5523=EDGE_LOOP('',(#11496,#11497,#11498,#11499));
#5524=EDGE_LOOP('',(#11500,#11501,#11502,#11503));
#5525=EDGE_LOOP('',(#11504,#11505,#11506,#11507));
#5526=EDGE_LOOP('',(#11508,#11509,#11510,#11511));
#5527=EDGE_LOOP('',(#11512,#11513,#11514,#11515));
#5528=EDGE_LOOP('',(#11516,#11517,#11518,#11519));
#5529=EDGE_LOOP('',(#11520,#11521,#11522,#11523));
#5530=EDGE_LOOP('',(#11524,#11525,#11526,#11527));
#5531=EDGE_LOOP('',(#11528,#11529,#11530,#11531));
#5532=EDGE_LOOP('',(#11532,#11533,#11534,#11535));
#5533=EDGE_LOOP('',(#11536,#11537,#11538,#11539));
#5534=EDGE_LOOP('',(#11540,#11541,#11542,#11543));
#5535=EDGE_LOOP('',(#11544,#11545,#11546,#11547));
#5536=EDGE_LOOP('',(#11548,#11549,#11550,#11551));
#5537=EDGE_LOOP('',(#11552,#11553,#11554,#11555));
#5538=EDGE_LOOP('',(#11556,#11557,#11558,#11559));
#5539=EDGE_LOOP('',(#11560,#11561,#11562,#11563));
#5540=EDGE_LOOP('',(#11564,#11565,#11566,#11567));
#5541=EDGE_LOOP('',(#11568,#11569,#11570,#11571));
#5542=EDGE_LOOP('',(#11572,#11573,#11574,#11575));
#5543=EDGE_LOOP('',(#11576,#11577,#11578,#11579));
#5544=EDGE_LOOP('',(#11580,#11581,#11582,#11583));
#5545=EDGE_LOOP('',(#11584,#11585,#11586,#11587));
#5546=EDGE_LOOP('',(#11588,#11589,#11590,#11591));
#5547=EDGE_LOOP('',(#11592,#11593,#11594,#11595));
#5548=EDGE_LOOP('',(#11596,#11597,#11598,#11599));
#5549=EDGE_LOOP('',(#11600,#11601,#11602,#11603));
#5550=EDGE_LOOP('',(#11604,#11605,#11606,#11607));
#5551=EDGE_LOOP('',(#11608,#11609,#11610,#11611));
#5552=EDGE_LOOP('',(#11612,#11613,#11614,#11615));
#5553=EDGE_LOOP('',(#11616,#11617,#11618,#11619));
#5554=EDGE_LOOP('',(#11620,#11621,#11622,#11623));
#5555=EDGE_LOOP('',(#11624,#11625,#11626,#11627));
#5556=EDGE_LOOP('',(#11628,#11629,#11630,#11631));
#5557=EDGE_LOOP('',(#11632,#11633,#11634,#11635));
#5558=EDGE_LOOP('',(#11636,#11637,#11638,#11639));
#5559=EDGE_LOOP('',(#11640,#11641,#11642,#11643));
#5560=EDGE_LOOP('',(#11644,#11645,#11646,#11647));
#5561=EDGE_LOOP('',(#11648,#11649,#11650,#11651));
#5562=EDGE_LOOP('',(#11652,#11653,#11654,#11655));
#5563=EDGE_LOOP('',(#11656,#11657,#11658,#11659));
#5564=EDGE_LOOP('',(#11660,#11661,#11662,#11663));
#5565=EDGE_LOOP('',(#11664,#11665,#11666,#11667));
#5566=EDGE_LOOP('',(#11668,#11669,#11670,#11671));
#5567=EDGE_LOOP('',(#11672,#11673,#11674,#11675));
#5568=EDGE_LOOP('',(#11676,#11677,#11678,#11679));
#5569=EDGE_LOOP('',(#11680,#11681,#11682,#11683));
#5570=EDGE_LOOP('',(#11684,#11685,#11686,#11687));
#5571=EDGE_LOOP('',(#11688,#11689,#11690,#11691));
#5572=EDGE_LOOP('',(#11692,#11693,#11694,#11695));
#5573=EDGE_LOOP('',(#11696,#11697,#11698,#11699));
#5574=EDGE_LOOP('',(#11700,#11701,#11702,#11703));
#5575=EDGE_LOOP('',(#11704,#11705,#11706,#11707));
#5576=EDGE_LOOP('',(#11708,#11709,#11710,#11711));
#5577=EDGE_LOOP('',(#11712,#11713,#11714,#11715));
#5578=EDGE_LOOP('',(#11716,#11717,#11718,#11719));
#5579=EDGE_LOOP('',(#11720,#11721,#11722,#11723));
#5580=EDGE_LOOP('',(#11724,#11725,#11726,#11727));
#5581=EDGE_LOOP('',(#11728,#11729,#11730,#11731));
#5582=EDGE_LOOP('',(#11732,#11733,#11734,#11735));
#5583=EDGE_LOOP('',(#11736,#11737,#11738,#11739));
#5584=EDGE_LOOP('',(#11740,#11741,#11742,#11743));
#5585=EDGE_LOOP('',(#11744,#11745,#11746,#11747));
#5586=EDGE_LOOP('',(#11748,#11749,#11750,#11751));
#5587=EDGE_LOOP('',(#11752,#11753,#11754,#11755));
#5588=EDGE_LOOP('',(#11756,#11757,#11758,#11759));
#5589=EDGE_LOOP('',(#11760,#11761,#11762,#11763));
#5590=EDGE_LOOP('',(#11764,#11765,#11766,#11767));
#5591=EDGE_LOOP('',(#11768,#11769,#11770,#11771));
#5592=EDGE_LOOP('',(#11772,#11773,#11774,#11775));
#5593=EDGE_LOOP('',(#11776,#11777,#11778,#11779));
#5594=EDGE_LOOP('',(#11780,#11781,#11782,#11783));
#5595=EDGE_LOOP('',(#11784,#11785,#11786,#11787));
#5596=EDGE_LOOP('',(#11788,#11789,#11790,#11791));
#5597=EDGE_LOOP('',(#11792,#11793,#11794,#11795));
#5598=EDGE_LOOP('',(#11796,#11797,#11798,#11799));
#5599=EDGE_LOOP('',(#11800,#11801,#11802,#11803));
#5600=EDGE_LOOP('',(#11804,#11805,#11806,#11807));
#5601=EDGE_LOOP('',(#11808,#11809,#11810,#11811));
#5602=EDGE_LOOP('',(#11812,#11813,#11814,#11815));
#5603=EDGE_LOOP('',(#11816,#11817,#11818,#11819));
#5604=EDGE_LOOP('',(#11820,#11821,#11822,#11823));
#5605=EDGE_LOOP('',(#11824,#11825,#11826,#11827));
#5606=EDGE_LOOP('',(#11828,#11829,#11830,#11831));
#5607=EDGE_LOOP('',(#11832,#11833,#11834,#11835));
#5608=EDGE_LOOP('',(#11836,#11837,#11838,#11839));
#5609=EDGE_LOOP('',(#11840,#11841,#11842,#11843));
#5610=EDGE_LOOP('',(#11844,#11845,#11846,#11847));
#5611=EDGE_LOOP('',(#11848,#11849,#11850,#11851));
#5612=EDGE_LOOP('',(#11852,#11853,#11854,#11855));
#5613=EDGE_LOOP('',(#11856,#11857,#11858,#11859));
#5614=EDGE_LOOP('',(#11860,#11861,#11862,#11863));
#5615=EDGE_LOOP('',(#11864,#11865,#11866,#11867));
#5616=EDGE_LOOP('',(#11868,#11869,#11870,#11871));
#5617=EDGE_LOOP('',(#11872,#11873,#11874,#11875));
#5618=EDGE_LOOP('',(#11876,#11877,#11878,#11879));
#5619=EDGE_LOOP('',(#11880,#11881,#11882,#11883));
#5620=EDGE_LOOP('',(#11884,#11885,#11886,#11887));
#5621=EDGE_LOOP('',(#11888,#11889,#11890,#11891));
#5622=EDGE_LOOP('',(#11892,#11893,#11894,#11895));
#5623=EDGE_LOOP('',(#11896,#11897,#11898,#11899));
#5624=EDGE_LOOP('',(#11900,#11901,#11902,#11903));
#5625=EDGE_LOOP('',(#11904,#11905,#11906,#11907));
#5626=EDGE_LOOP('',(#11908,#11909,#11910,#11911));
#5627=EDGE_LOOP('',(#11912,#11913,#11914,#11915));
#5628=EDGE_LOOP('',(#11916,#11917,#11918,#11919));
#5629=EDGE_LOOP('',(#11920,#11921,#11922,#11923));
#5630=EDGE_LOOP('',(#11924,#11925,#11926,#11927));
#5631=EDGE_LOOP('',(#11928,#11929,#11930,#11931));
#5632=EDGE_LOOP('',(#11932,#11933,#11934,#11935));
#5633=EDGE_LOOP('',(#11936,#11937,#11938,#11939));
#5634=EDGE_LOOP('',(#11940,#11941,#11942,#11943));
#5635=EDGE_LOOP('',(#11944,#11945,#11946,#11947));
#5636=EDGE_LOOP('',(#11948,#11949,#11950,#11951));
#5637=EDGE_LOOP('',(#11952,#11953,#11954,#11955));
#5638=EDGE_LOOP('',(#11956,#11957,#11958,#11959));
#5639=EDGE_LOOP('',(#11960,#11961,#11962,#11963));
#5640=EDGE_LOOP('',(#11964,#11965,#11966,#11967));
#5641=EDGE_LOOP('',(#11968,#11969,#11970,#11971));
#5642=EDGE_LOOP('',(#11972,#11973,#11974,#11975));
#5643=EDGE_LOOP('',(#11976,#11977,#11978,#11979));
#5644=EDGE_LOOP('',(#11980,#11981,#11982,#11983));
#5645=EDGE_LOOP('',(#11984,#11985,#11986,#11987));
#5646=EDGE_LOOP('',(#11988,#11989,#11990,#11991));
#5647=EDGE_LOOP('',(#11992,#11993,#11994,#11995));
#5648=EDGE_LOOP('',(#11996,#11997,#11998,#11999));
#5649=EDGE_LOOP('',(#12000,#12001,#12002,#12003));
#5650=EDGE_LOOP('',(#12004,#12005,#12006,#12007));
#5651=EDGE_LOOP('',(#12008,#12009,#12010,#12011));
#5652=EDGE_LOOP('',(#12012,#12013,#12014,#12015));
#5653=EDGE_LOOP('',(#12016,#12017,#12018,#12019));
#5654=EDGE_LOOP('',(#12020,#12021,#12022,#12023));
#5655=EDGE_LOOP('',(#12024,#12025,#12026,#12027));
#5656=EDGE_LOOP('',(#12028,#12029,#12030,#12031));
#5657=EDGE_LOOP('',(#12032,#12033,#12034,#12035));
#5658=EDGE_LOOP('',(#12036,#12037,#12038,#12039));
#5659=EDGE_LOOP('',(#12040,#12041,#12042,#12043));
#5660=EDGE_LOOP('',(#12044,#12045,#12046,#12047));
#5661=EDGE_LOOP('',(#12048,#12049,#12050,#12051));
#5662=EDGE_LOOP('',(#12052,#12053,#12054,#12055));
#5663=EDGE_LOOP('',(#12056,#12057,#12058,#12059));
#5664=EDGE_LOOP('',(#12060,#12061,#12062,#12063));
#5665=EDGE_LOOP('',(#12064,#12065,#12066,#12067));
#5666=EDGE_LOOP('',(#12068,#12069,#12070,#12071));
#5667=EDGE_LOOP('',(#12072,#12073,#12074,#12075));
#5668=EDGE_LOOP('',(#12076,#12077,#12078,#12079));
#5669=EDGE_LOOP('',(#12080,#12081,#12082,#12083));
#5670=EDGE_LOOP('',(#12084,#12085,#12086,#12087));
#5671=EDGE_LOOP('',(#12088,#12089,#12090,#12091));
#5672=EDGE_LOOP('',(#12092,#12093,#12094,#12095));
#5673=EDGE_LOOP('',(#12096,#12097,#12098,#12099));
#5674=EDGE_LOOP('',(#12100,#12101,#12102,#12103));
#5675=EDGE_LOOP('',(#12104,#12105,#12106,#12107));
#5676=EDGE_LOOP('',(#12108,#12109,#12110,#12111));
#5677=EDGE_LOOP('',(#12112,#12113,#12114,#12115));
#5678=EDGE_LOOP('',(#12116,#12117,#12118,#12119));
#5679=EDGE_LOOP('',(#12120,#12121,#12122,#12123));
#5680=EDGE_LOOP('',(#12124,#12125,#12126,#12127));
#5681=EDGE_LOOP('',(#12128,#12129,#12130,#12131));
#5682=EDGE_LOOP('',(#12132,#12133,#12134,#12135));
#5683=EDGE_LOOP('',(#12136,#12137,#12138,#12139));
#5684=EDGE_LOOP('',(#12140,#12141,#12142,#12143));
#5685=EDGE_LOOP('',(#12144,#12145,#12146,#12147));
#5686=EDGE_LOOP('',(#12148,#12149,#12150,#12151));
#5687=EDGE_LOOP('',(#12152,#12153,#12154,#12155));
#5688=EDGE_LOOP('',(#12156,#12157,#12158,#12159));
#5689=EDGE_LOOP('',(#12160,#12161,#12162,#12163));
#5690=EDGE_LOOP('',(#12164,#12165,#12166,#12167));
#5691=EDGE_LOOP('',(#12168,#12169,#12170,#12171));
#5692=EDGE_LOOP('',(#12172,#12173,#12174,#12175));
#5693=EDGE_LOOP('',(#12176,#12177,#12178,#12179));
#5694=EDGE_LOOP('',(#12180,#12181,#12182,#12183));
#5695=EDGE_LOOP('',(#12184,#12185,#12186,#12187));
#5696=EDGE_LOOP('',(#12188,#12189,#12190,#12191));
#5697=EDGE_LOOP('',(#12192,#12193,#12194,#12195));
#5698=EDGE_LOOP('',(#12196,#12197,#12198,#12199));
#5699=EDGE_LOOP('',(#12200,#12201,#12202,#12203,#12204,#12205,#12206,#12207));
#5700=EDGE_LOOP('',(#12208,#12209,#12210,#12211,#12212,#12213,#12214,#12215));
#5701=EDGE_LOOP('',(#12216,#12217,#12218,#12219,#12220,#12221,#12222,#12223,
#12224,#12225,#12226,#12227));
#5702=EDGE_LOOP('',(#12228,#12229,#12230,#12231,#12232,#12233));
#5703=EDGE_LOOP('',(#12234,#12235,#12236,#12237,#12238,#12239));
#5704=EDGE_LOOP('',(#12240,#12241,#12242,#12243,#12244,#12245));
#5705=EDGE_LOOP('',(#12246,#12247,#12248,#12249,#12250,#12251));
#5706=EDGE_LOOP('',(#12252,#12253,#12254,#12255));
#5707=EDGE_LOOP('',(#12256,#12257,#12258,#12259));
#5708=EDGE_LOOP('',(#12260,#12261,#12262,#12263,#12264,#12265));
#5709=EDGE_LOOP('',(#12266,#12267,#12268,#12269,#12270,#12271));
#5710=EDGE_LOOP('',(#12272,#12273,#12274,#12275,#12276,#12277,#12278,#12279));
#5711=EDGE_LOOP('',(#12280));
#5712=EDGE_LOOP('',(#12281));
#5713=EDGE_LOOP('',(#12282));
#5714=EDGE_LOOP('',(#12283));
#5715=EDGE_LOOP('',(#12284));
#5716=EDGE_LOOP('',(#12285,#12286,#12287,#12288,#12289,#12290,#12291,#12292,
#12293,#12294,#12295,#12296));
#5717=EDGE_LOOP('',(#12297));
#5718=EDGE_LOOP('',(#12298));
#5719=EDGE_LOOP('',(#12299));
#5720=EDGE_LOOP('',(#12300,#12301,#12302,#12303,#12304,#12305,#12306,#12307));
#5721=EDGE_LOOP('',(#12308,#12309,#12310,#12311,#12312,#12313,#12314,#12315));
#5722=EDGE_LOOP('',(#12316));
#5723=EDGE_LOOP('',(#12317,#12318,#12319,#12320));
#5724=EDGE_LOOP('',(#12321));
#5725=EDGE_LOOP('',(#12322));
#5726=EDGE_LOOP('',(#12323));
#5727=EDGE_LOOP('',(#12324));
#5728=EDGE_LOOP('',(#12325,#12326,#12327,#12328,#12329,#12330));
#5729=EDGE_LOOP('',(#12331,#12332,#12333,#12334,#12335,#12336));
#5730=EDGE_LOOP('',(#12337,#12338,#12339,#12340,#12341,#12342));
#5731=EDGE_LOOP('',(#12343,#12344,#12345,#12346,#12347,#12348,#12349));
#5732=EDGE_LOOP('',(#12350,#12351,#12352,#12353,#12354,#12355));
#5733=EDGE_LOOP('',(#12356,#12357,#12358,#12359,#12360,#12361));
#5734=EDGE_LOOP('',(#12362,#12363,#12364,#12365,#12366,#12367,#12368,#12369));
#5735=EDGE_LOOP('',(#12370,#12371,#12372,#12373,#12374,#12375));
#5736=EDGE_LOOP('',(#12376,#12377,#12378,#12379,#12380,#12381,#12382));
#5737=EDGE_LOOP('',(#12383,#12384,#12385,#12386,#12387,#12388));
#5738=EDGE_LOOP('',(#12389,#12390,#12391,#12392,#12393,#12394));
#5739=EDGE_LOOP('',(#12395,#12396,#12397,#12398,#12399,#12400));
#5740=EDGE_LOOP('',(#12401,#12402,#12403,#12404,#12405,#12406,#12407,#12408));
#5741=EDGE_LOOP('',(#12409,#12410,#12411,#12412,#12413,#12414));
#5742=EDGE_LOOP('',(#12415,#12416,#12417,#12418,#12419,#12420,#12421,#12422,
#12423));
#5743=EDGE_LOOP('',(#12424,#12425,#12426,#12427,#12428,#12429));
#5744=EDGE_LOOP('',(#12430,#12431,#12432,#12433,#12434,#12435));
#5745=EDGE_LOOP('',(#12436,#12437,#12438,#12439,#12440,#12441));
#5746=EDGE_LOOP('',(#12442,#12443,#12444,#12445,#12446,#12447));
#5747=EDGE_LOOP('',(#12448,#12449,#12450,#12451,#12452,#12453));
#5748=EDGE_LOOP('',(#12454,#12455,#12456,#12457,#12458,#12459));
#5749=EDGE_LOOP('',(#12460,#12461,#12462,#12463,#12464,#12465));
#5750=EDGE_LOOP('',(#12466,#12467,#12468,#12469,#12470,#12471));
#5751=EDGE_LOOP('',(#12472,#12473,#12474,#12475,#12476,#12477));
#5752=EDGE_LOOP('',(#12478,#12479,#12480,#12481,#12482,#12483));
#5753=EDGE_LOOP('',(#12484,#12485,#12486,#12487,#12488,#12489));
#5754=EDGE_LOOP('',(#12490,#12491,#12492,#12493,#12494,#12495));
#5755=EDGE_LOOP('',(#12496,#12497,#12498,#12499,#12500,#12501));
#5756=EDGE_LOOP('',(#12502,#12503,#12504,#12505,#12506,#12507));
#5757=EDGE_LOOP('',(#12508,#12509,#12510,#12511,#12512,#12513));
#5758=EDGE_LOOP('',(#12514,#12515,#12516,#12517,#12518,#12519));
#5759=EDGE_LOOP('',(#12520,#12521,#12522,#12523,#12524,#12525));
#5760=EDGE_LOOP('',(#12526,#12527,#12528,#12529,#12530,#12531));
#5761=EDGE_LOOP('',(#12532,#12533,#12534,#12535,#12536,#12537));
#5762=EDGE_LOOP('',(#12538,#12539,#12540,#12541,#12542,#12543));
#5763=EDGE_LOOP('',(#12544,#12545,#12546,#12547,#12548,#12549));
#5764=EDGE_LOOP('',(#12550,#12551,#12552,#12553,#12554,#12555));
#5765=EDGE_LOOP('',(#12556,#12557,#12558,#12559,#12560,#12561,#12562));
#5766=EDGE_LOOP('',(#12563,#12564,#12565,#12566,#12567,#12568));
#5767=EDGE_LOOP('',(#12569,#12570,#12571,#12572,#12573,#12574));
#5768=EDGE_LOOP('',(#12575,#12576,#12577,#12578,#12579,#12580));
#5769=EDGE_LOOP('',(#12581,#12582,#12583,#12584,#12585,#12586,#12587,#12588,
#12589));
#5770=EDGE_LOOP('',(#12590,#12591,#12592,#12593,#12594,#12595));
#5771=EDGE_LOOP('',(#12596,#12597,#12598,#12599,#12600,#12601));
#5772=EDGE_LOOP('',(#12602,#12603,#12604,#12605,#12606,#12607));
#5773=EDGE_LOOP('',(#12608,#12609,#12610,#12611,#12612,#12613));
#5774=EDGE_LOOP('',(#12614,#12615,#12616,#12617,#12618,#12619));
#5775=EDGE_LOOP('',(#12620,#12621,#12622,#12623,#12624,#12625));
#5776=EDGE_LOOP('',(#12626,#12627,#12628,#12629,#12630,#12631));
#5777=EDGE_LOOP('',(#12632,#12633,#12634,#12635,#12636,#12637));
#5778=EDGE_LOOP('',(#12638,#12639,#12640,#12641,#12642,#12643));
#5779=EDGE_LOOP('',(#12644,#12645,#12646,#12647,#12648,#12649));
#5780=EDGE_LOOP('',(#12650,#12651,#12652,#12653,#12654,#12655));
#5781=EDGE_LOOP('',(#12656,#12657,#12658,#12659,#12660,#12661));
#5782=EDGE_LOOP('',(#12662,#12663,#12664,#12665,#12666,#12667));
#5783=EDGE_LOOP('',(#12668,#12669,#12670,#12671,#12672,#12673));
#5784=EDGE_LOOP('',(#12674,#12675,#12676,#12677,#12678,#12679));
#5785=EDGE_LOOP('',(#12680,#12681,#12682,#12683,#12684,#12685,#12686,#12687,
#12688));
#5786=EDGE_LOOP('',(#12689,#12690,#12691,#12692,#12693,#12694));
#5787=EDGE_LOOP('',(#12695,#12696,#12697,#12698,#12699,#12700));
#5788=EDGE_LOOP('',(#12701,#12702,#12703,#12704,#12705,#12706));
#5789=EDGE_LOOP('',(#12707,#12708,#12709,#12710,#12711,#12712,#12713));
#5790=EDGE_LOOP('',(#12714,#12715,#12716,#12717,#12718,#12719));
#5791=ELLIPSE('',#13395,2.12132034355965,1.5);
#5792=ELLIPSE('',#13396,2.12132034355964,1.5);
#5793=ELLIPSE('',#13398,2.12132034355964,1.5);
#5794=ELLIPSE('',#13399,2.12132034355965,1.5);
#5795=ELLIPSE('',#13400,2.12132034355964,1.5);
#5796=ELLIPSE('',#13401,2.12132034355965,1.5);
#5797=ELLIPSE('',#13402,2.12132034355964,1.5);
#5798=ELLIPSE('',#13404,2.12132034355965,1.5);
#5799=ELLIPSE('',#13415,1.97989898732233,1.4);
#5800=ELLIPSE('',#13416,19.7989898732233,14.);
#5801=ELLIPSE('',#13417,1.97989898732233,1.4);
#5802=ELLIPSE('',#13418,1.97989898732233,1.4);
#5803=ELLIPSE('',#13419,19.7989898732233,14.);
#5804=ELLIPSE('',#13420,1.97989898732233,1.4);
#5805=ELLIPSE('',#13422,2.12132034355965,1.5);
#5806=ELLIPSE('',#13423,2.12132034355965,1.5);
#5807=ELLIPSE('',#13425,2.12132034355965,1.5);
#5808=ELLIPSE('',#13426,2.12132034355965,1.5);
#5809=ELLIPSE('',#13427,2.12132034355965,1.5);
#5810=ELLIPSE('',#13428,2.12132034355965,1.5);
#5811=ELLIPSE('',#13429,2.12132034355965,1.5);
#5812=ELLIPSE('',#13430,2.12132034355965,1.5);
#5813=ELLIPSE('',#13442,1.4142195421219,1.4);
#5814=ELLIPSE('',#13443,1.97989898732233,1.4);
#5815=ELLIPSE('',#13444,1.4142195421219,1.4);
#5816=ELLIPSE('',#13449,1.41421954212189,1.4);
#5817=ELLIPSE('',#13450,1.97989898732233,1.4);
#5818=ELLIPSE('',#13451,1.41421954212189,1.4);
#5819=ELLIPSE('',#13453,14.142195421219,14.);
#5820=ELLIPSE('',#13455,19.7989898732234,14.);
#5821=ELLIPSE('',#13456,1.97989898732233,1.4);
#5822=ELLIPSE('',#13457,19.7989898732234,14.);
#5823=ELLIPSE('',#13458,1.97989898732233,1.4);
#5824=ELLIPSE('',#13466,1.4142195421219,1.4);
#5825=ELLIPSE('',#13467,1.4142195421219,1.4);
#5826=ELLIPSE('',#13469,14.142195421219,14.);
#5827=ELLIPSE('',#13470,14.142195421219,14.);
#5828=ELLIPSE('',#13473,1.4142195421219,1.4);
#5829=ELLIPSE('',#13474,1.4142195421219,1.4);
#5830=ELLIPSE('',#13476,14.142195421219,14.);
#5831=ELLIPSE('',#13545,1.97989898732234,1.4);
#5832=ELLIPSE('',#13546,1.97989898732233,1.4);
#5833=ELLIPSE('',#13548,1.97989898732233,1.4);
#5834=ELLIPSE('',#13549,1.97989898732233,1.4);
#5835=ELLIPSE('',#13554,19.7989898732233,14.);
#5836=ELLIPSE('',#13559,1.97989898732233,1.4);
#5837=ELLIPSE('',#13560,19.7989898732233,14.);
#5838=ELLIPSE('',#13561,1.97989898732233,1.4);
#5839=ELLIPSE('',#13563,1.97989898732234,1.4);
#5840=ELLIPSE('',#13565,1.97989898732233,1.4);
#5841=ELLIPSE('',#13567,19.7989898732234,14.);
#5842=ELLIPSE('',#13568,19.7989898732234,14.);
#5843=ELLIPSE('',#13569,19.7989898732234,14.);
#5844=ELLIPSE('',#13570,19.7989898732234,14.);
#5845=ELLIPSE('',#13574,2.12132034355965,1.5);
#5846=ELLIPSE('',#13576,2.12132034355965,1.5);
#5847=ELLIPSE('',#13578,2.12132034355965,1.5);
#5848=ELLIPSE('',#13580,2.12132034355965,1.5);
#5849=ELLIPSE('',#13582,2.12132034355965,1.5);
#5850=ELLIPSE('',#13585,2.12132034355964,1.5);
#5851=ELLIPSE('',#13587,2.12132034355965,1.5);
#5852=ELLIPSE('',#13589,2.12132034355965,1.5);
#5853=ELLIPSE('',#13592,2.12132034355965,1.5);
#5854=ELLIPSE('',#13594,2.12132034355964,1.5);
#5855=VERTEX_POINT('',#17386);
#5856=VERTEX_POINT('',#17387);
#5857=VERTEX_POINT('',#17391);
#5858=VERTEX_POINT('',#17392);
#5859=VERTEX_POINT('',#17394);
#5860=VERTEX_POINT('',#17396);
#5861=VERTEX_POINT('',#17398);
#5862=VERTEX_POINT('',#17400);
#5863=VERTEX_POINT('',#17402);
#5864=VERTEX_POINT('',#17404);
#5865=VERTEX_POINT('',#17408);
#5866=VERTEX_POINT('',#17410);
#5867=VERTEX_POINT('',#17414);
#5868=VERTEX_POINT('',#17416);
#5869=VERTEX_POINT('',#17420);
#5870=VERTEX_POINT('',#17422);
#5871=VERTEX_POINT('',#17424);
#5872=VERTEX_POINT('',#17426);
#5873=VERTEX_POINT('',#17428);
#5874=VERTEX_POINT('',#17430);
#5875=VERTEX_POINT('',#17432);
#5876=VERTEX_POINT('',#17434);
#5877=VERTEX_POINT('',#17436);
#5878=VERTEX_POINT('',#17438);
#5879=VERTEX_POINT('',#17441);
#5880=VERTEX_POINT('',#17443);
#5881=VERTEX_POINT('',#17446);
#5882=VERTEX_POINT('',#17447);
#5883=VERTEX_POINT('',#17449);
#5884=VERTEX_POINT('',#17451);
#5885=VERTEX_POINT('',#17454);
#5886=VERTEX_POINT('',#17455);
#5887=VERTEX_POINT('',#17457);
#5888=VERTEX_POINT('',#17459);
#5889=VERTEX_POINT('',#17463);
#5890=VERTEX_POINT('',#17465);
#5891=VERTEX_POINT('',#17467);
#5892=VERTEX_POINT('',#17469);
#5893=VERTEX_POINT('',#17473);
#5894=VERTEX_POINT('',#17475);
#5895=VERTEX_POINT('',#17478);
#5896=VERTEX_POINT('',#17480);
#5897=VERTEX_POINT('',#17482);
#5898=VERTEX_POINT('',#17484);
#5899=VERTEX_POINT('',#17486);
#5900=VERTEX_POINT('',#17488);
#5901=VERTEX_POINT('',#17490);
#5902=VERTEX_POINT('',#17492);
#5903=VERTEX_POINT('',#17494);
#5904=VERTEX_POINT('',#17496);
#5905=VERTEX_POINT('',#17498);
#5906=VERTEX_POINT('',#17500);
#5907=VERTEX_POINT('',#17502);
#5908=VERTEX_POINT('',#17504);
#5909=VERTEX_POINT('',#17506);
#5910=VERTEX_POINT('',#17508);
#5911=VERTEX_POINT('',#17510);
#5912=VERTEX_POINT('',#17512);
#5913=VERTEX_POINT('',#17514);
#5914=VERTEX_POINT('',#17516);
#5915=VERTEX_POINT('',#17521);
#5916=VERTEX_POINT('',#17522);
#5917=VERTEX_POINT('',#17527);
#5918=VERTEX_POINT('',#17529);
#5919=VERTEX_POINT('',#17531);
#5920=VERTEX_POINT('',#17533);
#5921=VERTEX_POINT('',#17537);
#5922=VERTEX_POINT('',#17539);
#5923=VERTEX_POINT('',#17543);
#5924=VERTEX_POINT('',#17545);
#5925=VERTEX_POINT('',#17547);
#5926=VERTEX_POINT('',#17549);
#5927=VERTEX_POINT('',#17551);
#5928=VERTEX_POINT('',#17553);
#5929=VERTEX_POINT('',#17555);
#5930=VERTEX_POINT('',#17559);
#5931=VERTEX_POINT('',#17561);
#5932=VERTEX_POINT('',#17563);
#5933=VERTEX_POINT('',#17565);
#5934=VERTEX_POINT('',#17568);
#5935=VERTEX_POINT('',#17569);
#5936=VERTEX_POINT('',#17571);
#5937=VERTEX_POINT('',#17573);
#5938=VERTEX_POINT('',#17576);
#5939=VERTEX_POINT('',#17577);
#5940=VERTEX_POINT('',#17579);
#5941=VERTEX_POINT('',#17581);
#5942=VERTEX_POINT('',#17585);
#5943=VERTEX_POINT('',#17589);
#5944=VERTEX_POINT('',#17594);
#5945=VERTEX_POINT('',#17596);
#5946=VERTEX_POINT('',#17598);
#5947=VERTEX_POINT('',#17600);
#5948=VERTEX_POINT('',#17604);
#5949=VERTEX_POINT('',#17608);
#5950=VERTEX_POINT('',#17610);
#5951=VERTEX_POINT('',#17612);
#5952=VERTEX_POINT('',#17614);
#5953=VERTEX_POINT('',#17618);
#5954=VERTEX_POINT('',#17621);
#5955=VERTEX_POINT('',#17623);
#5956=VERTEX_POINT('',#17625);
#5957=VERTEX_POINT('',#17627);
#5958=VERTEX_POINT('',#17629);
#5959=VERTEX_POINT('',#17633);
#5960=VERTEX_POINT('',#17636);
#5961=VERTEX_POINT('',#17638);
#5962=VERTEX_POINT('',#17640);
#5963=VERTEX_POINT('',#17642);
#5964=VERTEX_POINT('',#17644);
#5965=VERTEX_POINT('',#17646);
#5966=VERTEX_POINT('',#17648);
#5967=VERTEX_POINT('',#17650);
#5968=VERTEX_POINT('',#17652);
#5969=VERTEX_POINT('',#17654);
#5970=VERTEX_POINT('',#17656);
#5971=VERTEX_POINT('',#17658);
#5972=VERTEX_POINT('',#17660);
#5973=VERTEX_POINT('',#17662);
#5974=VERTEX_POINT('',#17664);
#5975=VERTEX_POINT('',#17666);
#5976=VERTEX_POINT('',#17668);
#5977=VERTEX_POINT('',#17670);
#5978=VERTEX_POINT('',#17672);
#5979=VERTEX_POINT('',#17674);
#5980=VERTEX_POINT('',#17676);
#5981=VERTEX_POINT('',#17680);
#5982=VERTEX_POINT('',#17684);
#5983=VERTEX_POINT('',#17689);
#5984=VERTEX_POINT('',#17691);
#5985=VERTEX_POINT('',#17696);
#5986=VERTEX_POINT('',#17698);
#5987=VERTEX_POINT('',#17702);
#5988=VERTEX_POINT('',#17704);
#5989=VERTEX_POINT('',#17709);
#5990=VERTEX_POINT('',#17711);
#5991=VERTEX_POINT('',#17713);
#5992=VERTEX_POINT('',#17715);
#5993=VERTEX_POINT('',#17720);
#5994=VERTEX_POINT('',#17721);
#5995=VERTEX_POINT('',#17726);
#5996=VERTEX_POINT('',#17730);
#5997=VERTEX_POINT('',#17736);
#5998=VERTEX_POINT('',#17740);
#5999=VERTEX_POINT('',#17746);
#6000=VERTEX_POINT('',#17747);
#6001=VERTEX_POINT('',#17750);
#6002=VERTEX_POINT('',#17754);
#6003=VERTEX_POINT('',#17758);
#6004=VERTEX_POINT('',#17762);
#6005=VERTEX_POINT('',#17767);
#6006=VERTEX_POINT('',#17771);
#6007=VERTEX_POINT('',#17772);
#6008=VERTEX_POINT('',#17777);
#6009=VERTEX_POINT('',#17781);
#6010=VERTEX_POINT('',#17787);
#6011=VERTEX_POINT('',#17788);
#6012=VERTEX_POINT('',#17795);
#6013=VERTEX_POINT('',#17802);
#6014=VERTEX_POINT('',#17804);
#6015=VERTEX_POINT('',#17806);
#6016=VERTEX_POINT('',#17808);
#6017=VERTEX_POINT('',#17812);
#6018=VERTEX_POINT('',#17816);
#6019=VERTEX_POINT('',#17825);
#6020=VERTEX_POINT('',#17826);
#6021=VERTEX_POINT('',#17831);
#6022=VERTEX_POINT('',#17835);
#6023=VERTEX_POINT('',#17841);
#6024=VERTEX_POINT('',#17845);
#6025=VERTEX_POINT('',#17851);
#6026=VERTEX_POINT('',#17853);
#6027=VERTEX_POINT('',#17855);
#6028=VERTEX_POINT('',#17860);
#6029=VERTEX_POINT('',#17862);
#6030=VERTEX_POINT('',#17866);
#6031=VERTEX_POINT('',#17870);
#6032=VERTEX_POINT('',#17876);
#6033=VERTEX_POINT('',#17877);
#6034=VERTEX_POINT('',#17882);
#6035=VERTEX_POINT('',#17886);
#6036=VERTEX_POINT('',#17892);
#6037=VERTEX_POINT('',#17895);
#6038=VERTEX_POINT('',#17903);
#6039=VERTEX_POINT('',#17905);
#6040=VERTEX_POINT('',#17907);
#6041=VERTEX_POINT('',#17911);
#6042=VERTEX_POINT('',#17915);
#6043=VERTEX_POINT('',#17919);
#6044=VERTEX_POINT('',#17926);
#6045=VERTEX_POINT('',#17930);
#6046=VERTEX_POINT('',#17935);
#6047=VERTEX_POINT('',#17939);
#6048=VERTEX_POINT('',#17943);
#6049=VERTEX_POINT('',#17947);
#6050=VERTEX_POINT('',#17951);
#6051=VERTEX_POINT('',#17965);
#6052=VERTEX_POINT('',#17966);
#6053=VERTEX_POINT('',#17970);
#6054=VERTEX_POINT('',#17971);
#6055=VERTEX_POINT('',#17975);
#6056=VERTEX_POINT('',#17976);
#6057=VERTEX_POINT('',#17978);
#6058=VERTEX_POINT('',#17980);
#6059=VERTEX_POINT('',#17983);
#6060=VERTEX_POINT('',#17984);
#6061=VERTEX_POINT('',#17986);
#6062=VERTEX_POINT('',#17988);
#6063=VERTEX_POINT('',#17991);
#6064=VERTEX_POINT('',#17992);
#6065=VERTEX_POINT('',#17994);
#6066=VERTEX_POINT('',#17996);
#6067=VERTEX_POINT('',#17998);
#6068=VERTEX_POINT('',#18000);
#6069=VERTEX_POINT('',#18003);
#6070=VERTEX_POINT('',#18004);
#6071=VERTEX_POINT('',#18006);
#6072=VERTEX_POINT('',#18008);
#6073=VERTEX_POINT('',#18011);
#6074=VERTEX_POINT('',#18012);
#6075=VERTEX_POINT('',#18014);
#6076=VERTEX_POINT('',#18016);
#6077=VERTEX_POINT('',#18019);
#6078=VERTEX_POINT('',#18020);
#6079=VERTEX_POINT('',#18022);
#6080=VERTEX_POINT('',#18024);
#6081=VERTEX_POINT('',#18027);
#6082=VERTEX_POINT('',#18028);
#6083=VERTEX_POINT('',#18030);
#6084=VERTEX_POINT('',#18032);
#6085=VERTEX_POINT('',#18035);
#6086=VERTEX_POINT('',#18036);
#6087=VERTEX_POINT('',#18038);
#6088=VERTEX_POINT('',#18040);
#6089=VERTEX_POINT('',#18043);
#6090=VERTEX_POINT('',#18044);
#6091=VERTEX_POINT('',#18046);
#6092=VERTEX_POINT('',#18048);
#6093=VERTEX_POINT('',#18051);
#6094=VERTEX_POINT('',#18052);
#6095=VERTEX_POINT('',#18054);
#6096=VERTEX_POINT('',#18056);
#6097=VERTEX_POINT('',#18059);
#6098=VERTEX_POINT('',#18060);
#6099=VERTEX_POINT('',#18062);
#6100=VERTEX_POINT('',#18064);
#6101=VERTEX_POINT('',#18067);
#6102=VERTEX_POINT('',#18068);
#6103=VERTEX_POINT('',#18070);
#6104=VERTEX_POINT('',#18072);
#6105=VERTEX_POINT('',#18075);
#6106=VERTEX_POINT('',#18076);
#6107=VERTEX_POINT('',#18078);
#6108=VERTEX_POINT('',#18080);
#6109=VERTEX_POINT('',#18083);
#6110=VERTEX_POINT('',#18084);
#6111=VERTEX_POINT('',#18086);
#6112=VERTEX_POINT('',#18088);
#6113=VERTEX_POINT('',#18091);
#6114=VERTEX_POINT('',#18092);
#6115=VERTEX_POINT('',#18094);
#6116=VERTEX_POINT('',#18096);
#6117=VERTEX_POINT('',#18099);
#6118=VERTEX_POINT('',#18100);
#6119=VERTEX_POINT('',#18102);
#6120=VERTEX_POINT('',#18104);
#6121=VERTEX_POINT('',#18107);
#6122=VERTEX_POINT('',#18108);
#6123=VERTEX_POINT('',#18110);
#6124=VERTEX_POINT('',#18112);
#6125=VERTEX_POINT('',#18115);
#6126=VERTEX_POINT('',#18116);
#6127=VERTEX_POINT('',#18118);
#6128=VERTEX_POINT('',#18120);
#6129=VERTEX_POINT('',#18123);
#6130=VERTEX_POINT('',#18124);
#6131=VERTEX_POINT('',#18126);
#6132=VERTEX_POINT('',#18128);
#6133=VERTEX_POINT('',#18131);
#6134=VERTEX_POINT('',#18133);
#6135=VERTEX_POINT('',#18135);
#6136=VERTEX_POINT('',#18137);
#6137=VERTEX_POINT('',#18140);
#6138=VERTEX_POINT('',#18142);
#6139=VERTEX_POINT('',#18144);
#6140=VERTEX_POINT('',#18146);
#6141=VERTEX_POINT('',#18148);
#6142=VERTEX_POINT('',#18150);
#6143=VERTEX_POINT('',#18152);
#6144=VERTEX_POINT('',#18154);
#6145=VERTEX_POINT('',#18156);
#6146=VERTEX_POINT('',#18158);
#6147=VERTEX_POINT('',#18160);
#6148=VERTEX_POINT('',#18162);
#6149=VERTEX_POINT('',#18164);
#6150=VERTEX_POINT('',#18166);
#6151=VERTEX_POINT('',#18168);
#6152=VERTEX_POINT('',#18170);
#6153=VERTEX_POINT('',#18172);
#6154=VERTEX_POINT('',#18174);
#6155=VERTEX_POINT('',#18176);
#6156=VERTEX_POINT('',#18178);
#6157=VERTEX_POINT('',#18180);
#6158=VERTEX_POINT('',#18182);
#6159=VERTEX_POINT('',#18184);
#6160=VERTEX_POINT('',#18186);
#6161=VERTEX_POINT('',#18194);
#6162=VERTEX_POINT('',#18196);
#6163=VERTEX_POINT('',#18199);
#6164=VERTEX_POINT('',#18201);
#6165=VERTEX_POINT('',#18203);
#6166=VERTEX_POINT('',#18205);
#6167=VERTEX_POINT('',#18208);
#6168=VERTEX_POINT('',#18210);
#6169=VERTEX_POINT('',#18216);
#6170=VERTEX_POINT('',#18218);
#6171=VERTEX_POINT('',#18222);
#6172=VERTEX_POINT('',#18226);
#6173=VERTEX_POINT('',#18230);
#6174=VERTEX_POINT('',#18232);
#6175=VERTEX_POINT('',#18236);
#6176=VERTEX_POINT('',#18238);
#6177=VERTEX_POINT('',#18245);
#6178=VERTEX_POINT('',#18247);
#6179=VERTEX_POINT('',#18251);
#6180=VERTEX_POINT('',#18252);
#6181=VERTEX_POINT('',#18254);
#6182=VERTEX_POINT('',#18256);
#6183=VERTEX_POINT('',#18263);
#6184=VERTEX_POINT('',#18269);
#6185=VERTEX_POINT('',#18276);
#6186=VERTEX_POINT('',#18286);
#6187=VERTEX_POINT('',#18290);
#6188=VERTEX_POINT('',#18294);
#6189=VERTEX_POINT('',#18298);
#6190=VERTEX_POINT('',#18302);
#6191=VERTEX_POINT('',#18308);
#6192=VERTEX_POINT('',#18309);
#6193=VERTEX_POINT('',#18314);
#6194=VERTEX_POINT('',#18318);
#6195=VERTEX_POINT('',#18324);
#6196=VERTEX_POINT('',#18325);
#6197=VERTEX_POINT('',#18330);
#6198=VERTEX_POINT('',#18334);
#6199=VERTEX_POINT('',#18340);
#6200=VERTEX_POINT('',#18341);
#6201=VERTEX_POINT('',#18346);
#6202=VERTEX_POINT('',#18350);
#6203=VERTEX_POINT('',#18356);
#6204=VERTEX_POINT('',#18357);
#6205=VERTEX_POINT('',#18362);
#6206=VERTEX_POINT('',#18366);
#6207=VERTEX_POINT('',#18372);
#6208=VERTEX_POINT('',#18373);
#6209=VERTEX_POINT('',#18378);
#6210=VERTEX_POINT('',#18382);
#6211=VERTEX_POINT('',#18388);
#6212=VERTEX_POINT('',#18389);
#6213=VERTEX_POINT('',#18394);
#6214=VERTEX_POINT('',#18398);
#6215=VERTEX_POINT('',#18404);
#6216=VERTEX_POINT('',#18405);
#6217=VERTEX_POINT('',#18410);
#6218=VERTEX_POINT('',#18414);
#6219=VERTEX_POINT('',#18420);
#6220=VERTEX_POINT('',#18421);
#6221=VERTEX_POINT('',#18426);
#6222=VERTEX_POINT('',#18430);
#6223=VERTEX_POINT('',#18436);
#6224=VERTEX_POINT('',#18437);
#6225=VERTEX_POINT('',#18442);
#6226=VERTEX_POINT('',#18446);
#6227=VERTEX_POINT('',#18452);
#6228=VERTEX_POINT('',#18453);
#6229=VERTEX_POINT('',#18458);
#6230=VERTEX_POINT('',#18462);
#6231=VERTEX_POINT('',#18468);
#6232=VERTEX_POINT('',#18469);
#6233=VERTEX_POINT('',#18474);
#6234=VERTEX_POINT('',#18478);
#6235=VERTEX_POINT('',#18484);
#6236=VERTEX_POINT('',#18485);
#6237=VERTEX_POINT('',#18490);
#6238=VERTEX_POINT('',#18494);
#6239=VERTEX_POINT('',#18500);
#6240=VERTEX_POINT('',#18501);
#6241=VERTEX_POINT('',#18506);
#6242=VERTEX_POINT('',#18510);
#6243=VERTEX_POINT('',#18516);
#6244=VERTEX_POINT('',#18517);
#6245=VERTEX_POINT('',#18522);
#6246=VERTEX_POINT('',#18526);
#6247=VERTEX_POINT('',#18532);
#6248=VERTEX_POINT('',#18534);
#6249=VERTEX_POINT('',#18538);
#6250=VERTEX_POINT('',#18542);
#6251=VERTEX_POINT('',#18548);
#6252=VERTEX_POINT('',#18550);
#6253=VERTEX_POINT('',#18554);
#6254=VERTEX_POINT('',#18558);
#6255=VERTEX_POINT('',#18564);
#6256=VERTEX_POINT('',#18566);
#6257=VERTEX_POINT('',#18570);
#6258=VERTEX_POINT('',#18574);
#6259=VERTEX_POINT('',#18578);
#6260=VERTEX_POINT('',#18582);
#6261=VERTEX_POINT('',#18588);
#6262=VERTEX_POINT('',#18590);
#6263=VERTEX_POINT('',#18594);
#6264=VERTEX_POINT('',#18598);
#6265=VERTEX_POINT('',#18604);
#6266=VERTEX_POINT('',#18605);
#6267=VERTEX_POINT('',#18610);
#6268=VERTEX_POINT('',#18614);
#6269=VERTEX_POINT('',#18621);
#6270=VERTEX_POINT('',#18622);
#6271=VERTEX_POINT('',#18624);
#6272=VERTEX_POINT('',#18626);
#6273=VERTEX_POINT('',#18629);
#6274=VERTEX_POINT('',#18632);
#6275=VERTEX_POINT('',#18633);
#6276=VERTEX_POINT('',#18635);
#6277=VERTEX_POINT('',#18637);
#6278=VERTEX_POINT('',#18640);
#6279=VERTEX_POINT('',#18643);
#6280=VERTEX_POINT('',#18644);
#6281=VERTEX_POINT('',#18646);
#6282=VERTEX_POINT('',#18648);
#6283=VERTEX_POINT('',#18651);
#6284=VERTEX_POINT('',#18654);
#6285=VERTEX_POINT('',#18655);
#6286=VERTEX_POINT('',#18657);
#6287=VERTEX_POINT('',#18659);
#6288=VERTEX_POINT('',#18662);
#6289=VERTEX_POINT('',#18665);
#6290=VERTEX_POINT('',#18666);
#6291=VERTEX_POINT('',#18668);
#6292=VERTEX_POINT('',#18670);
#6293=VERTEX_POINT('',#18674);
#6294=VERTEX_POINT('',#18676);
#6295=VERTEX_POINT('',#18680);
#6296=VERTEX_POINT('',#18682);
#6297=VERTEX_POINT('',#18686);
#6298=VERTEX_POINT('',#18688);
#6299=VERTEX_POINT('',#18692);
#6300=VERTEX_POINT('',#18694);
#6301=VERTEX_POINT('',#18701);
#6302=VERTEX_POINT('',#18702);
#6303=VERTEX_POINT('',#18704);
#6304=VERTEX_POINT('',#18706);
#6305=VERTEX_POINT('',#18710);
#6306=VERTEX_POINT('',#18712);
#6307=VERTEX_POINT('',#18716);
#6308=VERTEX_POINT('',#18718);
#6309=VERTEX_POINT('',#18722);
#6310=VERTEX_POINT('',#18724);
#6311=VERTEX_POINT('',#18728);
#6312=VERTEX_POINT('',#18730);
#6313=VERTEX_POINT('',#18734);
#6314=VERTEX_POINT('',#18736);
#6315=VERTEX_POINT('',#18743);
#6316=VERTEX_POINT('',#18744);
#6317=VERTEX_POINT('',#18746);
#6318=VERTEX_POINT('',#18748);
#6319=VERTEX_POINT('',#18752);
#6320=VERTEX_POINT('',#18754);
#6321=VERTEX_POINT('',#18758);
#6322=VERTEX_POINT('',#18760);
#6323=VERTEX_POINT('',#18764);
#6324=VERTEX_POINT('',#18766);
#6325=VERTEX_POINT('',#18770);
#6326=VERTEX_POINT('',#18772);
#6327=VERTEX_POINT('',#18779);
#6328=VERTEX_POINT('',#18780);
#6329=VERTEX_POINT('',#18782);
#6330=VERTEX_POINT('',#18784);
#6331=VERTEX_POINT('',#18788);
#6332=VERTEX_POINT('',#18790);
#6333=VERTEX_POINT('',#18794);
#6334=VERTEX_POINT('',#18796);
#6335=VERTEX_POINT('',#18800);
#6336=VERTEX_POINT('',#18802);
#6337=VERTEX_POINT('',#18806);
#6338=VERTEX_POINT('',#18808);
#6339=VERTEX_POINT('',#18815);
#6340=VERTEX_POINT('',#18816);
#6341=VERTEX_POINT('',#18818);
#6342=VERTEX_POINT('',#18820);
#6343=VERTEX_POINT('',#18824);
#6344=VERTEX_POINT('',#18826);
#6345=VERTEX_POINT('',#18830);
#6346=VERTEX_POINT('',#18831);
#6347=VERTEX_POINT('',#18833);
#6348=VERTEX_POINT('',#18835);
#6349=VERTEX_POINT('',#18839);
#6350=VERTEX_POINT('',#18841);
#6351=VERTEX_POINT('',#18845);
#6352=VERTEX_POINT('',#18847);
#6353=VERTEX_POINT('',#18851);
#6354=VERTEX_POINT('',#18853);
#6355=VERTEX_POINT('',#18860);
#6356=VERTEX_POINT('',#18861);
#6357=VERTEX_POINT('',#18863);
#6358=VERTEX_POINT('',#18865);
#6359=VERTEX_POINT('',#18869);
#6360=VERTEX_POINT('',#18871);
#6361=VERTEX_POINT('',#18875);
#6362=VERTEX_POINT('',#18877);
#6363=VERTEX_POINT('',#18881);
#6364=VERTEX_POINT('',#18883);
#6365=VERTEX_POINT('',#18887);
#6366=VERTEX_POINT('',#18889);
#6367=VERTEX_POINT('',#18896);
#6368=VERTEX_POINT('',#18897);
#6369=VERTEX_POINT('',#18899);
#6370=VERTEX_POINT('',#18901);
#6371=VERTEX_POINT('',#18905);
#6372=VERTEX_POINT('',#18907);
#6373=VERTEX_POINT('',#18911);
#6374=VERTEX_POINT('',#18913);
#6375=VERTEX_POINT('',#18917);
#6376=VERTEX_POINT('',#18919);
#6377=VERTEX_POINT('',#18923);
#6378=VERTEX_POINT('',#18925);
#6379=VERTEX_POINT('',#18929);
#6380=VERTEX_POINT('',#18931);
#6381=VERTEX_POINT('',#18938);
#6382=VERTEX_POINT('',#18939);
#6383=VERTEX_POINT('',#18941);
#6384=VERTEX_POINT('',#18943);
#6385=VERTEX_POINT('',#18947);
#6386=VERTEX_POINT('',#18949);
#6387=VERTEX_POINT('',#18953);
#6388=VERTEX_POINT('',#18955);
#6389=VERTEX_POINT('',#18959);
#6390=VERTEX_POINT('',#18961);
#6391=VERTEX_POINT('',#18965);
#6392=VERTEX_POINT('',#18967);
#6393=VERTEX_POINT('',#18974);
#6394=VERTEX_POINT('',#18975);
#6395=VERTEX_POINT('',#18977);
#6396=VERTEX_POINT('',#18979);
#6397=VERTEX_POINT('',#18983);
#6398=VERTEX_POINT('',#18985);
#6399=VERTEX_POINT('',#18989);
#6400=VERTEX_POINT('',#18991);
#6401=VERTEX_POINT('',#18995);
#6402=VERTEX_POINT('',#18997);
#6403=VERTEX_POINT('',#19001);
#6404=VERTEX_POINT('',#19003);
#6405=VERTEX_POINT('',#19010);
#6406=VERTEX_POINT('',#19011);
#6407=VERTEX_POINT('',#19013);
#6408=VERTEX_POINT('',#19015);
#6409=VERTEX_POINT('',#19019);
#6410=VERTEX_POINT('',#19021);
#6411=VERTEX_POINT('',#19025);
#6412=VERTEX_POINT('',#19027);
#6413=VERTEX_POINT('',#19031);
#6414=VERTEX_POINT('',#19033);
#6415=VERTEX_POINT('',#19037);
#6416=VERTEX_POINT('',#19039);
#6417=VERTEX_POINT('',#19043);
#6418=VERTEX_POINT('',#19044);
#6419=VERTEX_POINT('',#19046);
#6420=VERTEX_POINT('',#19048);
#6421=VERTEX_POINT('',#19052);
#6422=VERTEX_POINT('',#19054);
#6423=VERTEX_POINT('',#19058);
#6424=VERTEX_POINT('',#19060);
#6425=VERTEX_POINT('',#19064);
#6426=VERTEX_POINT('',#19066);
#6427=VERTEX_POINT('',#19070);
#6428=VERTEX_POINT('',#19072);
#6429=VERTEX_POINT('',#19076);
#6430=VERTEX_POINT('',#19078);
#6431=VERTEX_POINT('',#19082);
#6432=VERTEX_POINT('',#19083);
#6433=VERTEX_POINT('',#19085);
#6434=VERTEX_POINT('',#19087);
#6435=VERTEX_POINT('',#19091);
#6436=VERTEX_POINT('',#19093);
#6437=VERTEX_POINT('',#19097);
#6438=VERTEX_POINT('',#19099);
#6439=VERTEX_POINT('',#19103);
#6440=VERTEX_POINT('',#19105);
#6441=VERTEX_POINT('',#19109);
#6442=VERTEX_POINT('',#19111);
#6443=VERTEX_POINT('',#19118);
#6444=VERTEX_POINT('',#19119);
#6445=VERTEX_POINT('',#19121);
#6446=VERTEX_POINT('',#19123);
#6447=VERTEX_POINT('',#19127);
#6448=VERTEX_POINT('',#19129);
#6449=VERTEX_POINT('',#19133);
#6450=VERTEX_POINT('',#19135);
#6451=VERTEX_POINT('',#19139);
#6452=VERTEX_POINT('',#19141);
#6453=VERTEX_POINT('',#19145);
#6454=VERTEX_POINT('',#19147);
#6455=VERTEX_POINT('',#19151);
#6456=VERTEX_POINT('',#19152);
#6457=VERTEX_POINT('',#19154);
#6458=VERTEX_POINT('',#19156);
#6459=VERTEX_POINT('',#19163);
#6460=VERTEX_POINT('',#19164);
#6461=VERTEX_POINT('',#19166);
#6462=VERTEX_POINT('',#19168);
#6463=VERTEX_POINT('',#19172);
#6464=VERTEX_POINT('',#19174);
#6465=VERTEX_POINT('',#19178);
#6466=VERTEX_POINT('',#19180);
#6467=VERTEX_POINT('',#19184);
#6468=VERTEX_POINT('',#19186);
#6469=VERTEX_POINT('',#19190);
#6470=VERTEX_POINT('',#19192);
#6471=VERTEX_POINT('',#19199);
#6472=VERTEX_POINT('',#19200);
#6473=VERTEX_POINT('',#19202);
#6474=VERTEX_POINT('',#19204);
#6475=VERTEX_POINT('',#19208);
#6476=VERTEX_POINT('',#19210);
#6477=VERTEX_POINT('',#19214);
#6478=VERTEX_POINT('',#19216);
#6479=VERTEX_POINT('',#19220);
#6480=VERTEX_POINT('',#19222);
#6481=VERTEX_POINT('',#19226);
#6482=VERTEX_POINT('',#19228);
#6483=VERTEX_POINT('',#19235);
#6484=VERTEX_POINT('',#19236);
#6485=VERTEX_POINT('',#19238);
#6486=VERTEX_POINT('',#19240);
#6487=VERTEX_POINT('',#19244);
#6488=VERTEX_POINT('',#19246);
#6489=VERTEX_POINT('',#19250);
#6490=VERTEX_POINT('',#19252);
#6491=VERTEX_POINT('',#19256);
#6492=VERTEX_POINT('',#19258);
#6493=VERTEX_POINT('',#19262);
#6494=VERTEX_POINT('',#19264);
#6495=VERTEX_POINT('',#19271);
#6496=VERTEX_POINT('',#19272);
#6497=VERTEX_POINT('',#19274);
#6498=VERTEX_POINT('',#19276);
#6499=VERTEX_POINT('',#19280);
#6500=VERTEX_POINT('',#19282);
#6501=VERTEX_POINT('',#19286);
#6502=VERTEX_POINT('',#19288);
#6503=VERTEX_POINT('',#19292);
#6504=VERTEX_POINT('',#19294);
#6505=VERTEX_POINT('',#19298);
#6506=VERTEX_POINT('',#19300);
#6507=VERTEX_POINT('',#19307);
#6508=VERTEX_POINT('',#19309);
#6509=VERTEX_POINT('',#19311);
#6510=VERTEX_POINT('',#19313);
#6511=VERTEX_POINT('',#19315);
#6512=VERTEX_POINT('',#19318);
#6513=VERTEX_POINT('',#19320);
#6514=VERTEX_POINT('',#19322);
#6515=VERTEX_POINT('',#19324);
#6516=VERTEX_POINT('',#19326);
#6517=VERTEX_POINT('',#19328);
#6518=VERTEX_POINT('',#19330);
#6519=VERTEX_POINT('',#19332);
#6520=VERTEX_POINT('',#19334);
#6521=VERTEX_POINT('',#19336);
#6522=VERTEX_POINT('',#19339);
#6523=VERTEX_POINT('',#19342);
#6524=VERTEX_POINT('',#19343);
#6525=VERTEX_POINT('',#19345);
#6526=VERTEX_POINT('',#19347);
#6527=VERTEX_POINT('',#19349);
#6528=VERTEX_POINT('',#19351);
#6529=VERTEX_POINT('',#19353);
#6530=VERTEX_POINT('',#19355);
#6531=VERTEX_POINT('',#19357);
#6532=VERTEX_POINT('',#19359);
#6533=VERTEX_POINT('',#19361);
#6534=VERTEX_POINT('',#19363);
#6535=VERTEX_POINT('',#19365);
#6536=VERTEX_POINT('',#19367);
#6537=VERTEX_POINT('',#19370);
#6538=VERTEX_POINT('',#19371);
#6539=VERTEX_POINT('',#19373);
#6540=VERTEX_POINT('',#19375);
#6541=VERTEX_POINT('',#19377);
#6542=VERTEX_POINT('',#19379);
#6543=VERTEX_POINT('',#19382);
#6544=VERTEX_POINT('',#19383);
#6545=VERTEX_POINT('',#19385);
#6546=VERTEX_POINT('',#19387);
#6547=VERTEX_POINT('',#19389);
#6548=VERTEX_POINT('',#19391);
#6549=VERTEX_POINT('',#19394);
#6550=VERTEX_POINT('',#19395);
#6551=VERTEX_POINT('',#19397);
#6552=VERTEX_POINT('',#19399);
#6553=VERTEX_POINT('',#19401);
#6554=VERTEX_POINT('',#19403);
#6555=VERTEX_POINT('',#19406);
#6556=VERTEX_POINT('',#19407);
#6557=VERTEX_POINT('',#19409);
#6558=VERTEX_POINT('',#19411);
#6559=VERTEX_POINT('',#19413);
#6560=VERTEX_POINT('',#19415);
#6561=VERTEX_POINT('',#19418);
#6562=VERTEX_POINT('',#19419);
#6563=VERTEX_POINT('',#19421);
#6564=VERTEX_POINT('',#19423);
#6565=VERTEX_POINT('',#19425);
#6566=VERTEX_POINT('',#19427);
#6567=VERTEX_POINT('',#19430);
#6568=VERTEX_POINT('',#19431);
#6569=VERTEX_POINT('',#19433);
#6570=VERTEX_POINT('',#19435);
#6571=VERTEX_POINT('',#19437);
#6572=VERTEX_POINT('',#19439);
#6573=VERTEX_POINT('',#19442);
#6574=VERTEX_POINT('',#19443);
#6575=VERTEX_POINT('',#19445);
#6576=VERTEX_POINT('',#19447);
#6577=VERTEX_POINT('',#19449);
#6578=VERTEX_POINT('',#19451);
#6579=VERTEX_POINT('',#19454);
#6580=VERTEX_POINT('',#19455);
#6581=VERTEX_POINT('',#19457);
#6582=VERTEX_POINT('',#19459);
#6583=VERTEX_POINT('',#19461);
#6584=VERTEX_POINT('',#19463);
#6585=VERTEX_POINT('',#19466);
#6586=VERTEX_POINT('',#19467);
#6587=VERTEX_POINT('',#19469);
#6588=VERTEX_POINT('',#19471);
#6589=VERTEX_POINT('',#19473);
#6590=VERTEX_POINT('',#19475);
#6591=VERTEX_POINT('',#19478);
#6592=VERTEX_POINT('',#19479);
#6593=VERTEX_POINT('',#19481);
#6594=VERTEX_POINT('',#19483);
#6595=VERTEX_POINT('',#19485);
#6596=VERTEX_POINT('',#19487);
#6597=VERTEX_POINT('',#19490);
#6598=VERTEX_POINT('',#19491);
#6599=VERTEX_POINT('',#19493);
#6600=VERTEX_POINT('',#19495);
#6601=VERTEX_POINT('',#19497);
#6602=VERTEX_POINT('',#19499);
#6603=VERTEX_POINT('',#19502);
#6604=VERTEX_POINT('',#19503);
#6605=VERTEX_POINT('',#19505);
#6606=VERTEX_POINT('',#19507);
#6607=VERTEX_POINT('',#19509);
#6608=VERTEX_POINT('',#19511);
#6609=VERTEX_POINT('',#19514);
#6610=VERTEX_POINT('',#19515);
#6611=VERTEX_POINT('',#19517);
#6612=VERTEX_POINT('',#19519);
#6613=VERTEX_POINT('',#19521);
#6614=VERTEX_POINT('',#19523);
#6615=VERTEX_POINT('',#19526);
#6616=VERTEX_POINT('',#19527);
#6617=VERTEX_POINT('',#19529);
#6618=VERTEX_POINT('',#19531);
#6619=VERTEX_POINT('',#19533);
#6620=VERTEX_POINT('',#19535);
#6621=VERTEX_POINT('',#19538);
#6622=VERTEX_POINT('',#19539);
#6623=VERTEX_POINT('',#19541);
#6624=VERTEX_POINT('',#19543);
#6625=VERTEX_POINT('',#19545);
#6626=VERTEX_POINT('',#19547);
#6627=VERTEX_POINT('',#19550);
#6628=VERTEX_POINT('',#19551);
#6629=VERTEX_POINT('',#19553);
#6630=VERTEX_POINT('',#19555);
#6631=VERTEX_POINT('',#19557);
#6632=VERTEX_POINT('',#19559);
#6633=VERTEX_POINT('',#19562);
#6634=VERTEX_POINT('',#19563);
#6635=VERTEX_POINT('',#19565);
#6636=VERTEX_POINT('',#19567);
#6637=VERTEX_POINT('',#19569);
#6638=VERTEX_POINT('',#19571);
#6639=VERTEX_POINT('',#19574);
#6640=VERTEX_POINT('',#19575);
#6641=VERTEX_POINT('',#19577);
#6642=VERTEX_POINT('',#19579);
#6643=VERTEX_POINT('',#19581);
#6644=VERTEX_POINT('',#19583);
#6645=VERTEX_POINT('',#19586);
#6646=VERTEX_POINT('',#19587);
#6647=VERTEX_POINT('',#19589);
#6648=VERTEX_POINT('',#19591);
#6649=VERTEX_POINT('',#19593);
#6650=VERTEX_POINT('',#19595);
#6651=VERTEX_POINT('',#19598);
#6652=VERTEX_POINT('',#19599);
#6653=VERTEX_POINT('',#19601);
#6654=VERTEX_POINT('',#19603);
#6655=VERTEX_POINT('',#19605);
#6656=VERTEX_POINT('',#19607);
#6657=VERTEX_POINT('',#19610);
#6658=VERTEX_POINT('',#19611);
#6659=VERTEX_POINT('',#19613);
#6660=VERTEX_POINT('',#19615);
#6661=VERTEX_POINT('',#19617);
#6662=VERTEX_POINT('',#19619);
#6663=VERTEX_POINT('',#19622);
#6664=VERTEX_POINT('',#19623);
#6665=VERTEX_POINT('',#19625);
#6666=VERTEX_POINT('',#19627);
#6667=VERTEX_POINT('',#19629);
#6668=VERTEX_POINT('',#19631);
#6669=VERTEX_POINT('',#19634);
#6670=VERTEX_POINT('',#19635);
#6671=VERTEX_POINT('',#19637);
#6672=VERTEX_POINT('',#19639);
#6673=VERTEX_POINT('',#19641);
#6674=VERTEX_POINT('',#19643);
#6675=VERTEX_POINT('',#19645);
#6676=VERTEX_POINT('',#19647);
#6677=VERTEX_POINT('',#19649);
#6678=VERTEX_POINT('',#19652);
#6679=VERTEX_POINT('',#19653);
#6680=VERTEX_POINT('',#19655);
#6681=VERTEX_POINT('',#19657);
#6682=VERTEX_POINT('',#19659);
#6683=VERTEX_POINT('',#19661);
#6684=VERTEX_POINT('',#19664);
#6685=VERTEX_POINT('',#19665);
#6686=VERTEX_POINT('',#19667);
#6687=VERTEX_POINT('',#19669);
#6688=VERTEX_POINT('',#19671);
#6689=VERTEX_POINT('',#19673);
#6690=VERTEX_POINT('',#19676);
#6691=VERTEX_POINT('',#19677);
#6692=VERTEX_POINT('',#19679);
#6693=VERTEX_POINT('',#19681);
#6694=VERTEX_POINT('',#19683);
#6695=VERTEX_POINT('',#19685);
#6696=VERTEX_POINT('',#19688);
#6697=VERTEX_POINT('',#19689);
#6698=VERTEX_POINT('',#19691);
#6699=VERTEX_POINT('',#19693);
#6700=VERTEX_POINT('',#19695);
#6701=VERTEX_POINT('',#19697);
#6702=VERTEX_POINT('',#19700);
#6703=VERTEX_POINT('',#19701);
#6704=VERTEX_POINT('',#19703);
#6705=VERTEX_POINT('',#19705);
#6706=VERTEX_POINT('',#19707);
#6707=VERTEX_POINT('',#19709);
#6708=VERTEX_POINT('',#19712);
#6709=VERTEX_POINT('',#19713);
#6710=VERTEX_POINT('',#19715);
#6711=VERTEX_POINT('',#19717);
#6712=VERTEX_POINT('',#19719);
#6713=VERTEX_POINT('',#19721);
#6714=VERTEX_POINT('',#19724);
#6715=VERTEX_POINT('',#19725);
#6716=VERTEX_POINT('',#19727);
#6717=VERTEX_POINT('',#19729);
#6718=VERTEX_POINT('',#19731);
#6719=VERTEX_POINT('',#19733);
#6720=VERTEX_POINT('',#19736);
#6721=VERTEX_POINT('',#19737);
#6722=VERTEX_POINT('',#19739);
#6723=VERTEX_POINT('',#19741);
#6724=VERTEX_POINT('',#19743);
#6725=VERTEX_POINT('',#19745);
#6726=VERTEX_POINT('',#19748);
#6727=VERTEX_POINT('',#19749);
#6728=VERTEX_POINT('',#19751);
#6729=VERTEX_POINT('',#19753);
#6730=VERTEX_POINT('',#19755);
#6731=VERTEX_POINT('',#19757);
#6732=VERTEX_POINT('',#19760);
#6733=VERTEX_POINT('',#19761);
#6734=VERTEX_POINT('',#19763);
#6735=VERTEX_POINT('',#19765);
#6736=VERTEX_POINT('',#19767);
#6737=VERTEX_POINT('',#19769);
#6738=VERTEX_POINT('',#19772);
#6739=VERTEX_POINT('',#19773);
#6740=VERTEX_POINT('',#19775);
#6741=VERTEX_POINT('',#19777);
#6742=VERTEX_POINT('',#19779);
#6743=VERTEX_POINT('',#19781);
#6744=VERTEX_POINT('',#19784);
#6745=VERTEX_POINT('',#19785);
#6746=VERTEX_POINT('',#19787);
#6747=VERTEX_POINT('',#19789);
#6748=VERTEX_POINT('',#19791);
#6749=VERTEX_POINT('',#19793);
#6750=VERTEX_POINT('',#19796);
#6751=VERTEX_POINT('',#19797);
#6752=VERTEX_POINT('',#19799);
#6753=VERTEX_POINT('',#19801);
#6754=VERTEX_POINT('',#19803);
#6755=VERTEX_POINT('',#19805);
#6756=VERTEX_POINT('',#19808);
#6757=VERTEX_POINT('',#19809);
#6758=VERTEX_POINT('',#19811);
#6759=VERTEX_POINT('',#19813);
#6760=VERTEX_POINT('',#19815);
#6761=VERTEX_POINT('',#19817);
#6762=VERTEX_POINT('',#19820);
#6763=VERTEX_POINT('',#19821);
#6764=VERTEX_POINT('',#19823);
#6765=VERTEX_POINT('',#19825);
#6766=VERTEX_POINT('',#19827);
#6767=VERTEX_POINT('',#19829);
#6768=VERTEX_POINT('',#19832);
#6769=VERTEX_POINT('',#19833);
#6770=VERTEX_POINT('',#19835);
#6771=VERTEX_POINT('',#19837);
#6772=VERTEX_POINT('',#19839);
#6773=VERTEX_POINT('',#19841);
#6774=VERTEX_POINT('',#19844);
#6775=VERTEX_POINT('',#19845);
#6776=VERTEX_POINT('',#19847);
#6777=VERTEX_POINT('',#19849);
#6778=VERTEX_POINT('',#19851);
#6779=VERTEX_POINT('',#19853);
#6780=VERTEX_POINT('',#19856);
#6781=VERTEX_POINT('',#19857);
#6782=VERTEX_POINT('',#19859);
#6783=VERTEX_POINT('',#19861);
#6784=VERTEX_POINT('',#19863);
#6785=VERTEX_POINT('',#19865);
#6786=VERTEX_POINT('',#19868);
#6787=VERTEX_POINT('',#19869);
#6788=VERTEX_POINT('',#19871);
#6789=VERTEX_POINT('',#19873);
#6790=VERTEX_POINT('',#19875);
#6791=VERTEX_POINT('',#19877);
#6792=VERTEX_POINT('',#19880);
#6793=VERTEX_POINT('',#19882);
#6794=VERTEX_POINT('',#19884);
#6795=VERTEX_POINT('',#19886);
#6796=VERTEX_POINT('',#19888);
#6797=VERTEX_POINT('',#19890);
#6798=VERTEX_POINT('',#19894);
#6799=VERTEX_POINT('',#19895);
#6800=VERTEX_POINT('',#19900);
#6801=VERTEX_POINT('',#19904);
#6802=VERTEX_POINT('',#19908);
#6803=VERTEX_POINT('',#19912);
#6804=VERTEX_POINT('',#19918);
#6805=VERTEX_POINT('',#19919);
#6806=VERTEX_POINT('',#19924);
#6807=VERTEX_POINT('',#19928);
#6808=VERTEX_POINT('',#19932);
#6809=VERTEX_POINT('',#19936);
#6810=VERTEX_POINT('',#19942);
#6811=VERTEX_POINT('',#19943);
#6812=VERTEX_POINT('',#19948);
#6813=VERTEX_POINT('',#19952);
#6814=VERTEX_POINT('',#19956);
#6815=VERTEX_POINT('',#19960);
#6816=VERTEX_POINT('',#19966);
#6817=VERTEX_POINT('',#19967);
#6818=VERTEX_POINT('',#19972);
#6819=VERTEX_POINT('',#19976);
#6820=VERTEX_POINT('',#19980);
#6821=VERTEX_POINT('',#19984);
#6822=VERTEX_POINT('',#19990);
#6823=VERTEX_POINT('',#19991);
#6824=VERTEX_POINT('',#19996);
#6825=VERTEX_POINT('',#20000);
#6826=VERTEX_POINT('',#20004);
#6827=VERTEX_POINT('',#20008);
#6828=VERTEX_POINT('',#20014);
#6829=VERTEX_POINT('',#20015);
#6830=VERTEX_POINT('',#20020);
#6831=VERTEX_POINT('',#20024);
#6832=VERTEX_POINT('',#20028);
#6833=VERTEX_POINT('',#20032);
#6834=VERTEX_POINT('',#20038);
#6835=VERTEX_POINT('',#20039);
#6836=VERTEX_POINT('',#20044);
#6837=VERTEX_POINT('',#20048);
#6838=VERTEX_POINT('',#20052);
#6839=VERTEX_POINT('',#20056);
#6840=VERTEX_POINT('',#20062);
#6841=VERTEX_POINT('',#20063);
#6842=VERTEX_POINT('',#20068);
#6843=VERTEX_POINT('',#20072);
#6844=VERTEX_POINT('',#20076);
#6845=VERTEX_POINT('',#20080);
#6846=VERTEX_POINT('',#20086);
#6847=VERTEX_POINT('',#20087);
#6848=VERTEX_POINT('',#20092);
#6849=VERTEX_POINT('',#20096);
#6850=VERTEX_POINT('',#20100);
#6851=VERTEX_POINT('',#20104);
#6852=VERTEX_POINT('',#20110);
#6853=VERTEX_POINT('',#20111);
#6854=VERTEX_POINT('',#20116);
#6855=VERTEX_POINT('',#20120);
#6856=VERTEX_POINT('',#20124);
#6857=VERTEX_POINT('',#20128);
#6858=VERTEX_POINT('',#20134);
#6859=VERTEX_POINT('',#20135);
#6860=VERTEX_POINT('',#20140);
#6861=VERTEX_POINT('',#20144);
#6862=VERTEX_POINT('',#20148);
#6863=VERTEX_POINT('',#20152);
#6864=VERTEX_POINT('',#20158);
#6865=VERTEX_POINT('',#20159);
#6866=VERTEX_POINT('',#20164);
#6867=VERTEX_POINT('',#20168);
#6868=VERTEX_POINT('',#20172);
#6869=VERTEX_POINT('',#20176);
#6870=VERTEX_POINT('',#20182);
#6871=VERTEX_POINT('',#20183);
#6872=VERTEX_POINT('',#20188);
#6873=VERTEX_POINT('',#20192);
#6874=VERTEX_POINT('',#20196);
#6875=VERTEX_POINT('',#20200);
#6876=VERTEX_POINT('',#20206);
#6877=VERTEX_POINT('',#20207);
#6878=VERTEX_POINT('',#20212);
#6879=VERTEX_POINT('',#20216);
#6880=VERTEX_POINT('',#20220);
#6881=VERTEX_POINT('',#20224);
#6882=VERTEX_POINT('',#20230);
#6883=VERTEX_POINT('',#20231);
#6884=VERTEX_POINT('',#20236);
#6885=VERTEX_POINT('',#20240);
#6886=VERTEX_POINT('',#20244);
#6887=VERTEX_POINT('',#20248);
#6888=VERTEX_POINT('',#20254);
#6889=VERTEX_POINT('',#20255);
#6890=VERTEX_POINT('',#20260);
#6891=VERTEX_POINT('',#20264);
#6892=VERTEX_POINT('',#20268);
#6893=VERTEX_POINT('',#20272);
#6894=VERTEX_POINT('',#20278);
#6895=VERTEX_POINT('',#20279);
#6896=VERTEX_POINT('',#20284);
#6897=VERTEX_POINT('',#20288);
#6898=VERTEX_POINT('',#20292);
#6899=VERTEX_POINT('',#20296);
#6900=VERTEX_POINT('',#20302);
#6901=VERTEX_POINT('',#20303);
#6902=VERTEX_POINT('',#20308);
#6903=VERTEX_POINT('',#20312);
#6904=VERTEX_POINT('',#20316);
#6905=VERTEX_POINT('',#20320);
#6906=VERTEX_POINT('',#20326);
#6907=VERTEX_POINT('',#20327);
#6908=VERTEX_POINT('',#20332);
#6909=VERTEX_POINT('',#20336);
#6910=VERTEX_POINT('',#20340);
#6911=VERTEX_POINT('',#20344);
#6912=VERTEX_POINT('',#20350);
#6913=VERTEX_POINT('',#20351);
#6914=VERTEX_POINT('',#20356);
#6915=VERTEX_POINT('',#20357);
#6916=VERTEX_POINT('',#20362);
#6917=VERTEX_POINT('',#20366);
#6918=VERTEX_POINT('',#20372);
#6919=VERTEX_POINT('',#20373);
#6920=VERTEX_POINT('',#20378);
#6921=VERTEX_POINT('',#20382);
#6922=VERTEX_POINT('',#20386);
#6923=VERTEX_POINT('',#20390);
#6924=VERTEX_POINT('',#20396);
#6925=VERTEX_POINT('',#20397);
#6926=VERTEX_POINT('',#20402);
#6927=VERTEX_POINT('',#20406);
#6928=VERTEX_POINT('',#20410);
#6929=VERTEX_POINT('',#20414);
#6930=VERTEX_POINT('',#20420);
#6931=VERTEX_POINT('',#20421);
#6932=VERTEX_POINT('',#20426);
#6933=VERTEX_POINT('',#20430);
#6934=VERTEX_POINT('',#20434);
#6935=VERTEX_POINT('',#20438);
#6936=VERTEX_POINT('',#20444);
#6937=VERTEX_POINT('',#20445);
#6938=VERTEX_POINT('',#20450);
#6939=VERTEX_POINT('',#20454);
#6940=VERTEX_POINT('',#20458);
#6941=VERTEX_POINT('',#20462);
#6942=VERTEX_POINT('',#20466);
#6943=VERTEX_POINT('',#20470);
#6944=VERTEX_POINT('',#20474);
#6945=VERTEX_POINT('',#20480);
#6946=VERTEX_POINT('',#20481);
#6947=VERTEX_POINT('',#20486);
#6948=VERTEX_POINT('',#20490);
#6949=VERTEX_POINT('',#20494);
#6950=VERTEX_POINT('',#20498);
#6951=VERTEX_POINT('',#20504);
#6952=VERTEX_POINT('',#20505);
#6953=VERTEX_POINT('',#20510);
#6954=VERTEX_POINT('',#20514);
#6955=VERTEX_POINT('',#20518);
#6956=VERTEX_POINT('',#20522);
#6957=VERTEX_POINT('',#20528);
#6958=VERTEX_POINT('',#20529);
#6959=VERTEX_POINT('',#20534);
#6960=VERTEX_POINT('',#20538);
#6961=VERTEX_POINT('',#20542);
#6962=VERTEX_POINT('',#20546);
#6963=VERTEX_POINT('',#20552);
#6964=VERTEX_POINT('',#20553);
#6965=VERTEX_POINT('',#20558);
#6966=VERTEX_POINT('',#20562);
#6967=VERTEX_POINT('',#20566);
#6968=VERTEX_POINT('',#20570);
#6969=VERTEX_POINT('',#20576);
#6970=VERTEX_POINT('',#20577);
#6971=VERTEX_POINT('',#20582);
#6972=VERTEX_POINT('',#20586);
#6973=VERTEX_POINT('',#20590);
#6974=VERTEX_POINT('',#20594);
#6975=VERTEX_POINT('',#20598);
#6976=VERTEX_POINT('',#20599);
#6977=VERTEX_POINT('',#20604);
#6978=VERTEX_POINT('',#20608);
#6979=VERTEX_POINT('',#20612);
#6980=VERTEX_POINT('',#20616);
#6981=VERTEX_POINT('',#20622);
#6982=VERTEX_POINT('',#20623);
#6983=VERTEX_POINT('',#20628);
#6984=VERTEX_POINT('',#20632);
#6985=VERTEX_POINT('',#20636);
#6986=VERTEX_POINT('',#20640);
#6987=VERTEX_POINT('',#20646);
#6988=VERTEX_POINT('',#20647);
#6989=VERTEX_POINT('',#20652);
#6990=VERTEX_POINT('',#20656);
#6991=VERTEX_POINT('',#20660);
#6992=VERTEX_POINT('',#20664);
#6993=VERTEX_POINT('',#20670);
#6994=VERTEX_POINT('',#20671);
#6995=VERTEX_POINT('',#20676);
#6996=VERTEX_POINT('',#20680);
#6997=VERTEX_POINT('',#20684);
#6998=VERTEX_POINT('',#20688);
#6999=VERTEX_POINT('',#20694);
#7000=VERTEX_POINT('',#20695);
#7001=VERTEX_POINT('',#20700);
#7002=VERTEX_POINT('',#20704);
#7003=VERTEX_POINT('',#20708);
#7004=VERTEX_POINT('',#20712);
#7005=VERTEX_POINT('',#20718);
#7006=VERTEX_POINT('',#20719);
#7007=VERTEX_POINT('',#20724);
#7008=VERTEX_POINT('',#20728);
#7009=VERTEX_POINT('',#20732);
#7010=VERTEX_POINT('',#20736);
#7011=VERTEX_POINT('',#20742);
#7012=VERTEX_POINT('',#20743);
#7013=VERTEX_POINT('',#20748);
#7014=VERTEX_POINT('',#20752);
#7015=VERTEX_POINT('',#20756);
#7016=VERTEX_POINT('',#20760);
#7017=VERTEX_POINT('',#20766);
#7018=VERTEX_POINT('',#20767);
#7019=VERTEX_POINT('',#20772);
#7020=VERTEX_POINT('',#20776);
#7021=VERTEX_POINT('',#20780);
#7022=VERTEX_POINT('',#20784);
#7023=VERTEX_POINT('',#20790);
#7024=VERTEX_POINT('',#20791);
#7025=VERTEX_POINT('',#20796);
#7026=VERTEX_POINT('',#20800);
#7027=VERTEX_POINT('',#20804);
#7028=VERTEX_POINT('',#20808);
#7029=VERTEX_POINT('',#20814);
#7030=VERTEX_POINT('',#20815);
#7031=VERTEX_POINT('',#20820);
#7032=VERTEX_POINT('',#20824);
#7033=VERTEX_POINT('',#20828);
#7034=VERTEX_POINT('',#20832);
#7035=VERTEX_POINT('',#20838);
#7036=VERTEX_POINT('',#20839);
#7037=VERTEX_POINT('',#20844);
#7038=VERTEX_POINT('',#20848);
#7039=VERTEX_POINT('',#20849);
#7040=VERTEX_POINT('',#20854);
#7041=VERTEX_POINT('',#20858);
#7042=VERTEX_POINT('',#20862);
#7043=VERTEX_POINT('',#20868);
#7044=VERTEX_POINT('',#20869);
#7045=VERTEX_POINT('',#20874);
#7046=VERTEX_POINT('',#20878);
#7047=VERTEX_POINT('',#20882);
#7048=VERTEX_POINT('',#20886);
#7049=VERTEX_POINT('',#20892);
#7050=VERTEX_POINT('',#20893);
#7051=VERTEX_POINT('',#20898);
#7052=VERTEX_POINT('',#20902);
#7053=VERTEX_POINT('',#20906);
#7054=VERTEX_POINT('',#20910);
#7055=VERTEX_POINT('',#20916);
#7056=VERTEX_POINT('',#20917);
#7057=VERTEX_POINT('',#20922);
#7058=VERTEX_POINT('',#20926);
#7059=VERTEX_POINT('',#20930);
#7060=VERTEX_POINT('',#20934);
#7061=VERTEX_POINT('',#20940);
#7062=VERTEX_POINT('',#20941);
#7063=VERTEX_POINT('',#20946);
#7064=VERTEX_POINT('',#20950);
#7065=VERTEX_POINT('',#20954);
#7066=VERTEX_POINT('',#20958);
#7067=VERTEX_POINT('',#20964);
#7068=VERTEX_POINT('',#20965);
#7069=VERTEX_POINT('',#20970);
#7070=VERTEX_POINT('',#20974);
#7071=VERTEX_POINT('',#20978);
#7072=VERTEX_POINT('',#20982);
#7073=VERTEX_POINT('',#20986);
#7074=VERTEX_POINT('',#20987);
#7075=VERTEX_POINT('',#20992);
#7076=VERTEX_POINT('',#20996);
#7077=VERTEX_POINT('',#21000);
#7078=VERTEX_POINT('',#21004);
#7079=VERTEX_POINT('',#21010);
#7080=VERTEX_POINT('',#21012);
#7081=VERTEX_POINT('',#21016);
#7082=VERTEX_POINT('',#21018);
#7083=VERTEX_POINT('',#21022);
#7084=VERTEX_POINT('',#21024);
#7085=VERTEX_POINT('',#21028);
#7086=VERTEX_POINT('',#21032);
#7087=VERTEX_POINT('',#21036);
#7088=VERTEX_POINT('',#21040);
#7089=VERTEX_POINT('',#21044);
#7090=VERTEX_POINT('',#21046);
#7091=VERTEX_POINT('',#21054);
#7092=VERTEX_POINT('',#21058);
#7093=VERTEX_POINT('',#21060);
#7094=VERTEX_POINT('',#21066);
#7095=VERTEX_POINT('',#21072);
#7096=VERTEX_POINT('',#21084);
#7097=VERTEX_POINT('',#21091);
#7098=VERTEX_POINT('',#21099);
#7099=VERTEX_POINT('',#21101);
#7100=VERTEX_POINT('',#21109);
#7101=EDGE_CURVE('',#5855,#5856,#5791,.T.);
#7102=EDGE_CURVE('',#5856,#5855,#5792,.T.);
#7103=EDGE_CURVE('',#5857,#5858,#5793,.T.);
#7104=EDGE_CURVE('',#5859,#5857,#5794,.T.);
#7105=EDGE_CURVE('',#5860,#5859,#5795,.T.);
#7106=EDGE_CURVE('',#5861,#5860,#5796,.T.);
#7107=EDGE_CURVE('',#5862,#5861,#5797,.T.);
#7108=EDGE_CURVE('',#5863,#5862,#4299,.T.);
#7109=EDGE_CURVE('',#5864,#5863,#5798,.T.);
#7110=EDGE_CURVE('',#5858,#5864,#4300,.T.);
#7111=EDGE_CURVE('',#5865,#5860,#241,.T.);
#7112=EDGE_CURVE('',#5865,#5866,#242,.T.);
#7113=EDGE_CURVE('',#5861,#5866,#243,.T.);
#7114=EDGE_CURVE('',#5867,#5857,#244,.T.);
#7115=EDGE_CURVE('',#5868,#5867,#245,.T.);
#7116=EDGE_CURVE('',#5859,#5868,#246,.T.);
#7117=EDGE_CURVE('',#5869,#5858,#247,.T.);
#7118=EDGE_CURVE('',#5869,#5870,#4301,.T.);
#7119=EDGE_CURVE('',#5871,#5870,#248,.T.);
#7120=EDGE_CURVE('',#5871,#5872,#4302,.T.);
#7121=EDGE_CURVE('',#5873,#5872,#249,.T.);
#7122=EDGE_CURVE('',#5873,#5874,#250,.T.);
#7123=EDGE_CURVE('',#5874,#5875,#251,.T.);
#7124=EDGE_CURVE('',#5875,#5876,#252,.T.);
#7125=EDGE_CURVE('',#5877,#5876,#253,.T.);
#7126=EDGE_CURVE('',#5878,#5877,#254,.T.);
#7127=EDGE_CURVE('',#5862,#5878,#255,.T.);
#7128=EDGE_CURVE('',#5866,#5879,#256,.T.);
#7129=EDGE_CURVE('',#5879,#5880,#257,.T.);
#7130=EDGE_CURVE('',#5880,#5867,#258,.T.);
#7131=EDGE_CURVE('',#5881,#5882,#259,.T.);
#7132=EDGE_CURVE('',#5882,#5883,#260,.T.);
#7133=EDGE_CURVE('',#5883,#5884,#261,.T.);
#7134=EDGE_CURVE('',#5884,#5881,#262,.T.);
#7135=EDGE_CURVE('',#5885,#5886,#263,.T.);
#7136=EDGE_CURVE('',#5886,#5887,#264,.T.);
#7137=EDGE_CURVE('',#5887,#5888,#265,.T.);
#7138=EDGE_CURVE('',#5888,#5885,#266,.T.);
#7139=EDGE_CURVE('',#5889,#5863,#267,.T.);
#7140=EDGE_CURVE('',#5890,#5889,#268,.T.);
#7141=EDGE_CURVE('',#5891,#5890,#269,.T.);
#7142=EDGE_CURVE('',#5891,#5892,#270,.T.);
#7143=EDGE_CURVE('',#5864,#5892,#271,.T.);
#7144=EDGE_CURVE('',#5892,#5893,#272,.T.);
#7145=EDGE_CURVE('',#5893,#5894,#273,.T.);
#7146=EDGE_CURVE('',#5894,#5889,#274,.T.);
#7147=EDGE_CURVE('',#5878,#5895,#275,.T.);
#7148=EDGE_CURVE('',#5895,#5896,#276,.T.);
#7149=EDGE_CURVE('',#5897,#5896,#277,.T.);
#7150=EDGE_CURVE('',#5897,#5898,#278,.T.);
#7151=EDGE_CURVE('',#5898,#5899,#4303,.T.);
#7152=EDGE_CURVE('',#5899,#5900,#279,.T.);
#7153=EDGE_CURVE('',#5900,#5901,#280,.T.);
#7154=EDGE_CURVE('',#5901,#5902,#281,.T.);
#7155=EDGE_CURVE('',#5902,#5903,#282,.T.);
#7156=EDGE_CURVE('',#5903,#5904,#283,.T.);
#7157=EDGE_CURVE('',#5904,#5905,#4304,.T.);
#7158=EDGE_CURVE('',#5905,#5906,#284,.T.);
#7159=EDGE_CURVE('',#5906,#5907,#5799,.T.);
#7160=EDGE_CURVE('',#5907,#5908,#285,.T.);
#7161=EDGE_CURVE('',#5908,#5909,#5800,.T.);
#7162=EDGE_CURVE('',#5909,#5910,#286,.T.);
#7163=EDGE_CURVE('',#5910,#5911,#5801,.T.);
#7164=EDGE_CURVE('',#5911,#5912,#287,.T.);
#7165=EDGE_CURVE('',#5912,#5913,#5802,.T.);
#7166=EDGE_CURVE('',#5913,#5914,#288,.T.);
#7167=EDGE_CURVE('',#5914,#5871,#5803,.T.);
#7168=EDGE_CURVE('',#5870,#5869,#5804,.T.);
#7169=EDGE_CURVE('',#5915,#5916,#5805,.T.);
#7170=EDGE_CURVE('',#5916,#5915,#5806,.T.);
#7171=EDGE_CURVE('',#5899,#5904,#5807,.T.);
#7172=EDGE_CURVE('',#5917,#5898,#5808,.T.);
#7173=EDGE_CURVE('',#5918,#5917,#5809,.T.);
#7174=EDGE_CURVE('',#5919,#5918,#5810,.T.);
#7175=EDGE_CURVE('',#5920,#5919,#5811,.T.);
#7176=EDGE_CURVE('',#5905,#5920,#5812,.T.);
#7177=EDGE_CURVE('',#5921,#5903,#289,.T.);
#7178=EDGE_CURVE('',#5922,#5921,#290,.T.);
#7179=EDGE_CURVE('',#5922,#5900,#291,.T.);
#7180=EDGE_CURVE('',#5923,#5897,#292,.T.);
#7181=EDGE_CURVE('',#5924,#5923,#293,.T.);
#7182=EDGE_CURVE('',#5924,#5925,#294,.T.);
#7183=EDGE_CURVE('',#5925,#5926,#295,.T.);
#7184=EDGE_CURVE('',#5926,#5927,#296,.T.);
#7185=EDGE_CURVE('',#5928,#5927,#297,.T.);
#7186=EDGE_CURVE('',#5928,#5929,#4305,.T.);
#7187=EDGE_CURVE('',#5929,#5908,#4306,.T.);
#7188=EDGE_CURVE('',#5907,#5906,#4307,.T.);
#7189=EDGE_CURVE('',#5920,#5930,#298,.T.);
#7190=EDGE_CURVE('',#5930,#5931,#299,.T.);
#7191=EDGE_CURVE('',#5931,#5932,#300,.T.);
#7192=EDGE_CURVE('',#5932,#5933,#301,.T.);
#7193=EDGE_CURVE('',#5933,#5917,#302,.T.);
#7194=EDGE_CURVE('',#5934,#5935,#303,.T.);
#7195=EDGE_CURVE('',#5935,#5936,#304,.T.);
#7196=EDGE_CURVE('',#5936,#5937,#305,.T.);
#7197=EDGE_CURVE('',#5937,#5934,#306,.T.);
#7198=EDGE_CURVE('',#5938,#5939,#307,.T.);
#7199=EDGE_CURVE('',#5939,#5940,#308,.T.);
#7200=EDGE_CURVE('',#5940,#5941,#309,.T.);
#7201=EDGE_CURVE('',#5941,#5938,#310,.T.);
#7202=EDGE_CURVE('',#5942,#5919,#311,.T.);
#7203=EDGE_CURVE('',#5942,#5930,#312,.T.);
#7204=EDGE_CURVE('',#5943,#5943,#4308,.T.);
#7205=EDGE_CURVE('',#5943,#5910,#313,.T.);
#7206=EDGE_CURVE('',#5911,#5910,#4309,.T.);
#7207=EDGE_CURVE('',#5944,#5944,#4310,.T.);
#7208=EDGE_CURVE('',#5944,#5945,#314,.T.);
#7209=EDGE_CURVE('',#5946,#5945,#5813,.T.);
#7210=EDGE_CURVE('',#5947,#5946,#5814,.T.);
#7211=EDGE_CURVE('',#5945,#5947,#5815,.T.);
#7212=EDGE_CURVE('',#5948,#5948,#4311,.T.);
#7213=EDGE_CURVE('',#5948,#5906,#315,.T.);
#7214=EDGE_CURVE('',#5949,#5949,#4312,.T.);
#7215=EDGE_CURVE('',#5949,#5950,#316,.T.);
#7216=EDGE_CURVE('',#5951,#5950,#5816,.T.);
#7217=EDGE_CURVE('',#5952,#5951,#5817,.T.);
#7218=EDGE_CURVE('',#5950,#5952,#5818,.T.);
#7219=EDGE_CURVE('',#5953,#5952,#317,.T.);
#7220=EDGE_CURVE('',#5953,#5928,#5819,.T.);
#7221=EDGE_CURVE('',#5927,#5954,#318,.T.);
#7222=EDGE_CURVE('',#5954,#5955,#319,.T.);
#7223=EDGE_CURVE('',#5956,#5955,#320,.T.);
#7224=EDGE_CURVE('',#5956,#5957,#321,.T.);
#7225=EDGE_CURVE('',#5957,#5958,#322,.T.);
#7226=EDGE_CURVE('',#5951,#5958,#323,.T.);
#7227=EDGE_CURVE('',#5946,#5959,#324,.T.);
#7228=EDGE_CURVE('',#5959,#5953,#5820,.T.);
#7229=EDGE_CURVE('',#5958,#5960,#325,.T.);
#7230=EDGE_CURVE('',#5960,#5961,#326,.T.);
#7231=EDGE_CURVE('',#5961,#5962,#327,.T.);
#7232=EDGE_CURVE('',#5962,#5963,#328,.T.);
#7233=EDGE_CURVE('',#5963,#5964,#329,.T.);
#7234=EDGE_CURVE('',#5964,#5965,#330,.T.);
#7235=EDGE_CURVE('',#5966,#5965,#331,.T.);
#7236=EDGE_CURVE('',#5967,#5966,#332,.T.);
#7237=EDGE_CURVE('',#5967,#5968,#333,.T.);
#7238=EDGE_CURVE('',#5968,#5969,#334,.T.);
#7239=EDGE_CURVE('',#5969,#5970,#335,.T.);
#7240=EDGE_CURVE('',#5970,#5971,#336,.T.);
#7241=EDGE_CURVE('',#5971,#5972,#337,.T.);
#7242=EDGE_CURVE('',#5972,#5973,#338,.T.);
#7243=EDGE_CURVE('',#5973,#5974,#339,.T.);
#7244=EDGE_CURVE('',#5974,#5975,#340,.T.);
#7245=EDGE_CURVE('',#5975,#5976,#5821,.T.);
#7246=EDGE_CURVE('',#5976,#5977,#341,.T.);
#7247=EDGE_CURVE('',#5977,#5978,#5822,.T.);
#7248=EDGE_CURVE('',#5978,#5979,#342,.T.);
#7249=EDGE_CURVE('',#5979,#5980,#5823,.T.);
#7250=EDGE_CURVE('',#5980,#5947,#343,.T.);
#7251=EDGE_CURVE('',#5981,#5981,#4313,.T.);
#7252=EDGE_CURVE('',#5981,#5870,#344,.T.);
#7253=EDGE_CURVE('',#5982,#5982,#4314,.T.);
#7254=EDGE_CURVE('',#5982,#5912,#345,.T.);
#7255=EDGE_CURVE('',#5913,#5912,#4315,.T.);
#7256=EDGE_CURVE('',#5983,#5983,#4316,.T.);
#7257=EDGE_CURVE('',#5983,#5984,#346,.T.);
#7258=EDGE_CURVE('',#5980,#5984,#5824,.T.);
#7259=EDGE_CURVE('',#5984,#5979,#5825,.T.);
#7260=EDGE_CURVE('',#5978,#5985,#5826,.T.);
#7261=EDGE_CURVE('',#5985,#5986,#347,.T.);
#7262=EDGE_CURVE('',#5986,#5959,#5827,.T.);
#7263=EDGE_CURVE('',#5987,#5987,#4317,.T.);
#7264=EDGE_CURVE('',#5987,#5988,#348,.T.);
#7265=EDGE_CURVE('',#5976,#5988,#5828,.T.);
#7266=EDGE_CURVE('',#5988,#5975,#5829,.T.);
#7267=EDGE_CURVE('',#5974,#5989,#349,.T.);
#7268=EDGE_CURVE('',#5989,#5990,#350,.T.);
#7269=EDGE_CURVE('',#5991,#5990,#351,.T.);
#7270=EDGE_CURVE('',#5991,#5992,#352,.T.);
#7271=EDGE_CURVE('',#5992,#5873,#353,.T.);
#7272=EDGE_CURVE('',#5872,#5977,#5830,.T.);
#7273=EDGE_CURVE('',#5993,#5994,#354,.T.);
#7274=EDGE_CURVE('',#5993,#5935,#355,.T.);
#7275=EDGE_CURVE('',#5994,#5934,#356,.T.);
#7276=EDGE_CURVE('',#5995,#5993,#357,.T.);
#7277=EDGE_CURVE('',#5995,#5936,#358,.T.);
#7278=EDGE_CURVE('',#5996,#5995,#359,.T.);
#7279=EDGE_CURVE('',#5996,#5937,#360,.T.);
#7280=EDGE_CURVE('',#5994,#5996,#361,.T.);
#7281=EDGE_CURVE('',#5997,#5922,#362,.T.);
#7282=EDGE_CURVE('',#5997,#5901,#363,.T.);
#7283=EDGE_CURVE('',#5998,#5997,#364,.T.);
#7284=EDGE_CURVE('',#5998,#5902,#365,.T.);
#7285=EDGE_CURVE('',#5921,#5998,#366,.T.);
#7286=EDGE_CURVE('',#5999,#6000,#367,.T.);
#7287=EDGE_CURVE('',#5999,#5925,#368,.T.);
#7288=EDGE_CURVE('',#5924,#6001,#369,.T.);
#7289=EDGE_CURVE('',#6000,#6001,#370,.T.);
#7290=EDGE_CURVE('',#6002,#5999,#371,.T.);
#7291=EDGE_CURVE('',#6002,#5926,#372,.T.);
#7292=EDGE_CURVE('',#6003,#6002,#373,.T.);
#7293=EDGE_CURVE('',#6003,#5954,#374,.T.);
#7294=EDGE_CURVE('',#5955,#6004,#375,.T.);
#7295=EDGE_CURVE('',#6000,#6003,#376,.T.);
#7296=EDGE_CURVE('',#6001,#6004,#377,.T.);
#7297=EDGE_CURVE('',#6005,#5924,#378,.T.);
#7298=EDGE_CURVE('',#6004,#6005,#379,.T.);
#7299=EDGE_CURVE('',#6006,#6007,#380,.T.);
#7300=EDGE_CURVE('',#6006,#5939,#381,.T.);
#7301=EDGE_CURVE('',#6007,#5938,#382,.T.);
#7302=EDGE_CURVE('',#6008,#6006,#383,.T.);
#7303=EDGE_CURVE('',#6008,#5940,#384,.T.);
#7304=EDGE_CURVE('',#6009,#6008,#385,.T.);
#7305=EDGE_CURVE('',#6009,#5941,#386,.T.);
#7306=EDGE_CURVE('',#6007,#6009,#387,.T.);
#7307=EDGE_CURVE('',#6010,#6011,#388,.T.);
#7308=EDGE_CURVE('',#6010,#5933,#389,.T.);
#7309=EDGE_CURVE('',#6011,#5932,#390,.T.);
#7310=EDGE_CURVE('',#5918,#6010,#391,.T.);
#7311=EDGE_CURVE('',#6012,#5942,#392,.T.);
#7312=EDGE_CURVE('',#6012,#5931,#393,.T.);
#7313=EDGE_CURVE('',#6011,#5916,#394,.T.);
#7314=EDGE_CURVE('',#5915,#6012,#395,.T.);
#7315=EDGE_CURVE('',#6013,#5956,#396,.T.);
#7316=EDGE_CURVE('',#6013,#6014,#397,.T.);
#7317=EDGE_CURVE('',#6015,#6014,#398,.T.);
#7318=EDGE_CURVE('',#6016,#6015,#399,.T.);
#7319=EDGE_CURVE('',#6016,#5957,#400,.T.);
#7320=EDGE_CURVE('',#6017,#6016,#401,.T.);
#7321=EDGE_CURVE('',#6017,#5960,#402,.T.);
#7322=EDGE_CURVE('',#6018,#5961,#403,.T.);
#7323=EDGE_CURVE('',#6015,#6018,#404,.T.);
#7324=EDGE_CURVE('',#6014,#5962,#405,.T.);
#7325=EDGE_CURVE('',#6018,#6017,#406,.T.);
#7326=EDGE_CURVE('',#5963,#6013,#407,.T.);
#7327=EDGE_CURVE('',#6019,#6020,#408,.T.);
#7328=EDGE_CURVE('',#6019,#5882,#409,.T.);
#7329=EDGE_CURVE('',#6020,#5881,#410,.T.);
#7330=EDGE_CURVE('',#6021,#6019,#411,.T.);
#7331=EDGE_CURVE('',#6021,#5883,#412,.T.);
#7332=EDGE_CURVE('',#6022,#6021,#413,.T.);
#7333=EDGE_CURVE('',#6022,#5884,#414,.T.);
#7334=EDGE_CURVE('',#6020,#6022,#415,.T.);
#7335=EDGE_CURVE('',#6023,#5891,#416,.T.);
#7336=EDGE_CURVE('',#6023,#5893,#417,.T.);
#7337=EDGE_CURVE('',#6024,#6023,#418,.T.);
#7338=EDGE_CURVE('',#6024,#5894,#419,.T.);
#7339=EDGE_CURVE('',#5890,#6024,#420,.T.);
#7340=EDGE_CURVE('',#5876,#6025,#421,.T.);
#7341=EDGE_CURVE('',#6026,#5876,#422,.T.);
#7342=EDGE_CURVE('',#6027,#6026,#423,.T.);
#7343=EDGE_CURVE('',#6025,#6027,#424,.T.);
#7344=EDGE_CURVE('',#6027,#5991,#425,.T.);
#7345=EDGE_CURVE('',#6028,#6026,#426,.T.);
#7346=EDGE_CURVE('',#6029,#6028,#427,.T.);
#7347=EDGE_CURVE('',#6029,#5992,#428,.T.);
#7348=EDGE_CURVE('',#6030,#6029,#429,.T.);
#7349=EDGE_CURVE('',#6030,#5874,#430,.T.);
#7350=EDGE_CURVE('',#6031,#6030,#431,.T.);
#7351=EDGE_CURVE('',#6031,#5875,#432,.T.);
#7352=EDGE_CURVE('',#6028,#6031,#433,.T.);
#7353=EDGE_CURVE('',#6032,#6033,#434,.T.);
#7354=EDGE_CURVE('',#6032,#5886,#435,.T.);
#7355=EDGE_CURVE('',#6033,#5885,#436,.T.);
#7356=EDGE_CURVE('',#6034,#6032,#437,.T.);
#7357=EDGE_CURVE('',#6034,#5887,#438,.T.);
#7358=EDGE_CURVE('',#6035,#6034,#439,.T.);
#7359=EDGE_CURVE('',#6035,#5888,#440,.T.);
#7360=EDGE_CURVE('',#6033,#6035,#441,.T.);
#7361=EDGE_CURVE('',#6036,#5856,#442,.T.);
#7362=EDGE_CURVE('',#6036,#5880,#443,.T.);
#7363=EDGE_CURVE('',#6037,#5879,#444,.T.);
#7364=EDGE_CURVE('',#5855,#6037,#445,.T.);
#7365=EDGE_CURVE('',#5868,#6036,#446,.T.);
#7366=EDGE_CURVE('',#6037,#5865,#447,.T.);
#7367=EDGE_CURVE('',#5971,#6038,#448,.T.);
#7368=EDGE_CURVE('',#6039,#6038,#449,.T.);
#7369=EDGE_CURVE('',#6040,#6039,#450,.T.);
#7370=EDGE_CURVE('',#6040,#5972,#451,.T.);
#7371=EDGE_CURVE('',#6041,#6040,#452,.T.);
#7372=EDGE_CURVE('',#6041,#5973,#453,.T.);
#7373=EDGE_CURVE('',#6042,#6041,#454,.T.);
#7374=EDGE_CURVE('',#6042,#5989,#455,.T.);
#7375=EDGE_CURVE('',#5990,#6043,#456,.T.);
#7376=EDGE_CURVE('',#6039,#6042,#457,.T.);
#7377=EDGE_CURVE('',#6038,#6043,#458,.T.);
#7378=EDGE_CURVE('',#6043,#5970,#459,.T.);
#7379=EDGE_CURVE('',#6044,#5969,#460,.T.);
#7380=EDGE_CURVE('',#6025,#6044,#461,.T.);
#7381=EDGE_CURVE('',#6045,#6045,#4318,.T.);
#7382=EDGE_CURVE('',#6045,#5929,#462,.T.);
#7383=EDGE_CURVE('',#5909,#5986,#4319,.T.);
#7384=EDGE_CURVE('',#5985,#6046,#4320,.T.);
#7385=EDGE_CURVE('',#6046,#5914,#4321,.T.);
#7386=EDGE_CURVE('',#6047,#6047,#4322,.T.);
#7387=EDGE_CURVE('',#6047,#6046,#463,.T.);
#7388=EDGE_CURVE('',#6048,#6005,#464,.T.);
#7389=EDGE_CURVE('',#5964,#6048,#465,.T.);
#7390=EDGE_CURVE('',#6049,#6044,#466,.T.);
#7391=EDGE_CURVE('',#5877,#6049,#467,.T.);
#7392=EDGE_CURVE('',#6048,#6050,#468,.T.);
#7393=EDGE_CURVE('',#5965,#6050,#469,.T.);
#7394=EDGE_CURVE('',#6050,#5923,#470,.T.);
#7395=EDGE_CURVE('',#5968,#6049,#471,.T.);
#7396=EDGE_CURVE('',#5896,#5966,#472,.T.);
#7397=EDGE_CURVE('',#5895,#5967,#473,.T.);
#7398=EDGE_CURVE('',#6051,#6052,#5831,.T.);
#7399=EDGE_CURVE('',#6052,#6051,#5832,.T.);
#7400=EDGE_CURVE('',#6053,#6054,#5833,.T.);
#7401=EDGE_CURVE('',#6054,#6053,#5834,.T.);
#7402=EDGE_CURVE('',#6055,#6056,#474,.T.);
#7403=EDGE_CURVE('',#6056,#6057,#475,.T.);
#7404=EDGE_CURVE('',#6057,#6058,#476,.T.);
#7405=EDGE_CURVE('',#6058,#6055,#477,.T.);
#7406=EDGE_CURVE('',#6059,#6060,#478,.T.);
#7407=EDGE_CURVE('',#6060,#6061,#479,.T.);
#7408=EDGE_CURVE('',#6061,#6062,#480,.T.);
#7409=EDGE_CURVE('',#6062,#6059,#481,.T.);
#7410=EDGE_CURVE('',#6063,#6064,#482,.T.);
#7411=EDGE_CURVE('',#6064,#6065,#4323,.T.);
#7412=EDGE_CURVE('',#6065,#6066,#483,.T.);
#7413=EDGE_CURVE('',#6066,#6067,#484,.T.);
#7414=EDGE_CURVE('',#6067,#6068,#485,.T.);
#7415=EDGE_CURVE('',#6068,#6063,#486,.T.);
#7416=EDGE_CURVE('',#6069,#6070,#487,.T.);
#7417=EDGE_CURVE('',#6070,#6071,#488,.T.);
#7418=EDGE_CURVE('',#6071,#6072,#489,.T.);
#7419=EDGE_CURVE('',#6072,#6069,#490,.T.);
#7420=EDGE_CURVE('',#6073,#6074,#491,.T.);
#7421=EDGE_CURVE('',#6074,#6075,#492,.T.);
#7422=EDGE_CURVE('',#6075,#6076,#493,.T.);
#7423=EDGE_CURVE('',#6076,#6073,#494,.T.);
#7424=EDGE_CURVE('',#6077,#6078,#495,.T.);
#7425=EDGE_CURVE('',#6078,#6079,#496,.T.);
#7426=EDGE_CURVE('',#6079,#6080,#497,.T.);
#7427=EDGE_CURVE('',#6080,#6077,#498,.T.);
#7428=EDGE_CURVE('',#6081,#6082,#499,.T.);
#7429=EDGE_CURVE('',#6082,#6083,#500,.T.);
#7430=EDGE_CURVE('',#6083,#6084,#501,.T.);
#7431=EDGE_CURVE('',#6084,#6081,#502,.T.);
#7432=EDGE_CURVE('',#6085,#6086,#503,.T.);
#7433=EDGE_CURVE('',#6086,#6087,#504,.T.);
#7434=EDGE_CURVE('',#6087,#6088,#505,.T.);
#7435=EDGE_CURVE('',#6088,#6085,#506,.T.);
#7436=EDGE_CURVE('',#6089,#6090,#507,.T.);
#7437=EDGE_CURVE('',#6090,#6091,#508,.T.);
#7438=EDGE_CURVE('',#6091,#6092,#509,.T.);
#7439=EDGE_CURVE('',#6092,#6089,#510,.T.);
#7440=EDGE_CURVE('',#6093,#6094,#511,.T.);
#7441=EDGE_CURVE('',#6094,#6095,#512,.T.);
#7442=EDGE_CURVE('',#6095,#6096,#513,.T.);
#7443=EDGE_CURVE('',#6096,#6093,#514,.T.);
#7444=EDGE_CURVE('',#6097,#6098,#515,.T.);
#7445=EDGE_CURVE('',#6098,#6099,#516,.T.);
#7446=EDGE_CURVE('',#6099,#6100,#517,.T.);
#7447=EDGE_CURVE('',#6100,#6097,#518,.T.);
#7448=EDGE_CURVE('',#6101,#6102,#519,.T.);
#7449=EDGE_CURVE('',#6102,#6103,#520,.T.);
#7450=EDGE_CURVE('',#6103,#6104,#521,.T.);
#7451=EDGE_CURVE('',#6104,#6101,#522,.T.);
#7452=EDGE_CURVE('',#6105,#6106,#523,.T.);
#7453=EDGE_CURVE('',#6106,#6107,#524,.T.);
#7454=EDGE_CURVE('',#6107,#6108,#525,.T.);
#7455=EDGE_CURVE('',#6108,#6105,#526,.T.);
#7456=EDGE_CURVE('',#6109,#6110,#527,.T.);
#7457=EDGE_CURVE('',#6110,#6111,#528,.T.);
#7458=EDGE_CURVE('',#6111,#6112,#529,.T.);
#7459=EDGE_CURVE('',#6112,#6109,#530,.T.);
#7460=EDGE_CURVE('',#6113,#6114,#531,.T.);
#7461=EDGE_CURVE('',#6114,#6115,#532,.T.);
#7462=EDGE_CURVE('',#6115,#6116,#533,.T.);
#7463=EDGE_CURVE('',#6116,#6113,#534,.T.);
#7464=EDGE_CURVE('',#6117,#6118,#535,.T.);
#7465=EDGE_CURVE('',#6118,#6119,#536,.T.);
#7466=EDGE_CURVE('',#6119,#6120,#537,.T.);
#7467=EDGE_CURVE('',#6120,#6117,#538,.T.);
#7468=EDGE_CURVE('',#6121,#6122,#539,.T.);
#7469=EDGE_CURVE('',#6122,#6123,#540,.T.);
#7470=EDGE_CURVE('',#6123,#6124,#541,.T.);
#7471=EDGE_CURVE('',#6124,#6121,#542,.T.);
#7472=EDGE_CURVE('',#6125,#6126,#543,.T.);
#7473=EDGE_CURVE('',#6126,#6127,#544,.T.);
#7474=EDGE_CURVE('',#6127,#6128,#545,.T.);
#7475=EDGE_CURVE('',#6128,#6125,#546,.T.);
#7476=EDGE_CURVE('',#6129,#6130,#547,.T.);
#7477=EDGE_CURVE('',#6130,#6131,#548,.T.);
#7478=EDGE_CURVE('',#6131,#6132,#549,.T.);
#7479=EDGE_CURVE('',#6132,#6129,#550,.T.);
#7480=EDGE_CURVE('',#6133,#6133,#4324,.T.);
#7481=EDGE_CURVE('',#6134,#6134,#4325,.T.);
#7482=EDGE_CURVE('',#6051,#6135,#551,.T.);
#7483=EDGE_CURVE('',#6135,#6136,#5835,.T.);
#7484=EDGE_CURVE('',#6136,#6054,#552,.T.);
#7485=EDGE_CURVE('',#6053,#6137,#553,.T.);
#7486=EDGE_CURVE('',#6137,#6138,#554,.T.);
#7487=EDGE_CURVE('',#6138,#6139,#555,.T.);
#7488=EDGE_CURVE('',#6139,#6140,#556,.T.);
#7489=EDGE_CURVE('',#6140,#6141,#557,.T.);
#7490=EDGE_CURVE('',#6141,#6142,#4326,.T.);
#7491=EDGE_CURVE('',#6142,#6143,#4327,.T.);
#7492=EDGE_CURVE('',#6143,#6144,#558,.T.);
#7493=EDGE_CURVE('',#6144,#6145,#559,.T.);
#7494=EDGE_CURVE('',#6145,#6146,#560,.T.);
#7495=EDGE_CURVE('',#6146,#6147,#561,.T.);
#7496=EDGE_CURVE('',#6147,#6148,#562,.T.);
#7497=EDGE_CURVE('',#6148,#6149,#4328,.T.);
#7498=EDGE_CURVE('',#6149,#6150,#4329,.T.);
#7499=EDGE_CURVE('',#6150,#6151,#563,.T.);
#7500=EDGE_CURVE('',#6151,#6152,#564,.T.);
#7501=EDGE_CURVE('',#6152,#6153,#565,.T.);
#7502=EDGE_CURVE('',#6153,#6154,#566,.T.);
#7503=EDGE_CURVE('',#6154,#6155,#567,.T.);
#7504=EDGE_CURVE('',#6155,#6156,#5836,.T.);
#7505=EDGE_CURVE('',#6156,#6157,#568,.T.);
#7506=EDGE_CURVE('',#6157,#6158,#5837,.T.);
#7507=EDGE_CURVE('',#6158,#6159,#569,.T.);
#7508=EDGE_CURVE('',#6159,#6160,#5838,.T.);
#7509=EDGE_CURVE('',#6160,#6052,#570,.T.);
#7510=EDGE_CURVE('',#6156,#6155,#5839,.T.);
#7511=EDGE_CURVE('',#6160,#6159,#5840,.T.);
#7512=EDGE_CURVE('',#6158,#6161,#5841,.T.);
#7513=EDGE_CURVE('',#6161,#6162,#571,.T.);
#7514=EDGE_CURVE('',#6162,#6157,#5842,.T.);
#7515=EDGE_CURVE('',#6154,#6163,#572,.T.);
#7516=EDGE_CURVE('',#6163,#6164,#573,.T.);
#7517=EDGE_CURVE('',#6165,#6164,#574,.T.);
#7518=EDGE_CURVE('',#6166,#6165,#575,.T.);
#7519=EDGE_CURVE('',#6137,#6166,#576,.T.);
#7520=EDGE_CURVE('',#6136,#6167,#5843,.T.);
#7521=EDGE_CURVE('',#6167,#6168,#577,.T.);
#7522=EDGE_CURVE('',#6168,#6135,#5844,.T.);
#7523=EDGE_CURVE('',#6138,#6166,#578,.T.);
#7524=EDGE_CURVE('',#6139,#6169,#579,.T.);
#7525=EDGE_CURVE('',#6169,#6170,#580,.T.);
#7526=EDGE_CURVE('',#6140,#6170,#581,.T.);
#7527=EDGE_CURVE('',#6170,#6171,#582,.T.);
#7528=EDGE_CURVE('',#6141,#6171,#5845,.T.);
#7529=EDGE_CURVE('',#6171,#6172,#5846,.T.);
#7530=EDGE_CURVE('',#6172,#6169,#583,.T.);
#7531=EDGE_CURVE('',#6173,#6166,#584,.T.);
#7532=EDGE_CURVE('',#6173,#6174,#585,.T.);
#7533=EDGE_CURVE('',#6172,#6174,#5847,.T.);
#7534=EDGE_CURVE('',#6175,#6143,#5848,.T.);
#7535=EDGE_CURVE('',#6175,#6176,#586,.T.);
#7536=EDGE_CURVE('',#6144,#6176,#587,.T.);
#7537=EDGE_CURVE('',#6174,#6175,#5849,.T.);
#7538=EDGE_CURVE('',#6176,#6173,#588,.T.);
#7539=EDGE_CURVE('',#6151,#6177,#589,.T.);
#7540=EDGE_CURVE('',#6177,#6178,#590,.T.);
#7541=EDGE_CURVE('',#6152,#6178,#591,.T.);
#7542=EDGE_CURVE('',#6179,#6180,#5850,.T.);
#7543=EDGE_CURVE('',#6181,#6179,#592,.T.);
#7544=EDGE_CURVE('',#6182,#6181,#593,.T.);
#7545=EDGE_CURVE('',#6180,#6182,#594,.T.);
#7546=EDGE_CURVE('',#6148,#6179,#5851,.T.);
#7547=EDGE_CURVE('',#6181,#6147,#595,.T.);
#7548=EDGE_CURVE('',#6183,#6150,#5852,.T.);
#7549=EDGE_CURVE('',#6183,#6177,#596,.T.);
#7550=EDGE_CURVE('',#6153,#6163,#597,.T.);
#7551=EDGE_CURVE('',#6180,#6184,#5853,.T.);
#7552=EDGE_CURVE('',#6163,#6182,#598,.T.);
#7553=EDGE_CURVE('',#6178,#6184,#599,.T.);
#7554=EDGE_CURVE('',#6184,#6183,#5854,.T.);
#7555=EDGE_CURVE('',#6146,#6185,#600,.T.);
#7556=EDGE_CURVE('',#6164,#6185,#601,.T.);
#7557=EDGE_CURVE('',#6168,#6167,#4330,.T.);
#7558=EDGE_CURVE('',#6162,#6161,#4331,.T.);
#7559=EDGE_CURVE('',#6134,#6186,#602,.T.);
#7560=EDGE_CURVE('',#6186,#6186,#4332,.T.);
#7561=EDGE_CURVE('',#6133,#6187,#603,.T.);
#7562=EDGE_CURVE('',#6187,#6187,#4333,.T.);
#7563=EDGE_CURVE('',#6149,#6188,#604,.T.);
#7564=EDGE_CURVE('',#6188,#6188,#4334,.T.);
#7565=EDGE_CURVE('',#6142,#6189,#605,.T.);
#7566=EDGE_CURVE('',#6189,#6189,#4335,.T.);
#7567=EDGE_CURVE('',#6185,#6190,#606,.T.);
#7568=EDGE_CURVE('',#6145,#6190,#607,.T.);
#7569=EDGE_CURVE('',#6190,#6165,#608,.T.);
#7570=EDGE_CURVE('',#6191,#6192,#609,.T.);
#7571=EDGE_CURVE('',#6132,#6191,#610,.T.);
#7572=EDGE_CURVE('',#6131,#6192,#611,.T.);
#7573=EDGE_CURVE('',#6192,#6193,#612,.T.);
#7574=EDGE_CURVE('',#6130,#6193,#613,.T.);
#7575=EDGE_CURVE('',#6193,#6194,#614,.T.);
#7576=EDGE_CURVE('',#6129,#6194,#615,.T.);
#7577=EDGE_CURVE('',#6194,#6191,#616,.T.);
#7578=EDGE_CURVE('',#6195,#6196,#617,.T.);
#7579=EDGE_CURVE('',#6128,#6195,#618,.T.);
#7580=EDGE_CURVE('',#6127,#6196,#619,.T.);
#7581=EDGE_CURVE('',#6196,#6197,#620,.T.);
#7582=EDGE_CURVE('',#6126,#6197,#621,.T.);
#7583=EDGE_CURVE('',#6197,#6198,#622,.T.);
#7584=EDGE_CURVE('',#6125,#6198,#623,.T.);
#7585=EDGE_CURVE('',#6198,#6195,#624,.T.);
#7586=EDGE_CURVE('',#6199,#6200,#625,.T.);
#7587=EDGE_CURVE('',#6124,#6199,#626,.T.);
#7588=EDGE_CURVE('',#6123,#6200,#627,.T.);
#7589=EDGE_CURVE('',#6200,#6201,#628,.T.);
#7590=EDGE_CURVE('',#6122,#6201,#629,.T.);
#7591=EDGE_CURVE('',#6201,#6202,#630,.T.);
#7592=EDGE_CURVE('',#6121,#6202,#631,.T.);
#7593=EDGE_CURVE('',#6202,#6199,#632,.T.);
#7594=EDGE_CURVE('',#6203,#6204,#633,.T.);
#7595=EDGE_CURVE('',#6120,#6203,#634,.T.);
#7596=EDGE_CURVE('',#6119,#6204,#635,.T.);
#7597=EDGE_CURVE('',#6204,#6205,#636,.T.);
#7598=EDGE_CURVE('',#6118,#6205,#637,.T.);
#7599=EDGE_CURVE('',#6205,#6206,#638,.T.);
#7600=EDGE_CURVE('',#6117,#6206,#639,.T.);
#7601=EDGE_CURVE('',#6206,#6203,#640,.T.);
#7602=EDGE_CURVE('',#6207,#6208,#641,.T.);
#7603=EDGE_CURVE('',#6116,#6207,#642,.T.);
#7604=EDGE_CURVE('',#6115,#6208,#643,.T.);
#7605=EDGE_CURVE('',#6208,#6209,#644,.T.);
#7606=EDGE_CURVE('',#6114,#6209,#645,.T.);
#7607=EDGE_CURVE('',#6209,#6210,#646,.T.);
#7608=EDGE_CURVE('',#6113,#6210,#647,.T.);
#7609=EDGE_CURVE('',#6210,#6207,#648,.T.);
#7610=EDGE_CURVE('',#6211,#6212,#649,.T.);
#7611=EDGE_CURVE('',#6112,#6211,#650,.T.);
#7612=EDGE_CURVE('',#6111,#6212,#651,.T.);
#7613=EDGE_CURVE('',#6212,#6213,#652,.T.);
#7614=EDGE_CURVE('',#6110,#6213,#653,.T.);
#7615=EDGE_CURVE('',#6213,#6214,#654,.T.);
#7616=EDGE_CURVE('',#6109,#6214,#655,.T.);
#7617=EDGE_CURVE('',#6214,#6211,#656,.T.);
#7618=EDGE_CURVE('',#6215,#6216,#657,.T.);
#7619=EDGE_CURVE('',#6108,#6215,#658,.T.);
#7620=EDGE_CURVE('',#6107,#6216,#659,.T.);
#7621=EDGE_CURVE('',#6216,#6217,#660,.T.);
#7622=EDGE_CURVE('',#6106,#6217,#661,.T.);
#7623=EDGE_CURVE('',#6217,#6218,#662,.T.);
#7624=EDGE_CURVE('',#6105,#6218,#663,.T.);
#7625=EDGE_CURVE('',#6218,#6215,#664,.T.);
#7626=EDGE_CURVE('',#6219,#6220,#665,.T.);
#7627=EDGE_CURVE('',#6104,#6219,#666,.T.);
#7628=EDGE_CURVE('',#6103,#6220,#667,.T.);
#7629=EDGE_CURVE('',#6220,#6221,#668,.T.);
#7630=EDGE_CURVE('',#6102,#6221,#669,.T.);
#7631=EDGE_CURVE('',#6221,#6222,#670,.T.);
#7632=EDGE_CURVE('',#6101,#6222,#671,.T.);
#7633=EDGE_CURVE('',#6222,#6219,#672,.T.);
#7634=EDGE_CURVE('',#6223,#6224,#673,.T.);
#7635=EDGE_CURVE('',#6100,#6223,#674,.T.);
#7636=EDGE_CURVE('',#6099,#6224,#675,.T.);
#7637=EDGE_CURVE('',#6224,#6225,#676,.T.);
#7638=EDGE_CURVE('',#6098,#6225,#677,.T.);
#7639=EDGE_CURVE('',#6225,#6226,#678,.T.);
#7640=EDGE_CURVE('',#6097,#6226,#679,.T.);
#7641=EDGE_CURVE('',#6226,#6223,#680,.T.);
#7642=EDGE_CURVE('',#6227,#6228,#681,.T.);
#7643=EDGE_CURVE('',#6096,#6227,#682,.T.);
#7644=EDGE_CURVE('',#6095,#6228,#683,.T.);
#7645=EDGE_CURVE('',#6228,#6229,#684,.T.);
#7646=EDGE_CURVE('',#6094,#6229,#685,.T.);
#7647=EDGE_CURVE('',#6229,#6230,#686,.T.);
#7648=EDGE_CURVE('',#6093,#6230,#687,.T.);
#7649=EDGE_CURVE('',#6230,#6227,#688,.T.);
#7650=EDGE_CURVE('',#6231,#6232,#689,.T.);
#7651=EDGE_CURVE('',#6092,#6231,#690,.T.);
#7652=EDGE_CURVE('',#6091,#6232,#691,.T.);
#7653=EDGE_CURVE('',#6232,#6233,#692,.T.);
#7654=EDGE_CURVE('',#6090,#6233,#693,.T.);
#7655=EDGE_CURVE('',#6233,#6234,#694,.T.);
#7656=EDGE_CURVE('',#6089,#6234,#695,.T.);
#7657=EDGE_CURVE('',#6234,#6231,#696,.T.);
#7658=EDGE_CURVE('',#6235,#6236,#697,.T.);
#7659=EDGE_CURVE('',#6088,#6235,#698,.T.);
#7660=EDGE_CURVE('',#6087,#6236,#699,.T.);
#7661=EDGE_CURVE('',#6236,#6237,#700,.T.);
#7662=EDGE_CURVE('',#6086,#6237,#701,.T.);
#7663=EDGE_CURVE('',#6237,#6238,#702,.T.);
#7664=EDGE_CURVE('',#6085,#6238,#703,.T.);
#7665=EDGE_CURVE('',#6238,#6235,#704,.T.);
#7666=EDGE_CURVE('',#6239,#6240,#705,.T.);
#7667=EDGE_CURVE('',#6084,#6239,#706,.T.);
#7668=EDGE_CURVE('',#6083,#6240,#707,.T.);
#7669=EDGE_CURVE('',#6240,#6241,#708,.T.);
#7670=EDGE_CURVE('',#6082,#6241,#709,.T.);
#7671=EDGE_CURVE('',#6241,#6242,#710,.T.);
#7672=EDGE_CURVE('',#6081,#6242,#711,.T.);
#7673=EDGE_CURVE('',#6242,#6239,#712,.T.);
#7674=EDGE_CURVE('',#6243,#6244,#713,.T.);
#7675=EDGE_CURVE('',#6080,#6243,#714,.T.);
#7676=EDGE_CURVE('',#6079,#6244,#715,.T.);
#7677=EDGE_CURVE('',#6244,#6245,#716,.T.);
#7678=EDGE_CURVE('',#6078,#6245,#717,.T.);
#7679=EDGE_CURVE('',#6245,#6246,#718,.T.);
#7680=EDGE_CURVE('',#6077,#6246,#719,.T.);
#7681=EDGE_CURVE('',#6246,#6243,#720,.T.);
#7682=EDGE_CURVE('',#6247,#6075,#721,.T.);
#7683=EDGE_CURVE('',#6248,#6247,#722,.T.);
#7684=EDGE_CURVE('',#6248,#6076,#723,.T.);
#7685=EDGE_CURVE('',#6249,#6248,#724,.T.);
#7686=EDGE_CURVE('',#6249,#6073,#725,.T.);
#7687=EDGE_CURVE('',#6250,#6249,#726,.T.);
#7688=EDGE_CURVE('',#6250,#6074,#727,.T.);
#7689=EDGE_CURVE('',#6247,#6250,#728,.T.);
#7690=EDGE_CURVE('',#6251,#6071,#729,.T.);
#7691=EDGE_CURVE('',#6252,#6251,#730,.T.);
#7692=EDGE_CURVE('',#6252,#6072,#731,.T.);
#7693=EDGE_CURVE('',#6253,#6252,#732,.T.);
#7694=EDGE_CURVE('',#6253,#6069,#733,.T.);
#7695=EDGE_CURVE('',#6254,#6253,#734,.T.);
#7696=EDGE_CURVE('',#6254,#6070,#735,.T.);
#7697=EDGE_CURVE('',#6251,#6254,#736,.T.);
#7698=EDGE_CURVE('',#6255,#6066,#737,.T.);
#7699=EDGE_CURVE('',#6256,#6255,#738,.T.);
#7700=EDGE_CURVE('',#6256,#6067,#739,.T.);
#7701=EDGE_CURVE('',#6257,#6256,#740,.T.);
#7702=EDGE_CURVE('',#6257,#6068,#741,.T.);
#7703=EDGE_CURVE('',#6258,#6257,#742,.T.);
#7704=EDGE_CURVE('',#6258,#6063,#743,.T.);
#7705=EDGE_CURVE('',#6259,#6258,#744,.T.);
#7706=EDGE_CURVE('',#6259,#6064,#745,.T.);
#7707=EDGE_CURVE('',#6260,#6259,#4336,.T.);
#7708=EDGE_CURVE('',#6260,#6065,#746,.T.);
#7709=EDGE_CURVE('',#6255,#6260,#747,.T.);
#7710=EDGE_CURVE('',#6261,#6061,#748,.T.);
#7711=EDGE_CURVE('',#6262,#6261,#749,.T.);
#7712=EDGE_CURVE('',#6262,#6062,#750,.T.);
#7713=EDGE_CURVE('',#6263,#6262,#751,.T.);
#7714=EDGE_CURVE('',#6263,#6059,#752,.T.);
#7715=EDGE_CURVE('',#6264,#6263,#753,.T.);
#7716=EDGE_CURVE('',#6264,#6060,#754,.T.);
#7717=EDGE_CURVE('',#6261,#6264,#755,.T.);
#7718=EDGE_CURVE('',#6265,#6266,#756,.T.);
#7719=EDGE_CURVE('',#6266,#6055,#757,.T.);
#7720=EDGE_CURVE('',#6265,#6058,#758,.T.);
#7721=EDGE_CURVE('',#6267,#6265,#759,.T.);
#7722=EDGE_CURVE('',#6267,#6057,#760,.T.);
#7723=EDGE_CURVE('',#6268,#6267,#761,.T.);
#7724=EDGE_CURVE('',#6268,#6056,#762,.T.);
#7725=EDGE_CURVE('',#6266,#6268,#763,.T.);
#7726=EDGE_CURVE('',#6269,#6270,#764,.T.);
#7727=EDGE_CURVE('',#6270,#6271,#765,.T.);
#7728=EDGE_CURVE('',#6271,#6272,#766,.T.);
#7729=EDGE_CURVE('',#6272,#6269,#767,.T.);
#7730=EDGE_CURVE('',#6273,#6273,#4337,.T.);
#7731=EDGE_CURVE('',#6274,#6275,#768,.T.);
#7732=EDGE_CURVE('',#6275,#6276,#769,.T.);
#7733=EDGE_CURVE('',#6276,#6277,#770,.T.);
#7734=EDGE_CURVE('',#6277,#6274,#771,.T.);
#7735=EDGE_CURVE('',#6278,#6278,#4338,.T.);
#7736=EDGE_CURVE('',#6279,#6280,#772,.T.);
#7737=EDGE_CURVE('',#6280,#6281,#773,.T.);
#7738=EDGE_CURVE('',#6281,#6282,#774,.T.);
#7739=EDGE_CURVE('',#6282,#6279,#775,.T.);
#7740=EDGE_CURVE('',#6283,#6283,#4339,.T.);
#7741=EDGE_CURVE('',#6284,#6285,#776,.T.);
#7742=EDGE_CURVE('',#6285,#6286,#777,.T.);
#7743=EDGE_CURVE('',#6286,#6287,#778,.T.);
#7744=EDGE_CURVE('',#6287,#6284,#779,.T.);
#7745=EDGE_CURVE('',#6288,#6288,#4340,.T.);
#7746=EDGE_CURVE('',#6289,#6290,#780,.T.);
#7747=EDGE_CURVE('',#6291,#6289,#781,.T.);
#7748=EDGE_CURVE('',#6292,#6291,#782,.T.);
#7749=EDGE_CURVE('',#6292,#6290,#783,.T.);
#7750=EDGE_CURVE('',#6290,#6293,#784,.T.);
#7751=EDGE_CURVE('',#6294,#6292,#785,.T.);
#7752=EDGE_CURVE('',#6294,#6293,#786,.T.);
#7753=EDGE_CURVE('',#6293,#6295,#787,.T.);
#7754=EDGE_CURVE('',#6296,#6294,#788,.T.);
#7755=EDGE_CURVE('',#6296,#6295,#789,.T.);
#7756=EDGE_CURVE('',#6295,#6297,#790,.T.);
#7757=EDGE_CURVE('',#6298,#6296,#791,.T.);
#7758=EDGE_CURVE('',#6298,#6297,#792,.T.);
#7759=EDGE_CURVE('',#6297,#6299,#793,.T.);
#7760=EDGE_CURVE('',#6300,#6298,#794,.T.);
#7761=EDGE_CURVE('',#6300,#6299,#795,.T.);
#7762=EDGE_CURVE('',#6299,#6289,#796,.T.);
#7763=EDGE_CURVE('',#6291,#6300,#797,.T.);
#7764=EDGE_CURVE('',#6301,#6302,#798,.T.);
#7765=EDGE_CURVE('',#6303,#6301,#799,.T.);
#7766=EDGE_CURVE('',#6304,#6303,#800,.T.);
#7767=EDGE_CURVE('',#6304,#6302,#801,.T.);
#7768=EDGE_CURVE('',#6302,#6305,#802,.T.);
#7769=EDGE_CURVE('',#6306,#6304,#803,.T.);
#7770=EDGE_CURVE('',#6306,#6305,#804,.T.);
#7771=EDGE_CURVE('',#6305,#6307,#805,.T.);
#7772=EDGE_CURVE('',#6308,#6306,#806,.T.);
#7773=EDGE_CURVE('',#6308,#6307,#807,.T.);
#7774=EDGE_CURVE('',#6307,#6309,#808,.T.);
#7775=EDGE_CURVE('',#6310,#6308,#809,.T.);
#7776=EDGE_CURVE('',#6310,#6309,#810,.T.);
#7777=EDGE_CURVE('',#6309,#6311,#811,.T.);
#7778=EDGE_CURVE('',#6312,#6310,#812,.T.);
#7779=EDGE_CURVE('',#6312,#6311,#813,.T.);
#7780=EDGE_CURVE('',#6311,#6313,#814,.T.);
#7781=EDGE_CURVE('',#6314,#6312,#815,.T.);
#7782=EDGE_CURVE('',#6314,#6313,#816,.T.);
#7783=EDGE_CURVE('',#6313,#6301,#817,.T.);
#7784=EDGE_CURVE('',#6303,#6314,#818,.T.);
#7785=EDGE_CURVE('',#6315,#6316,#819,.T.);
#7786=EDGE_CURVE('',#6317,#6315,#820,.T.);
#7787=EDGE_CURVE('',#6318,#6317,#821,.T.);
#7788=EDGE_CURVE('',#6318,#6316,#822,.T.);
#7789=EDGE_CURVE('',#6316,#6319,#823,.T.);
#7790=EDGE_CURVE('',#6320,#6318,#824,.T.);
#7791=EDGE_CURVE('',#6320,#6319,#825,.T.);
#7792=EDGE_CURVE('',#6319,#6321,#826,.T.);
#7793=EDGE_CURVE('',#6322,#6320,#827,.T.);
#7794=EDGE_CURVE('',#6322,#6321,#828,.T.);
#7795=EDGE_CURVE('',#6321,#6323,#829,.T.);
#7796=EDGE_CURVE('',#6324,#6322,#830,.T.);
#7797=EDGE_CURVE('',#6324,#6323,#831,.T.);
#7798=EDGE_CURVE('',#6323,#6325,#832,.T.);
#7799=EDGE_CURVE('',#6326,#6324,#833,.T.);
#7800=EDGE_CURVE('',#6326,#6325,#834,.T.);
#7801=EDGE_CURVE('',#6325,#6315,#835,.T.);
#7802=EDGE_CURVE('',#6317,#6326,#836,.T.);
#7803=EDGE_CURVE('',#6327,#6328,#837,.T.);
#7804=EDGE_CURVE('',#6329,#6327,#838,.T.);
#7805=EDGE_CURVE('',#6330,#6329,#839,.T.);
#7806=EDGE_CURVE('',#6330,#6328,#840,.T.);
#7807=EDGE_CURVE('',#6328,#6331,#841,.T.);
#7808=EDGE_CURVE('',#6332,#6330,#842,.T.);
#7809=EDGE_CURVE('',#6332,#6331,#843,.T.);
#7810=EDGE_CURVE('',#6331,#6333,#844,.T.);
#7811=EDGE_CURVE('',#6334,#6332,#845,.T.);
#7812=EDGE_CURVE('',#6334,#6333,#846,.T.);
#7813=EDGE_CURVE('',#6333,#6335,#847,.T.);
#7814=EDGE_CURVE('',#6336,#6334,#848,.T.);
#7815=EDGE_CURVE('',#6336,#6335,#849,.T.);
#7816=EDGE_CURVE('',#6335,#6337,#850,.T.);
#7817=EDGE_CURVE('',#6338,#6336,#851,.T.);
#7818=EDGE_CURVE('',#6338,#6337,#852,.T.);
#7819=EDGE_CURVE('',#6337,#6327,#853,.T.);
#7820=EDGE_CURVE('',#6329,#6338,#854,.T.);
#7821=EDGE_CURVE('',#6339,#6340,#855,.T.);
#7822=EDGE_CURVE('',#6341,#6339,#856,.T.);
#7823=EDGE_CURVE('',#6342,#6341,#857,.T.);
#7824=EDGE_CURVE('',#6342,#6340,#858,.T.);
#7825=EDGE_CURVE('',#6340,#6343,#859,.T.);
#7826=EDGE_CURVE('',#6344,#6342,#860,.T.);
#7827=EDGE_CURVE('',#6344,#6343,#861,.T.);
#7828=EDGE_CURVE('',#6345,#6346,#862,.T.);
#7829=EDGE_CURVE('',#6347,#6345,#863,.T.);
#7830=EDGE_CURVE('',#6348,#6347,#864,.T.);
#7831=EDGE_CURVE('',#6348,#6346,#865,.T.);
#7832=EDGE_CURVE('',#6346,#6349,#866,.T.);
#7833=EDGE_CURVE('',#6350,#6348,#867,.T.);
#7834=EDGE_CURVE('',#6350,#6349,#868,.T.);
#7835=EDGE_CURVE('',#6349,#6351,#869,.T.);
#7836=EDGE_CURVE('',#6352,#6350,#870,.T.);
#7837=EDGE_CURVE('',#6352,#6351,#871,.T.);
#7838=EDGE_CURVE('',#6351,#6353,#872,.T.);
#7839=EDGE_CURVE('',#6354,#6352,#873,.T.);
#7840=EDGE_CURVE('',#6354,#6353,#874,.T.);
#7841=EDGE_CURVE('',#6353,#6339,#875,.T.);
#7842=EDGE_CURVE('',#6341,#6354,#876,.T.);
#7843=EDGE_CURVE('',#6355,#6356,#877,.T.);
#7844=EDGE_CURVE('',#6357,#6355,#878,.T.);
#7845=EDGE_CURVE('',#6358,#6357,#879,.T.);
#7846=EDGE_CURVE('',#6358,#6356,#880,.T.);
#7847=EDGE_CURVE('',#6356,#6359,#881,.T.);
#7848=EDGE_CURVE('',#6360,#6358,#882,.T.);
#7849=EDGE_CURVE('',#6360,#6359,#883,.T.);
#7850=EDGE_CURVE('',#6359,#6361,#884,.T.);
#7851=EDGE_CURVE('',#6362,#6360,#885,.T.);
#7852=EDGE_CURVE('',#6362,#6361,#886,.T.);
#7853=EDGE_CURVE('',#6361,#6363,#887,.T.);
#7854=EDGE_CURVE('',#6364,#6362,#888,.T.);
#7855=EDGE_CURVE('',#6364,#6363,#889,.T.);
#7856=EDGE_CURVE('',#6363,#6365,#890,.T.);
#7857=EDGE_CURVE('',#6366,#6364,#891,.T.);
#7858=EDGE_CURVE('',#6366,#6365,#892,.T.);
#7859=EDGE_CURVE('',#6365,#6355,#893,.T.);
#7860=EDGE_CURVE('',#6357,#6366,#894,.T.);
#7861=EDGE_CURVE('',#6367,#6368,#895,.T.);
#7862=EDGE_CURVE('',#6369,#6367,#896,.T.);
#7863=EDGE_CURVE('',#6370,#6369,#897,.T.);
#7864=EDGE_CURVE('',#6370,#6368,#898,.T.);
#7865=EDGE_CURVE('',#6368,#6371,#899,.T.);
#7866=EDGE_CURVE('',#6372,#6370,#900,.T.);
#7867=EDGE_CURVE('',#6372,#6371,#901,.T.);
#7868=EDGE_CURVE('',#6371,#6373,#902,.T.);
#7869=EDGE_CURVE('',#6374,#6372,#903,.T.);
#7870=EDGE_CURVE('',#6374,#6373,#904,.T.);
#7871=EDGE_CURVE('',#6373,#6375,#905,.T.);
#7872=EDGE_CURVE('',#6376,#6374,#906,.T.);
#7873=EDGE_CURVE('',#6376,#6375,#907,.T.);
#7874=EDGE_CURVE('',#6375,#6377,#908,.T.);
#7875=EDGE_CURVE('',#6378,#6376,#909,.T.);
#7876=EDGE_CURVE('',#6378,#6377,#910,.T.);
#7877=EDGE_CURVE('',#6377,#6379,#911,.T.);
#7878=EDGE_CURVE('',#6380,#6378,#912,.T.);
#7879=EDGE_CURVE('',#6380,#6379,#913,.T.);
#7880=EDGE_CURVE('',#6379,#6367,#914,.T.);
#7881=EDGE_CURVE('',#6369,#6380,#915,.T.);
#7882=EDGE_CURVE('',#6381,#6382,#916,.T.);
#7883=EDGE_CURVE('',#6383,#6381,#917,.T.);
#7884=EDGE_CURVE('',#6384,#6383,#918,.T.);
#7885=EDGE_CURVE('',#6384,#6382,#919,.T.);
#7886=EDGE_CURVE('',#6382,#6385,#920,.T.);
#7887=EDGE_CURVE('',#6386,#6384,#921,.T.);
#7888=EDGE_CURVE('',#6386,#6385,#922,.T.);
#7889=EDGE_CURVE('',#6385,#6387,#923,.T.);
#7890=EDGE_CURVE('',#6388,#6386,#924,.T.);
#7891=EDGE_CURVE('',#6388,#6387,#925,.T.);
#7892=EDGE_CURVE('',#6387,#6389,#926,.T.);
#7893=EDGE_CURVE('',#6390,#6388,#927,.T.);
#7894=EDGE_CURVE('',#6390,#6389,#928,.T.);
#7895=EDGE_CURVE('',#6389,#6391,#929,.T.);
#7896=EDGE_CURVE('',#6392,#6390,#930,.T.);
#7897=EDGE_CURVE('',#6392,#6391,#931,.T.);
#7898=EDGE_CURVE('',#6391,#6381,#932,.T.);
#7899=EDGE_CURVE('',#6383,#6392,#933,.T.);
#7900=EDGE_CURVE('',#6393,#6394,#934,.T.);
#7901=EDGE_CURVE('',#6395,#6393,#935,.T.);
#7902=EDGE_CURVE('',#6396,#6395,#936,.T.);
#7903=EDGE_CURVE('',#6396,#6394,#937,.T.);
#7904=EDGE_CURVE('',#6394,#6397,#938,.T.);
#7905=EDGE_CURVE('',#6398,#6396,#939,.T.);
#7906=EDGE_CURVE('',#6398,#6397,#940,.T.);
#7907=EDGE_CURVE('',#6397,#6399,#941,.T.);
#7908=EDGE_CURVE('',#6400,#6398,#942,.T.);
#7909=EDGE_CURVE('',#6400,#6399,#943,.T.);
#7910=EDGE_CURVE('',#6399,#6401,#944,.T.);
#7911=EDGE_CURVE('',#6402,#6400,#945,.T.);
#7912=EDGE_CURVE('',#6402,#6401,#946,.T.);
#7913=EDGE_CURVE('',#6401,#6403,#947,.T.);
#7914=EDGE_CURVE('',#6404,#6402,#948,.T.);
#7915=EDGE_CURVE('',#6404,#6403,#949,.T.);
#7916=EDGE_CURVE('',#6403,#6393,#950,.T.);
#7917=EDGE_CURVE('',#6395,#6404,#951,.T.);
#7918=EDGE_CURVE('',#6405,#6406,#952,.T.);
#7919=EDGE_CURVE('',#6407,#6405,#953,.T.);
#7920=EDGE_CURVE('',#6408,#6407,#954,.T.);
#7921=EDGE_CURVE('',#6408,#6406,#955,.T.);
#7922=EDGE_CURVE('',#6406,#6409,#956,.T.);
#7923=EDGE_CURVE('',#6410,#6408,#957,.T.);
#7924=EDGE_CURVE('',#6410,#6409,#958,.T.);
#7925=EDGE_CURVE('',#6409,#6411,#959,.T.);
#7926=EDGE_CURVE('',#6412,#6410,#960,.T.);
#7927=EDGE_CURVE('',#6412,#6411,#961,.T.);
#7928=EDGE_CURVE('',#6411,#6413,#962,.T.);
#7929=EDGE_CURVE('',#6414,#6412,#963,.T.);
#7930=EDGE_CURVE('',#6414,#6413,#964,.T.);
#7931=EDGE_CURVE('',#6413,#6415,#965,.T.);
#7932=EDGE_CURVE('',#6416,#6414,#966,.T.);
#7933=EDGE_CURVE('',#6416,#6415,#967,.T.);
#7934=EDGE_CURVE('',#6417,#6418,#968,.T.);
#7935=EDGE_CURVE('',#6419,#6417,#969,.T.);
#7936=EDGE_CURVE('',#6420,#6419,#970,.T.);
#7937=EDGE_CURVE('',#6420,#6418,#971,.T.);
#7938=EDGE_CURVE('',#6418,#6421,#972,.T.);
#7939=EDGE_CURVE('',#6422,#6420,#973,.T.);
#7940=EDGE_CURVE('',#6422,#6421,#974,.T.);
#7941=EDGE_CURVE('',#6421,#6423,#975,.T.);
#7942=EDGE_CURVE('',#6424,#6422,#976,.T.);
#7943=EDGE_CURVE('',#6424,#6423,#977,.T.);
#7944=EDGE_CURVE('',#6423,#6425,#978,.T.);
#7945=EDGE_CURVE('',#6426,#6424,#979,.T.);
#7946=EDGE_CURVE('',#6426,#6425,#980,.T.);
#7947=EDGE_CURVE('',#6425,#6427,#981,.T.);
#7948=EDGE_CURVE('',#6428,#6426,#982,.T.);
#7949=EDGE_CURVE('',#6428,#6427,#983,.T.);
#7950=EDGE_CURVE('',#6427,#6429,#984,.T.);
#7951=EDGE_CURVE('',#6430,#6428,#985,.T.);
#7952=EDGE_CURVE('',#6430,#6429,#986,.T.);
#7953=EDGE_CURVE('',#6431,#6432,#987,.T.);
#7954=EDGE_CURVE('',#6433,#6431,#988,.T.);
#7955=EDGE_CURVE('',#6434,#6433,#989,.T.);
#7956=EDGE_CURVE('',#6434,#6432,#990,.T.);
#7957=EDGE_CURVE('',#6432,#6435,#991,.T.);
#7958=EDGE_CURVE('',#6436,#6434,#992,.T.);
#7959=EDGE_CURVE('',#6436,#6435,#993,.T.);
#7960=EDGE_CURVE('',#6435,#6437,#994,.T.);
#7961=EDGE_CURVE('',#6438,#6436,#995,.T.);
#7962=EDGE_CURVE('',#6438,#6437,#996,.T.);
#7963=EDGE_CURVE('',#6437,#6439,#997,.T.);
#7964=EDGE_CURVE('',#6440,#6438,#998,.T.);
#7965=EDGE_CURVE('',#6440,#6439,#999,.T.);
#7966=EDGE_CURVE('',#6439,#6441,#1000,.T.);
#7967=EDGE_CURVE('',#6442,#6440,#1001,.T.);
#7968=EDGE_CURVE('',#6442,#6441,#1002,.T.);
#7969=EDGE_CURVE('',#6441,#6431,#1003,.T.);
#7970=EDGE_CURVE('',#6433,#6442,#1004,.T.);
#7971=EDGE_CURVE('',#6443,#6444,#1005,.T.);
#7972=EDGE_CURVE('',#6445,#6443,#1006,.T.);
#7973=EDGE_CURVE('',#6446,#6445,#1007,.T.);
#7974=EDGE_CURVE('',#6446,#6444,#1008,.T.);
#7975=EDGE_CURVE('',#6444,#6447,#1009,.T.);
#7976=EDGE_CURVE('',#6448,#6446,#1010,.T.);
#7977=EDGE_CURVE('',#6448,#6447,#1011,.T.);
#7978=EDGE_CURVE('',#6447,#6449,#1012,.T.);
#7979=EDGE_CURVE('',#6450,#6448,#1013,.T.);
#7980=EDGE_CURVE('',#6450,#6449,#1014,.T.);
#7981=EDGE_CURVE('',#6449,#6451,#1015,.T.);
#7982=EDGE_CURVE('',#6452,#6450,#1016,.T.);
#7983=EDGE_CURVE('',#6452,#6451,#1017,.T.);
#7984=EDGE_CURVE('',#6451,#6453,#1018,.T.);
#7985=EDGE_CURVE('',#6454,#6452,#1019,.T.);
#7986=EDGE_CURVE('',#6454,#6453,#1020,.T.);
#7987=EDGE_CURVE('',#6455,#6456,#1021,.T.);
#7988=EDGE_CURVE('',#6457,#6455,#1022,.T.);
#7989=EDGE_CURVE('',#6458,#6457,#1023,.T.);
#7990=EDGE_CURVE('',#6458,#6456,#1024,.T.);
#7991=EDGE_CURVE('',#6456,#6443,#1025,.T.);
#7992=EDGE_CURVE('',#6445,#6458,#1026,.T.);
#7993=EDGE_CURVE('',#6459,#6460,#1027,.T.);
#7994=EDGE_CURVE('',#6461,#6459,#1028,.T.);
#7995=EDGE_CURVE('',#6462,#6461,#1029,.T.);
#7996=EDGE_CURVE('',#6462,#6460,#1030,.T.);
#7997=EDGE_CURVE('',#6460,#6463,#1031,.T.);
#7998=EDGE_CURVE('',#6464,#6462,#1032,.T.);
#7999=EDGE_CURVE('',#6464,#6463,#1033,.T.);
#8000=EDGE_CURVE('',#6463,#6465,#1034,.T.);
#8001=EDGE_CURVE('',#6466,#6464,#1035,.T.);
#8002=EDGE_CURVE('',#6466,#6465,#1036,.T.);
#8003=EDGE_CURVE('',#6465,#6467,#1037,.T.);
#8004=EDGE_CURVE('',#6468,#6466,#1038,.T.);
#8005=EDGE_CURVE('',#6468,#6467,#1039,.T.);
#8006=EDGE_CURVE('',#6467,#6469,#1040,.T.);
#8007=EDGE_CURVE('',#6470,#6468,#1041,.T.);
#8008=EDGE_CURVE('',#6470,#6469,#1042,.T.);
#8009=EDGE_CURVE('',#6469,#6459,#1043,.T.);
#8010=EDGE_CURVE('',#6461,#6470,#1044,.T.);
#8011=EDGE_CURVE('',#6471,#6472,#1045,.T.);
#8012=EDGE_CURVE('',#6473,#6471,#1046,.T.);
#8013=EDGE_CURVE('',#6474,#6473,#1047,.T.);
#8014=EDGE_CURVE('',#6474,#6472,#1048,.T.);
#8015=EDGE_CURVE('',#6472,#6475,#1049,.T.);
#8016=EDGE_CURVE('',#6476,#6474,#1050,.T.);
#8017=EDGE_CURVE('',#6476,#6475,#1051,.T.);
#8018=EDGE_CURVE('',#6475,#6477,#1052,.T.);
#8019=EDGE_CURVE('',#6478,#6476,#1053,.T.);
#8020=EDGE_CURVE('',#6478,#6477,#1054,.T.);
#8021=EDGE_CURVE('',#6477,#6479,#1055,.T.);
#8022=EDGE_CURVE('',#6480,#6478,#1056,.T.);
#8023=EDGE_CURVE('',#6480,#6479,#1057,.T.);
#8024=EDGE_CURVE('',#6479,#6481,#1058,.T.);
#8025=EDGE_CURVE('',#6482,#6480,#1059,.T.);
#8026=EDGE_CURVE('',#6482,#6481,#1060,.T.);
#8027=EDGE_CURVE('',#6481,#6471,#1061,.T.);
#8028=EDGE_CURVE('',#6473,#6482,#1062,.T.);
#8029=EDGE_CURVE('',#6483,#6484,#1063,.T.);
#8030=EDGE_CURVE('',#6485,#6483,#1064,.T.);
#8031=EDGE_CURVE('',#6486,#6485,#1065,.T.);
#8032=EDGE_CURVE('',#6486,#6484,#1066,.T.);
#8033=EDGE_CURVE('',#6484,#6487,#1067,.T.);
#8034=EDGE_CURVE('',#6488,#6486,#1068,.T.);
#8035=EDGE_CURVE('',#6488,#6487,#1069,.T.);
#8036=EDGE_CURVE('',#6487,#6489,#1070,.T.);
#8037=EDGE_CURVE('',#6490,#6488,#1071,.T.);
#8038=EDGE_CURVE('',#6490,#6489,#1072,.T.);
#8039=EDGE_CURVE('',#6489,#6491,#1073,.T.);
#8040=EDGE_CURVE('',#6492,#6490,#1074,.T.);
#8041=EDGE_CURVE('',#6492,#6491,#1075,.T.);
#8042=EDGE_CURVE('',#6491,#6493,#1076,.T.);
#8043=EDGE_CURVE('',#6494,#6492,#1077,.T.);
#8044=EDGE_CURVE('',#6494,#6493,#1078,.T.);
#8045=EDGE_CURVE('',#6493,#6483,#1079,.T.);
#8046=EDGE_CURVE('',#6485,#6494,#1080,.T.);
#8047=EDGE_CURVE('',#6495,#6496,#1081,.T.);
#8048=EDGE_CURVE('',#6497,#6495,#1082,.T.);
#8049=EDGE_CURVE('',#6498,#6497,#1083,.T.);
#8050=EDGE_CURVE('',#6498,#6496,#1084,.T.);
#8051=EDGE_CURVE('',#6496,#6499,#1085,.T.);
#8052=EDGE_CURVE('',#6500,#6498,#1086,.T.);
#8053=EDGE_CURVE('',#6500,#6499,#1087,.T.);
#8054=EDGE_CURVE('',#6499,#6501,#1088,.T.);
#8055=EDGE_CURVE('',#6502,#6500,#1089,.T.);
#8056=EDGE_CURVE('',#6502,#6501,#1090,.T.);
#8057=EDGE_CURVE('',#6501,#6503,#1091,.T.);
#8058=EDGE_CURVE('',#6504,#6502,#1092,.T.);
#8059=EDGE_CURVE('',#6504,#6503,#1093,.T.);
#8060=EDGE_CURVE('',#6503,#6505,#1094,.T.);
#8061=EDGE_CURVE('',#6506,#6504,#1095,.T.);
#8062=EDGE_CURVE('',#6506,#6505,#1096,.T.);
#8063=EDGE_CURVE('',#6505,#6495,#1097,.T.);
#8064=EDGE_CURVE('',#6497,#6506,#1098,.T.);
#8065=EDGE_CURVE('',#6419,#6507,#1099,.T.);
#8066=EDGE_CURVE('',#6507,#6508,#1100,.T.);
#8067=EDGE_CURVE('',#6508,#6509,#1101,.T.);
#8068=EDGE_CURVE('',#6509,#6510,#1102,.T.);
#8069=EDGE_CURVE('',#6510,#6511,#1103,.T.);
#8070=EDGE_CURVE('',#6511,#6454,#1104,.T.);
#8071=EDGE_CURVE('',#6457,#6512,#1105,.T.);
#8072=EDGE_CURVE('',#6513,#6512,#1106,.T.);
#8073=EDGE_CURVE('',#6513,#6514,#1107,.T.);
#8074=EDGE_CURVE('',#6514,#6515,#1108,.T.);
#8075=EDGE_CURVE('',#6515,#6516,#1109,.T.);
#8076=EDGE_CURVE('',#6516,#6517,#1110,.T.);
#8077=EDGE_CURVE('',#6517,#6518,#1111,.T.);
#8078=EDGE_CURVE('',#6518,#6519,#1112,.T.);
#8079=EDGE_CURVE('',#6519,#6520,#1113,.T.);
#8080=EDGE_CURVE('',#6520,#6521,#1114,.T.);
#8081=EDGE_CURVE('',#6521,#6430,#1115,.T.);
#8082=EDGE_CURVE('',#6407,#6522,#4341,.T.);
#8083=EDGE_CURVE('',#6522,#6416,#4342,.T.);
#8084=EDGE_CURVE('',#6523,#6524,#1116,.T.);
#8085=EDGE_CURVE('',#6524,#6525,#4343,.T.);
#8086=EDGE_CURVE('',#6525,#6526,#1117,.T.);
#8087=EDGE_CURVE('',#6526,#6527,#1118,.T.);
#8088=EDGE_CURVE('',#6527,#6528,#1119,.T.);
#8089=EDGE_CURVE('',#6528,#6529,#1120,.T.);
#8090=EDGE_CURVE('',#6529,#6530,#1121,.T.);
#8091=EDGE_CURVE('',#6530,#6531,#1122,.T.);
#8092=EDGE_CURVE('',#6531,#6532,#1123,.T.);
#8093=EDGE_CURVE('',#6532,#6533,#4344,.T.);
#8094=EDGE_CURVE('',#6533,#6534,#1124,.T.);
#8095=EDGE_CURVE('',#6534,#6535,#1125,.T.);
#8096=EDGE_CURVE('',#6535,#6536,#1126,.T.);
#8097=EDGE_CURVE('',#6536,#6523,#1127,.T.);
#8098=EDGE_CURVE('',#6537,#6538,#1128,.T.);
#8099=EDGE_CURVE('',#6538,#6539,#1129,.T.);
#8100=EDGE_CURVE('',#6539,#6540,#1130,.T.);
#8101=EDGE_CURVE('',#6540,#6541,#1131,.T.);
#8102=EDGE_CURVE('',#6541,#6542,#1132,.T.);
#8103=EDGE_CURVE('',#6542,#6537,#1133,.T.);
#8104=EDGE_CURVE('',#6543,#6544,#1134,.T.);
#8105=EDGE_CURVE('',#6544,#6545,#1135,.T.);
#8106=EDGE_CURVE('',#6545,#6546,#1136,.T.);
#8107=EDGE_CURVE('',#6546,#6547,#1137,.T.);
#8108=EDGE_CURVE('',#6547,#6548,#1138,.T.);
#8109=EDGE_CURVE('',#6548,#6543,#1139,.T.);
#8110=EDGE_CURVE('',#6549,#6550,#1140,.T.);
#8111=EDGE_CURVE('',#6550,#6551,#1141,.T.);
#8112=EDGE_CURVE('',#6551,#6552,#1142,.T.);
#8113=EDGE_CURVE('',#6552,#6553,#1143,.T.);
#8114=EDGE_CURVE('',#6553,#6554,#1144,.T.);
#8115=EDGE_CURVE('',#6554,#6549,#1145,.T.);
#8116=EDGE_CURVE('',#6555,#6556,#1146,.T.);
#8117=EDGE_CURVE('',#6556,#6557,#1147,.T.);
#8118=EDGE_CURVE('',#6557,#6558,#1148,.T.);
#8119=EDGE_CURVE('',#6558,#6559,#1149,.T.);
#8120=EDGE_CURVE('',#6559,#6560,#1150,.T.);
#8121=EDGE_CURVE('',#6560,#6555,#1151,.T.);
#8122=EDGE_CURVE('',#6561,#6562,#1152,.T.);
#8123=EDGE_CURVE('',#6562,#6563,#1153,.T.);
#8124=EDGE_CURVE('',#6563,#6564,#1154,.T.);
#8125=EDGE_CURVE('',#6564,#6565,#1155,.T.);
#8126=EDGE_CURVE('',#6565,#6566,#1156,.T.);
#8127=EDGE_CURVE('',#6566,#6561,#1157,.T.);
#8128=EDGE_CURVE('',#6567,#6568,#1158,.T.);
#8129=EDGE_CURVE('',#6568,#6569,#1159,.T.);
#8130=EDGE_CURVE('',#6569,#6570,#1160,.T.);
#8131=EDGE_CURVE('',#6570,#6571,#1161,.T.);
#8132=EDGE_CURVE('',#6571,#6572,#1162,.T.);
#8133=EDGE_CURVE('',#6572,#6567,#1163,.T.);
#8134=EDGE_CURVE('',#6573,#6574,#1164,.T.);
#8135=EDGE_CURVE('',#6574,#6575,#1165,.T.);
#8136=EDGE_CURVE('',#6575,#6576,#1166,.T.);
#8137=EDGE_CURVE('',#6576,#6577,#1167,.T.);
#8138=EDGE_CURVE('',#6577,#6578,#1168,.T.);
#8139=EDGE_CURVE('',#6578,#6573,#1169,.T.);
#8140=EDGE_CURVE('',#6579,#6580,#1170,.T.);
#8141=EDGE_CURVE('',#6580,#6581,#1171,.T.);
#8142=EDGE_CURVE('',#6581,#6582,#1172,.T.);
#8143=EDGE_CURVE('',#6582,#6583,#1173,.T.);
#8144=EDGE_CURVE('',#6583,#6584,#1174,.T.);
#8145=EDGE_CURVE('',#6584,#6579,#1175,.T.);
#8146=EDGE_CURVE('',#6585,#6586,#1176,.T.);
#8147=EDGE_CURVE('',#6586,#6587,#1177,.T.);
#8148=EDGE_CURVE('',#6587,#6588,#1178,.T.);
#8149=EDGE_CURVE('',#6588,#6589,#1179,.T.);
#8150=EDGE_CURVE('',#6589,#6590,#1180,.T.);
#8151=EDGE_CURVE('',#6590,#6585,#1181,.T.);
#8152=EDGE_CURVE('',#6591,#6592,#1182,.T.);
#8153=EDGE_CURVE('',#6592,#6593,#1183,.T.);
#8154=EDGE_CURVE('',#6593,#6594,#1184,.T.);
#8155=EDGE_CURVE('',#6594,#6595,#1185,.T.);
#8156=EDGE_CURVE('',#6595,#6596,#1186,.T.);
#8157=EDGE_CURVE('',#6596,#6591,#1187,.T.);
#8158=EDGE_CURVE('',#6597,#6598,#1188,.T.);
#8159=EDGE_CURVE('',#6598,#6599,#1189,.T.);
#8160=EDGE_CURVE('',#6599,#6600,#1190,.T.);
#8161=EDGE_CURVE('',#6600,#6601,#1191,.T.);
#8162=EDGE_CURVE('',#6601,#6602,#1192,.T.);
#8163=EDGE_CURVE('',#6602,#6597,#1193,.T.);
#8164=EDGE_CURVE('',#6603,#6604,#1194,.T.);
#8165=EDGE_CURVE('',#6604,#6605,#1195,.T.);
#8166=EDGE_CURVE('',#6605,#6606,#1196,.T.);
#8167=EDGE_CURVE('',#6606,#6607,#1197,.T.);
#8168=EDGE_CURVE('',#6607,#6608,#1198,.T.);
#8169=EDGE_CURVE('',#6608,#6603,#1199,.T.);
#8170=EDGE_CURVE('',#6609,#6610,#1200,.T.);
#8171=EDGE_CURVE('',#6610,#6611,#1201,.T.);
#8172=EDGE_CURVE('',#6611,#6612,#1202,.T.);
#8173=EDGE_CURVE('',#6612,#6613,#1203,.T.);
#8174=EDGE_CURVE('',#6613,#6614,#1204,.T.);
#8175=EDGE_CURVE('',#6614,#6609,#1205,.T.);
#8176=EDGE_CURVE('',#6615,#6616,#1206,.T.);
#8177=EDGE_CURVE('',#6616,#6617,#1207,.T.);
#8178=EDGE_CURVE('',#6617,#6618,#1208,.T.);
#8179=EDGE_CURVE('',#6618,#6619,#1209,.T.);
#8180=EDGE_CURVE('',#6619,#6620,#1210,.T.);
#8181=EDGE_CURVE('',#6620,#6615,#1211,.T.);
#8182=EDGE_CURVE('',#6621,#6622,#1212,.T.);
#8183=EDGE_CURVE('',#6622,#6623,#1213,.T.);
#8184=EDGE_CURVE('',#6623,#6624,#1214,.T.);
#8185=EDGE_CURVE('',#6624,#6625,#1215,.T.);
#8186=EDGE_CURVE('',#6625,#6626,#1216,.T.);
#8187=EDGE_CURVE('',#6626,#6621,#1217,.T.);
#8188=EDGE_CURVE('',#6627,#6628,#1218,.T.);
#8189=EDGE_CURVE('',#6628,#6629,#1219,.T.);
#8190=EDGE_CURVE('',#6629,#6630,#1220,.T.);
#8191=EDGE_CURVE('',#6630,#6631,#1221,.T.);
#8192=EDGE_CURVE('',#6631,#6632,#1222,.T.);
#8193=EDGE_CURVE('',#6632,#6627,#1223,.T.);
#8194=EDGE_CURVE('',#6633,#6634,#1224,.T.);
#8195=EDGE_CURVE('',#6634,#6635,#1225,.T.);
#8196=EDGE_CURVE('',#6635,#6636,#1226,.T.);
#8197=EDGE_CURVE('',#6636,#6637,#1227,.T.);
#8198=EDGE_CURVE('',#6637,#6638,#1228,.T.);
#8199=EDGE_CURVE('',#6638,#6633,#1229,.T.);
#8200=EDGE_CURVE('',#6639,#6640,#1230,.T.);
#8201=EDGE_CURVE('',#6640,#6641,#1231,.T.);
#8202=EDGE_CURVE('',#6641,#6642,#1232,.T.);
#8203=EDGE_CURVE('',#6642,#6643,#1233,.T.);
#8204=EDGE_CURVE('',#6643,#6644,#1234,.T.);
#8205=EDGE_CURVE('',#6644,#6639,#1235,.T.);
#8206=EDGE_CURVE('',#6645,#6646,#1236,.T.);
#8207=EDGE_CURVE('',#6646,#6647,#1237,.T.);
#8208=EDGE_CURVE('',#6647,#6648,#1238,.T.);
#8209=EDGE_CURVE('',#6648,#6649,#1239,.T.);
#8210=EDGE_CURVE('',#6649,#6650,#1240,.T.);
#8211=EDGE_CURVE('',#6650,#6645,#1241,.T.);
#8212=EDGE_CURVE('',#6651,#6652,#1242,.T.);
#8213=EDGE_CURVE('',#6652,#6653,#1243,.T.);
#8214=EDGE_CURVE('',#6653,#6654,#1244,.T.);
#8215=EDGE_CURVE('',#6654,#6655,#1245,.T.);
#8216=EDGE_CURVE('',#6655,#6656,#1246,.T.);
#8217=EDGE_CURVE('',#6656,#6651,#1247,.T.);
#8218=EDGE_CURVE('',#6657,#6658,#1248,.T.);
#8219=EDGE_CURVE('',#6658,#6659,#1249,.T.);
#8220=EDGE_CURVE('',#6659,#6660,#1250,.T.);
#8221=EDGE_CURVE('',#6660,#6661,#1251,.T.);
#8222=EDGE_CURVE('',#6661,#6662,#1252,.T.);
#8223=EDGE_CURVE('',#6662,#6657,#1253,.T.);
#8224=EDGE_CURVE('',#6663,#6664,#1254,.T.);
#8225=EDGE_CURVE('',#6664,#6665,#1255,.T.);
#8226=EDGE_CURVE('',#6665,#6666,#1256,.T.);
#8227=EDGE_CURVE('',#6666,#6667,#1257,.T.);
#8228=EDGE_CURVE('',#6667,#6668,#1258,.T.);
#8229=EDGE_CURVE('',#6668,#6663,#1259,.T.);
#8230=EDGE_CURVE('',#6669,#6670,#1260,.T.);
#8231=EDGE_CURVE('',#6670,#6671,#1261,.T.);
#8232=EDGE_CURVE('',#6671,#6672,#1262,.T.);
#8233=EDGE_CURVE('',#6672,#6673,#1263,.T.);
#8234=EDGE_CURVE('',#6673,#6674,#1264,.T.);
#8235=EDGE_CURVE('',#6674,#6675,#1265,.T.);
#8236=EDGE_CURVE('',#6675,#6676,#1266,.T.);
#8237=EDGE_CURVE('',#6676,#6677,#1267,.T.);
#8238=EDGE_CURVE('',#6677,#6669,#1268,.T.);
#8239=EDGE_CURVE('',#6678,#6679,#1269,.T.);
#8240=EDGE_CURVE('',#6679,#6680,#1270,.T.);
#8241=EDGE_CURVE('',#6680,#6681,#1271,.T.);
#8242=EDGE_CURVE('',#6681,#6682,#1272,.T.);
#8243=EDGE_CURVE('',#6682,#6683,#1273,.T.);
#8244=EDGE_CURVE('',#6683,#6678,#1274,.T.);
#8245=EDGE_CURVE('',#6684,#6685,#1275,.T.);
#8246=EDGE_CURVE('',#6685,#6686,#1276,.T.);
#8247=EDGE_CURVE('',#6686,#6687,#1277,.T.);
#8248=EDGE_CURVE('',#6687,#6688,#1278,.T.);
#8249=EDGE_CURVE('',#6688,#6689,#1279,.T.);
#8250=EDGE_CURVE('',#6689,#6684,#1280,.T.);
#8251=EDGE_CURVE('',#6690,#6691,#1281,.T.);
#8252=EDGE_CURVE('',#6691,#6692,#1282,.T.);
#8253=EDGE_CURVE('',#6692,#6693,#1283,.T.);
#8254=EDGE_CURVE('',#6693,#6694,#1284,.T.);
#8255=EDGE_CURVE('',#6694,#6695,#1285,.T.);
#8256=EDGE_CURVE('',#6695,#6690,#1286,.T.);
#8257=EDGE_CURVE('',#6696,#6697,#1287,.T.);
#8258=EDGE_CURVE('',#6697,#6698,#1288,.T.);
#8259=EDGE_CURVE('',#6698,#6699,#1289,.T.);
#8260=EDGE_CURVE('',#6699,#6700,#1290,.T.);
#8261=EDGE_CURVE('',#6700,#6701,#1291,.T.);
#8262=EDGE_CURVE('',#6701,#6696,#1292,.T.);
#8263=EDGE_CURVE('',#6702,#6703,#1293,.T.);
#8264=EDGE_CURVE('',#6703,#6704,#1294,.T.);
#8265=EDGE_CURVE('',#6704,#6705,#1295,.T.);
#8266=EDGE_CURVE('',#6705,#6706,#1296,.T.);
#8267=EDGE_CURVE('',#6706,#6707,#1297,.T.);
#8268=EDGE_CURVE('',#6707,#6702,#1298,.T.);
#8269=EDGE_CURVE('',#6708,#6709,#1299,.T.);
#8270=EDGE_CURVE('',#6709,#6710,#1300,.T.);
#8271=EDGE_CURVE('',#6710,#6711,#1301,.T.);
#8272=EDGE_CURVE('',#6711,#6712,#1302,.T.);
#8273=EDGE_CURVE('',#6712,#6713,#1303,.T.);
#8274=EDGE_CURVE('',#6713,#6708,#1304,.T.);
#8275=EDGE_CURVE('',#6714,#6715,#1305,.T.);
#8276=EDGE_CURVE('',#6715,#6716,#1306,.T.);
#8277=EDGE_CURVE('',#6716,#6717,#1307,.T.);
#8278=EDGE_CURVE('',#6717,#6718,#1308,.T.);
#8279=EDGE_CURVE('',#6718,#6719,#1309,.T.);
#8280=EDGE_CURVE('',#6719,#6714,#1310,.T.);
#8281=EDGE_CURVE('',#6720,#6721,#1311,.T.);
#8282=EDGE_CURVE('',#6721,#6722,#1312,.T.);
#8283=EDGE_CURVE('',#6722,#6723,#1313,.T.);
#8284=EDGE_CURVE('',#6723,#6724,#1314,.T.);
#8285=EDGE_CURVE('',#6724,#6725,#1315,.T.);
#8286=EDGE_CURVE('',#6725,#6720,#1316,.T.);
#8287=EDGE_CURVE('',#6726,#6727,#1317,.T.);
#8288=EDGE_CURVE('',#6727,#6728,#1318,.T.);
#8289=EDGE_CURVE('',#6728,#6729,#1319,.T.);
#8290=EDGE_CURVE('',#6729,#6730,#1320,.T.);
#8291=EDGE_CURVE('',#6730,#6731,#1321,.T.);
#8292=EDGE_CURVE('',#6731,#6726,#1322,.T.);
#8293=EDGE_CURVE('',#6732,#6733,#1323,.T.);
#8294=EDGE_CURVE('',#6733,#6734,#1324,.T.);
#8295=EDGE_CURVE('',#6734,#6735,#1325,.T.);
#8296=EDGE_CURVE('',#6735,#6736,#1326,.T.);
#8297=EDGE_CURVE('',#6736,#6737,#1327,.T.);
#8298=EDGE_CURVE('',#6737,#6732,#1328,.T.);
#8299=EDGE_CURVE('',#6738,#6739,#1329,.T.);
#8300=EDGE_CURVE('',#6739,#6740,#1330,.T.);
#8301=EDGE_CURVE('',#6740,#6741,#1331,.T.);
#8302=EDGE_CURVE('',#6741,#6742,#1332,.T.);
#8303=EDGE_CURVE('',#6742,#6743,#1333,.T.);
#8304=EDGE_CURVE('',#6743,#6738,#1334,.T.);
#8305=EDGE_CURVE('',#6744,#6745,#1335,.T.);
#8306=EDGE_CURVE('',#6745,#6746,#1336,.T.);
#8307=EDGE_CURVE('',#6746,#6747,#1337,.T.);
#8308=EDGE_CURVE('',#6747,#6748,#1338,.T.);
#8309=EDGE_CURVE('',#6748,#6749,#1339,.T.);
#8310=EDGE_CURVE('',#6749,#6744,#1340,.T.);
#8311=EDGE_CURVE('',#6750,#6751,#1341,.T.);
#8312=EDGE_CURVE('',#6751,#6752,#1342,.T.);
#8313=EDGE_CURVE('',#6752,#6753,#1343,.T.);
#8314=EDGE_CURVE('',#6753,#6754,#1344,.T.);
#8315=EDGE_CURVE('',#6754,#6755,#1345,.T.);
#8316=EDGE_CURVE('',#6755,#6750,#1346,.T.);
#8317=EDGE_CURVE('',#6756,#6757,#1347,.T.);
#8318=EDGE_CURVE('',#6757,#6758,#1348,.T.);
#8319=EDGE_CURVE('',#6758,#6759,#1349,.T.);
#8320=EDGE_CURVE('',#6759,#6760,#1350,.T.);
#8321=EDGE_CURVE('',#6760,#6761,#1351,.T.);
#8322=EDGE_CURVE('',#6761,#6756,#1352,.T.);
#8323=EDGE_CURVE('',#6762,#6763,#1353,.T.);
#8324=EDGE_CURVE('',#6763,#6764,#1354,.T.);
#8325=EDGE_CURVE('',#6764,#6765,#1355,.T.);
#8326=EDGE_CURVE('',#6765,#6766,#1356,.T.);
#8327=EDGE_CURVE('',#6766,#6767,#1357,.T.);
#8328=EDGE_CURVE('',#6767,#6762,#1358,.T.);
#8329=EDGE_CURVE('',#6768,#6769,#1359,.T.);
#8330=EDGE_CURVE('',#6769,#6770,#1360,.T.);
#8331=EDGE_CURVE('',#6770,#6771,#1361,.T.);
#8332=EDGE_CURVE('',#6771,#6772,#1362,.T.);
#8333=EDGE_CURVE('',#6772,#6773,#1363,.T.);
#8334=EDGE_CURVE('',#6773,#6768,#1364,.T.);
#8335=EDGE_CURVE('',#6774,#6775,#1365,.T.);
#8336=EDGE_CURVE('',#6775,#6776,#1366,.T.);
#8337=EDGE_CURVE('',#6776,#6777,#1367,.T.);
#8338=EDGE_CURVE('',#6777,#6778,#1368,.T.);
#8339=EDGE_CURVE('',#6778,#6779,#1369,.T.);
#8340=EDGE_CURVE('',#6779,#6774,#1370,.T.);
#8341=EDGE_CURVE('',#6780,#6781,#1371,.T.);
#8342=EDGE_CURVE('',#6781,#6782,#1372,.T.);
#8343=EDGE_CURVE('',#6782,#6783,#1373,.T.);
#8344=EDGE_CURVE('',#6783,#6784,#1374,.T.);
#8345=EDGE_CURVE('',#6784,#6785,#1375,.T.);
#8346=EDGE_CURVE('',#6785,#6780,#1376,.T.);
#8347=EDGE_CURVE('',#6786,#6787,#1377,.T.);
#8348=EDGE_CURVE('',#6787,#6788,#1378,.T.);
#8349=EDGE_CURVE('',#6788,#6789,#1379,.T.);
#8350=EDGE_CURVE('',#6789,#6790,#1380,.T.);
#8351=EDGE_CURVE('',#6790,#6791,#1381,.T.);
#8352=EDGE_CURVE('',#6791,#6786,#1382,.T.);
#8353=EDGE_CURVE('',#6347,#6792,#4345,.T.);
#8354=EDGE_CURVE('',#6792,#6793,#1383,.T.);
#8355=EDGE_CURVE('',#6793,#6794,#1384,.T.);
#8356=EDGE_CURVE('',#6794,#6795,#1385,.T.);
#8357=EDGE_CURVE('',#6795,#6796,#1386,.T.);
#8358=EDGE_CURVE('',#6796,#6797,#1387,.T.);
#8359=EDGE_CURVE('',#6797,#6344,#4346,.T.);
#8360=EDGE_CURVE('',#6798,#6799,#1388,.T.);
#8361=EDGE_CURVE('',#6541,#6798,#1389,.T.);
#8362=EDGE_CURVE('',#6540,#6799,#1390,.T.);
#8363=EDGE_CURVE('',#6799,#6800,#1391,.T.);
#8364=EDGE_CURVE('',#6539,#6800,#1392,.T.);
#8365=EDGE_CURVE('',#6800,#6801,#1393,.T.);
#8366=EDGE_CURVE('',#6538,#6801,#1394,.T.);
#8367=EDGE_CURVE('',#6801,#6802,#1395,.T.);
#8368=EDGE_CURVE('',#6537,#6802,#1396,.T.);
#8369=EDGE_CURVE('',#6802,#6803,#1397,.T.);
#8370=EDGE_CURVE('',#6542,#6803,#1398,.T.);
#8371=EDGE_CURVE('',#6803,#6798,#1399,.T.);
#8372=EDGE_CURVE('',#6804,#6805,#1400,.T.);
#8373=EDGE_CURVE('',#6547,#6804,#1401,.T.);
#8374=EDGE_CURVE('',#6546,#6805,#1402,.T.);
#8375=EDGE_CURVE('',#6805,#6806,#1403,.T.);
#8376=EDGE_CURVE('',#6545,#6806,#1404,.T.);
#8377=EDGE_CURVE('',#6806,#6807,#1405,.T.);
#8378=EDGE_CURVE('',#6544,#6807,#1406,.T.);
#8379=EDGE_CURVE('',#6807,#6808,#1407,.T.);
#8380=EDGE_CURVE('',#6543,#6808,#1408,.T.);
#8381=EDGE_CURVE('',#6808,#6809,#1409,.T.);
#8382=EDGE_CURVE('',#6548,#6809,#1410,.T.);
#8383=EDGE_CURVE('',#6809,#6804,#1411,.T.);
#8384=EDGE_CURVE('',#6810,#6811,#1412,.T.);
#8385=EDGE_CURVE('',#6553,#6810,#1413,.T.);
#8386=EDGE_CURVE('',#6552,#6811,#1414,.T.);
#8387=EDGE_CURVE('',#6811,#6812,#1415,.T.);
#8388=EDGE_CURVE('',#6551,#6812,#1416,.T.);
#8389=EDGE_CURVE('',#6812,#6813,#1417,.T.);
#8390=EDGE_CURVE('',#6550,#6813,#1418,.T.);
#8391=EDGE_CURVE('',#6813,#6814,#1419,.T.);
#8392=EDGE_CURVE('',#6549,#6814,#1420,.T.);
#8393=EDGE_CURVE('',#6814,#6815,#1421,.T.);
#8394=EDGE_CURVE('',#6554,#6815,#1422,.T.);
#8395=EDGE_CURVE('',#6815,#6810,#1423,.T.);
#8396=EDGE_CURVE('',#6816,#6817,#1424,.T.);
#8397=EDGE_CURVE('',#6559,#6816,#1425,.T.);
#8398=EDGE_CURVE('',#6558,#6817,#1426,.T.);
#8399=EDGE_CURVE('',#6817,#6818,#1427,.T.);
#8400=EDGE_CURVE('',#6557,#6818,#1428,.T.);
#8401=EDGE_CURVE('',#6818,#6819,#1429,.T.);
#8402=EDGE_CURVE('',#6556,#6819,#1430,.T.);
#8403=EDGE_CURVE('',#6819,#6820,#1431,.T.);
#8404=EDGE_CURVE('',#6555,#6820,#1432,.T.);
#8405=EDGE_CURVE('',#6820,#6821,#1433,.T.);
#8406=EDGE_CURVE('',#6560,#6821,#1434,.T.);
#8407=EDGE_CURVE('',#6821,#6816,#1435,.T.);
#8408=EDGE_CURVE('',#6822,#6823,#1436,.T.);
#8409=EDGE_CURVE('',#6565,#6822,#1437,.T.);
#8410=EDGE_CURVE('',#6564,#6823,#1438,.T.);
#8411=EDGE_CURVE('',#6823,#6824,#1439,.T.);
#8412=EDGE_CURVE('',#6563,#6824,#1440,.T.);
#8413=EDGE_CURVE('',#6824,#6825,#1441,.T.);
#8414=EDGE_CURVE('',#6562,#6825,#1442,.T.);
#8415=EDGE_CURVE('',#6825,#6826,#1443,.T.);
#8416=EDGE_CURVE('',#6561,#6826,#1444,.T.);
#8417=EDGE_CURVE('',#6826,#6827,#1445,.T.);
#8418=EDGE_CURVE('',#6566,#6827,#1446,.T.);
#8419=EDGE_CURVE('',#6827,#6822,#1447,.T.);
#8420=EDGE_CURVE('',#6828,#6829,#1448,.T.);
#8421=EDGE_CURVE('',#6571,#6828,#1449,.T.);
#8422=EDGE_CURVE('',#6570,#6829,#1450,.T.);
#8423=EDGE_CURVE('',#6829,#6830,#1451,.T.);
#8424=EDGE_CURVE('',#6569,#6830,#1452,.T.);
#8425=EDGE_CURVE('',#6830,#6831,#1453,.T.);
#8426=EDGE_CURVE('',#6568,#6831,#1454,.T.);
#8427=EDGE_CURVE('',#6831,#6832,#1455,.T.);
#8428=EDGE_CURVE('',#6567,#6832,#1456,.T.);
#8429=EDGE_CURVE('',#6832,#6833,#1457,.T.);
#8430=EDGE_CURVE('',#6572,#6833,#1458,.T.);
#8431=EDGE_CURVE('',#6833,#6828,#1459,.T.);
#8432=EDGE_CURVE('',#6834,#6835,#1460,.T.);
#8433=EDGE_CURVE('',#6577,#6834,#1461,.T.);
#8434=EDGE_CURVE('',#6576,#6835,#1462,.T.);
#8435=EDGE_CURVE('',#6835,#6836,#1463,.T.);
#8436=EDGE_CURVE('',#6575,#6836,#1464,.T.);
#8437=EDGE_CURVE('',#6836,#6837,#1465,.T.);
#8438=EDGE_CURVE('',#6574,#6837,#1466,.T.);
#8439=EDGE_CURVE('',#6837,#6838,#1467,.T.);
#8440=EDGE_CURVE('',#6573,#6838,#1468,.T.);
#8441=EDGE_CURVE('',#6838,#6839,#1469,.T.);
#8442=EDGE_CURVE('',#6578,#6839,#1470,.T.);
#8443=EDGE_CURVE('',#6839,#6834,#1471,.T.);
#8444=EDGE_CURVE('',#6840,#6841,#1472,.T.);
#8445=EDGE_CURVE('',#6583,#6840,#1473,.T.);
#8446=EDGE_CURVE('',#6582,#6841,#1474,.T.);
#8447=EDGE_CURVE('',#6841,#6842,#1475,.T.);
#8448=EDGE_CURVE('',#6581,#6842,#1476,.T.);
#8449=EDGE_CURVE('',#6842,#6843,#1477,.T.);
#8450=EDGE_CURVE('',#6580,#6843,#1478,.T.);
#8451=EDGE_CURVE('',#6843,#6844,#1479,.T.);
#8452=EDGE_CURVE('',#6579,#6844,#1480,.T.);
#8453=EDGE_CURVE('',#6844,#6845,#1481,.T.);
#8454=EDGE_CURVE('',#6584,#6845,#1482,.T.);
#8455=EDGE_CURVE('',#6845,#6840,#1483,.T.);
#8456=EDGE_CURVE('',#6846,#6847,#1484,.T.);
#8457=EDGE_CURVE('',#6589,#6846,#1485,.T.);
#8458=EDGE_CURVE('',#6588,#6847,#1486,.T.);
#8459=EDGE_CURVE('',#6847,#6848,#1487,.T.);
#8460=EDGE_CURVE('',#6587,#6848,#1488,.T.);
#8461=EDGE_CURVE('',#6848,#6849,#1489,.T.);
#8462=EDGE_CURVE('',#6586,#6849,#1490,.T.);
#8463=EDGE_CURVE('',#6849,#6850,#1491,.T.);
#8464=EDGE_CURVE('',#6585,#6850,#1492,.T.);
#8465=EDGE_CURVE('',#6850,#6851,#1493,.T.);
#8466=EDGE_CURVE('',#6590,#6851,#1494,.T.);
#8467=EDGE_CURVE('',#6851,#6846,#1495,.T.);
#8468=EDGE_CURVE('',#6852,#6853,#1496,.T.);
#8469=EDGE_CURVE('',#6595,#6852,#1497,.T.);
#8470=EDGE_CURVE('',#6594,#6853,#1498,.T.);
#8471=EDGE_CURVE('',#6853,#6854,#1499,.T.);
#8472=EDGE_CURVE('',#6593,#6854,#1500,.T.);
#8473=EDGE_CURVE('',#6854,#6855,#1501,.T.);
#8474=EDGE_CURVE('',#6592,#6855,#1502,.T.);
#8475=EDGE_CURVE('',#6855,#6856,#1503,.T.);
#8476=EDGE_CURVE('',#6591,#6856,#1504,.T.);
#8477=EDGE_CURVE('',#6856,#6857,#1505,.T.);
#8478=EDGE_CURVE('',#6596,#6857,#1506,.T.);
#8479=EDGE_CURVE('',#6857,#6852,#1507,.T.);
#8480=EDGE_CURVE('',#6858,#6859,#1508,.T.);
#8481=EDGE_CURVE('',#6601,#6858,#1509,.T.);
#8482=EDGE_CURVE('',#6600,#6859,#1510,.T.);
#8483=EDGE_CURVE('',#6859,#6860,#1511,.T.);
#8484=EDGE_CURVE('',#6599,#6860,#1512,.T.);
#8485=EDGE_CURVE('',#6860,#6861,#1513,.T.);
#8486=EDGE_CURVE('',#6598,#6861,#1514,.T.);
#8487=EDGE_CURVE('',#6861,#6862,#1515,.T.);
#8488=EDGE_CURVE('',#6597,#6862,#1516,.T.);
#8489=EDGE_CURVE('',#6862,#6863,#1517,.T.);
#8490=EDGE_CURVE('',#6602,#6863,#1518,.T.);
#8491=EDGE_CURVE('',#6863,#6858,#1519,.T.);
#8492=EDGE_CURVE('',#6864,#6865,#1520,.T.);
#8493=EDGE_CURVE('',#6607,#6864,#1521,.T.);
#8494=EDGE_CURVE('',#6606,#6865,#1522,.T.);
#8495=EDGE_CURVE('',#6865,#6866,#1523,.T.);
#8496=EDGE_CURVE('',#6605,#6866,#1524,.T.);
#8497=EDGE_CURVE('',#6866,#6867,#1525,.T.);
#8498=EDGE_CURVE('',#6604,#6867,#1526,.T.);
#8499=EDGE_CURVE('',#6867,#6868,#1527,.T.);
#8500=EDGE_CURVE('',#6603,#6868,#1528,.T.);
#8501=EDGE_CURVE('',#6868,#6869,#1529,.T.);
#8502=EDGE_CURVE('',#6608,#6869,#1530,.T.);
#8503=EDGE_CURVE('',#6869,#6864,#1531,.T.);
#8504=EDGE_CURVE('',#6870,#6871,#1532,.T.);
#8505=EDGE_CURVE('',#6613,#6870,#1533,.T.);
#8506=EDGE_CURVE('',#6612,#6871,#1534,.T.);
#8507=EDGE_CURVE('',#6871,#6872,#1535,.T.);
#8508=EDGE_CURVE('',#6611,#6872,#1536,.T.);
#8509=EDGE_CURVE('',#6872,#6873,#1537,.T.);
#8510=EDGE_CURVE('',#6610,#6873,#1538,.T.);
#8511=EDGE_CURVE('',#6873,#6874,#1539,.T.);
#8512=EDGE_CURVE('',#6609,#6874,#1540,.T.);
#8513=EDGE_CURVE('',#6874,#6875,#1541,.T.);
#8514=EDGE_CURVE('',#6614,#6875,#1542,.T.);
#8515=EDGE_CURVE('',#6875,#6870,#1543,.T.);
#8516=EDGE_CURVE('',#6876,#6877,#1544,.T.);
#8517=EDGE_CURVE('',#6619,#6876,#1545,.T.);
#8518=EDGE_CURVE('',#6618,#6877,#1546,.T.);
#8519=EDGE_CURVE('',#6877,#6878,#1547,.T.);
#8520=EDGE_CURVE('',#6617,#6878,#1548,.T.);
#8521=EDGE_CURVE('',#6878,#6879,#1549,.T.);
#8522=EDGE_CURVE('',#6616,#6879,#1550,.T.);
#8523=EDGE_CURVE('',#6879,#6880,#1551,.T.);
#8524=EDGE_CURVE('',#6615,#6880,#1552,.T.);
#8525=EDGE_CURVE('',#6880,#6881,#1553,.T.);
#8526=EDGE_CURVE('',#6620,#6881,#1554,.T.);
#8527=EDGE_CURVE('',#6881,#6876,#1555,.T.);
#8528=EDGE_CURVE('',#6882,#6883,#1556,.T.);
#8529=EDGE_CURVE('',#6625,#6882,#1557,.T.);
#8530=EDGE_CURVE('',#6624,#6883,#1558,.T.);
#8531=EDGE_CURVE('',#6883,#6884,#1559,.T.);
#8532=EDGE_CURVE('',#6623,#6884,#1560,.T.);
#8533=EDGE_CURVE('',#6884,#6885,#1561,.T.);
#8534=EDGE_CURVE('',#6622,#6885,#1562,.T.);
#8535=EDGE_CURVE('',#6885,#6886,#1563,.T.);
#8536=EDGE_CURVE('',#6621,#6886,#1564,.T.);
#8537=EDGE_CURVE('',#6886,#6887,#1565,.T.);
#8538=EDGE_CURVE('',#6626,#6887,#1566,.T.);
#8539=EDGE_CURVE('',#6887,#6882,#1567,.T.);
#8540=EDGE_CURVE('',#6888,#6889,#1568,.T.);
#8541=EDGE_CURVE('',#6631,#6888,#1569,.T.);
#8542=EDGE_CURVE('',#6630,#6889,#1570,.T.);
#8543=EDGE_CURVE('',#6889,#6890,#1571,.T.);
#8544=EDGE_CURVE('',#6629,#6890,#1572,.T.);
#8545=EDGE_CURVE('',#6890,#6891,#1573,.T.);
#8546=EDGE_CURVE('',#6628,#6891,#1574,.T.);
#8547=EDGE_CURVE('',#6891,#6892,#1575,.T.);
#8548=EDGE_CURVE('',#6627,#6892,#1576,.T.);
#8549=EDGE_CURVE('',#6892,#6893,#1577,.T.);
#8550=EDGE_CURVE('',#6632,#6893,#1578,.T.);
#8551=EDGE_CURVE('',#6893,#6888,#1579,.T.);
#8552=EDGE_CURVE('',#6894,#6895,#1580,.T.);
#8553=EDGE_CURVE('',#6637,#6894,#1581,.T.);
#8554=EDGE_CURVE('',#6636,#6895,#1582,.T.);
#8555=EDGE_CURVE('',#6895,#6896,#1583,.T.);
#8556=EDGE_CURVE('',#6635,#6896,#1584,.T.);
#8557=EDGE_CURVE('',#6896,#6897,#1585,.T.);
#8558=EDGE_CURVE('',#6634,#6897,#1586,.T.);
#8559=EDGE_CURVE('',#6897,#6898,#1587,.T.);
#8560=EDGE_CURVE('',#6633,#6898,#1588,.T.);
#8561=EDGE_CURVE('',#6898,#6899,#1589,.T.);
#8562=EDGE_CURVE('',#6638,#6899,#1590,.T.);
#8563=EDGE_CURVE('',#6899,#6894,#1591,.T.);
#8564=EDGE_CURVE('',#6900,#6901,#1592,.T.);
#8565=EDGE_CURVE('',#6643,#6900,#1593,.T.);
#8566=EDGE_CURVE('',#6642,#6901,#1594,.T.);
#8567=EDGE_CURVE('',#6901,#6902,#1595,.T.);
#8568=EDGE_CURVE('',#6641,#6902,#1596,.T.);
#8569=EDGE_CURVE('',#6902,#6903,#1597,.T.);
#8570=EDGE_CURVE('',#6640,#6903,#1598,.T.);
#8571=EDGE_CURVE('',#6903,#6904,#1599,.T.);
#8572=EDGE_CURVE('',#6639,#6904,#1600,.T.);
#8573=EDGE_CURVE('',#6904,#6905,#1601,.T.);
#8574=EDGE_CURVE('',#6644,#6905,#1602,.T.);
#8575=EDGE_CURVE('',#6905,#6900,#1603,.T.);
#8576=EDGE_CURVE('',#6906,#6907,#1604,.T.);
#8577=EDGE_CURVE('',#6648,#6906,#1605,.T.);
#8578=EDGE_CURVE('',#6647,#6907,#1606,.T.);
#8579=EDGE_CURVE('',#6907,#6908,#1607,.T.);
#8580=EDGE_CURVE('',#6646,#6908,#1608,.T.);
#8581=EDGE_CURVE('',#6908,#6909,#1609,.T.);
#8582=EDGE_CURVE('',#6645,#6909,#1610,.T.);
#8583=EDGE_CURVE('',#6909,#6910,#1611,.T.);
#8584=EDGE_CURVE('',#6650,#6910,#1612,.T.);
#8585=EDGE_CURVE('',#6910,#6911,#1613,.T.);
#8586=EDGE_CURVE('',#6649,#6911,#1614,.T.);
#8587=EDGE_CURVE('',#6911,#6906,#1615,.T.);
#8588=EDGE_CURVE('',#6912,#6913,#1616,.T.);
#8589=EDGE_CURVE('',#6793,#6912,#1617,.T.);
#8590=EDGE_CURVE('',#6792,#6913,#1618,.T.);
#8591=EDGE_CURVE('',#6914,#6915,#1619,.T.);
#8592=EDGE_CURVE('',#6797,#6914,#1620,.T.);
#8593=EDGE_CURVE('',#6796,#6915,#1621,.T.);
#8594=EDGE_CURVE('',#6915,#6916,#1622,.T.);
#8595=EDGE_CURVE('',#6795,#6916,#1623,.T.);
#8596=EDGE_CURVE('',#6916,#6917,#1624,.T.);
#8597=EDGE_CURVE('',#6794,#6917,#1625,.T.);
#8598=EDGE_CURVE('',#6917,#6912,#1626,.T.);
#8599=EDGE_CURVE('',#6918,#6919,#1627,.T.);
#8600=EDGE_CURVE('',#6655,#6918,#1628,.T.);
#8601=EDGE_CURVE('',#6654,#6919,#1629,.T.);
#8602=EDGE_CURVE('',#6919,#6920,#1630,.T.);
#8603=EDGE_CURVE('',#6653,#6920,#1631,.T.);
#8604=EDGE_CURVE('',#6920,#6921,#1632,.T.);
#8605=EDGE_CURVE('',#6652,#6921,#1633,.T.);
#8606=EDGE_CURVE('',#6921,#6922,#1634,.T.);
#8607=EDGE_CURVE('',#6651,#6922,#1635,.T.);
#8608=EDGE_CURVE('',#6922,#6923,#1636,.T.);
#8609=EDGE_CURVE('',#6656,#6923,#1637,.T.);
#8610=EDGE_CURVE('',#6923,#6918,#1638,.T.);
#8611=EDGE_CURVE('',#6924,#6925,#1639,.T.);
#8612=EDGE_CURVE('',#6661,#6924,#1640,.T.);
#8613=EDGE_CURVE('',#6660,#6925,#1641,.T.);
#8614=EDGE_CURVE('',#6925,#6926,#1642,.T.);
#8615=EDGE_CURVE('',#6659,#6926,#1643,.T.);
#8616=EDGE_CURVE('',#6926,#6927,#1644,.T.);
#8617=EDGE_CURVE('',#6658,#6927,#1645,.T.);
#8618=EDGE_CURVE('',#6927,#6928,#1646,.T.);
#8619=EDGE_CURVE('',#6657,#6928,#1647,.T.);
#8620=EDGE_CURVE('',#6928,#6929,#1648,.T.);
#8621=EDGE_CURVE('',#6662,#6929,#1649,.T.);
#8622=EDGE_CURVE('',#6929,#6924,#1650,.T.);
#8623=EDGE_CURVE('',#6930,#6931,#1651,.T.);
#8624=EDGE_CURVE('',#6667,#6930,#1652,.T.);
#8625=EDGE_CURVE('',#6666,#6931,#1653,.T.);
#8626=EDGE_CURVE('',#6931,#6932,#1654,.T.);
#8627=EDGE_CURVE('',#6665,#6932,#1655,.T.);
#8628=EDGE_CURVE('',#6932,#6933,#1656,.T.);
#8629=EDGE_CURVE('',#6664,#6933,#1657,.T.);
#8630=EDGE_CURVE('',#6933,#6934,#1658,.T.);
#8631=EDGE_CURVE('',#6663,#6934,#1659,.T.);
#8632=EDGE_CURVE('',#6934,#6935,#1660,.T.);
#8633=EDGE_CURVE('',#6668,#6935,#1661,.T.);
#8634=EDGE_CURVE('',#6935,#6930,#1662,.T.);
#8635=EDGE_CURVE('',#6936,#6937,#1663,.T.);
#8636=EDGE_CURVE('',#6674,#6936,#1664,.T.);
#8637=EDGE_CURVE('',#6673,#6937,#1665,.T.);
#8638=EDGE_CURVE('',#6937,#6938,#1666,.T.);
#8639=EDGE_CURVE('',#6672,#6938,#1667,.T.);
#8640=EDGE_CURVE('',#6938,#6939,#1668,.T.);
#8641=EDGE_CURVE('',#6671,#6939,#1669,.T.);
#8642=EDGE_CURVE('',#6939,#6940,#1670,.T.);
#8643=EDGE_CURVE('',#6670,#6940,#1671,.T.);
#8644=EDGE_CURVE('',#6940,#6941,#1672,.T.);
#8645=EDGE_CURVE('',#6669,#6941,#1673,.T.);
#8646=EDGE_CURVE('',#6941,#6942,#1674,.T.);
#8647=EDGE_CURVE('',#6677,#6942,#1675,.T.);
#8648=EDGE_CURVE('',#6942,#6943,#1676,.T.);
#8649=EDGE_CURVE('',#6676,#6943,#1677,.T.);
#8650=EDGE_CURVE('',#6943,#6944,#1678,.T.);
#8651=EDGE_CURVE('',#6675,#6944,#1679,.T.);
#8652=EDGE_CURVE('',#6944,#6936,#1680,.T.);
#8653=EDGE_CURVE('',#6945,#6946,#1681,.T.);
#8654=EDGE_CURVE('',#6682,#6945,#1682,.T.);
#8655=EDGE_CURVE('',#6681,#6946,#1683,.T.);
#8656=EDGE_CURVE('',#6946,#6947,#1684,.T.);
#8657=EDGE_CURVE('',#6680,#6947,#1685,.T.);
#8658=EDGE_CURVE('',#6947,#6948,#1686,.T.);
#8659=EDGE_CURVE('',#6679,#6948,#1687,.T.);
#8660=EDGE_CURVE('',#6948,#6949,#1688,.T.);
#8661=EDGE_CURVE('',#6678,#6949,#1689,.T.);
#8662=EDGE_CURVE('',#6949,#6950,#1690,.T.);
#8663=EDGE_CURVE('',#6683,#6950,#1691,.T.);
#8664=EDGE_CURVE('',#6950,#6945,#1692,.T.);
#8665=EDGE_CURVE('',#6951,#6952,#1693,.T.);
#8666=EDGE_CURVE('',#6688,#6951,#1694,.T.);
#8667=EDGE_CURVE('',#6687,#6952,#1695,.T.);
#8668=EDGE_CURVE('',#6952,#6953,#1696,.T.);
#8669=EDGE_CURVE('',#6686,#6953,#1697,.T.);
#8670=EDGE_CURVE('',#6953,#6954,#1698,.T.);
#8671=EDGE_CURVE('',#6685,#6954,#1699,.T.);
#8672=EDGE_CURVE('',#6954,#6955,#1700,.T.);
#8673=EDGE_CURVE('',#6684,#6955,#1701,.T.);
#8674=EDGE_CURVE('',#6955,#6956,#1702,.T.);
#8675=EDGE_CURVE('',#6689,#6956,#1703,.T.);
#8676=EDGE_CURVE('',#6956,#6951,#1704,.T.);
#8677=EDGE_CURVE('',#6957,#6958,#1705,.T.);
#8678=EDGE_CURVE('',#6694,#6957,#1706,.T.);
#8679=EDGE_CURVE('',#6693,#6958,#1707,.T.);
#8680=EDGE_CURVE('',#6958,#6959,#1708,.T.);
#8681=EDGE_CURVE('',#6692,#6959,#1709,.T.);
#8682=EDGE_CURVE('',#6959,#6960,#1710,.T.);
#8683=EDGE_CURVE('',#6691,#6960,#1711,.T.);
#8684=EDGE_CURVE('',#6960,#6961,#1712,.T.);
#8685=EDGE_CURVE('',#6690,#6961,#1713,.T.);
#8686=EDGE_CURVE('',#6961,#6962,#1714,.T.);
#8687=EDGE_CURVE('',#6695,#6962,#1715,.T.);
#8688=EDGE_CURVE('',#6962,#6957,#1716,.T.);
#8689=EDGE_CURVE('',#6963,#6964,#1717,.T.);
#8690=EDGE_CURVE('',#6700,#6963,#1718,.T.);
#8691=EDGE_CURVE('',#6699,#6964,#1719,.T.);
#8692=EDGE_CURVE('',#6964,#6965,#1720,.T.);
#8693=EDGE_CURVE('',#6698,#6965,#1721,.T.);
#8694=EDGE_CURVE('',#6965,#6966,#1722,.T.);
#8695=EDGE_CURVE('',#6697,#6966,#1723,.T.);
#8696=EDGE_CURVE('',#6966,#6967,#1724,.T.);
#8697=EDGE_CURVE('',#6696,#6967,#1725,.T.);
#8698=EDGE_CURVE('',#6967,#6968,#1726,.T.);
#8699=EDGE_CURVE('',#6701,#6968,#1727,.T.);
#8700=EDGE_CURVE('',#6968,#6963,#1728,.T.);
#8701=EDGE_CURVE('',#6969,#6970,#1729,.T.);
#8702=EDGE_CURVE('',#6524,#6969,#1730,.T.);
#8703=EDGE_CURVE('',#6523,#6970,#1731,.T.);
#8704=EDGE_CURVE('',#6970,#6971,#1732,.T.);
#8705=EDGE_CURVE('',#6536,#6971,#1733,.T.);
#8706=EDGE_CURVE('',#6971,#6972,#1734,.T.);
#8707=EDGE_CURVE('',#6535,#6972,#1735,.T.);
#8708=EDGE_CURVE('',#6972,#6973,#1736,.T.);
#8709=EDGE_CURVE('',#6534,#6973,#1737,.T.);
#8710=EDGE_CURVE('',#6973,#6974,#1738,.T.);
#8711=EDGE_CURVE('',#6533,#6974,#1739,.T.);
#8712=EDGE_CURVE('',#6975,#6976,#1740,.T.);
#8713=EDGE_CURVE('',#6706,#6975,#1741,.T.);
#8714=EDGE_CURVE('',#6705,#6976,#1742,.T.);
#8715=EDGE_CURVE('',#6976,#6977,#1743,.T.);
#8716=EDGE_CURVE('',#6704,#6977,#1744,.T.);
#8717=EDGE_CURVE('',#6977,#6978,#1745,.T.);
#8718=EDGE_CURVE('',#6703,#6978,#1746,.T.);
#8719=EDGE_CURVE('',#6978,#6979,#1747,.T.);
#8720=EDGE_CURVE('',#6702,#6979,#1748,.T.);
#8721=EDGE_CURVE('',#6979,#6980,#1749,.T.);
#8722=EDGE_CURVE('',#6707,#6980,#1750,.T.);
#8723=EDGE_CURVE('',#6980,#6975,#1751,.T.);
#8724=EDGE_CURVE('',#6981,#6982,#1752,.T.);
#8725=EDGE_CURVE('',#6712,#6981,#1753,.T.);
#8726=EDGE_CURVE('',#6711,#6982,#1754,.T.);
#8727=EDGE_CURVE('',#6982,#6983,#1755,.T.);
#8728=EDGE_CURVE('',#6710,#6983,#1756,.T.);
#8729=EDGE_CURVE('',#6983,#6984,#1757,.T.);
#8730=EDGE_CURVE('',#6709,#6984,#1758,.T.);
#8731=EDGE_CURVE('',#6984,#6985,#1759,.T.);
#8732=EDGE_CURVE('',#6708,#6985,#1760,.T.);
#8733=EDGE_CURVE('',#6985,#6986,#1761,.T.);
#8734=EDGE_CURVE('',#6713,#6986,#1762,.T.);
#8735=EDGE_CURVE('',#6986,#6981,#1763,.T.);
#8736=EDGE_CURVE('',#6987,#6988,#1764,.T.);
#8737=EDGE_CURVE('',#6718,#6987,#1765,.T.);
#8738=EDGE_CURVE('',#6717,#6988,#1766,.T.);
#8739=EDGE_CURVE('',#6988,#6989,#1767,.T.);
#8740=EDGE_CURVE('',#6716,#6989,#1768,.T.);
#8741=EDGE_CURVE('',#6989,#6990,#1769,.T.);
#8742=EDGE_CURVE('',#6715,#6990,#1770,.T.);
#8743=EDGE_CURVE('',#6990,#6991,#1771,.T.);
#8744=EDGE_CURVE('',#6714,#6991,#1772,.T.);
#8745=EDGE_CURVE('',#6991,#6992,#1773,.T.);
#8746=EDGE_CURVE('',#6719,#6992,#1774,.T.);
#8747=EDGE_CURVE('',#6992,#6987,#1775,.T.);
#8748=EDGE_CURVE('',#6993,#6994,#1776,.T.);
#8749=EDGE_CURVE('',#6724,#6993,#1777,.T.);
#8750=EDGE_CURVE('',#6723,#6994,#1778,.T.);
#8751=EDGE_CURVE('',#6994,#6995,#1779,.T.);
#8752=EDGE_CURVE('',#6722,#6995,#1780,.T.);
#8753=EDGE_CURVE('',#6995,#6996,#1781,.T.);
#8754=EDGE_CURVE('',#6721,#6996,#1782,.T.);
#8755=EDGE_CURVE('',#6996,#6997,#1783,.T.);
#8756=EDGE_CURVE('',#6720,#6997,#1784,.T.);
#8757=EDGE_CURVE('',#6997,#6998,#1785,.T.);
#8758=EDGE_CURVE('',#6725,#6998,#1786,.T.);
#8759=EDGE_CURVE('',#6998,#6993,#1787,.T.);
#8760=EDGE_CURVE('',#6999,#7000,#1788,.T.);
#8761=EDGE_CURVE('',#6730,#6999,#1789,.T.);
#8762=EDGE_CURVE('',#6729,#7000,#1790,.T.);
#8763=EDGE_CURVE('',#7000,#7001,#1791,.T.);
#8764=EDGE_CURVE('',#6728,#7001,#1792,.T.);
#8765=EDGE_CURVE('',#7001,#7002,#1793,.T.);
#8766=EDGE_CURVE('',#6727,#7002,#1794,.T.);
#8767=EDGE_CURVE('',#7002,#7003,#1795,.T.);
#8768=EDGE_CURVE('',#6726,#7003,#1796,.T.);
#8769=EDGE_CURVE('',#7003,#7004,#1797,.T.);
#8770=EDGE_CURVE('',#6731,#7004,#1798,.T.);
#8771=EDGE_CURVE('',#7004,#6999,#1799,.T.);
#8772=EDGE_CURVE('',#7005,#7006,#1800,.T.);
#8773=EDGE_CURVE('',#6736,#7005,#1801,.T.);
#8774=EDGE_CURVE('',#6735,#7006,#1802,.T.);
#8775=EDGE_CURVE('',#7006,#7007,#1803,.T.);
#8776=EDGE_CURVE('',#6734,#7007,#1804,.T.);
#8777=EDGE_CURVE('',#7007,#7008,#1805,.T.);
#8778=EDGE_CURVE('',#6733,#7008,#1806,.T.);
#8779=EDGE_CURVE('',#7008,#7009,#1807,.T.);
#8780=EDGE_CURVE('',#6732,#7009,#1808,.T.);
#8781=EDGE_CURVE('',#7009,#7010,#1809,.T.);
#8782=EDGE_CURVE('',#6737,#7010,#1810,.T.);
#8783=EDGE_CURVE('',#7010,#7005,#1811,.T.);
#8784=EDGE_CURVE('',#7011,#7012,#1812,.T.);
#8785=EDGE_CURVE('',#6742,#7011,#1813,.T.);
#8786=EDGE_CURVE('',#6741,#7012,#1814,.T.);
#8787=EDGE_CURVE('',#7012,#7013,#1815,.T.);
#8788=EDGE_CURVE('',#6740,#7013,#1816,.T.);
#8789=EDGE_CURVE('',#7013,#7014,#1817,.T.);
#8790=EDGE_CURVE('',#6739,#7014,#1818,.T.);
#8791=EDGE_CURVE('',#7014,#7015,#1819,.T.);
#8792=EDGE_CURVE('',#6738,#7015,#1820,.T.);
#8793=EDGE_CURVE('',#7015,#7016,#1821,.T.);
#8794=EDGE_CURVE('',#6743,#7016,#1822,.T.);
#8795=EDGE_CURVE('',#7016,#7011,#1823,.T.);
#8796=EDGE_CURVE('',#7017,#7018,#1824,.T.);
#8797=EDGE_CURVE('',#6748,#7017,#1825,.T.);
#8798=EDGE_CURVE('',#6747,#7018,#1826,.T.);
#8799=EDGE_CURVE('',#7018,#7019,#1827,.T.);
#8800=EDGE_CURVE('',#6746,#7019,#1828,.T.);
#8801=EDGE_CURVE('',#7019,#7020,#1829,.T.);
#8802=EDGE_CURVE('',#6745,#7020,#1830,.T.);
#8803=EDGE_CURVE('',#7020,#7021,#1831,.T.);
#8804=EDGE_CURVE('',#6744,#7021,#1832,.T.);
#8805=EDGE_CURVE('',#7021,#7022,#1833,.T.);
#8806=EDGE_CURVE('',#6749,#7022,#1834,.T.);
#8807=EDGE_CURVE('',#7022,#7017,#1835,.T.);
#8808=EDGE_CURVE('',#7023,#7024,#1836,.T.);
#8809=EDGE_CURVE('',#6754,#7023,#1837,.T.);
#8810=EDGE_CURVE('',#6753,#7024,#1838,.T.);
#8811=EDGE_CURVE('',#7024,#7025,#1839,.T.);
#8812=EDGE_CURVE('',#6752,#7025,#1840,.T.);
#8813=EDGE_CURVE('',#7025,#7026,#1841,.T.);
#8814=EDGE_CURVE('',#6751,#7026,#1842,.T.);
#8815=EDGE_CURVE('',#7026,#7027,#1843,.T.);
#8816=EDGE_CURVE('',#6750,#7027,#1844,.T.);
#8817=EDGE_CURVE('',#7027,#7028,#1845,.T.);
#8818=EDGE_CURVE('',#6755,#7028,#1846,.T.);
#8819=EDGE_CURVE('',#7028,#7023,#1847,.T.);
#8820=EDGE_CURVE('',#7029,#7030,#1848,.T.);
#8821=EDGE_CURVE('',#6760,#7029,#1849,.T.);
#8822=EDGE_CURVE('',#6759,#7030,#1850,.T.);
#8823=EDGE_CURVE('',#7030,#7031,#1851,.T.);
#8824=EDGE_CURVE('',#6758,#7031,#1852,.T.);
#8825=EDGE_CURVE('',#7031,#7032,#1853,.T.);
#8826=EDGE_CURVE('',#6757,#7032,#1854,.T.);
#8827=EDGE_CURVE('',#7032,#7033,#1855,.T.);
#8828=EDGE_CURVE('',#6756,#7033,#1856,.T.);
#8829=EDGE_CURVE('',#7033,#7034,#1857,.T.);
#8830=EDGE_CURVE('',#6761,#7034,#1858,.T.);
#8831=EDGE_CURVE('',#7034,#7029,#1859,.T.);
#8832=EDGE_CURVE('',#7035,#7036,#1860,.T.);
#8833=EDGE_CURVE('',#6527,#7035,#1861,.T.);
#8834=EDGE_CURVE('',#6526,#7036,#1862,.T.);
#8835=EDGE_CURVE('',#7036,#7037,#1863,.T.);
#8836=EDGE_CURVE('',#6525,#7037,#1864,.T.);
#8837=EDGE_CURVE('',#7038,#7039,#1865,.T.);
#8838=EDGE_CURVE('',#6532,#7038,#1866,.T.);
#8839=EDGE_CURVE('',#6531,#7039,#1867,.T.);
#8840=EDGE_CURVE('',#7039,#7040,#1868,.T.);
#8841=EDGE_CURVE('',#6530,#7040,#1869,.T.);
#8842=EDGE_CURVE('',#7040,#7041,#1870,.T.);
#8843=EDGE_CURVE('',#6529,#7041,#1871,.T.);
#8844=EDGE_CURVE('',#7041,#7042,#1872,.T.);
#8845=EDGE_CURVE('',#6528,#7042,#1873,.T.);
#8846=EDGE_CURVE('',#7042,#7035,#1874,.T.);
#8847=EDGE_CURVE('',#7043,#7044,#1875,.T.);
#8848=EDGE_CURVE('',#6766,#7043,#1876,.T.);
#8849=EDGE_CURVE('',#6765,#7044,#1877,.T.);
#8850=EDGE_CURVE('',#7044,#7045,#1878,.T.);
#8851=EDGE_CURVE('',#6764,#7045,#1879,.T.);
#8852=EDGE_CURVE('',#7045,#7046,#1880,.T.);
#8853=EDGE_CURVE('',#6763,#7046,#1881,.T.);
#8854=EDGE_CURVE('',#7046,#7047,#1882,.T.);
#8855=EDGE_CURVE('',#6762,#7047,#1883,.T.);
#8856=EDGE_CURVE('',#7047,#7048,#1884,.T.);
#8857=EDGE_CURVE('',#6767,#7048,#1885,.T.);
#8858=EDGE_CURVE('',#7048,#7043,#1886,.T.);
#8859=EDGE_CURVE('',#7049,#7050,#1887,.T.);
#8860=EDGE_CURVE('',#6771,#7049,#1888,.T.);
#8861=EDGE_CURVE('',#6770,#7050,#1889,.T.);
#8862=EDGE_CURVE('',#7050,#7051,#1890,.T.);
#8863=EDGE_CURVE('',#6769,#7051,#1891,.T.);
#8864=EDGE_CURVE('',#7051,#7052,#1892,.T.);
#8865=EDGE_CURVE('',#6768,#7052,#1893,.T.);
#8866=EDGE_CURVE('',#7052,#7053,#1894,.T.);
#8867=EDGE_CURVE('',#6773,#7053,#1895,.T.);
#8868=EDGE_CURVE('',#7053,#7054,#1896,.T.);
#8869=EDGE_CURVE('',#6772,#7054,#1897,.T.);
#8870=EDGE_CURVE('',#7054,#7049,#1898,.T.);
#8871=EDGE_CURVE('',#7055,#7056,#1899,.T.);
#8872=EDGE_CURVE('',#6778,#7055,#1900,.T.);
#8873=EDGE_CURVE('',#6777,#7056,#1901,.T.);
#8874=EDGE_CURVE('',#7056,#7057,#1902,.T.);
#8875=EDGE_CURVE('',#6776,#7057,#1903,.T.);
#8876=EDGE_CURVE('',#7057,#7058,#1904,.T.);
#8877=EDGE_CURVE('',#6775,#7058,#1905,.T.);
#8878=EDGE_CURVE('',#7058,#7059,#1906,.T.);
#8879=EDGE_CURVE('',#6774,#7059,#1907,.T.);
#8880=EDGE_CURVE('',#7059,#7060,#1908,.T.);
#8881=EDGE_CURVE('',#6779,#7060,#1909,.T.);
#8882=EDGE_CURVE('',#7060,#7055,#1910,.T.);
#8883=EDGE_CURVE('',#7061,#7062,#1911,.T.);
#8884=EDGE_CURVE('',#6784,#7061,#1912,.T.);
#8885=EDGE_CURVE('',#6783,#7062,#1913,.T.);
#8886=EDGE_CURVE('',#7062,#7063,#1914,.T.);
#8887=EDGE_CURVE('',#6782,#7063,#1915,.T.);
#8888=EDGE_CURVE('',#7063,#7064,#1916,.T.);
#8889=EDGE_CURVE('',#6781,#7064,#1917,.T.);
#8890=EDGE_CURVE('',#7064,#7065,#1918,.T.);
#8891=EDGE_CURVE('',#6780,#7065,#1919,.T.);
#8892=EDGE_CURVE('',#7065,#7066,#1920,.T.);
#8893=EDGE_CURVE('',#6785,#7066,#1921,.T.);
#8894=EDGE_CURVE('',#7066,#7061,#1922,.T.);
#8895=EDGE_CURVE('',#7067,#7068,#1923,.T.);
#8896=EDGE_CURVE('',#6519,#7067,#1924,.T.);
#8897=EDGE_CURVE('',#6518,#7068,#1925,.T.);
#8898=EDGE_CURVE('',#7068,#7069,#1926,.T.);
#8899=EDGE_CURVE('',#6517,#7069,#1927,.T.);
#8900=EDGE_CURVE('',#7069,#7070,#1928,.T.);
#8901=EDGE_CURVE('',#6516,#7070,#1929,.T.);
#8902=EDGE_CURVE('',#7070,#7071,#1930,.T.);
#8903=EDGE_CURVE('',#6515,#7071,#1931,.T.);
#8904=EDGE_CURVE('',#7071,#7072,#1932,.T.);
#8905=EDGE_CURVE('',#6514,#7072,#1933,.T.);
#8906=EDGE_CURVE('',#7073,#7074,#1934,.T.);
#8907=EDGE_CURVE('',#6790,#7073,#1935,.T.);
#8908=EDGE_CURVE('',#6789,#7074,#1936,.T.);
#8909=EDGE_CURVE('',#7074,#7075,#1937,.T.);
#8910=EDGE_CURVE('',#6788,#7075,#1938,.T.);
#8911=EDGE_CURVE('',#7075,#7076,#1939,.T.);
#8912=EDGE_CURVE('',#6787,#7076,#1940,.T.);
#8913=EDGE_CURVE('',#7076,#7077,#1941,.T.);
#8914=EDGE_CURVE('',#6786,#7077,#1942,.T.);
#8915=EDGE_CURVE('',#7077,#7078,#1943,.T.);
#8916=EDGE_CURVE('',#6791,#7078,#1944,.T.);
#8917=EDGE_CURVE('',#7078,#7073,#1945,.T.);
#8918=EDGE_CURVE('',#7079,#7079,#4347,.T.);
#8919=EDGE_CURVE('',#7079,#7080,#1946,.T.);
#8920=EDGE_CURVE('',#7080,#7080,#4348,.T.);
#8921=EDGE_CURVE('',#7081,#7081,#4349,.T.);
#8922=EDGE_CURVE('',#7081,#7082,#1947,.T.);
#8923=EDGE_CURVE('',#7082,#7082,#4350,.T.);
#8924=EDGE_CURVE('',#7083,#7083,#4351,.T.);
#8925=EDGE_CURVE('',#7083,#7084,#1948,.T.);
#8926=EDGE_CURVE('',#7084,#7084,#4352,.T.);
#8927=EDGE_CURVE('',#6283,#7085,#1949,.T.);
#8928=EDGE_CURVE('',#7085,#7085,#4353,.T.);
#8929=EDGE_CURVE('',#6273,#7086,#1950,.T.);
#8930=EDGE_CURVE('',#7086,#7086,#4354,.T.);
#8931=EDGE_CURVE('',#6288,#7087,#1951,.T.);
#8932=EDGE_CURVE('',#7087,#7087,#4355,.T.);
#8933=EDGE_CURVE('',#6278,#7088,#1952,.T.);
#8934=EDGE_CURVE('',#7088,#7088,#4356,.T.);
#8935=EDGE_CURVE('',#7089,#6272,#1953,.T.);
#8936=EDGE_CURVE('',#7090,#7089,#1954,.T.);
#8937=EDGE_CURVE('',#7090,#6286,#1955,.T.);
#8938=EDGE_CURVE('',#6513,#6285,#1956,.T.);
#8939=EDGE_CURVE('',#6512,#6269,#1957,.T.);
#8940=EDGE_CURVE('',#6511,#6271,#1958,.T.);
#8941=EDGE_CURVE('',#6510,#6279,#1959,.T.);
#8942=EDGE_CURVE('',#7091,#6282,#1960,.T.);
#8943=EDGE_CURVE('',#7089,#7091,#1961,.T.);
#8944=EDGE_CURVE('',#7092,#7092,#4357,.T.);
#8945=EDGE_CURVE('',#7092,#7093,#1962,.T.);
#8946=EDGE_CURVE('',#7037,#7093,#4358,.T.);
#8947=EDGE_CURVE('',#6974,#6969,#4359,.T.);
#8948=EDGE_CURVE('',#7093,#7038,#4360,.T.);
#8949=EDGE_CURVE('',#6270,#7094,#1963,.T.);
#8950=EDGE_CURVE('',#6453,#7094,#1964,.T.);
#8951=EDGE_CURVE('',#7094,#6455,#1965,.T.);
#8952=EDGE_CURVE('',#6284,#7095,#1966,.T.);
#8953=EDGE_CURVE('',#7072,#7095,#1967,.T.);
#8954=EDGE_CURVE('',#6520,#6287,#1968,.T.);
#8955=EDGE_CURVE('',#7095,#7067,#1969,.T.);
#8956=EDGE_CURVE('',#6508,#6281,#1970,.T.);
#8957=EDGE_CURVE('',#6509,#6280,#1971,.T.);
#8958=EDGE_CURVE('',#6521,#6275,#1972,.T.);
#8959=EDGE_CURVE('',#6274,#7096,#1973,.T.);
#8960=EDGE_CURVE('',#6429,#7096,#1974,.T.);
#8961=EDGE_CURVE('',#6507,#6277,#1975,.T.);
#8962=EDGE_CURVE('',#7096,#6417,#1976,.T.);
#8963=EDGE_CURVE('',#7097,#7097,#4361,.T.);
#8964=EDGE_CURVE('',#7097,#6522,#1977,.T.);
#8965=EDGE_CURVE('',#6415,#6405,#4362,.T.);
#8966=EDGE_CURVE('',#7098,#7098,#4363,.T.);
#8967=EDGE_CURVE('',#7098,#7099,#1978,.T.);
#8968=EDGE_CURVE('',#6913,#7099,#4364,.T.);
#8969=EDGE_CURVE('',#6343,#6345,#4365,.T.);
#8970=EDGE_CURVE('',#7099,#6914,#4366,.T.);
#8971=EDGE_CURVE('',#7100,#7090,#1979,.T.);
#8972=EDGE_CURVE('',#7100,#6276,#1980,.T.);
#8973=EDGE_CURVE('',#7091,#7100,#1981,.T.);
#8974=ORIENTED_EDGE('',*,*,#7101,.F.);
#8975=ORIENTED_EDGE('',*,*,#7102,.F.);
#8976=ORIENTED_EDGE('',*,*,#7103,.F.);
#8977=ORIENTED_EDGE('',*,*,#7104,.F.);
#8978=ORIENTED_EDGE('',*,*,#7105,.F.);
#8979=ORIENTED_EDGE('',*,*,#7106,.F.);
#8980=ORIENTED_EDGE('',*,*,#7107,.F.);
#8981=ORIENTED_EDGE('',*,*,#7108,.F.);
#8982=ORIENTED_EDGE('',*,*,#7109,.F.);
#8983=ORIENTED_EDGE('',*,*,#7110,.F.);
#8984=ORIENTED_EDGE('',*,*,#7106,.T.);
#8985=ORIENTED_EDGE('',*,*,#7111,.F.);
#8986=ORIENTED_EDGE('',*,*,#7112,.T.);
#8987=ORIENTED_EDGE('',*,*,#7113,.F.);
#8988=ORIENTED_EDGE('',*,*,#7104,.T.);
#8989=ORIENTED_EDGE('',*,*,#7114,.F.);
#8990=ORIENTED_EDGE('',*,*,#7115,.F.);
#8991=ORIENTED_EDGE('',*,*,#7116,.F.);
#8992=ORIENTED_EDGE('',*,*,#7103,.T.);
#8993=ORIENTED_EDGE('',*,*,#7117,.F.);
#8994=ORIENTED_EDGE('',*,*,#7118,.T.);
#8995=ORIENTED_EDGE('',*,*,#7119,.F.);
#8996=ORIENTED_EDGE('',*,*,#7120,.T.);
#8997=ORIENTED_EDGE('',*,*,#7121,.F.);
#8998=ORIENTED_EDGE('',*,*,#7122,.T.);
#8999=ORIENTED_EDGE('',*,*,#7123,.T.);
#9000=ORIENTED_EDGE('',*,*,#7124,.T.);
#9001=ORIENTED_EDGE('',*,*,#7125,.F.);
#9002=ORIENTED_EDGE('',*,*,#7126,.F.);
#9003=ORIENTED_EDGE('',*,*,#7127,.F.);
#9004=ORIENTED_EDGE('',*,*,#7107,.T.);
#9005=ORIENTED_EDGE('',*,*,#7113,.T.);
#9006=ORIENTED_EDGE('',*,*,#7128,.T.);
#9007=ORIENTED_EDGE('',*,*,#7129,.T.);
#9008=ORIENTED_EDGE('',*,*,#7130,.T.);
#9009=ORIENTED_EDGE('',*,*,#7114,.T.);
#9010=ORIENTED_EDGE('',*,*,#7131,.T.);
#9011=ORIENTED_EDGE('',*,*,#7132,.T.);
#9012=ORIENTED_EDGE('',*,*,#7133,.T.);
#9013=ORIENTED_EDGE('',*,*,#7134,.T.);
#9014=ORIENTED_EDGE('',*,*,#7135,.T.);
#9015=ORIENTED_EDGE('',*,*,#7136,.T.);
#9016=ORIENTED_EDGE('',*,*,#7137,.T.);
#9017=ORIENTED_EDGE('',*,*,#7138,.T.);
#9018=ORIENTED_EDGE('',*,*,#7109,.T.);
#9019=ORIENTED_EDGE('',*,*,#7139,.F.);
#9020=ORIENTED_EDGE('',*,*,#7140,.F.);
#9021=ORIENTED_EDGE('',*,*,#7141,.F.);
#9022=ORIENTED_EDGE('',*,*,#7142,.T.);
#9023=ORIENTED_EDGE('',*,*,#7143,.F.);
#9024=ORIENTED_EDGE('',*,*,#7110,.T.);
#9025=ORIENTED_EDGE('',*,*,#7143,.T.);
#9026=ORIENTED_EDGE('',*,*,#7144,.T.);
#9027=ORIENTED_EDGE('',*,*,#7145,.T.);
#9028=ORIENTED_EDGE('',*,*,#7146,.T.);
#9029=ORIENTED_EDGE('',*,*,#7139,.T.);
#9030=ORIENTED_EDGE('',*,*,#7108,.T.);
#9031=ORIENTED_EDGE('',*,*,#7127,.T.);
#9032=ORIENTED_EDGE('',*,*,#7147,.T.);
#9033=ORIENTED_EDGE('',*,*,#7148,.T.);
#9034=ORIENTED_EDGE('',*,*,#7149,.F.);
#9035=ORIENTED_EDGE('',*,*,#7150,.T.);
#9036=ORIENTED_EDGE('',*,*,#7151,.T.);
#9037=ORIENTED_EDGE('',*,*,#7152,.T.);
#9038=ORIENTED_EDGE('',*,*,#7153,.T.);
#9039=ORIENTED_EDGE('',*,*,#7154,.T.);
#9040=ORIENTED_EDGE('',*,*,#7155,.T.);
#9041=ORIENTED_EDGE('',*,*,#7156,.T.);
#9042=ORIENTED_EDGE('',*,*,#7157,.T.);
#9043=ORIENTED_EDGE('',*,*,#7158,.T.);
#9044=ORIENTED_EDGE('',*,*,#7159,.T.);
#9045=ORIENTED_EDGE('',*,*,#7160,.T.);
#9046=ORIENTED_EDGE('',*,*,#7161,.T.);
#9047=ORIENTED_EDGE('',*,*,#7162,.T.);
#9048=ORIENTED_EDGE('',*,*,#7163,.T.);
#9049=ORIENTED_EDGE('',*,*,#7164,.T.);
#9050=ORIENTED_EDGE('',*,*,#7165,.T.);
#9051=ORIENTED_EDGE('',*,*,#7166,.T.);
#9052=ORIENTED_EDGE('',*,*,#7167,.T.);
#9053=ORIENTED_EDGE('',*,*,#7119,.T.);
#9054=ORIENTED_EDGE('',*,*,#7168,.T.);
#9055=ORIENTED_EDGE('',*,*,#7117,.T.);
#9056=ORIENTED_EDGE('',*,*,#7169,.F.);
#9057=ORIENTED_EDGE('',*,*,#7170,.F.);
#9058=ORIENTED_EDGE('',*,*,#7171,.F.);
#9059=ORIENTED_EDGE('',*,*,#7151,.F.);
#9060=ORIENTED_EDGE('',*,*,#7172,.F.);
#9061=ORIENTED_EDGE('',*,*,#7173,.F.);
#9062=ORIENTED_EDGE('',*,*,#7174,.F.);
#9063=ORIENTED_EDGE('',*,*,#7175,.F.);
#9064=ORIENTED_EDGE('',*,*,#7176,.F.);
#9065=ORIENTED_EDGE('',*,*,#7157,.F.);
#9066=ORIENTED_EDGE('',*,*,#7171,.T.);
#9067=ORIENTED_EDGE('',*,*,#7156,.F.);
#9068=ORIENTED_EDGE('',*,*,#7177,.F.);
#9069=ORIENTED_EDGE('',*,*,#7178,.F.);
#9070=ORIENTED_EDGE('',*,*,#7179,.T.);
#9071=ORIENTED_EDGE('',*,*,#7152,.F.);
#9072=ORIENTED_EDGE('',*,*,#7172,.T.);
#9073=ORIENTED_EDGE('',*,*,#7150,.F.);
#9074=ORIENTED_EDGE('',*,*,#7180,.F.);
#9075=ORIENTED_EDGE('',*,*,#7181,.F.);
#9076=ORIENTED_EDGE('',*,*,#7182,.T.);
#9077=ORIENTED_EDGE('',*,*,#7183,.T.);
#9078=ORIENTED_EDGE('',*,*,#7184,.T.);
#9079=ORIENTED_EDGE('',*,*,#7185,.F.);
#9080=ORIENTED_EDGE('',*,*,#7186,.T.);
#9081=ORIENTED_EDGE('',*,*,#7187,.T.);
#9082=ORIENTED_EDGE('',*,*,#7160,.F.);
#9083=ORIENTED_EDGE('',*,*,#7188,.T.);
#9084=ORIENTED_EDGE('',*,*,#7158,.F.);
#9085=ORIENTED_EDGE('',*,*,#7176,.T.);
#9086=ORIENTED_EDGE('',*,*,#7189,.T.);
#9087=ORIENTED_EDGE('',*,*,#7190,.T.);
#9088=ORIENTED_EDGE('',*,*,#7191,.T.);
#9089=ORIENTED_EDGE('',*,*,#7192,.T.);
#9090=ORIENTED_EDGE('',*,*,#7193,.T.);
#9091=ORIENTED_EDGE('',*,*,#7194,.T.);
#9092=ORIENTED_EDGE('',*,*,#7195,.T.);
#9093=ORIENTED_EDGE('',*,*,#7196,.T.);
#9094=ORIENTED_EDGE('',*,*,#7197,.T.);
#9095=ORIENTED_EDGE('',*,*,#7198,.T.);
#9096=ORIENTED_EDGE('',*,*,#7199,.T.);
#9097=ORIENTED_EDGE('',*,*,#7200,.T.);
#9098=ORIENTED_EDGE('',*,*,#7201,.T.);
#9099=ORIENTED_EDGE('',*,*,#7175,.T.);
#9100=ORIENTED_EDGE('',*,*,#7202,.F.);
#9101=ORIENTED_EDGE('',*,*,#7203,.T.);
#9102=ORIENTED_EDGE('',*,*,#7189,.F.);
#9103=ORIENTED_EDGE('',*,*,#7204,.F.);
#9104=ORIENTED_EDGE('',*,*,#7205,.T.);
#9105=ORIENTED_EDGE('',*,*,#7206,.F.);
#9106=ORIENTED_EDGE('',*,*,#7163,.F.);
#9107=ORIENTED_EDGE('',*,*,#7205,.F.);
#9108=ORIENTED_EDGE('',*,*,#7207,.F.);
#9109=ORIENTED_EDGE('',*,*,#7208,.T.);
#9110=ORIENTED_EDGE('',*,*,#7209,.F.);
#9111=ORIENTED_EDGE('',*,*,#7210,.F.);
#9112=ORIENTED_EDGE('',*,*,#7211,.F.);
#9113=ORIENTED_EDGE('',*,*,#7208,.F.);
#9114=ORIENTED_EDGE('',*,*,#7212,.F.);
#9115=ORIENTED_EDGE('',*,*,#7213,.T.);
#9116=ORIENTED_EDGE('',*,*,#7188,.F.);
#9117=ORIENTED_EDGE('',*,*,#7159,.F.);
#9118=ORIENTED_EDGE('',*,*,#7213,.F.);
#9119=ORIENTED_EDGE('',*,*,#7214,.F.);
#9120=ORIENTED_EDGE('',*,*,#7215,.T.);
#9121=ORIENTED_EDGE('',*,*,#7216,.F.);
#9122=ORIENTED_EDGE('',*,*,#7217,.F.);
#9123=ORIENTED_EDGE('',*,*,#7218,.F.);
#9124=ORIENTED_EDGE('',*,*,#7215,.F.);
#9125=ORIENTED_EDGE('',*,*,#7216,.T.);
#9126=ORIENTED_EDGE('',*,*,#7218,.T.);
#9127=ORIENTED_EDGE('',*,*,#7219,.F.);
#9128=ORIENTED_EDGE('',*,*,#7220,.T.);
#9129=ORIENTED_EDGE('',*,*,#7185,.T.);
#9130=ORIENTED_EDGE('',*,*,#7221,.T.);
#9131=ORIENTED_EDGE('',*,*,#7222,.T.);
#9132=ORIENTED_EDGE('',*,*,#7223,.F.);
#9133=ORIENTED_EDGE('',*,*,#7224,.T.);
#9134=ORIENTED_EDGE('',*,*,#7225,.T.);
#9135=ORIENTED_EDGE('',*,*,#7226,.F.);
#9136=ORIENTED_EDGE('',*,*,#7210,.T.);
#9137=ORIENTED_EDGE('',*,*,#7227,.T.);
#9138=ORIENTED_EDGE('',*,*,#7228,.T.);
#9139=ORIENTED_EDGE('',*,*,#7219,.T.);
#9140=ORIENTED_EDGE('',*,*,#7217,.T.);
#9141=ORIENTED_EDGE('',*,*,#7226,.T.);
#9142=ORIENTED_EDGE('',*,*,#7229,.T.);
#9143=ORIENTED_EDGE('',*,*,#7230,.T.);
#9144=ORIENTED_EDGE('',*,*,#7231,.T.);
#9145=ORIENTED_EDGE('',*,*,#7232,.T.);
#9146=ORIENTED_EDGE('',*,*,#7233,.T.);
#9147=ORIENTED_EDGE('',*,*,#7234,.T.);
#9148=ORIENTED_EDGE('',*,*,#7235,.F.);
#9149=ORIENTED_EDGE('',*,*,#7236,.F.);
#9150=ORIENTED_EDGE('',*,*,#7237,.T.);
#9151=ORIENTED_EDGE('',*,*,#7238,.T.);
#9152=ORIENTED_EDGE('',*,*,#7239,.T.);
#9153=ORIENTED_EDGE('',*,*,#7240,.T.);
#9154=ORIENTED_EDGE('',*,*,#7241,.T.);
#9155=ORIENTED_EDGE('',*,*,#7242,.T.);
#9156=ORIENTED_EDGE('',*,*,#7243,.T.);
#9157=ORIENTED_EDGE('',*,*,#7244,.T.);
#9158=ORIENTED_EDGE('',*,*,#7245,.T.);
#9159=ORIENTED_EDGE('',*,*,#7246,.T.);
#9160=ORIENTED_EDGE('',*,*,#7247,.T.);
#9161=ORIENTED_EDGE('',*,*,#7248,.T.);
#9162=ORIENTED_EDGE('',*,*,#7249,.T.);
#9163=ORIENTED_EDGE('',*,*,#7250,.T.);
#9164=ORIENTED_EDGE('',*,*,#7251,.F.);
#9165=ORIENTED_EDGE('',*,*,#7252,.T.);
#9166=ORIENTED_EDGE('',*,*,#7118,.F.);
#9167=ORIENTED_EDGE('',*,*,#7168,.F.);
#9168=ORIENTED_EDGE('',*,*,#7252,.F.);
#9169=ORIENTED_EDGE('',*,*,#7253,.F.);
#9170=ORIENTED_EDGE('',*,*,#7254,.T.);
#9171=ORIENTED_EDGE('',*,*,#7255,.F.);
#9172=ORIENTED_EDGE('',*,*,#7165,.F.);
#9173=ORIENTED_EDGE('',*,*,#7254,.F.);
#9174=ORIENTED_EDGE('',*,*,#7256,.F.);
#9175=ORIENTED_EDGE('',*,*,#7257,.T.);
#9176=ORIENTED_EDGE('',*,*,#7258,.F.);
#9177=ORIENTED_EDGE('',*,*,#7249,.F.);
#9178=ORIENTED_EDGE('',*,*,#7259,.F.);
#9179=ORIENTED_EDGE('',*,*,#7257,.F.);
#9180=ORIENTED_EDGE('',*,*,#7209,.T.);
#9181=ORIENTED_EDGE('',*,*,#7211,.T.);
#9182=ORIENTED_EDGE('',*,*,#7250,.F.);
#9183=ORIENTED_EDGE('',*,*,#7258,.T.);
#9184=ORIENTED_EDGE('',*,*,#7259,.T.);
#9185=ORIENTED_EDGE('',*,*,#7248,.F.);
#9186=ORIENTED_EDGE('',*,*,#7260,.T.);
#9187=ORIENTED_EDGE('',*,*,#7261,.T.);
#9188=ORIENTED_EDGE('',*,*,#7262,.T.);
#9189=ORIENTED_EDGE('',*,*,#7227,.F.);
#9190=ORIENTED_EDGE('',*,*,#7263,.F.);
#9191=ORIENTED_EDGE('',*,*,#7264,.T.);
#9192=ORIENTED_EDGE('',*,*,#7265,.F.);
#9193=ORIENTED_EDGE('',*,*,#7245,.F.);
#9194=ORIENTED_EDGE('',*,*,#7266,.F.);
#9195=ORIENTED_EDGE('',*,*,#7264,.F.);
#9196=ORIENTED_EDGE('',*,*,#7265,.T.);
#9197=ORIENTED_EDGE('',*,*,#7266,.T.);
#9198=ORIENTED_EDGE('',*,*,#7244,.F.);
#9199=ORIENTED_EDGE('',*,*,#7267,.T.);
#9200=ORIENTED_EDGE('',*,*,#7268,.T.);
#9201=ORIENTED_EDGE('',*,*,#7269,.F.);
#9202=ORIENTED_EDGE('',*,*,#7270,.T.);
#9203=ORIENTED_EDGE('',*,*,#7271,.T.);
#9204=ORIENTED_EDGE('',*,*,#7121,.T.);
#9205=ORIENTED_EDGE('',*,*,#7272,.T.);
#9206=ORIENTED_EDGE('',*,*,#7246,.F.);
#9207=ORIENTED_EDGE('',*,*,#7273,.F.);
#9208=ORIENTED_EDGE('',*,*,#7274,.T.);
#9209=ORIENTED_EDGE('',*,*,#7194,.F.);
#9210=ORIENTED_EDGE('',*,*,#7275,.F.);
#9211=ORIENTED_EDGE('',*,*,#7276,.F.);
#9212=ORIENTED_EDGE('',*,*,#7277,.T.);
#9213=ORIENTED_EDGE('',*,*,#7195,.F.);
#9214=ORIENTED_EDGE('',*,*,#7274,.F.);
#9215=ORIENTED_EDGE('',*,*,#7278,.F.);
#9216=ORIENTED_EDGE('',*,*,#7279,.T.);
#9217=ORIENTED_EDGE('',*,*,#7196,.F.);
#9218=ORIENTED_EDGE('',*,*,#7277,.F.);
#9219=ORIENTED_EDGE('',*,*,#7280,.F.);
#9220=ORIENTED_EDGE('',*,*,#7275,.T.);
#9221=ORIENTED_EDGE('',*,*,#7197,.F.);
#9222=ORIENTED_EDGE('',*,*,#7279,.F.);
#9223=ORIENTED_EDGE('',*,*,#7153,.F.);
#9224=ORIENTED_EDGE('',*,*,#7179,.F.);
#9225=ORIENTED_EDGE('',*,*,#7281,.F.);
#9226=ORIENTED_EDGE('',*,*,#7282,.T.);
#9227=ORIENTED_EDGE('',*,*,#7154,.F.);
#9228=ORIENTED_EDGE('',*,*,#7282,.F.);
#9229=ORIENTED_EDGE('',*,*,#7283,.F.);
#9230=ORIENTED_EDGE('',*,*,#7284,.T.);
#9231=ORIENTED_EDGE('',*,*,#7155,.F.);
#9232=ORIENTED_EDGE('',*,*,#7284,.F.);
#9233=ORIENTED_EDGE('',*,*,#7285,.F.);
#9234=ORIENTED_EDGE('',*,*,#7177,.T.);
#9235=ORIENTED_EDGE('',*,*,#7286,.F.);
#9236=ORIENTED_EDGE('',*,*,#7287,.T.);
#9237=ORIENTED_EDGE('',*,*,#7182,.F.);
#9238=ORIENTED_EDGE('',*,*,#7288,.T.);
#9239=ORIENTED_EDGE('',*,*,#7289,.F.);
#9240=ORIENTED_EDGE('',*,*,#7290,.F.);
#9241=ORIENTED_EDGE('',*,*,#7291,.T.);
#9242=ORIENTED_EDGE('',*,*,#7183,.F.);
#9243=ORIENTED_EDGE('',*,*,#7287,.F.);
#9244=ORIENTED_EDGE('',*,*,#7221,.F.);
#9245=ORIENTED_EDGE('',*,*,#7184,.F.);
#9246=ORIENTED_EDGE('',*,*,#7291,.F.);
#9247=ORIENTED_EDGE('',*,*,#7292,.F.);
#9248=ORIENTED_EDGE('',*,*,#7293,.T.);
#9249=ORIENTED_EDGE('',*,*,#7294,.F.);
#9250=ORIENTED_EDGE('',*,*,#7222,.F.);
#9251=ORIENTED_EDGE('',*,*,#7293,.F.);
#9252=ORIENTED_EDGE('',*,*,#7295,.F.);
#9253=ORIENTED_EDGE('',*,*,#7289,.T.);
#9254=ORIENTED_EDGE('',*,*,#7296,.T.);
#9255=ORIENTED_EDGE('',*,*,#7297,.F.);
#9256=ORIENTED_EDGE('',*,*,#7298,.F.);
#9257=ORIENTED_EDGE('',*,*,#7296,.F.);
#9258=ORIENTED_EDGE('',*,*,#7288,.F.);
#9259=ORIENTED_EDGE('',*,*,#7299,.F.);
#9260=ORIENTED_EDGE('',*,*,#7300,.T.);
#9261=ORIENTED_EDGE('',*,*,#7198,.F.);
#9262=ORIENTED_EDGE('',*,*,#7301,.F.);
#9263=ORIENTED_EDGE('',*,*,#7302,.F.);
#9264=ORIENTED_EDGE('',*,*,#7303,.T.);
#9265=ORIENTED_EDGE('',*,*,#7199,.F.);
#9266=ORIENTED_EDGE('',*,*,#7300,.F.);
#9267=ORIENTED_EDGE('',*,*,#7304,.F.);
#9268=ORIENTED_EDGE('',*,*,#7305,.T.);
#9269=ORIENTED_EDGE('',*,*,#7200,.F.);
#9270=ORIENTED_EDGE('',*,*,#7303,.F.);
#9271=ORIENTED_EDGE('',*,*,#7306,.F.);
#9272=ORIENTED_EDGE('',*,*,#7301,.T.);
#9273=ORIENTED_EDGE('',*,*,#7201,.F.);
#9274=ORIENTED_EDGE('',*,*,#7305,.F.);
#9275=ORIENTED_EDGE('',*,*,#7307,.F.);
#9276=ORIENTED_EDGE('',*,*,#7308,.T.);
#9277=ORIENTED_EDGE('',*,*,#7192,.F.);
#9278=ORIENTED_EDGE('',*,*,#7309,.F.);
#9279=ORIENTED_EDGE('',*,*,#7173,.T.);
#9280=ORIENTED_EDGE('',*,*,#7193,.F.);
#9281=ORIENTED_EDGE('',*,*,#7308,.F.);
#9282=ORIENTED_EDGE('',*,*,#7310,.F.);
#9283=ORIENTED_EDGE('',*,*,#7311,.F.);
#9284=ORIENTED_EDGE('',*,*,#7312,.T.);
#9285=ORIENTED_EDGE('',*,*,#7190,.F.);
#9286=ORIENTED_EDGE('',*,*,#7203,.F.);
#9287=ORIENTED_EDGE('',*,*,#7169,.T.);
#9288=ORIENTED_EDGE('',*,*,#7313,.F.);
#9289=ORIENTED_EDGE('',*,*,#7309,.T.);
#9290=ORIENTED_EDGE('',*,*,#7191,.F.);
#9291=ORIENTED_EDGE('',*,*,#7312,.F.);
#9292=ORIENTED_EDGE('',*,*,#7314,.F.);
#9293=ORIENTED_EDGE('',*,*,#7315,.F.);
#9294=ORIENTED_EDGE('',*,*,#7316,.T.);
#9295=ORIENTED_EDGE('',*,*,#7317,.F.);
#9296=ORIENTED_EDGE('',*,*,#7318,.F.);
#9297=ORIENTED_EDGE('',*,*,#7319,.T.);
#9298=ORIENTED_EDGE('',*,*,#7224,.F.);
#9299=ORIENTED_EDGE('',*,*,#7225,.F.);
#9300=ORIENTED_EDGE('',*,*,#7319,.F.);
#9301=ORIENTED_EDGE('',*,*,#7320,.F.);
#9302=ORIENTED_EDGE('',*,*,#7321,.T.);
#9303=ORIENTED_EDGE('',*,*,#7229,.F.);
#9304=ORIENTED_EDGE('',*,*,#7231,.F.);
#9305=ORIENTED_EDGE('',*,*,#7322,.F.);
#9306=ORIENTED_EDGE('',*,*,#7323,.F.);
#9307=ORIENTED_EDGE('',*,*,#7317,.T.);
#9308=ORIENTED_EDGE('',*,*,#7324,.T.);
#9309=ORIENTED_EDGE('',*,*,#7230,.F.);
#9310=ORIENTED_EDGE('',*,*,#7321,.F.);
#9311=ORIENTED_EDGE('',*,*,#7325,.F.);
#9312=ORIENTED_EDGE('',*,*,#7322,.T.);
#9313=ORIENTED_EDGE('',*,*,#7326,.F.);
#9314=ORIENTED_EDGE('',*,*,#7232,.F.);
#9315=ORIENTED_EDGE('',*,*,#7324,.F.);
#9316=ORIENTED_EDGE('',*,*,#7316,.F.);
#9317=ORIENTED_EDGE('',*,*,#7327,.F.);
#9318=ORIENTED_EDGE('',*,*,#7328,.T.);
#9319=ORIENTED_EDGE('',*,*,#7131,.F.);
#9320=ORIENTED_EDGE('',*,*,#7329,.F.);
#9321=ORIENTED_EDGE('',*,*,#7330,.F.);
#9322=ORIENTED_EDGE('',*,*,#7331,.T.);
#9323=ORIENTED_EDGE('',*,*,#7132,.F.);
#9324=ORIENTED_EDGE('',*,*,#7328,.F.);
#9325=ORIENTED_EDGE('',*,*,#7332,.F.);
#9326=ORIENTED_EDGE('',*,*,#7333,.T.);
#9327=ORIENTED_EDGE('',*,*,#7133,.F.);
#9328=ORIENTED_EDGE('',*,*,#7331,.F.);
#9329=ORIENTED_EDGE('',*,*,#7334,.F.);
#9330=ORIENTED_EDGE('',*,*,#7329,.T.);
#9331=ORIENTED_EDGE('',*,*,#7134,.F.);
#9332=ORIENTED_EDGE('',*,*,#7333,.F.);
#9333=ORIENTED_EDGE('',*,*,#7144,.F.);
#9334=ORIENTED_EDGE('',*,*,#7142,.F.);
#9335=ORIENTED_EDGE('',*,*,#7335,.F.);
#9336=ORIENTED_EDGE('',*,*,#7336,.T.);
#9337=ORIENTED_EDGE('',*,*,#7145,.F.);
#9338=ORIENTED_EDGE('',*,*,#7336,.F.);
#9339=ORIENTED_EDGE('',*,*,#7337,.F.);
#9340=ORIENTED_EDGE('',*,*,#7338,.T.);
#9341=ORIENTED_EDGE('',*,*,#7146,.F.);
#9342=ORIENTED_EDGE('',*,*,#7338,.F.);
#9343=ORIENTED_EDGE('',*,*,#7339,.F.);
#9344=ORIENTED_EDGE('',*,*,#7140,.T.);
#9345=ORIENTED_EDGE('',*,*,#7340,.F.);
#9346=ORIENTED_EDGE('',*,*,#7341,.F.);
#9347=ORIENTED_EDGE('',*,*,#7342,.F.);
#9348=ORIENTED_EDGE('',*,*,#7343,.F.);
#9349=ORIENTED_EDGE('',*,*,#7344,.F.);
#9350=ORIENTED_EDGE('',*,*,#7342,.T.);
#9351=ORIENTED_EDGE('',*,*,#7345,.F.);
#9352=ORIENTED_EDGE('',*,*,#7346,.F.);
#9353=ORIENTED_EDGE('',*,*,#7347,.T.);
#9354=ORIENTED_EDGE('',*,*,#7270,.F.);
#9355=ORIENTED_EDGE('',*,*,#7271,.F.);
#9356=ORIENTED_EDGE('',*,*,#7347,.F.);
#9357=ORIENTED_EDGE('',*,*,#7348,.F.);
#9358=ORIENTED_EDGE('',*,*,#7349,.T.);
#9359=ORIENTED_EDGE('',*,*,#7122,.F.);
#9360=ORIENTED_EDGE('',*,*,#7350,.F.);
#9361=ORIENTED_EDGE('',*,*,#7351,.T.);
#9362=ORIENTED_EDGE('',*,*,#7123,.F.);
#9363=ORIENTED_EDGE('',*,*,#7349,.F.);
#9364=ORIENTED_EDGE('',*,*,#7352,.F.);
#9365=ORIENTED_EDGE('',*,*,#7345,.T.);
#9366=ORIENTED_EDGE('',*,*,#7341,.T.);
#9367=ORIENTED_EDGE('',*,*,#7124,.F.);
#9368=ORIENTED_EDGE('',*,*,#7351,.F.);
#9369=ORIENTED_EDGE('',*,*,#7353,.F.);
#9370=ORIENTED_EDGE('',*,*,#7354,.T.);
#9371=ORIENTED_EDGE('',*,*,#7135,.F.);
#9372=ORIENTED_EDGE('',*,*,#7355,.F.);
#9373=ORIENTED_EDGE('',*,*,#7356,.F.);
#9374=ORIENTED_EDGE('',*,*,#7357,.T.);
#9375=ORIENTED_EDGE('',*,*,#7136,.F.);
#9376=ORIENTED_EDGE('',*,*,#7354,.F.);
#9377=ORIENTED_EDGE('',*,*,#7358,.F.);
#9378=ORIENTED_EDGE('',*,*,#7359,.T.);
#9379=ORIENTED_EDGE('',*,*,#7137,.F.);
#9380=ORIENTED_EDGE('',*,*,#7357,.F.);
#9381=ORIENTED_EDGE('',*,*,#7360,.F.);
#9382=ORIENTED_EDGE('',*,*,#7355,.T.);
#9383=ORIENTED_EDGE('',*,*,#7138,.F.);
#9384=ORIENTED_EDGE('',*,*,#7359,.F.);
#9385=ORIENTED_EDGE('',*,*,#7101,.T.);
#9386=ORIENTED_EDGE('',*,*,#7361,.F.);
#9387=ORIENTED_EDGE('',*,*,#7362,.T.);
#9388=ORIENTED_EDGE('',*,*,#7129,.F.);
#9389=ORIENTED_EDGE('',*,*,#7363,.F.);
#9390=ORIENTED_EDGE('',*,*,#7364,.F.);
#9391=ORIENTED_EDGE('',*,*,#7365,.F.);
#9392=ORIENTED_EDGE('',*,*,#7115,.T.);
#9393=ORIENTED_EDGE('',*,*,#7130,.F.);
#9394=ORIENTED_EDGE('',*,*,#7362,.F.);
#9395=ORIENTED_EDGE('',*,*,#7366,.F.);
#9396=ORIENTED_EDGE('',*,*,#7363,.T.);
#9397=ORIENTED_EDGE('',*,*,#7128,.F.);
#9398=ORIENTED_EDGE('',*,*,#7112,.F.);
#9399=ORIENTED_EDGE('',*,*,#7241,.F.);
#9400=ORIENTED_EDGE('',*,*,#7367,.T.);
#9401=ORIENTED_EDGE('',*,*,#7368,.F.);
#9402=ORIENTED_EDGE('',*,*,#7369,.F.);
#9403=ORIENTED_EDGE('',*,*,#7370,.T.);
#9404=ORIENTED_EDGE('',*,*,#7242,.F.);
#9405=ORIENTED_EDGE('',*,*,#7370,.F.);
#9406=ORIENTED_EDGE('',*,*,#7371,.F.);
#9407=ORIENTED_EDGE('',*,*,#7372,.T.);
#9408=ORIENTED_EDGE('',*,*,#7243,.F.);
#9409=ORIENTED_EDGE('',*,*,#7372,.F.);
#9410=ORIENTED_EDGE('',*,*,#7373,.F.);
#9411=ORIENTED_EDGE('',*,*,#7374,.T.);
#9412=ORIENTED_EDGE('',*,*,#7267,.F.);
#9413=ORIENTED_EDGE('',*,*,#7375,.F.);
#9414=ORIENTED_EDGE('',*,*,#7268,.F.);
#9415=ORIENTED_EDGE('',*,*,#7374,.F.);
#9416=ORIENTED_EDGE('',*,*,#7376,.F.);
#9417=ORIENTED_EDGE('',*,*,#7368,.T.);
#9418=ORIENTED_EDGE('',*,*,#7377,.T.);
#9419=ORIENTED_EDGE('',*,*,#7240,.F.);
#9420=ORIENTED_EDGE('',*,*,#7378,.F.);
#9421=ORIENTED_EDGE('',*,*,#7377,.F.);
#9422=ORIENTED_EDGE('',*,*,#7367,.F.);
#9423=ORIENTED_EDGE('',*,*,#7343,.T.);
#9424=ORIENTED_EDGE('',*,*,#7344,.T.);
#9425=ORIENTED_EDGE('',*,*,#7269,.T.);
#9426=ORIENTED_EDGE('',*,*,#7375,.T.);
#9427=ORIENTED_EDGE('',*,*,#7378,.T.);
#9428=ORIENTED_EDGE('',*,*,#7239,.F.);
#9429=ORIENTED_EDGE('',*,*,#7379,.F.);
#9430=ORIENTED_EDGE('',*,*,#7380,.F.);
#9431=ORIENTED_EDGE('',*,*,#7381,.F.);
#9432=ORIENTED_EDGE('',*,*,#7382,.T.);
#9433=ORIENTED_EDGE('',*,*,#7186,.F.);
#9434=ORIENTED_EDGE('',*,*,#7220,.F.);
#9435=ORIENTED_EDGE('',*,*,#7228,.F.);
#9436=ORIENTED_EDGE('',*,*,#7262,.F.);
#9437=ORIENTED_EDGE('',*,*,#7383,.F.);
#9438=ORIENTED_EDGE('',*,*,#7161,.F.);
#9439=ORIENTED_EDGE('',*,*,#7187,.F.);
#9440=ORIENTED_EDGE('',*,*,#7382,.F.);
#9441=ORIENTED_EDGE('',*,*,#7206,.T.);
#9442=ORIENTED_EDGE('',*,*,#7162,.F.);
#9443=ORIENTED_EDGE('',*,*,#7383,.T.);
#9444=ORIENTED_EDGE('',*,*,#7261,.F.);
#9445=ORIENTED_EDGE('',*,*,#7384,.T.);
#9446=ORIENTED_EDGE('',*,*,#7385,.T.);
#9447=ORIENTED_EDGE('',*,*,#7166,.F.);
#9448=ORIENTED_EDGE('',*,*,#7255,.T.);
#9449=ORIENTED_EDGE('',*,*,#7164,.F.);
#9450=ORIENTED_EDGE('',*,*,#7386,.F.);
#9451=ORIENTED_EDGE('',*,*,#7387,.T.);
#9452=ORIENTED_EDGE('',*,*,#7384,.F.);
#9453=ORIENTED_EDGE('',*,*,#7260,.F.);
#9454=ORIENTED_EDGE('',*,*,#7247,.F.);
#9455=ORIENTED_EDGE('',*,*,#7272,.F.);
#9456=ORIENTED_EDGE('',*,*,#7120,.F.);
#9457=ORIENTED_EDGE('',*,*,#7167,.F.);
#9458=ORIENTED_EDGE('',*,*,#7385,.F.);
#9459=ORIENTED_EDGE('',*,*,#7387,.F.);
#9460=ORIENTED_EDGE('',*,*,#7298,.T.);
#9461=ORIENTED_EDGE('',*,*,#7388,.F.);
#9462=ORIENTED_EDGE('',*,*,#7389,.F.);
#9463=ORIENTED_EDGE('',*,*,#7233,.F.);
#9464=ORIENTED_EDGE('',*,*,#7326,.T.);
#9465=ORIENTED_EDGE('',*,*,#7315,.T.);
#9466=ORIENTED_EDGE('',*,*,#7223,.T.);
#9467=ORIENTED_EDGE('',*,*,#7294,.T.);
#9468=ORIENTED_EDGE('',*,*,#7380,.T.);
#9469=ORIENTED_EDGE('',*,*,#7390,.F.);
#9470=ORIENTED_EDGE('',*,*,#7391,.F.);
#9471=ORIENTED_EDGE('',*,*,#7125,.T.);
#9472=ORIENTED_EDGE('',*,*,#7340,.T.);
#9473=ORIENTED_EDGE('',*,*,#7389,.T.);
#9474=ORIENTED_EDGE('',*,*,#7392,.T.);
#9475=ORIENTED_EDGE('',*,*,#7393,.F.);
#9476=ORIENTED_EDGE('',*,*,#7234,.F.);
#9477=ORIENTED_EDGE('',*,*,#7388,.T.);
#9478=ORIENTED_EDGE('',*,*,#7297,.T.);
#9479=ORIENTED_EDGE('',*,*,#7181,.T.);
#9480=ORIENTED_EDGE('',*,*,#7394,.F.);
#9481=ORIENTED_EDGE('',*,*,#7392,.F.);
#9482=ORIENTED_EDGE('',*,*,#7379,.T.);
#9483=ORIENTED_EDGE('',*,*,#7238,.F.);
#9484=ORIENTED_EDGE('',*,*,#7395,.T.);
#9485=ORIENTED_EDGE('',*,*,#7390,.T.);
#9486=ORIENTED_EDGE('',*,*,#7394,.T.);
#9487=ORIENTED_EDGE('',*,*,#7180,.T.);
#9488=ORIENTED_EDGE('',*,*,#7149,.T.);
#9489=ORIENTED_EDGE('',*,*,#7396,.T.);
#9490=ORIENTED_EDGE('',*,*,#7235,.T.);
#9491=ORIENTED_EDGE('',*,*,#7393,.T.);
#9492=ORIENTED_EDGE('',*,*,#7397,.T.);
#9493=ORIENTED_EDGE('',*,*,#7236,.T.);
#9494=ORIENTED_EDGE('',*,*,#7396,.F.);
#9495=ORIENTED_EDGE('',*,*,#7148,.F.);
#9496=ORIENTED_EDGE('',*,*,#7105,.T.);
#9497=ORIENTED_EDGE('',*,*,#7116,.T.);
#9498=ORIENTED_EDGE('',*,*,#7365,.T.);
#9499=ORIENTED_EDGE('',*,*,#7361,.T.);
#9500=ORIENTED_EDGE('',*,*,#7102,.T.);
#9501=ORIENTED_EDGE('',*,*,#7364,.T.);
#9502=ORIENTED_EDGE('',*,*,#7366,.T.);
#9503=ORIENTED_EDGE('',*,*,#7111,.T.);
#9504=ORIENTED_EDGE('',*,*,#7174,.T.);
#9505=ORIENTED_EDGE('',*,*,#7310,.T.);
#9506=ORIENTED_EDGE('',*,*,#7307,.T.);
#9507=ORIENTED_EDGE('',*,*,#7313,.T.);
#9508=ORIENTED_EDGE('',*,*,#7170,.T.);
#9509=ORIENTED_EDGE('',*,*,#7314,.T.);
#9510=ORIENTED_EDGE('',*,*,#7311,.T.);
#9511=ORIENTED_EDGE('',*,*,#7202,.T.);
#9512=ORIENTED_EDGE('',*,*,#7204,.T.);
#9513=ORIENTED_EDGE('',*,*,#7207,.T.);
#9514=ORIENTED_EDGE('',*,*,#7212,.T.);
#9515=ORIENTED_EDGE('',*,*,#7214,.T.);
#9516=ORIENTED_EDGE('',*,*,#7251,.T.);
#9517=ORIENTED_EDGE('',*,*,#7253,.T.);
#9518=ORIENTED_EDGE('',*,*,#7256,.T.);
#9519=ORIENTED_EDGE('',*,*,#7263,.T.);
#9520=ORIENTED_EDGE('',*,*,#7273,.T.);
#9521=ORIENTED_EDGE('',*,*,#7280,.T.);
#9522=ORIENTED_EDGE('',*,*,#7278,.T.);
#9523=ORIENTED_EDGE('',*,*,#7276,.T.);
#9524=ORIENTED_EDGE('',*,*,#7285,.T.);
#9525=ORIENTED_EDGE('',*,*,#7283,.T.);
#9526=ORIENTED_EDGE('',*,*,#7281,.T.);
#9527=ORIENTED_EDGE('',*,*,#7178,.T.);
#9528=ORIENTED_EDGE('',*,*,#7286,.T.);
#9529=ORIENTED_EDGE('',*,*,#7295,.T.);
#9530=ORIENTED_EDGE('',*,*,#7292,.T.);
#9531=ORIENTED_EDGE('',*,*,#7290,.T.);
#9532=ORIENTED_EDGE('',*,*,#7299,.T.);
#9533=ORIENTED_EDGE('',*,*,#7306,.T.);
#9534=ORIENTED_EDGE('',*,*,#7304,.T.);
#9535=ORIENTED_EDGE('',*,*,#7302,.T.);
#9536=ORIENTED_EDGE('',*,*,#7323,.T.);
#9537=ORIENTED_EDGE('',*,*,#7325,.T.);
#9538=ORIENTED_EDGE('',*,*,#7320,.T.);
#9539=ORIENTED_EDGE('',*,*,#7318,.T.);
#9540=ORIENTED_EDGE('',*,*,#7327,.T.);
#9541=ORIENTED_EDGE('',*,*,#7334,.T.);
#9542=ORIENTED_EDGE('',*,*,#7332,.T.);
#9543=ORIENTED_EDGE('',*,*,#7330,.T.);
#9544=ORIENTED_EDGE('',*,*,#7337,.T.);
#9545=ORIENTED_EDGE('',*,*,#7335,.T.);
#9546=ORIENTED_EDGE('',*,*,#7141,.T.);
#9547=ORIENTED_EDGE('',*,*,#7339,.T.);
#9548=ORIENTED_EDGE('',*,*,#7346,.T.);
#9549=ORIENTED_EDGE('',*,*,#7352,.T.);
#9550=ORIENTED_EDGE('',*,*,#7350,.T.);
#9551=ORIENTED_EDGE('',*,*,#7348,.T.);
#9552=ORIENTED_EDGE('',*,*,#7353,.T.);
#9553=ORIENTED_EDGE('',*,*,#7360,.T.);
#9554=ORIENTED_EDGE('',*,*,#7358,.T.);
#9555=ORIENTED_EDGE('',*,*,#7356,.T.);
#9556=ORIENTED_EDGE('',*,*,#7371,.T.);
#9557=ORIENTED_EDGE('',*,*,#7369,.T.);
#9558=ORIENTED_EDGE('',*,*,#7376,.T.);
#9559=ORIENTED_EDGE('',*,*,#7373,.T.);
#9560=ORIENTED_EDGE('',*,*,#7381,.T.);
#9561=ORIENTED_EDGE('',*,*,#7386,.T.);
#9562=ORIENTED_EDGE('',*,*,#7391,.T.);
#9563=ORIENTED_EDGE('',*,*,#7395,.F.);
#9564=ORIENTED_EDGE('',*,*,#7237,.F.);
#9565=ORIENTED_EDGE('',*,*,#7397,.F.);
#9566=ORIENTED_EDGE('',*,*,#7147,.F.);
#9567=ORIENTED_EDGE('',*,*,#7126,.T.);
#9568=ORIENTED_EDGE('',*,*,#7398,.F.);
#9569=ORIENTED_EDGE('',*,*,#7399,.F.);
#9570=ORIENTED_EDGE('',*,*,#7400,.F.);
#9571=ORIENTED_EDGE('',*,*,#7401,.F.);
#9572=ORIENTED_EDGE('',*,*,#7402,.T.);
#9573=ORIENTED_EDGE('',*,*,#7403,.T.);
#9574=ORIENTED_EDGE('',*,*,#7404,.T.);
#9575=ORIENTED_EDGE('',*,*,#7405,.T.);
#9576=ORIENTED_EDGE('',*,*,#7406,.T.);
#9577=ORIENTED_EDGE('',*,*,#7407,.T.);
#9578=ORIENTED_EDGE('',*,*,#7408,.T.);
#9579=ORIENTED_EDGE('',*,*,#7409,.T.);
#9580=ORIENTED_EDGE('',*,*,#7410,.T.);
#9581=ORIENTED_EDGE('',*,*,#7411,.T.);
#9582=ORIENTED_EDGE('',*,*,#7412,.T.);
#9583=ORIENTED_EDGE('',*,*,#7413,.T.);
#9584=ORIENTED_EDGE('',*,*,#7414,.T.);
#9585=ORIENTED_EDGE('',*,*,#7415,.T.);
#9586=ORIENTED_EDGE('',*,*,#7416,.T.);
#9587=ORIENTED_EDGE('',*,*,#7417,.T.);
#9588=ORIENTED_EDGE('',*,*,#7418,.T.);
#9589=ORIENTED_EDGE('',*,*,#7419,.T.);
#9590=ORIENTED_EDGE('',*,*,#7420,.T.);
#9591=ORIENTED_EDGE('',*,*,#7421,.T.);
#9592=ORIENTED_EDGE('',*,*,#7422,.T.);
#9593=ORIENTED_EDGE('',*,*,#7423,.T.);
#9594=ORIENTED_EDGE('',*,*,#7424,.T.);
#9595=ORIENTED_EDGE('',*,*,#7425,.T.);
#9596=ORIENTED_EDGE('',*,*,#7426,.T.);
#9597=ORIENTED_EDGE('',*,*,#7427,.T.);
#9598=ORIENTED_EDGE('',*,*,#7428,.T.);
#9599=ORIENTED_EDGE('',*,*,#7429,.T.);
#9600=ORIENTED_EDGE('',*,*,#7430,.T.);
#9601=ORIENTED_EDGE('',*,*,#7431,.T.);
#9602=ORIENTED_EDGE('',*,*,#7432,.T.);
#9603=ORIENTED_EDGE('',*,*,#7433,.T.);
#9604=ORIENTED_EDGE('',*,*,#7434,.T.);
#9605=ORIENTED_EDGE('',*,*,#7435,.T.);
#9606=ORIENTED_EDGE('',*,*,#7436,.T.);
#9607=ORIENTED_EDGE('',*,*,#7437,.T.);
#9608=ORIENTED_EDGE('',*,*,#7438,.T.);
#9609=ORIENTED_EDGE('',*,*,#7439,.T.);
#9610=ORIENTED_EDGE('',*,*,#7440,.T.);
#9611=ORIENTED_EDGE('',*,*,#7441,.T.);
#9612=ORIENTED_EDGE('',*,*,#7442,.T.);
#9613=ORIENTED_EDGE('',*,*,#7443,.T.);
#9614=ORIENTED_EDGE('',*,*,#7444,.T.);
#9615=ORIENTED_EDGE('',*,*,#7445,.T.);
#9616=ORIENTED_EDGE('',*,*,#7446,.T.);
#9617=ORIENTED_EDGE('',*,*,#7447,.T.);
#9618=ORIENTED_EDGE('',*,*,#7448,.T.);
#9619=ORIENTED_EDGE('',*,*,#7449,.T.);
#9620=ORIENTED_EDGE('',*,*,#7450,.T.);
#9621=ORIENTED_EDGE('',*,*,#7451,.T.);
#9622=ORIENTED_EDGE('',*,*,#7452,.T.);
#9623=ORIENTED_EDGE('',*,*,#7453,.T.);
#9624=ORIENTED_EDGE('',*,*,#7454,.T.);
#9625=ORIENTED_EDGE('',*,*,#7455,.T.);
#9626=ORIENTED_EDGE('',*,*,#7456,.T.);
#9627=ORIENTED_EDGE('',*,*,#7457,.T.);
#9628=ORIENTED_EDGE('',*,*,#7458,.T.);
#9629=ORIENTED_EDGE('',*,*,#7459,.T.);
#9630=ORIENTED_EDGE('',*,*,#7460,.T.);
#9631=ORIENTED_EDGE('',*,*,#7461,.T.);
#9632=ORIENTED_EDGE('',*,*,#7462,.T.);
#9633=ORIENTED_EDGE('',*,*,#7463,.T.);
#9634=ORIENTED_EDGE('',*,*,#7464,.T.);
#9635=ORIENTED_EDGE('',*,*,#7465,.T.);
#9636=ORIENTED_EDGE('',*,*,#7466,.T.);
#9637=ORIENTED_EDGE('',*,*,#7467,.T.);
#9638=ORIENTED_EDGE('',*,*,#7468,.T.);
#9639=ORIENTED_EDGE('',*,*,#7469,.T.);
#9640=ORIENTED_EDGE('',*,*,#7470,.T.);
#9641=ORIENTED_EDGE('',*,*,#7471,.T.);
#9642=ORIENTED_EDGE('',*,*,#7472,.T.);
#9643=ORIENTED_EDGE('',*,*,#7473,.T.);
#9644=ORIENTED_EDGE('',*,*,#7474,.T.);
#9645=ORIENTED_EDGE('',*,*,#7475,.T.);
#9646=ORIENTED_EDGE('',*,*,#7476,.T.);
#9647=ORIENTED_EDGE('',*,*,#7477,.T.);
#9648=ORIENTED_EDGE('',*,*,#7478,.T.);
#9649=ORIENTED_EDGE('',*,*,#7479,.T.);
#9650=ORIENTED_EDGE('',*,*,#7480,.T.);
#9651=ORIENTED_EDGE('',*,*,#7481,.T.);
#9652=ORIENTED_EDGE('',*,*,#7399,.T.);
#9653=ORIENTED_EDGE('',*,*,#7482,.T.);
#9654=ORIENTED_EDGE('',*,*,#7483,.T.);
#9655=ORIENTED_EDGE('',*,*,#7484,.T.);
#9656=ORIENTED_EDGE('',*,*,#7401,.T.);
#9657=ORIENTED_EDGE('',*,*,#7485,.T.);
#9658=ORIENTED_EDGE('',*,*,#7486,.T.);
#9659=ORIENTED_EDGE('',*,*,#7487,.T.);
#9660=ORIENTED_EDGE('',*,*,#7488,.T.);
#9661=ORIENTED_EDGE('',*,*,#7489,.T.);
#9662=ORIENTED_EDGE('',*,*,#7490,.T.);
#9663=ORIENTED_EDGE('',*,*,#7491,.T.);
#9664=ORIENTED_EDGE('',*,*,#7492,.T.);
#9665=ORIENTED_EDGE('',*,*,#7493,.T.);
#9666=ORIENTED_EDGE('',*,*,#7494,.T.);
#9667=ORIENTED_EDGE('',*,*,#7495,.T.);
#9668=ORIENTED_EDGE('',*,*,#7496,.T.);
#9669=ORIENTED_EDGE('',*,*,#7497,.T.);
#9670=ORIENTED_EDGE('',*,*,#7498,.T.);
#9671=ORIENTED_EDGE('',*,*,#7499,.T.);
#9672=ORIENTED_EDGE('',*,*,#7500,.T.);
#9673=ORIENTED_EDGE('',*,*,#7501,.T.);
#9674=ORIENTED_EDGE('',*,*,#7502,.T.);
#9675=ORIENTED_EDGE('',*,*,#7503,.T.);
#9676=ORIENTED_EDGE('',*,*,#7504,.T.);
#9677=ORIENTED_EDGE('',*,*,#7505,.T.);
#9678=ORIENTED_EDGE('',*,*,#7506,.T.);
#9679=ORIENTED_EDGE('',*,*,#7507,.T.);
#9680=ORIENTED_EDGE('',*,*,#7508,.T.);
#9681=ORIENTED_EDGE('',*,*,#7509,.T.);
#9682=ORIENTED_EDGE('',*,*,#7504,.F.);
#9683=ORIENTED_EDGE('',*,*,#7510,.F.);
#9684=ORIENTED_EDGE('',*,*,#7508,.F.);
#9685=ORIENTED_EDGE('',*,*,#7511,.F.);
#9686=ORIENTED_EDGE('',*,*,#7398,.T.);
#9687=ORIENTED_EDGE('',*,*,#7509,.F.);
#9688=ORIENTED_EDGE('',*,*,#7511,.T.);
#9689=ORIENTED_EDGE('',*,*,#7507,.F.);
#9690=ORIENTED_EDGE('',*,*,#7512,.T.);
#9691=ORIENTED_EDGE('',*,*,#7513,.T.);
#9692=ORIENTED_EDGE('',*,*,#7514,.T.);
#9693=ORIENTED_EDGE('',*,*,#7505,.F.);
#9694=ORIENTED_EDGE('',*,*,#7510,.T.);
#9695=ORIENTED_EDGE('',*,*,#7503,.F.);
#9696=ORIENTED_EDGE('',*,*,#7515,.T.);
#9697=ORIENTED_EDGE('',*,*,#7516,.T.);
#9698=ORIENTED_EDGE('',*,*,#7517,.F.);
#9699=ORIENTED_EDGE('',*,*,#7518,.F.);
#9700=ORIENTED_EDGE('',*,*,#7519,.F.);
#9701=ORIENTED_EDGE('',*,*,#7485,.F.);
#9702=ORIENTED_EDGE('',*,*,#7400,.T.);
#9703=ORIENTED_EDGE('',*,*,#7484,.F.);
#9704=ORIENTED_EDGE('',*,*,#7520,.T.);
#9705=ORIENTED_EDGE('',*,*,#7521,.T.);
#9706=ORIENTED_EDGE('',*,*,#7522,.T.);
#9707=ORIENTED_EDGE('',*,*,#7482,.F.);
#9708=ORIENTED_EDGE('',*,*,#7519,.T.);
#9709=ORIENTED_EDGE('',*,*,#7523,.F.);
#9710=ORIENTED_EDGE('',*,*,#7486,.F.);
#9711=ORIENTED_EDGE('',*,*,#7488,.F.);
#9712=ORIENTED_EDGE('',*,*,#7524,.T.);
#9713=ORIENTED_EDGE('',*,*,#7525,.T.);
#9714=ORIENTED_EDGE('',*,*,#7526,.F.);
#9715=ORIENTED_EDGE('',*,*,#7489,.F.);
#9716=ORIENTED_EDGE('',*,*,#7526,.T.);
#9717=ORIENTED_EDGE('',*,*,#7527,.T.);
#9718=ORIENTED_EDGE('',*,*,#7528,.F.);
#9719=ORIENTED_EDGE('',*,*,#7529,.F.);
#9720=ORIENTED_EDGE('',*,*,#7527,.F.);
#9721=ORIENTED_EDGE('',*,*,#7525,.F.);
#9722=ORIENTED_EDGE('',*,*,#7530,.F.);
#9723=ORIENTED_EDGE('',*,*,#7487,.F.);
#9724=ORIENTED_EDGE('',*,*,#7523,.T.);
#9725=ORIENTED_EDGE('',*,*,#7531,.F.);
#9726=ORIENTED_EDGE('',*,*,#7532,.T.);
#9727=ORIENTED_EDGE('',*,*,#7533,.F.);
#9728=ORIENTED_EDGE('',*,*,#7530,.T.);
#9729=ORIENTED_EDGE('',*,*,#7524,.F.);
#9730=ORIENTED_EDGE('',*,*,#7492,.F.);
#9731=ORIENTED_EDGE('',*,*,#7534,.F.);
#9732=ORIENTED_EDGE('',*,*,#7535,.T.);
#9733=ORIENTED_EDGE('',*,*,#7536,.F.);
#9734=ORIENTED_EDGE('',*,*,#7537,.F.);
#9735=ORIENTED_EDGE('',*,*,#7532,.F.);
#9736=ORIENTED_EDGE('',*,*,#7538,.F.);
#9737=ORIENTED_EDGE('',*,*,#7535,.F.);
#9738=ORIENTED_EDGE('',*,*,#7500,.F.);
#9739=ORIENTED_EDGE('',*,*,#7539,.T.);
#9740=ORIENTED_EDGE('',*,*,#7540,.T.);
#9741=ORIENTED_EDGE('',*,*,#7541,.F.);
#9742=ORIENTED_EDGE('',*,*,#7542,.F.);
#9743=ORIENTED_EDGE('',*,*,#7543,.F.);
#9744=ORIENTED_EDGE('',*,*,#7544,.F.);
#9745=ORIENTED_EDGE('',*,*,#7545,.F.);
#9746=ORIENTED_EDGE('',*,*,#7546,.F.);
#9747=ORIENTED_EDGE('',*,*,#7496,.F.);
#9748=ORIENTED_EDGE('',*,*,#7547,.F.);
#9749=ORIENTED_EDGE('',*,*,#7543,.T.);
#9750=ORIENTED_EDGE('',*,*,#7548,.F.);
#9751=ORIENTED_EDGE('',*,*,#7549,.T.);
#9752=ORIENTED_EDGE('',*,*,#7539,.F.);
#9753=ORIENTED_EDGE('',*,*,#7499,.F.);
#9754=ORIENTED_EDGE('',*,*,#7502,.F.);
#9755=ORIENTED_EDGE('',*,*,#7550,.T.);
#9756=ORIENTED_EDGE('',*,*,#7515,.F.);
#9757=ORIENTED_EDGE('',*,*,#7551,.F.);
#9758=ORIENTED_EDGE('',*,*,#7545,.T.);
#9759=ORIENTED_EDGE('',*,*,#7552,.F.);
#9760=ORIENTED_EDGE('',*,*,#7550,.F.);
#9761=ORIENTED_EDGE('',*,*,#7501,.F.);
#9762=ORIENTED_EDGE('',*,*,#7541,.T.);
#9763=ORIENTED_EDGE('',*,*,#7553,.T.);
#9764=ORIENTED_EDGE('',*,*,#7554,.F.);
#9765=ORIENTED_EDGE('',*,*,#7553,.F.);
#9766=ORIENTED_EDGE('',*,*,#7540,.F.);
#9767=ORIENTED_EDGE('',*,*,#7549,.F.);
#9768=ORIENTED_EDGE('',*,*,#7552,.T.);
#9769=ORIENTED_EDGE('',*,*,#7544,.T.);
#9770=ORIENTED_EDGE('',*,*,#7547,.T.);
#9771=ORIENTED_EDGE('',*,*,#7495,.F.);
#9772=ORIENTED_EDGE('',*,*,#7555,.T.);
#9773=ORIENTED_EDGE('',*,*,#7556,.F.);
#9774=ORIENTED_EDGE('',*,*,#7516,.F.);
#9775=ORIENTED_EDGE('',*,*,#7521,.F.);
#9776=ORIENTED_EDGE('',*,*,#7557,.F.);
#9777=ORIENTED_EDGE('',*,*,#7520,.F.);
#9778=ORIENTED_EDGE('',*,*,#7483,.F.);
#9779=ORIENTED_EDGE('',*,*,#7522,.F.);
#9780=ORIENTED_EDGE('',*,*,#7557,.T.);
#9781=ORIENTED_EDGE('',*,*,#7513,.F.);
#9782=ORIENTED_EDGE('',*,*,#7558,.F.);
#9783=ORIENTED_EDGE('',*,*,#7512,.F.);
#9784=ORIENTED_EDGE('',*,*,#7506,.F.);
#9785=ORIENTED_EDGE('',*,*,#7514,.F.);
#9786=ORIENTED_EDGE('',*,*,#7558,.T.);
#9787=ORIENTED_EDGE('',*,*,#7481,.F.);
#9788=ORIENTED_EDGE('',*,*,#7559,.T.);
#9789=ORIENTED_EDGE('',*,*,#7560,.F.);
#9790=ORIENTED_EDGE('',*,*,#7559,.F.);
#9791=ORIENTED_EDGE('',*,*,#7480,.F.);
#9792=ORIENTED_EDGE('',*,*,#7561,.T.);
#9793=ORIENTED_EDGE('',*,*,#7562,.F.);
#9794=ORIENTED_EDGE('',*,*,#7561,.F.);
#9795=ORIENTED_EDGE('',*,*,#7548,.T.);
#9796=ORIENTED_EDGE('',*,*,#7498,.F.);
#9797=ORIENTED_EDGE('',*,*,#7563,.T.);
#9798=ORIENTED_EDGE('',*,*,#7564,.F.);
#9799=ORIENTED_EDGE('',*,*,#7563,.F.);
#9800=ORIENTED_EDGE('',*,*,#7497,.F.);
#9801=ORIENTED_EDGE('',*,*,#7546,.T.);
#9802=ORIENTED_EDGE('',*,*,#7542,.T.);
#9803=ORIENTED_EDGE('',*,*,#7551,.T.);
#9804=ORIENTED_EDGE('',*,*,#7554,.T.);
#9805=ORIENTED_EDGE('',*,*,#7534,.T.);
#9806=ORIENTED_EDGE('',*,*,#7491,.F.);
#9807=ORIENTED_EDGE('',*,*,#7565,.T.);
#9808=ORIENTED_EDGE('',*,*,#7566,.F.);
#9809=ORIENTED_EDGE('',*,*,#7565,.F.);
#9810=ORIENTED_EDGE('',*,*,#7490,.F.);
#9811=ORIENTED_EDGE('',*,*,#7528,.T.);
#9812=ORIENTED_EDGE('',*,*,#7529,.T.);
#9813=ORIENTED_EDGE('',*,*,#7533,.T.);
#9814=ORIENTED_EDGE('',*,*,#7537,.T.);
#9815=ORIENTED_EDGE('',*,*,#7567,.F.);
#9816=ORIENTED_EDGE('',*,*,#7555,.F.);
#9817=ORIENTED_EDGE('',*,*,#7494,.F.);
#9818=ORIENTED_EDGE('',*,*,#7568,.T.);
#9819=ORIENTED_EDGE('',*,*,#7531,.T.);
#9820=ORIENTED_EDGE('',*,*,#7518,.T.);
#9821=ORIENTED_EDGE('',*,*,#7569,.F.);
#9822=ORIENTED_EDGE('',*,*,#7568,.F.);
#9823=ORIENTED_EDGE('',*,*,#7493,.F.);
#9824=ORIENTED_EDGE('',*,*,#7536,.T.);
#9825=ORIENTED_EDGE('',*,*,#7538,.T.);
#9826=ORIENTED_EDGE('',*,*,#7570,.F.);
#9827=ORIENTED_EDGE('',*,*,#7571,.F.);
#9828=ORIENTED_EDGE('',*,*,#7478,.F.);
#9829=ORIENTED_EDGE('',*,*,#7572,.T.);
#9830=ORIENTED_EDGE('',*,*,#7573,.F.);
#9831=ORIENTED_EDGE('',*,*,#7572,.F.);
#9832=ORIENTED_EDGE('',*,*,#7477,.F.);
#9833=ORIENTED_EDGE('',*,*,#7574,.T.);
#9834=ORIENTED_EDGE('',*,*,#7575,.F.);
#9835=ORIENTED_EDGE('',*,*,#7574,.F.);
#9836=ORIENTED_EDGE('',*,*,#7476,.F.);
#9837=ORIENTED_EDGE('',*,*,#7576,.T.);
#9838=ORIENTED_EDGE('',*,*,#7577,.F.);
#9839=ORIENTED_EDGE('',*,*,#7576,.F.);
#9840=ORIENTED_EDGE('',*,*,#7479,.F.);
#9841=ORIENTED_EDGE('',*,*,#7571,.T.);
#9842=ORIENTED_EDGE('',*,*,#7578,.F.);
#9843=ORIENTED_EDGE('',*,*,#7579,.F.);
#9844=ORIENTED_EDGE('',*,*,#7474,.F.);
#9845=ORIENTED_EDGE('',*,*,#7580,.T.);
#9846=ORIENTED_EDGE('',*,*,#7581,.F.);
#9847=ORIENTED_EDGE('',*,*,#7580,.F.);
#9848=ORIENTED_EDGE('',*,*,#7473,.F.);
#9849=ORIENTED_EDGE('',*,*,#7582,.T.);
#9850=ORIENTED_EDGE('',*,*,#7583,.F.);
#9851=ORIENTED_EDGE('',*,*,#7582,.F.);
#9852=ORIENTED_EDGE('',*,*,#7472,.F.);
#9853=ORIENTED_EDGE('',*,*,#7584,.T.);
#9854=ORIENTED_EDGE('',*,*,#7585,.F.);
#9855=ORIENTED_EDGE('',*,*,#7584,.F.);
#9856=ORIENTED_EDGE('',*,*,#7475,.F.);
#9857=ORIENTED_EDGE('',*,*,#7579,.T.);
#9858=ORIENTED_EDGE('',*,*,#7586,.F.);
#9859=ORIENTED_EDGE('',*,*,#7587,.F.);
#9860=ORIENTED_EDGE('',*,*,#7470,.F.);
#9861=ORIENTED_EDGE('',*,*,#7588,.T.);
#9862=ORIENTED_EDGE('',*,*,#7589,.F.);
#9863=ORIENTED_EDGE('',*,*,#7588,.F.);
#9864=ORIENTED_EDGE('',*,*,#7469,.F.);
#9865=ORIENTED_EDGE('',*,*,#7590,.T.);
#9866=ORIENTED_EDGE('',*,*,#7591,.F.);
#9867=ORIENTED_EDGE('',*,*,#7590,.F.);
#9868=ORIENTED_EDGE('',*,*,#7468,.F.);
#9869=ORIENTED_EDGE('',*,*,#7592,.T.);
#9870=ORIENTED_EDGE('',*,*,#7593,.F.);
#9871=ORIENTED_EDGE('',*,*,#7592,.F.);
#9872=ORIENTED_EDGE('',*,*,#7471,.F.);
#9873=ORIENTED_EDGE('',*,*,#7587,.T.);
#9874=ORIENTED_EDGE('',*,*,#7594,.F.);
#9875=ORIENTED_EDGE('',*,*,#7595,.F.);
#9876=ORIENTED_EDGE('',*,*,#7466,.F.);
#9877=ORIENTED_EDGE('',*,*,#7596,.T.);
#9878=ORIENTED_EDGE('',*,*,#7597,.F.);
#9879=ORIENTED_EDGE('',*,*,#7596,.F.);
#9880=ORIENTED_EDGE('',*,*,#7465,.F.);
#9881=ORIENTED_EDGE('',*,*,#7598,.T.);
#9882=ORIENTED_EDGE('',*,*,#7599,.F.);
#9883=ORIENTED_EDGE('',*,*,#7598,.F.);
#9884=ORIENTED_EDGE('',*,*,#7464,.F.);
#9885=ORIENTED_EDGE('',*,*,#7600,.T.);
#9886=ORIENTED_EDGE('',*,*,#7601,.F.);
#9887=ORIENTED_EDGE('',*,*,#7600,.F.);
#9888=ORIENTED_EDGE('',*,*,#7467,.F.);
#9889=ORIENTED_EDGE('',*,*,#7595,.T.);
#9890=ORIENTED_EDGE('',*,*,#7602,.F.);
#9891=ORIENTED_EDGE('',*,*,#7603,.F.);
#9892=ORIENTED_EDGE('',*,*,#7462,.F.);
#9893=ORIENTED_EDGE('',*,*,#7604,.T.);
#9894=ORIENTED_EDGE('',*,*,#7605,.F.);
#9895=ORIENTED_EDGE('',*,*,#7604,.F.);
#9896=ORIENTED_EDGE('',*,*,#7461,.F.);
#9897=ORIENTED_EDGE('',*,*,#7606,.T.);
#9898=ORIENTED_EDGE('',*,*,#7607,.F.);
#9899=ORIENTED_EDGE('',*,*,#7606,.F.);
#9900=ORIENTED_EDGE('',*,*,#7460,.F.);
#9901=ORIENTED_EDGE('',*,*,#7608,.T.);
#9902=ORIENTED_EDGE('',*,*,#7609,.F.);
#9903=ORIENTED_EDGE('',*,*,#7608,.F.);
#9904=ORIENTED_EDGE('',*,*,#7463,.F.);
#9905=ORIENTED_EDGE('',*,*,#7603,.T.);
#9906=ORIENTED_EDGE('',*,*,#7610,.F.);
#9907=ORIENTED_EDGE('',*,*,#7611,.F.);
#9908=ORIENTED_EDGE('',*,*,#7458,.F.);
#9909=ORIENTED_EDGE('',*,*,#7612,.T.);
#9910=ORIENTED_EDGE('',*,*,#7613,.F.);
#9911=ORIENTED_EDGE('',*,*,#7612,.F.);
#9912=ORIENTED_EDGE('',*,*,#7457,.F.);
#9913=ORIENTED_EDGE('',*,*,#7614,.T.);
#9914=ORIENTED_EDGE('',*,*,#7615,.F.);
#9915=ORIENTED_EDGE('',*,*,#7614,.F.);
#9916=ORIENTED_EDGE('',*,*,#7456,.F.);
#9917=ORIENTED_EDGE('',*,*,#7616,.T.);
#9918=ORIENTED_EDGE('',*,*,#7617,.F.);
#9919=ORIENTED_EDGE('',*,*,#7616,.F.);
#9920=ORIENTED_EDGE('',*,*,#7459,.F.);
#9921=ORIENTED_EDGE('',*,*,#7611,.T.);
#9922=ORIENTED_EDGE('',*,*,#7618,.F.);
#9923=ORIENTED_EDGE('',*,*,#7619,.F.);
#9924=ORIENTED_EDGE('',*,*,#7454,.F.);
#9925=ORIENTED_EDGE('',*,*,#7620,.T.);
#9926=ORIENTED_EDGE('',*,*,#7621,.F.);
#9927=ORIENTED_EDGE('',*,*,#7620,.F.);
#9928=ORIENTED_EDGE('',*,*,#7453,.F.);
#9929=ORIENTED_EDGE('',*,*,#7622,.T.);
#9930=ORIENTED_EDGE('',*,*,#7623,.F.);
#9931=ORIENTED_EDGE('',*,*,#7622,.F.);
#9932=ORIENTED_EDGE('',*,*,#7452,.F.);
#9933=ORIENTED_EDGE('',*,*,#7624,.T.);
#9934=ORIENTED_EDGE('',*,*,#7625,.F.);
#9935=ORIENTED_EDGE('',*,*,#7624,.F.);
#9936=ORIENTED_EDGE('',*,*,#7455,.F.);
#9937=ORIENTED_EDGE('',*,*,#7619,.T.);
#9938=ORIENTED_EDGE('',*,*,#7626,.F.);
#9939=ORIENTED_EDGE('',*,*,#7627,.F.);
#9940=ORIENTED_EDGE('',*,*,#7450,.F.);
#9941=ORIENTED_EDGE('',*,*,#7628,.T.);
#9942=ORIENTED_EDGE('',*,*,#7629,.F.);
#9943=ORIENTED_EDGE('',*,*,#7628,.F.);
#9944=ORIENTED_EDGE('',*,*,#7449,.F.);
#9945=ORIENTED_EDGE('',*,*,#7630,.T.);
#9946=ORIENTED_EDGE('',*,*,#7631,.F.);
#9947=ORIENTED_EDGE('',*,*,#7630,.F.);
#9948=ORIENTED_EDGE('',*,*,#7448,.F.);
#9949=ORIENTED_EDGE('',*,*,#7632,.T.);
#9950=ORIENTED_EDGE('',*,*,#7633,.F.);
#9951=ORIENTED_EDGE('',*,*,#7632,.F.);
#9952=ORIENTED_EDGE('',*,*,#7451,.F.);
#9953=ORIENTED_EDGE('',*,*,#7627,.T.);
#9954=ORIENTED_EDGE('',*,*,#7634,.F.);
#9955=ORIENTED_EDGE('',*,*,#7635,.F.);
#9956=ORIENTED_EDGE('',*,*,#7446,.F.);
#9957=ORIENTED_EDGE('',*,*,#7636,.T.);
#9958=ORIENTED_EDGE('',*,*,#7637,.F.);
#9959=ORIENTED_EDGE('',*,*,#7636,.F.);
#9960=ORIENTED_EDGE('',*,*,#7445,.F.);
#9961=ORIENTED_EDGE('',*,*,#7638,.T.);
#9962=ORIENTED_EDGE('',*,*,#7639,.F.);
#9963=ORIENTED_EDGE('',*,*,#7638,.F.);
#9964=ORIENTED_EDGE('',*,*,#7444,.F.);
#9965=ORIENTED_EDGE('',*,*,#7640,.T.);
#9966=ORIENTED_EDGE('',*,*,#7641,.F.);
#9967=ORIENTED_EDGE('',*,*,#7640,.F.);
#9968=ORIENTED_EDGE('',*,*,#7447,.F.);
#9969=ORIENTED_EDGE('',*,*,#7635,.T.);
#9970=ORIENTED_EDGE('',*,*,#7642,.F.);
#9971=ORIENTED_EDGE('',*,*,#7643,.F.);
#9972=ORIENTED_EDGE('',*,*,#7442,.F.);
#9973=ORIENTED_EDGE('',*,*,#7644,.T.);
#9974=ORIENTED_EDGE('',*,*,#7645,.F.);
#9975=ORIENTED_EDGE('',*,*,#7644,.F.);
#9976=ORIENTED_EDGE('',*,*,#7441,.F.);
#9977=ORIENTED_EDGE('',*,*,#7646,.T.);
#9978=ORIENTED_EDGE('',*,*,#7647,.F.);
#9979=ORIENTED_EDGE('',*,*,#7646,.F.);
#9980=ORIENTED_EDGE('',*,*,#7440,.F.);
#9981=ORIENTED_EDGE('',*,*,#7648,.T.);
#9982=ORIENTED_EDGE('',*,*,#7649,.F.);
#9983=ORIENTED_EDGE('',*,*,#7648,.F.);
#9984=ORIENTED_EDGE('',*,*,#7443,.F.);
#9985=ORIENTED_EDGE('',*,*,#7643,.T.);
#9986=ORIENTED_EDGE('',*,*,#7650,.F.);
#9987=ORIENTED_EDGE('',*,*,#7651,.F.);
#9988=ORIENTED_EDGE('',*,*,#7438,.F.);
#9989=ORIENTED_EDGE('',*,*,#7652,.T.);
#9990=ORIENTED_EDGE('',*,*,#7653,.F.);
#9991=ORIENTED_EDGE('',*,*,#7652,.F.);
#9992=ORIENTED_EDGE('',*,*,#7437,.F.);
#9993=ORIENTED_EDGE('',*,*,#7654,.T.);
#9994=ORIENTED_EDGE('',*,*,#7655,.F.);
#9995=ORIENTED_EDGE('',*,*,#7654,.F.);
#9996=ORIENTED_EDGE('',*,*,#7436,.F.);
#9997=ORIENTED_EDGE('',*,*,#7656,.T.);
#9998=ORIENTED_EDGE('',*,*,#7657,.F.);
#9999=ORIENTED_EDGE('',*,*,#7656,.F.);
#10000=ORIENTED_EDGE('',*,*,#7439,.F.);
#10001=ORIENTED_EDGE('',*,*,#7651,.T.);
#10002=ORIENTED_EDGE('',*,*,#7658,.F.);
#10003=ORIENTED_EDGE('',*,*,#7659,.F.);
#10004=ORIENTED_EDGE('',*,*,#7434,.F.);
#10005=ORIENTED_EDGE('',*,*,#7660,.T.);
#10006=ORIENTED_EDGE('',*,*,#7661,.F.);
#10007=ORIENTED_EDGE('',*,*,#7660,.F.);
#10008=ORIENTED_EDGE('',*,*,#7433,.F.);
#10009=ORIENTED_EDGE('',*,*,#7662,.T.);
#10010=ORIENTED_EDGE('',*,*,#7663,.F.);
#10011=ORIENTED_EDGE('',*,*,#7662,.F.);
#10012=ORIENTED_EDGE('',*,*,#7432,.F.);
#10013=ORIENTED_EDGE('',*,*,#7664,.T.);
#10014=ORIENTED_EDGE('',*,*,#7665,.F.);
#10015=ORIENTED_EDGE('',*,*,#7664,.F.);
#10016=ORIENTED_EDGE('',*,*,#7435,.F.);
#10017=ORIENTED_EDGE('',*,*,#7659,.T.);
#10018=ORIENTED_EDGE('',*,*,#7666,.F.);
#10019=ORIENTED_EDGE('',*,*,#7667,.F.);
#10020=ORIENTED_EDGE('',*,*,#7430,.F.);
#10021=ORIENTED_EDGE('',*,*,#7668,.T.);
#10022=ORIENTED_EDGE('',*,*,#7669,.F.);
#10023=ORIENTED_EDGE('',*,*,#7668,.F.);
#10024=ORIENTED_EDGE('',*,*,#7429,.F.);
#10025=ORIENTED_EDGE('',*,*,#7670,.T.);
#10026=ORIENTED_EDGE('',*,*,#7671,.F.);
#10027=ORIENTED_EDGE('',*,*,#7670,.F.);
#10028=ORIENTED_EDGE('',*,*,#7428,.F.);
#10029=ORIENTED_EDGE('',*,*,#7672,.T.);
#10030=ORIENTED_EDGE('',*,*,#7673,.F.);
#10031=ORIENTED_EDGE('',*,*,#7672,.F.);
#10032=ORIENTED_EDGE('',*,*,#7431,.F.);
#10033=ORIENTED_EDGE('',*,*,#7667,.T.);
#10034=ORIENTED_EDGE('',*,*,#7674,.F.);
#10035=ORIENTED_EDGE('',*,*,#7675,.F.);
#10036=ORIENTED_EDGE('',*,*,#7426,.F.);
#10037=ORIENTED_EDGE('',*,*,#7676,.T.);
#10038=ORIENTED_EDGE('',*,*,#7677,.F.);
#10039=ORIENTED_EDGE('',*,*,#7676,.F.);
#10040=ORIENTED_EDGE('',*,*,#7425,.F.);
#10041=ORIENTED_EDGE('',*,*,#7678,.T.);
#10042=ORIENTED_EDGE('',*,*,#7679,.F.);
#10043=ORIENTED_EDGE('',*,*,#7678,.F.);
#10044=ORIENTED_EDGE('',*,*,#7424,.F.);
#10045=ORIENTED_EDGE('',*,*,#7680,.T.);
#10046=ORIENTED_EDGE('',*,*,#7681,.F.);
#10047=ORIENTED_EDGE('',*,*,#7680,.F.);
#10048=ORIENTED_EDGE('',*,*,#7427,.F.);
#10049=ORIENTED_EDGE('',*,*,#7675,.T.);
#10050=ORIENTED_EDGE('',*,*,#7422,.F.);
#10051=ORIENTED_EDGE('',*,*,#7682,.F.);
#10052=ORIENTED_EDGE('',*,*,#7683,.F.);
#10053=ORIENTED_EDGE('',*,*,#7684,.T.);
#10054=ORIENTED_EDGE('',*,*,#7423,.F.);
#10055=ORIENTED_EDGE('',*,*,#7684,.F.);
#10056=ORIENTED_EDGE('',*,*,#7685,.F.);
#10057=ORIENTED_EDGE('',*,*,#7686,.T.);
#10058=ORIENTED_EDGE('',*,*,#7420,.F.);
#10059=ORIENTED_EDGE('',*,*,#7686,.F.);
#10060=ORIENTED_EDGE('',*,*,#7687,.F.);
#10061=ORIENTED_EDGE('',*,*,#7688,.T.);
#10062=ORIENTED_EDGE('',*,*,#7421,.F.);
#10063=ORIENTED_EDGE('',*,*,#7688,.F.);
#10064=ORIENTED_EDGE('',*,*,#7689,.F.);
#10065=ORIENTED_EDGE('',*,*,#7682,.T.);
#10066=ORIENTED_EDGE('',*,*,#7418,.F.);
#10067=ORIENTED_EDGE('',*,*,#7690,.F.);
#10068=ORIENTED_EDGE('',*,*,#7691,.F.);
#10069=ORIENTED_EDGE('',*,*,#7692,.T.);
#10070=ORIENTED_EDGE('',*,*,#7419,.F.);
#10071=ORIENTED_EDGE('',*,*,#7692,.F.);
#10072=ORIENTED_EDGE('',*,*,#7693,.F.);
#10073=ORIENTED_EDGE('',*,*,#7694,.T.);
#10074=ORIENTED_EDGE('',*,*,#7416,.F.);
#10075=ORIENTED_EDGE('',*,*,#7694,.F.);
#10076=ORIENTED_EDGE('',*,*,#7695,.F.);
#10077=ORIENTED_EDGE('',*,*,#7696,.T.);
#10078=ORIENTED_EDGE('',*,*,#7417,.F.);
#10079=ORIENTED_EDGE('',*,*,#7696,.F.);
#10080=ORIENTED_EDGE('',*,*,#7697,.F.);
#10081=ORIENTED_EDGE('',*,*,#7690,.T.);
#10082=ORIENTED_EDGE('',*,*,#7413,.F.);
#10083=ORIENTED_EDGE('',*,*,#7698,.F.);
#10084=ORIENTED_EDGE('',*,*,#7699,.F.);
#10085=ORIENTED_EDGE('',*,*,#7700,.T.);
#10086=ORIENTED_EDGE('',*,*,#7414,.F.);
#10087=ORIENTED_EDGE('',*,*,#7700,.F.);
#10088=ORIENTED_EDGE('',*,*,#7701,.F.);
#10089=ORIENTED_EDGE('',*,*,#7702,.T.);
#10090=ORIENTED_EDGE('',*,*,#7415,.F.);
#10091=ORIENTED_EDGE('',*,*,#7702,.F.);
#10092=ORIENTED_EDGE('',*,*,#7703,.F.);
#10093=ORIENTED_EDGE('',*,*,#7704,.T.);
#10094=ORIENTED_EDGE('',*,*,#7410,.F.);
#10095=ORIENTED_EDGE('',*,*,#7704,.F.);
#10096=ORIENTED_EDGE('',*,*,#7705,.F.);
#10097=ORIENTED_EDGE('',*,*,#7706,.T.);
#10098=ORIENTED_EDGE('',*,*,#7411,.F.);
#10099=ORIENTED_EDGE('',*,*,#7706,.F.);
#10100=ORIENTED_EDGE('',*,*,#7707,.F.);
#10101=ORIENTED_EDGE('',*,*,#7708,.T.);
#10102=ORIENTED_EDGE('',*,*,#7412,.F.);
#10103=ORIENTED_EDGE('',*,*,#7708,.F.);
#10104=ORIENTED_EDGE('',*,*,#7709,.F.);
#10105=ORIENTED_EDGE('',*,*,#7698,.T.);
#10106=ORIENTED_EDGE('',*,*,#7408,.F.);
#10107=ORIENTED_EDGE('',*,*,#7710,.F.);
#10108=ORIENTED_EDGE('',*,*,#7711,.F.);
#10109=ORIENTED_EDGE('',*,*,#7712,.T.);
#10110=ORIENTED_EDGE('',*,*,#7409,.F.);
#10111=ORIENTED_EDGE('',*,*,#7712,.F.);
#10112=ORIENTED_EDGE('',*,*,#7713,.F.);
#10113=ORIENTED_EDGE('',*,*,#7714,.T.);
#10114=ORIENTED_EDGE('',*,*,#7406,.F.);
#10115=ORIENTED_EDGE('',*,*,#7714,.F.);
#10116=ORIENTED_EDGE('',*,*,#7715,.F.);
#10117=ORIENTED_EDGE('',*,*,#7716,.T.);
#10118=ORIENTED_EDGE('',*,*,#7407,.F.);
#10119=ORIENTED_EDGE('',*,*,#7716,.F.);
#10120=ORIENTED_EDGE('',*,*,#7717,.F.);
#10121=ORIENTED_EDGE('',*,*,#7710,.T.);
#10122=ORIENTED_EDGE('',*,*,#7718,.T.);
#10123=ORIENTED_EDGE('',*,*,#7719,.T.);
#10124=ORIENTED_EDGE('',*,*,#7405,.F.);
#10125=ORIENTED_EDGE('',*,*,#7720,.F.);
#10126=ORIENTED_EDGE('',*,*,#7721,.T.);
#10127=ORIENTED_EDGE('',*,*,#7720,.T.);
#10128=ORIENTED_EDGE('',*,*,#7404,.F.);
#10129=ORIENTED_EDGE('',*,*,#7722,.F.);
#10130=ORIENTED_EDGE('',*,*,#7723,.T.);
#10131=ORIENTED_EDGE('',*,*,#7722,.T.);
#10132=ORIENTED_EDGE('',*,*,#7403,.F.);
#10133=ORIENTED_EDGE('',*,*,#7724,.F.);
#10134=ORIENTED_EDGE('',*,*,#7725,.T.);
#10135=ORIENTED_EDGE('',*,*,#7724,.T.);
#10136=ORIENTED_EDGE('',*,*,#7402,.F.);
#10137=ORIENTED_EDGE('',*,*,#7719,.F.);
#10138=ORIENTED_EDGE('',*,*,#7725,.F.);
#10139=ORIENTED_EDGE('',*,*,#7718,.F.);
#10140=ORIENTED_EDGE('',*,*,#7721,.F.);
#10141=ORIENTED_EDGE('',*,*,#7723,.F.);
#10142=ORIENTED_EDGE('',*,*,#7560,.T.);
#10143=ORIENTED_EDGE('',*,*,#7562,.T.);
#10144=ORIENTED_EDGE('',*,*,#7564,.T.);
#10145=ORIENTED_EDGE('',*,*,#7566,.T.);
#10146=ORIENTED_EDGE('',*,*,#7567,.T.);
#10147=ORIENTED_EDGE('',*,*,#7569,.T.);
#10148=ORIENTED_EDGE('',*,*,#7517,.T.);
#10149=ORIENTED_EDGE('',*,*,#7556,.T.);
#10150=ORIENTED_EDGE('',*,*,#7575,.T.);
#10151=ORIENTED_EDGE('',*,*,#7577,.T.);
#10152=ORIENTED_EDGE('',*,*,#7570,.T.);
#10153=ORIENTED_EDGE('',*,*,#7573,.T.);
#10154=ORIENTED_EDGE('',*,*,#7583,.T.);
#10155=ORIENTED_EDGE('',*,*,#7585,.T.);
#10156=ORIENTED_EDGE('',*,*,#7578,.T.);
#10157=ORIENTED_EDGE('',*,*,#7581,.T.);
#10158=ORIENTED_EDGE('',*,*,#7591,.T.);
#10159=ORIENTED_EDGE('',*,*,#7593,.T.);
#10160=ORIENTED_EDGE('',*,*,#7586,.T.);
#10161=ORIENTED_EDGE('',*,*,#7589,.T.);
#10162=ORIENTED_EDGE('',*,*,#7599,.T.);
#10163=ORIENTED_EDGE('',*,*,#7601,.T.);
#10164=ORIENTED_EDGE('',*,*,#7594,.T.);
#10165=ORIENTED_EDGE('',*,*,#7597,.T.);
#10166=ORIENTED_EDGE('',*,*,#7607,.T.);
#10167=ORIENTED_EDGE('',*,*,#7609,.T.);
#10168=ORIENTED_EDGE('',*,*,#7602,.T.);
#10169=ORIENTED_EDGE('',*,*,#7605,.T.);
#10170=ORIENTED_EDGE('',*,*,#7615,.T.);
#10171=ORIENTED_EDGE('',*,*,#7617,.T.);
#10172=ORIENTED_EDGE('',*,*,#7610,.T.);
#10173=ORIENTED_EDGE('',*,*,#7613,.T.);
#10174=ORIENTED_EDGE('',*,*,#7623,.T.);
#10175=ORIENTED_EDGE('',*,*,#7625,.T.);
#10176=ORIENTED_EDGE('',*,*,#7618,.T.);
#10177=ORIENTED_EDGE('',*,*,#7621,.T.);
#10178=ORIENTED_EDGE('',*,*,#7631,.T.);
#10179=ORIENTED_EDGE('',*,*,#7633,.T.);
#10180=ORIENTED_EDGE('',*,*,#7626,.T.);
#10181=ORIENTED_EDGE('',*,*,#7629,.T.);
#10182=ORIENTED_EDGE('',*,*,#7639,.T.);
#10183=ORIENTED_EDGE('',*,*,#7641,.T.);
#10184=ORIENTED_EDGE('',*,*,#7634,.T.);
#10185=ORIENTED_EDGE('',*,*,#7637,.T.);
#10186=ORIENTED_EDGE('',*,*,#7647,.T.);
#10187=ORIENTED_EDGE('',*,*,#7649,.T.);
#10188=ORIENTED_EDGE('',*,*,#7642,.T.);
#10189=ORIENTED_EDGE('',*,*,#7645,.T.);
#10190=ORIENTED_EDGE('',*,*,#7655,.T.);
#10191=ORIENTED_EDGE('',*,*,#7657,.T.);
#10192=ORIENTED_EDGE('',*,*,#7650,.T.);
#10193=ORIENTED_EDGE('',*,*,#7653,.T.);
#10194=ORIENTED_EDGE('',*,*,#7663,.T.);
#10195=ORIENTED_EDGE('',*,*,#7665,.T.);
#10196=ORIENTED_EDGE('',*,*,#7658,.T.);
#10197=ORIENTED_EDGE('',*,*,#7661,.T.);
#10198=ORIENTED_EDGE('',*,*,#7671,.T.);
#10199=ORIENTED_EDGE('',*,*,#7673,.T.);
#10200=ORIENTED_EDGE('',*,*,#7666,.T.);
#10201=ORIENTED_EDGE('',*,*,#7669,.T.);
#10202=ORIENTED_EDGE('',*,*,#7679,.T.);
#10203=ORIENTED_EDGE('',*,*,#7681,.T.);
#10204=ORIENTED_EDGE('',*,*,#7674,.T.);
#10205=ORIENTED_EDGE('',*,*,#7677,.T.);
#10206=ORIENTED_EDGE('',*,*,#7687,.T.);
#10207=ORIENTED_EDGE('',*,*,#7685,.T.);
#10208=ORIENTED_EDGE('',*,*,#7683,.T.);
#10209=ORIENTED_EDGE('',*,*,#7689,.T.);
#10210=ORIENTED_EDGE('',*,*,#7695,.T.);
#10211=ORIENTED_EDGE('',*,*,#7693,.T.);
#10212=ORIENTED_EDGE('',*,*,#7691,.T.);
#10213=ORIENTED_EDGE('',*,*,#7697,.T.);
#10214=ORIENTED_EDGE('',*,*,#7705,.T.);
#10215=ORIENTED_EDGE('',*,*,#7703,.T.);
#10216=ORIENTED_EDGE('',*,*,#7701,.T.);
#10217=ORIENTED_EDGE('',*,*,#7699,.T.);
#10218=ORIENTED_EDGE('',*,*,#7709,.T.);
#10219=ORIENTED_EDGE('',*,*,#7707,.T.);
#10220=ORIENTED_EDGE('',*,*,#7715,.T.);
#10221=ORIENTED_EDGE('',*,*,#7713,.T.);
#10222=ORIENTED_EDGE('',*,*,#7711,.T.);
#10223=ORIENTED_EDGE('',*,*,#7717,.T.);
#10224=ORIENTED_EDGE('',*,*,#7726,.T.);
#10225=ORIENTED_EDGE('',*,*,#7727,.T.);
#10226=ORIENTED_EDGE('',*,*,#7728,.T.);
#10227=ORIENTED_EDGE('',*,*,#7729,.T.);
#10228=ORIENTED_EDGE('',*,*,#7730,.T.);
#10229=ORIENTED_EDGE('',*,*,#7731,.T.);
#10230=ORIENTED_EDGE('',*,*,#7732,.T.);
#10231=ORIENTED_EDGE('',*,*,#7733,.T.);
#10232=ORIENTED_EDGE('',*,*,#7734,.T.);
#10233=ORIENTED_EDGE('',*,*,#7735,.T.);
#10234=ORIENTED_EDGE('',*,*,#7736,.T.);
#10235=ORIENTED_EDGE('',*,*,#7737,.T.);
#10236=ORIENTED_EDGE('',*,*,#7738,.T.);
#10237=ORIENTED_EDGE('',*,*,#7739,.T.);
#10238=ORIENTED_EDGE('',*,*,#7740,.T.);
#10239=ORIENTED_EDGE('',*,*,#7741,.T.);
#10240=ORIENTED_EDGE('',*,*,#7742,.T.);
#10241=ORIENTED_EDGE('',*,*,#7743,.T.);
#10242=ORIENTED_EDGE('',*,*,#7744,.T.);
#10243=ORIENTED_EDGE('',*,*,#7745,.T.);
#10244=ORIENTED_EDGE('',*,*,#7746,.F.);
#10245=ORIENTED_EDGE('',*,*,#7747,.F.);
#10246=ORIENTED_EDGE('',*,*,#7748,.F.);
#10247=ORIENTED_EDGE('',*,*,#7749,.T.);
#10248=ORIENTED_EDGE('',*,*,#7750,.F.);
#10249=ORIENTED_EDGE('',*,*,#7749,.F.);
#10250=ORIENTED_EDGE('',*,*,#7751,.F.);
#10251=ORIENTED_EDGE('',*,*,#7752,.T.);
#10252=ORIENTED_EDGE('',*,*,#7753,.F.);
#10253=ORIENTED_EDGE('',*,*,#7752,.F.);
#10254=ORIENTED_EDGE('',*,*,#7754,.F.);
#10255=ORIENTED_EDGE('',*,*,#7755,.T.);
#10256=ORIENTED_EDGE('',*,*,#7756,.F.);
#10257=ORIENTED_EDGE('',*,*,#7755,.F.);
#10258=ORIENTED_EDGE('',*,*,#7757,.F.);
#10259=ORIENTED_EDGE('',*,*,#7758,.T.);
#10260=ORIENTED_EDGE('',*,*,#7759,.F.);
#10261=ORIENTED_EDGE('',*,*,#7758,.F.);
#10262=ORIENTED_EDGE('',*,*,#7760,.F.);
#10263=ORIENTED_EDGE('',*,*,#7761,.T.);
#10264=ORIENTED_EDGE('',*,*,#7762,.F.);
#10265=ORIENTED_EDGE('',*,*,#7761,.F.);
#10266=ORIENTED_EDGE('',*,*,#7763,.F.);
#10267=ORIENTED_EDGE('',*,*,#7747,.T.);
#10268=ORIENTED_EDGE('',*,*,#7764,.F.);
#10269=ORIENTED_EDGE('',*,*,#7765,.F.);
#10270=ORIENTED_EDGE('',*,*,#7766,.F.);
#10271=ORIENTED_EDGE('',*,*,#7767,.T.);
#10272=ORIENTED_EDGE('',*,*,#7768,.F.);
#10273=ORIENTED_EDGE('',*,*,#7767,.F.);
#10274=ORIENTED_EDGE('',*,*,#7769,.F.);
#10275=ORIENTED_EDGE('',*,*,#7770,.T.);
#10276=ORIENTED_EDGE('',*,*,#7771,.F.);
#10277=ORIENTED_EDGE('',*,*,#7770,.F.);
#10278=ORIENTED_EDGE('',*,*,#7772,.F.);
#10279=ORIENTED_EDGE('',*,*,#7773,.T.);
#10280=ORIENTED_EDGE('',*,*,#7774,.F.);
#10281=ORIENTED_EDGE('',*,*,#7773,.F.);
#10282=ORIENTED_EDGE('',*,*,#7775,.F.);
#10283=ORIENTED_EDGE('',*,*,#7776,.T.);
#10284=ORIENTED_EDGE('',*,*,#7777,.F.);
#10285=ORIENTED_EDGE('',*,*,#7776,.F.);
#10286=ORIENTED_EDGE('',*,*,#7778,.F.);
#10287=ORIENTED_EDGE('',*,*,#7779,.T.);
#10288=ORIENTED_EDGE('',*,*,#7780,.F.);
#10289=ORIENTED_EDGE('',*,*,#7779,.F.);
#10290=ORIENTED_EDGE('',*,*,#7781,.F.);
#10291=ORIENTED_EDGE('',*,*,#7782,.T.);
#10292=ORIENTED_EDGE('',*,*,#7783,.F.);
#10293=ORIENTED_EDGE('',*,*,#7782,.F.);
#10294=ORIENTED_EDGE('',*,*,#7784,.F.);
#10295=ORIENTED_EDGE('',*,*,#7765,.T.);
#10296=ORIENTED_EDGE('',*,*,#7785,.F.);
#10297=ORIENTED_EDGE('',*,*,#7786,.F.);
#10298=ORIENTED_EDGE('',*,*,#7787,.F.);
#10299=ORIENTED_EDGE('',*,*,#7788,.T.);
#10300=ORIENTED_EDGE('',*,*,#7789,.F.);
#10301=ORIENTED_EDGE('',*,*,#7788,.F.);
#10302=ORIENTED_EDGE('',*,*,#7790,.F.);
#10303=ORIENTED_EDGE('',*,*,#7791,.T.);
#10304=ORIENTED_EDGE('',*,*,#7792,.F.);
#10305=ORIENTED_EDGE('',*,*,#7791,.F.);
#10306=ORIENTED_EDGE('',*,*,#7793,.F.);
#10307=ORIENTED_EDGE('',*,*,#7794,.T.);
#10308=ORIENTED_EDGE('',*,*,#7795,.F.);
#10309=ORIENTED_EDGE('',*,*,#7794,.F.);
#10310=ORIENTED_EDGE('',*,*,#7796,.F.);
#10311=ORIENTED_EDGE('',*,*,#7797,.T.);
#10312=ORIENTED_EDGE('',*,*,#7798,.F.);
#10313=ORIENTED_EDGE('',*,*,#7797,.F.);
#10314=ORIENTED_EDGE('',*,*,#7799,.F.);
#10315=ORIENTED_EDGE('',*,*,#7800,.T.);
#10316=ORIENTED_EDGE('',*,*,#7801,.F.);
#10317=ORIENTED_EDGE('',*,*,#7800,.F.);
#10318=ORIENTED_EDGE('',*,*,#7802,.F.);
#10319=ORIENTED_EDGE('',*,*,#7786,.T.);
#10320=ORIENTED_EDGE('',*,*,#7803,.F.);
#10321=ORIENTED_EDGE('',*,*,#7804,.F.);
#10322=ORIENTED_EDGE('',*,*,#7805,.F.);
#10323=ORIENTED_EDGE('',*,*,#7806,.T.);
#10324=ORIENTED_EDGE('',*,*,#7807,.F.);
#10325=ORIENTED_EDGE('',*,*,#7806,.F.);
#10326=ORIENTED_EDGE('',*,*,#7808,.F.);
#10327=ORIENTED_EDGE('',*,*,#7809,.T.);
#10328=ORIENTED_EDGE('',*,*,#7810,.F.);
#10329=ORIENTED_EDGE('',*,*,#7809,.F.);
#10330=ORIENTED_EDGE('',*,*,#7811,.F.);
#10331=ORIENTED_EDGE('',*,*,#7812,.T.);
#10332=ORIENTED_EDGE('',*,*,#7813,.F.);
#10333=ORIENTED_EDGE('',*,*,#7812,.F.);
#10334=ORIENTED_EDGE('',*,*,#7814,.F.);
#10335=ORIENTED_EDGE('',*,*,#7815,.T.);
#10336=ORIENTED_EDGE('',*,*,#7816,.F.);
#10337=ORIENTED_EDGE('',*,*,#7815,.F.);
#10338=ORIENTED_EDGE('',*,*,#7817,.F.);
#10339=ORIENTED_EDGE('',*,*,#7818,.T.);
#10340=ORIENTED_EDGE('',*,*,#7819,.F.);
#10341=ORIENTED_EDGE('',*,*,#7818,.F.);
#10342=ORIENTED_EDGE('',*,*,#7820,.F.);
#10343=ORIENTED_EDGE('',*,*,#7804,.T.);
#10344=ORIENTED_EDGE('',*,*,#7821,.F.);
#10345=ORIENTED_EDGE('',*,*,#7822,.F.);
#10346=ORIENTED_EDGE('',*,*,#7823,.F.);
#10347=ORIENTED_EDGE('',*,*,#7824,.T.);
#10348=ORIENTED_EDGE('',*,*,#7825,.F.);
#10349=ORIENTED_EDGE('',*,*,#7824,.F.);
#10350=ORIENTED_EDGE('',*,*,#7826,.F.);
#10351=ORIENTED_EDGE('',*,*,#7827,.T.);
#10352=ORIENTED_EDGE('',*,*,#7828,.F.);
#10353=ORIENTED_EDGE('',*,*,#7829,.F.);
#10354=ORIENTED_EDGE('',*,*,#7830,.F.);
#10355=ORIENTED_EDGE('',*,*,#7831,.T.);
#10356=ORIENTED_EDGE('',*,*,#7832,.F.);
#10357=ORIENTED_EDGE('',*,*,#7831,.F.);
#10358=ORIENTED_EDGE('',*,*,#7833,.F.);
#10359=ORIENTED_EDGE('',*,*,#7834,.T.);
#10360=ORIENTED_EDGE('',*,*,#7835,.F.);
#10361=ORIENTED_EDGE('',*,*,#7834,.F.);
#10362=ORIENTED_EDGE('',*,*,#7836,.F.);
#10363=ORIENTED_EDGE('',*,*,#7837,.T.);
#10364=ORIENTED_EDGE('',*,*,#7838,.F.);
#10365=ORIENTED_EDGE('',*,*,#7837,.F.);
#10366=ORIENTED_EDGE('',*,*,#7839,.F.);
#10367=ORIENTED_EDGE('',*,*,#7840,.T.);
#10368=ORIENTED_EDGE('',*,*,#7841,.F.);
#10369=ORIENTED_EDGE('',*,*,#7840,.F.);
#10370=ORIENTED_EDGE('',*,*,#7842,.F.);
#10371=ORIENTED_EDGE('',*,*,#7822,.T.);
#10372=ORIENTED_EDGE('',*,*,#7843,.F.);
#10373=ORIENTED_EDGE('',*,*,#7844,.F.);
#10374=ORIENTED_EDGE('',*,*,#7845,.F.);
#10375=ORIENTED_EDGE('',*,*,#7846,.T.);
#10376=ORIENTED_EDGE('',*,*,#7847,.F.);
#10377=ORIENTED_EDGE('',*,*,#7846,.F.);
#10378=ORIENTED_EDGE('',*,*,#7848,.F.);
#10379=ORIENTED_EDGE('',*,*,#7849,.T.);
#10380=ORIENTED_EDGE('',*,*,#7850,.F.);
#10381=ORIENTED_EDGE('',*,*,#7849,.F.);
#10382=ORIENTED_EDGE('',*,*,#7851,.F.);
#10383=ORIENTED_EDGE('',*,*,#7852,.T.);
#10384=ORIENTED_EDGE('',*,*,#7853,.F.);
#10385=ORIENTED_EDGE('',*,*,#7852,.F.);
#10386=ORIENTED_EDGE('',*,*,#7854,.F.);
#10387=ORIENTED_EDGE('',*,*,#7855,.T.);
#10388=ORIENTED_EDGE('',*,*,#7856,.F.);
#10389=ORIENTED_EDGE('',*,*,#7855,.F.);
#10390=ORIENTED_EDGE('',*,*,#7857,.F.);
#10391=ORIENTED_EDGE('',*,*,#7858,.T.);
#10392=ORIENTED_EDGE('',*,*,#7859,.F.);
#10393=ORIENTED_EDGE('',*,*,#7858,.F.);
#10394=ORIENTED_EDGE('',*,*,#7860,.F.);
#10395=ORIENTED_EDGE('',*,*,#7844,.T.);
#10396=ORIENTED_EDGE('',*,*,#7861,.F.);
#10397=ORIENTED_EDGE('',*,*,#7862,.F.);
#10398=ORIENTED_EDGE('',*,*,#7863,.F.);
#10399=ORIENTED_EDGE('',*,*,#7864,.T.);
#10400=ORIENTED_EDGE('',*,*,#7865,.F.);
#10401=ORIENTED_EDGE('',*,*,#7864,.F.);
#10402=ORIENTED_EDGE('',*,*,#7866,.F.);
#10403=ORIENTED_EDGE('',*,*,#7867,.T.);
#10404=ORIENTED_EDGE('',*,*,#7868,.F.);
#10405=ORIENTED_EDGE('',*,*,#7867,.F.);
#10406=ORIENTED_EDGE('',*,*,#7869,.F.);
#10407=ORIENTED_EDGE('',*,*,#7870,.T.);
#10408=ORIENTED_EDGE('',*,*,#7871,.F.);
#10409=ORIENTED_EDGE('',*,*,#7870,.F.);
#10410=ORIENTED_EDGE('',*,*,#7872,.F.);
#10411=ORIENTED_EDGE('',*,*,#7873,.T.);
#10412=ORIENTED_EDGE('',*,*,#7874,.F.);
#10413=ORIENTED_EDGE('',*,*,#7873,.F.);
#10414=ORIENTED_EDGE('',*,*,#7875,.F.);
#10415=ORIENTED_EDGE('',*,*,#7876,.T.);
#10416=ORIENTED_EDGE('',*,*,#7877,.F.);
#10417=ORIENTED_EDGE('',*,*,#7876,.F.);
#10418=ORIENTED_EDGE('',*,*,#7878,.F.);
#10419=ORIENTED_EDGE('',*,*,#7879,.T.);
#10420=ORIENTED_EDGE('',*,*,#7880,.F.);
#10421=ORIENTED_EDGE('',*,*,#7879,.F.);
#10422=ORIENTED_EDGE('',*,*,#7881,.F.);
#10423=ORIENTED_EDGE('',*,*,#7862,.T.);
#10424=ORIENTED_EDGE('',*,*,#7882,.F.);
#10425=ORIENTED_EDGE('',*,*,#7883,.F.);
#10426=ORIENTED_EDGE('',*,*,#7884,.F.);
#10427=ORIENTED_EDGE('',*,*,#7885,.T.);
#10428=ORIENTED_EDGE('',*,*,#7886,.F.);
#10429=ORIENTED_EDGE('',*,*,#7885,.F.);
#10430=ORIENTED_EDGE('',*,*,#7887,.F.);
#10431=ORIENTED_EDGE('',*,*,#7888,.T.);
#10432=ORIENTED_EDGE('',*,*,#7889,.F.);
#10433=ORIENTED_EDGE('',*,*,#7888,.F.);
#10434=ORIENTED_EDGE('',*,*,#7890,.F.);
#10435=ORIENTED_EDGE('',*,*,#7891,.T.);
#10436=ORIENTED_EDGE('',*,*,#7892,.F.);
#10437=ORIENTED_EDGE('',*,*,#7891,.F.);
#10438=ORIENTED_EDGE('',*,*,#7893,.F.);
#10439=ORIENTED_EDGE('',*,*,#7894,.T.);
#10440=ORIENTED_EDGE('',*,*,#7895,.F.);
#10441=ORIENTED_EDGE('',*,*,#7894,.F.);
#10442=ORIENTED_EDGE('',*,*,#7896,.F.);
#10443=ORIENTED_EDGE('',*,*,#7897,.T.);
#10444=ORIENTED_EDGE('',*,*,#7898,.F.);
#10445=ORIENTED_EDGE('',*,*,#7897,.F.);
#10446=ORIENTED_EDGE('',*,*,#7899,.F.);
#10447=ORIENTED_EDGE('',*,*,#7883,.T.);
#10448=ORIENTED_EDGE('',*,*,#7900,.F.);
#10449=ORIENTED_EDGE('',*,*,#7901,.F.);
#10450=ORIENTED_EDGE('',*,*,#7902,.F.);
#10451=ORIENTED_EDGE('',*,*,#7903,.T.);
#10452=ORIENTED_EDGE('',*,*,#7904,.F.);
#10453=ORIENTED_EDGE('',*,*,#7903,.F.);
#10454=ORIENTED_EDGE('',*,*,#7905,.F.);
#10455=ORIENTED_EDGE('',*,*,#7906,.T.);
#10456=ORIENTED_EDGE('',*,*,#7907,.F.);
#10457=ORIENTED_EDGE('',*,*,#7906,.F.);
#10458=ORIENTED_EDGE('',*,*,#7908,.F.);
#10459=ORIENTED_EDGE('',*,*,#7909,.T.);
#10460=ORIENTED_EDGE('',*,*,#7910,.F.);
#10461=ORIENTED_EDGE('',*,*,#7909,.F.);
#10462=ORIENTED_EDGE('',*,*,#7911,.F.);
#10463=ORIENTED_EDGE('',*,*,#7912,.T.);
#10464=ORIENTED_EDGE('',*,*,#7913,.F.);
#10465=ORIENTED_EDGE('',*,*,#7912,.F.);
#10466=ORIENTED_EDGE('',*,*,#7914,.F.);
#10467=ORIENTED_EDGE('',*,*,#7915,.T.);
#10468=ORIENTED_EDGE('',*,*,#7916,.F.);
#10469=ORIENTED_EDGE('',*,*,#7915,.F.);
#10470=ORIENTED_EDGE('',*,*,#7917,.F.);
#10471=ORIENTED_EDGE('',*,*,#7901,.T.);
#10472=ORIENTED_EDGE('',*,*,#7918,.F.);
#10473=ORIENTED_EDGE('',*,*,#7919,.F.);
#10474=ORIENTED_EDGE('',*,*,#7920,.F.);
#10475=ORIENTED_EDGE('',*,*,#7921,.T.);
#10476=ORIENTED_EDGE('',*,*,#7922,.F.);
#10477=ORIENTED_EDGE('',*,*,#7921,.F.);
#10478=ORIENTED_EDGE('',*,*,#7923,.F.);
#10479=ORIENTED_EDGE('',*,*,#7924,.T.);
#10480=ORIENTED_EDGE('',*,*,#7925,.F.);
#10481=ORIENTED_EDGE('',*,*,#7924,.F.);
#10482=ORIENTED_EDGE('',*,*,#7926,.F.);
#10483=ORIENTED_EDGE('',*,*,#7927,.T.);
#10484=ORIENTED_EDGE('',*,*,#7928,.F.);
#10485=ORIENTED_EDGE('',*,*,#7927,.F.);
#10486=ORIENTED_EDGE('',*,*,#7929,.F.);
#10487=ORIENTED_EDGE('',*,*,#7930,.T.);
#10488=ORIENTED_EDGE('',*,*,#7931,.F.);
#10489=ORIENTED_EDGE('',*,*,#7930,.F.);
#10490=ORIENTED_EDGE('',*,*,#7932,.F.);
#10491=ORIENTED_EDGE('',*,*,#7933,.T.);
#10492=ORIENTED_EDGE('',*,*,#7934,.F.);
#10493=ORIENTED_EDGE('',*,*,#7935,.F.);
#10494=ORIENTED_EDGE('',*,*,#7936,.F.);
#10495=ORIENTED_EDGE('',*,*,#7937,.T.);
#10496=ORIENTED_EDGE('',*,*,#7938,.F.);
#10497=ORIENTED_EDGE('',*,*,#7937,.F.);
#10498=ORIENTED_EDGE('',*,*,#7939,.F.);
#10499=ORIENTED_EDGE('',*,*,#7940,.T.);
#10500=ORIENTED_EDGE('',*,*,#7941,.F.);
#10501=ORIENTED_EDGE('',*,*,#7940,.F.);
#10502=ORIENTED_EDGE('',*,*,#7942,.F.);
#10503=ORIENTED_EDGE('',*,*,#7943,.T.);
#10504=ORIENTED_EDGE('',*,*,#7944,.F.);
#10505=ORIENTED_EDGE('',*,*,#7943,.F.);
#10506=ORIENTED_EDGE('',*,*,#7945,.F.);
#10507=ORIENTED_EDGE('',*,*,#7946,.T.);
#10508=ORIENTED_EDGE('',*,*,#7947,.F.);
#10509=ORIENTED_EDGE('',*,*,#7946,.F.);
#10510=ORIENTED_EDGE('',*,*,#7948,.F.);
#10511=ORIENTED_EDGE('',*,*,#7949,.T.);
#10512=ORIENTED_EDGE('',*,*,#7950,.F.);
#10513=ORIENTED_EDGE('',*,*,#7949,.F.);
#10514=ORIENTED_EDGE('',*,*,#7951,.F.);
#10515=ORIENTED_EDGE('',*,*,#7952,.T.);
#10516=ORIENTED_EDGE('',*,*,#7953,.F.);
#10517=ORIENTED_EDGE('',*,*,#7954,.F.);
#10518=ORIENTED_EDGE('',*,*,#7955,.F.);
#10519=ORIENTED_EDGE('',*,*,#7956,.T.);
#10520=ORIENTED_EDGE('',*,*,#7957,.F.);
#10521=ORIENTED_EDGE('',*,*,#7956,.F.);
#10522=ORIENTED_EDGE('',*,*,#7958,.F.);
#10523=ORIENTED_EDGE('',*,*,#7959,.T.);
#10524=ORIENTED_EDGE('',*,*,#7960,.F.);
#10525=ORIENTED_EDGE('',*,*,#7959,.F.);
#10526=ORIENTED_EDGE('',*,*,#7961,.F.);
#10527=ORIENTED_EDGE('',*,*,#7962,.T.);
#10528=ORIENTED_EDGE('',*,*,#7963,.F.);
#10529=ORIENTED_EDGE('',*,*,#7962,.F.);
#10530=ORIENTED_EDGE('',*,*,#7964,.F.);
#10531=ORIENTED_EDGE('',*,*,#7965,.T.);
#10532=ORIENTED_EDGE('',*,*,#7966,.F.);
#10533=ORIENTED_EDGE('',*,*,#7965,.F.);
#10534=ORIENTED_EDGE('',*,*,#7967,.F.);
#10535=ORIENTED_EDGE('',*,*,#7968,.T.);
#10536=ORIENTED_EDGE('',*,*,#7969,.F.);
#10537=ORIENTED_EDGE('',*,*,#7968,.F.);
#10538=ORIENTED_EDGE('',*,*,#7970,.F.);
#10539=ORIENTED_EDGE('',*,*,#7954,.T.);
#10540=ORIENTED_EDGE('',*,*,#7971,.F.);
#10541=ORIENTED_EDGE('',*,*,#7972,.F.);
#10542=ORIENTED_EDGE('',*,*,#7973,.F.);
#10543=ORIENTED_EDGE('',*,*,#7974,.T.);
#10544=ORIENTED_EDGE('',*,*,#7975,.F.);
#10545=ORIENTED_EDGE('',*,*,#7974,.F.);
#10546=ORIENTED_EDGE('',*,*,#7976,.F.);
#10547=ORIENTED_EDGE('',*,*,#7977,.T.);
#10548=ORIENTED_EDGE('',*,*,#7978,.F.);
#10549=ORIENTED_EDGE('',*,*,#7977,.F.);
#10550=ORIENTED_EDGE('',*,*,#7979,.F.);
#10551=ORIENTED_EDGE('',*,*,#7980,.T.);
#10552=ORIENTED_EDGE('',*,*,#7981,.F.);
#10553=ORIENTED_EDGE('',*,*,#7980,.F.);
#10554=ORIENTED_EDGE('',*,*,#7982,.F.);
#10555=ORIENTED_EDGE('',*,*,#7983,.T.);
#10556=ORIENTED_EDGE('',*,*,#7984,.F.);
#10557=ORIENTED_EDGE('',*,*,#7983,.F.);
#10558=ORIENTED_EDGE('',*,*,#7985,.F.);
#10559=ORIENTED_EDGE('',*,*,#7986,.T.);
#10560=ORIENTED_EDGE('',*,*,#7987,.F.);
#10561=ORIENTED_EDGE('',*,*,#7988,.F.);
#10562=ORIENTED_EDGE('',*,*,#7989,.F.);
#10563=ORIENTED_EDGE('',*,*,#7990,.T.);
#10564=ORIENTED_EDGE('',*,*,#7991,.F.);
#10565=ORIENTED_EDGE('',*,*,#7990,.F.);
#10566=ORIENTED_EDGE('',*,*,#7992,.F.);
#10567=ORIENTED_EDGE('',*,*,#7972,.T.);
#10568=ORIENTED_EDGE('',*,*,#7993,.F.);
#10569=ORIENTED_EDGE('',*,*,#7994,.F.);
#10570=ORIENTED_EDGE('',*,*,#7995,.F.);
#10571=ORIENTED_EDGE('',*,*,#7996,.T.);
#10572=ORIENTED_EDGE('',*,*,#7997,.F.);
#10573=ORIENTED_EDGE('',*,*,#7996,.F.);
#10574=ORIENTED_EDGE('',*,*,#7998,.F.);
#10575=ORIENTED_EDGE('',*,*,#7999,.T.);
#10576=ORIENTED_EDGE('',*,*,#8000,.F.);
#10577=ORIENTED_EDGE('',*,*,#7999,.F.);
#10578=ORIENTED_EDGE('',*,*,#8001,.F.);
#10579=ORIENTED_EDGE('',*,*,#8002,.T.);
#10580=ORIENTED_EDGE('',*,*,#8003,.F.);
#10581=ORIENTED_EDGE('',*,*,#8002,.F.);
#10582=ORIENTED_EDGE('',*,*,#8004,.F.);
#10583=ORIENTED_EDGE('',*,*,#8005,.T.);
#10584=ORIENTED_EDGE('',*,*,#8006,.F.);
#10585=ORIENTED_EDGE('',*,*,#8005,.F.);
#10586=ORIENTED_EDGE('',*,*,#8007,.F.);
#10587=ORIENTED_EDGE('',*,*,#8008,.T.);
#10588=ORIENTED_EDGE('',*,*,#8009,.F.);
#10589=ORIENTED_EDGE('',*,*,#8008,.F.);
#10590=ORIENTED_EDGE('',*,*,#8010,.F.);
#10591=ORIENTED_EDGE('',*,*,#7994,.T.);
#10592=ORIENTED_EDGE('',*,*,#8011,.F.);
#10593=ORIENTED_EDGE('',*,*,#8012,.F.);
#10594=ORIENTED_EDGE('',*,*,#8013,.F.);
#10595=ORIENTED_EDGE('',*,*,#8014,.T.);
#10596=ORIENTED_EDGE('',*,*,#8015,.F.);
#10597=ORIENTED_EDGE('',*,*,#8014,.F.);
#10598=ORIENTED_EDGE('',*,*,#8016,.F.);
#10599=ORIENTED_EDGE('',*,*,#8017,.T.);
#10600=ORIENTED_EDGE('',*,*,#8018,.F.);
#10601=ORIENTED_EDGE('',*,*,#8017,.F.);
#10602=ORIENTED_EDGE('',*,*,#8019,.F.);
#10603=ORIENTED_EDGE('',*,*,#8020,.T.);
#10604=ORIENTED_EDGE('',*,*,#8021,.F.);
#10605=ORIENTED_EDGE('',*,*,#8020,.F.);
#10606=ORIENTED_EDGE('',*,*,#8022,.F.);
#10607=ORIENTED_EDGE('',*,*,#8023,.T.);
#10608=ORIENTED_EDGE('',*,*,#8024,.F.);
#10609=ORIENTED_EDGE('',*,*,#8023,.F.);
#10610=ORIENTED_EDGE('',*,*,#8025,.F.);
#10611=ORIENTED_EDGE('',*,*,#8026,.T.);
#10612=ORIENTED_EDGE('',*,*,#8027,.F.);
#10613=ORIENTED_EDGE('',*,*,#8026,.F.);
#10614=ORIENTED_EDGE('',*,*,#8028,.F.);
#10615=ORIENTED_EDGE('',*,*,#8012,.T.);
#10616=ORIENTED_EDGE('',*,*,#8029,.F.);
#10617=ORIENTED_EDGE('',*,*,#8030,.F.);
#10618=ORIENTED_EDGE('',*,*,#8031,.F.);
#10619=ORIENTED_EDGE('',*,*,#8032,.T.);
#10620=ORIENTED_EDGE('',*,*,#8033,.F.);
#10621=ORIENTED_EDGE('',*,*,#8032,.F.);
#10622=ORIENTED_EDGE('',*,*,#8034,.F.);
#10623=ORIENTED_EDGE('',*,*,#8035,.T.);
#10624=ORIENTED_EDGE('',*,*,#8036,.F.);
#10625=ORIENTED_EDGE('',*,*,#8035,.F.);
#10626=ORIENTED_EDGE('',*,*,#8037,.F.);
#10627=ORIENTED_EDGE('',*,*,#8038,.T.);
#10628=ORIENTED_EDGE('',*,*,#8039,.F.);
#10629=ORIENTED_EDGE('',*,*,#8038,.F.);
#10630=ORIENTED_EDGE('',*,*,#8040,.F.);
#10631=ORIENTED_EDGE('',*,*,#8041,.T.);
#10632=ORIENTED_EDGE('',*,*,#8042,.F.);
#10633=ORIENTED_EDGE('',*,*,#8041,.F.);
#10634=ORIENTED_EDGE('',*,*,#8043,.F.);
#10635=ORIENTED_EDGE('',*,*,#8044,.T.);
#10636=ORIENTED_EDGE('',*,*,#8045,.F.);
#10637=ORIENTED_EDGE('',*,*,#8044,.F.);
#10638=ORIENTED_EDGE('',*,*,#8046,.F.);
#10639=ORIENTED_EDGE('',*,*,#8030,.T.);
#10640=ORIENTED_EDGE('',*,*,#8047,.F.);
#10641=ORIENTED_EDGE('',*,*,#8048,.F.);
#10642=ORIENTED_EDGE('',*,*,#8049,.F.);
#10643=ORIENTED_EDGE('',*,*,#8050,.T.);
#10644=ORIENTED_EDGE('',*,*,#8051,.F.);
#10645=ORIENTED_EDGE('',*,*,#8050,.F.);
#10646=ORIENTED_EDGE('',*,*,#8052,.F.);
#10647=ORIENTED_EDGE('',*,*,#8053,.T.);
#10648=ORIENTED_EDGE('',*,*,#8054,.F.);
#10649=ORIENTED_EDGE('',*,*,#8053,.F.);
#10650=ORIENTED_EDGE('',*,*,#8055,.F.);
#10651=ORIENTED_EDGE('',*,*,#8056,.T.);
#10652=ORIENTED_EDGE('',*,*,#8057,.F.);
#10653=ORIENTED_EDGE('',*,*,#8056,.F.);
#10654=ORIENTED_EDGE('',*,*,#8058,.F.);
#10655=ORIENTED_EDGE('',*,*,#8059,.T.);
#10656=ORIENTED_EDGE('',*,*,#8060,.F.);
#10657=ORIENTED_EDGE('',*,*,#8059,.F.);
#10658=ORIENTED_EDGE('',*,*,#8061,.F.);
#10659=ORIENTED_EDGE('',*,*,#8062,.T.);
#10660=ORIENTED_EDGE('',*,*,#8063,.F.);
#10661=ORIENTED_EDGE('',*,*,#8062,.F.);
#10662=ORIENTED_EDGE('',*,*,#8064,.F.);
#10663=ORIENTED_EDGE('',*,*,#8048,.T.);
#10664=ORIENTED_EDGE('',*,*,#7951,.T.);
#10665=ORIENTED_EDGE('',*,*,#7948,.T.);
#10666=ORIENTED_EDGE('',*,*,#7945,.T.);
#10667=ORIENTED_EDGE('',*,*,#7942,.T.);
#10668=ORIENTED_EDGE('',*,*,#7939,.T.);
#10669=ORIENTED_EDGE('',*,*,#7936,.T.);
#10670=ORIENTED_EDGE('',*,*,#8065,.T.);
#10671=ORIENTED_EDGE('',*,*,#8066,.T.);
#10672=ORIENTED_EDGE('',*,*,#8067,.T.);
#10673=ORIENTED_EDGE('',*,*,#8068,.T.);
#10674=ORIENTED_EDGE('',*,*,#8069,.T.);
#10675=ORIENTED_EDGE('',*,*,#8070,.T.);
#10676=ORIENTED_EDGE('',*,*,#7985,.T.);
#10677=ORIENTED_EDGE('',*,*,#7982,.T.);
#10678=ORIENTED_EDGE('',*,*,#7979,.T.);
#10679=ORIENTED_EDGE('',*,*,#7976,.T.);
#10680=ORIENTED_EDGE('',*,*,#7973,.T.);
#10681=ORIENTED_EDGE('',*,*,#7992,.T.);
#10682=ORIENTED_EDGE('',*,*,#7989,.T.);
#10683=ORIENTED_EDGE('',*,*,#8071,.T.);
#10684=ORIENTED_EDGE('',*,*,#8072,.F.);
#10685=ORIENTED_EDGE('',*,*,#8073,.T.);
#10686=ORIENTED_EDGE('',*,*,#8074,.T.);
#10687=ORIENTED_EDGE('',*,*,#8075,.T.);
#10688=ORIENTED_EDGE('',*,*,#8076,.T.);
#10689=ORIENTED_EDGE('',*,*,#8077,.T.);
#10690=ORIENTED_EDGE('',*,*,#8078,.T.);
#10691=ORIENTED_EDGE('',*,*,#8079,.T.);
#10692=ORIENTED_EDGE('',*,*,#8080,.T.);
#10693=ORIENTED_EDGE('',*,*,#8081,.T.);
#10694=ORIENTED_EDGE('',*,*,#7920,.T.);
#10695=ORIENTED_EDGE('',*,*,#8082,.T.);
#10696=ORIENTED_EDGE('',*,*,#8083,.T.);
#10697=ORIENTED_EDGE('',*,*,#7932,.T.);
#10698=ORIENTED_EDGE('',*,*,#7929,.T.);
#10699=ORIENTED_EDGE('',*,*,#7926,.T.);
#10700=ORIENTED_EDGE('',*,*,#7923,.T.);
#10701=ORIENTED_EDGE('',*,*,#7757,.T.);
#10702=ORIENTED_EDGE('',*,*,#7754,.T.);
#10703=ORIENTED_EDGE('',*,*,#7751,.T.);
#10704=ORIENTED_EDGE('',*,*,#7748,.T.);
#10705=ORIENTED_EDGE('',*,*,#7763,.T.);
#10706=ORIENTED_EDGE('',*,*,#7760,.T.);
#10707=ORIENTED_EDGE('',*,*,#7775,.T.);
#10708=ORIENTED_EDGE('',*,*,#7772,.T.);
#10709=ORIENTED_EDGE('',*,*,#7769,.T.);
#10710=ORIENTED_EDGE('',*,*,#7766,.T.);
#10711=ORIENTED_EDGE('',*,*,#7784,.T.);
#10712=ORIENTED_EDGE('',*,*,#7781,.T.);
#10713=ORIENTED_EDGE('',*,*,#7778,.T.);
#10714=ORIENTED_EDGE('',*,*,#7796,.T.);
#10715=ORIENTED_EDGE('',*,*,#7793,.T.);
#10716=ORIENTED_EDGE('',*,*,#7790,.T.);
#10717=ORIENTED_EDGE('',*,*,#7787,.T.);
#10718=ORIENTED_EDGE('',*,*,#7802,.T.);
#10719=ORIENTED_EDGE('',*,*,#7799,.T.);
#10720=ORIENTED_EDGE('',*,*,#7814,.T.);
#10721=ORIENTED_EDGE('',*,*,#7811,.T.);
#10722=ORIENTED_EDGE('',*,*,#7808,.T.);
#10723=ORIENTED_EDGE('',*,*,#7805,.T.);
#10724=ORIENTED_EDGE('',*,*,#7820,.T.);
#10725=ORIENTED_EDGE('',*,*,#7817,.T.);
#10726=ORIENTED_EDGE('',*,*,#7854,.T.);
#10727=ORIENTED_EDGE('',*,*,#7851,.T.);
#10728=ORIENTED_EDGE('',*,*,#7848,.T.);
#10729=ORIENTED_EDGE('',*,*,#7845,.T.);
#10730=ORIENTED_EDGE('',*,*,#7860,.T.);
#10731=ORIENTED_EDGE('',*,*,#7857,.T.);
#10732=ORIENTED_EDGE('',*,*,#7872,.T.);
#10733=ORIENTED_EDGE('',*,*,#7869,.T.);
#10734=ORIENTED_EDGE('',*,*,#7866,.T.);
#10735=ORIENTED_EDGE('',*,*,#7863,.T.);
#10736=ORIENTED_EDGE('',*,*,#7881,.T.);
#10737=ORIENTED_EDGE('',*,*,#7878,.T.);
#10738=ORIENTED_EDGE('',*,*,#7875,.T.);
#10739=ORIENTED_EDGE('',*,*,#7893,.T.);
#10740=ORIENTED_EDGE('',*,*,#7890,.T.);
#10741=ORIENTED_EDGE('',*,*,#7887,.T.);
#10742=ORIENTED_EDGE('',*,*,#7884,.T.);
#10743=ORIENTED_EDGE('',*,*,#7899,.T.);
#10744=ORIENTED_EDGE('',*,*,#7896,.T.);
#10745=ORIENTED_EDGE('',*,*,#7911,.T.);
#10746=ORIENTED_EDGE('',*,*,#7908,.T.);
#10747=ORIENTED_EDGE('',*,*,#7905,.T.);
#10748=ORIENTED_EDGE('',*,*,#7902,.T.);
#10749=ORIENTED_EDGE('',*,*,#7917,.T.);
#10750=ORIENTED_EDGE('',*,*,#7914,.T.);
#10751=ORIENTED_EDGE('',*,*,#7964,.T.);
#10752=ORIENTED_EDGE('',*,*,#7961,.T.);
#10753=ORIENTED_EDGE('',*,*,#7958,.T.);
#10754=ORIENTED_EDGE('',*,*,#7955,.T.);
#10755=ORIENTED_EDGE('',*,*,#7970,.T.);
#10756=ORIENTED_EDGE('',*,*,#7967,.T.);
#10757=ORIENTED_EDGE('',*,*,#8004,.T.);
#10758=ORIENTED_EDGE('',*,*,#8001,.T.);
#10759=ORIENTED_EDGE('',*,*,#7998,.T.);
#10760=ORIENTED_EDGE('',*,*,#7995,.T.);
#10761=ORIENTED_EDGE('',*,*,#8010,.T.);
#10762=ORIENTED_EDGE('',*,*,#8007,.T.);
#10763=ORIENTED_EDGE('',*,*,#8022,.T.);
#10764=ORIENTED_EDGE('',*,*,#8019,.T.);
#10765=ORIENTED_EDGE('',*,*,#8016,.T.);
#10766=ORIENTED_EDGE('',*,*,#8013,.T.);
#10767=ORIENTED_EDGE('',*,*,#8028,.T.);
#10768=ORIENTED_EDGE('',*,*,#8025,.T.);
#10769=ORIENTED_EDGE('',*,*,#8040,.T.);
#10770=ORIENTED_EDGE('',*,*,#8037,.T.);
#10771=ORIENTED_EDGE('',*,*,#8034,.T.);
#10772=ORIENTED_EDGE('',*,*,#8031,.T.);
#10773=ORIENTED_EDGE('',*,*,#8046,.T.);
#10774=ORIENTED_EDGE('',*,*,#8043,.T.);
#10775=ORIENTED_EDGE('',*,*,#8058,.T.);
#10776=ORIENTED_EDGE('',*,*,#8055,.T.);
#10777=ORIENTED_EDGE('',*,*,#8052,.T.);
#10778=ORIENTED_EDGE('',*,*,#8049,.T.);
#10779=ORIENTED_EDGE('',*,*,#8064,.T.);
#10780=ORIENTED_EDGE('',*,*,#8061,.T.);
#10781=ORIENTED_EDGE('',*,*,#8084,.T.);
#10782=ORIENTED_EDGE('',*,*,#8085,.T.);
#10783=ORIENTED_EDGE('',*,*,#8086,.T.);
#10784=ORIENTED_EDGE('',*,*,#8087,.T.);
#10785=ORIENTED_EDGE('',*,*,#8088,.T.);
#10786=ORIENTED_EDGE('',*,*,#8089,.T.);
#10787=ORIENTED_EDGE('',*,*,#8090,.T.);
#10788=ORIENTED_EDGE('',*,*,#8091,.T.);
#10789=ORIENTED_EDGE('',*,*,#8092,.T.);
#10790=ORIENTED_EDGE('',*,*,#8093,.T.);
#10791=ORIENTED_EDGE('',*,*,#8094,.T.);
#10792=ORIENTED_EDGE('',*,*,#8095,.T.);
#10793=ORIENTED_EDGE('',*,*,#8096,.T.);
#10794=ORIENTED_EDGE('',*,*,#8097,.T.);
#10795=ORIENTED_EDGE('',*,*,#8098,.T.);
#10796=ORIENTED_EDGE('',*,*,#8099,.T.);
#10797=ORIENTED_EDGE('',*,*,#8100,.T.);
#10798=ORIENTED_EDGE('',*,*,#8101,.T.);
#10799=ORIENTED_EDGE('',*,*,#8102,.T.);
#10800=ORIENTED_EDGE('',*,*,#8103,.T.);
#10801=ORIENTED_EDGE('',*,*,#8104,.T.);
#10802=ORIENTED_EDGE('',*,*,#8105,.T.);
#10803=ORIENTED_EDGE('',*,*,#8106,.T.);
#10804=ORIENTED_EDGE('',*,*,#8107,.T.);
#10805=ORIENTED_EDGE('',*,*,#8108,.T.);
#10806=ORIENTED_EDGE('',*,*,#8109,.T.);
#10807=ORIENTED_EDGE('',*,*,#8110,.T.);
#10808=ORIENTED_EDGE('',*,*,#8111,.T.);
#10809=ORIENTED_EDGE('',*,*,#8112,.T.);
#10810=ORIENTED_EDGE('',*,*,#8113,.T.);
#10811=ORIENTED_EDGE('',*,*,#8114,.T.);
#10812=ORIENTED_EDGE('',*,*,#8115,.T.);
#10813=ORIENTED_EDGE('',*,*,#8116,.T.);
#10814=ORIENTED_EDGE('',*,*,#8117,.T.);
#10815=ORIENTED_EDGE('',*,*,#8118,.T.);
#10816=ORIENTED_EDGE('',*,*,#8119,.T.);
#10817=ORIENTED_EDGE('',*,*,#8120,.T.);
#10818=ORIENTED_EDGE('',*,*,#8121,.T.);
#10819=ORIENTED_EDGE('',*,*,#8122,.T.);
#10820=ORIENTED_EDGE('',*,*,#8123,.T.);
#10821=ORIENTED_EDGE('',*,*,#8124,.T.);
#10822=ORIENTED_EDGE('',*,*,#8125,.T.);
#10823=ORIENTED_EDGE('',*,*,#8126,.T.);
#10824=ORIENTED_EDGE('',*,*,#8127,.T.);
#10825=ORIENTED_EDGE('',*,*,#8128,.T.);
#10826=ORIENTED_EDGE('',*,*,#8129,.T.);
#10827=ORIENTED_EDGE('',*,*,#8130,.T.);
#10828=ORIENTED_EDGE('',*,*,#8131,.T.);
#10829=ORIENTED_EDGE('',*,*,#8132,.T.);
#10830=ORIENTED_EDGE('',*,*,#8133,.T.);
#10831=ORIENTED_EDGE('',*,*,#8134,.T.);
#10832=ORIENTED_EDGE('',*,*,#8135,.T.);
#10833=ORIENTED_EDGE('',*,*,#8136,.T.);
#10834=ORIENTED_EDGE('',*,*,#8137,.T.);
#10835=ORIENTED_EDGE('',*,*,#8138,.T.);
#10836=ORIENTED_EDGE('',*,*,#8139,.T.);
#10837=ORIENTED_EDGE('',*,*,#8140,.T.);
#10838=ORIENTED_EDGE('',*,*,#8141,.T.);
#10839=ORIENTED_EDGE('',*,*,#8142,.T.);
#10840=ORIENTED_EDGE('',*,*,#8143,.T.);
#10841=ORIENTED_EDGE('',*,*,#8144,.T.);
#10842=ORIENTED_EDGE('',*,*,#8145,.T.);
#10843=ORIENTED_EDGE('',*,*,#8146,.T.);
#10844=ORIENTED_EDGE('',*,*,#8147,.T.);
#10845=ORIENTED_EDGE('',*,*,#8148,.T.);
#10846=ORIENTED_EDGE('',*,*,#8149,.T.);
#10847=ORIENTED_EDGE('',*,*,#8150,.T.);
#10848=ORIENTED_EDGE('',*,*,#8151,.T.);
#10849=ORIENTED_EDGE('',*,*,#8152,.T.);
#10850=ORIENTED_EDGE('',*,*,#8153,.T.);
#10851=ORIENTED_EDGE('',*,*,#8154,.T.);
#10852=ORIENTED_EDGE('',*,*,#8155,.T.);
#10853=ORIENTED_EDGE('',*,*,#8156,.T.);
#10854=ORIENTED_EDGE('',*,*,#8157,.T.);
#10855=ORIENTED_EDGE('',*,*,#8158,.T.);
#10856=ORIENTED_EDGE('',*,*,#8159,.T.);
#10857=ORIENTED_EDGE('',*,*,#8160,.T.);
#10858=ORIENTED_EDGE('',*,*,#8161,.T.);
#10859=ORIENTED_EDGE('',*,*,#8162,.T.);
#10860=ORIENTED_EDGE('',*,*,#8163,.T.);
#10861=ORIENTED_EDGE('',*,*,#8164,.T.);
#10862=ORIENTED_EDGE('',*,*,#8165,.T.);
#10863=ORIENTED_EDGE('',*,*,#8166,.T.);
#10864=ORIENTED_EDGE('',*,*,#8167,.T.);
#10865=ORIENTED_EDGE('',*,*,#8168,.T.);
#10866=ORIENTED_EDGE('',*,*,#8169,.T.);
#10867=ORIENTED_EDGE('',*,*,#8170,.T.);
#10868=ORIENTED_EDGE('',*,*,#8171,.T.);
#10869=ORIENTED_EDGE('',*,*,#8172,.T.);
#10870=ORIENTED_EDGE('',*,*,#8173,.T.);
#10871=ORIENTED_EDGE('',*,*,#8174,.T.);
#10872=ORIENTED_EDGE('',*,*,#8175,.T.);
#10873=ORIENTED_EDGE('',*,*,#8176,.T.);
#10874=ORIENTED_EDGE('',*,*,#8177,.T.);
#10875=ORIENTED_EDGE('',*,*,#8178,.T.);
#10876=ORIENTED_EDGE('',*,*,#8179,.T.);
#10877=ORIENTED_EDGE('',*,*,#8180,.T.);
#10878=ORIENTED_EDGE('',*,*,#8181,.T.);
#10879=ORIENTED_EDGE('',*,*,#8182,.T.);
#10880=ORIENTED_EDGE('',*,*,#8183,.T.);
#10881=ORIENTED_EDGE('',*,*,#8184,.T.);
#10882=ORIENTED_EDGE('',*,*,#8185,.T.);
#10883=ORIENTED_EDGE('',*,*,#8186,.T.);
#10884=ORIENTED_EDGE('',*,*,#8187,.T.);
#10885=ORIENTED_EDGE('',*,*,#8188,.T.);
#10886=ORIENTED_EDGE('',*,*,#8189,.T.);
#10887=ORIENTED_EDGE('',*,*,#8190,.T.);
#10888=ORIENTED_EDGE('',*,*,#8191,.T.);
#10889=ORIENTED_EDGE('',*,*,#8192,.T.);
#10890=ORIENTED_EDGE('',*,*,#8193,.T.);
#10891=ORIENTED_EDGE('',*,*,#8194,.T.);
#10892=ORIENTED_EDGE('',*,*,#8195,.T.);
#10893=ORIENTED_EDGE('',*,*,#8196,.T.);
#10894=ORIENTED_EDGE('',*,*,#8197,.T.);
#10895=ORIENTED_EDGE('',*,*,#8198,.T.);
#10896=ORIENTED_EDGE('',*,*,#8199,.T.);
#10897=ORIENTED_EDGE('',*,*,#8200,.T.);
#10898=ORIENTED_EDGE('',*,*,#8201,.T.);
#10899=ORIENTED_EDGE('',*,*,#8202,.T.);
#10900=ORIENTED_EDGE('',*,*,#8203,.T.);
#10901=ORIENTED_EDGE('',*,*,#8204,.T.);
#10902=ORIENTED_EDGE('',*,*,#8205,.T.);
#10903=ORIENTED_EDGE('',*,*,#8206,.T.);
#10904=ORIENTED_EDGE('',*,*,#8207,.T.);
#10905=ORIENTED_EDGE('',*,*,#8208,.T.);
#10906=ORIENTED_EDGE('',*,*,#8209,.T.);
#10907=ORIENTED_EDGE('',*,*,#8210,.T.);
#10908=ORIENTED_EDGE('',*,*,#8211,.T.);
#10909=ORIENTED_EDGE('',*,*,#8212,.T.);
#10910=ORIENTED_EDGE('',*,*,#8213,.T.);
#10911=ORIENTED_EDGE('',*,*,#8214,.T.);
#10912=ORIENTED_EDGE('',*,*,#8215,.T.);
#10913=ORIENTED_EDGE('',*,*,#8216,.T.);
#10914=ORIENTED_EDGE('',*,*,#8217,.T.);
#10915=ORIENTED_EDGE('',*,*,#8218,.T.);
#10916=ORIENTED_EDGE('',*,*,#8219,.T.);
#10917=ORIENTED_EDGE('',*,*,#8220,.T.);
#10918=ORIENTED_EDGE('',*,*,#8221,.T.);
#10919=ORIENTED_EDGE('',*,*,#8222,.T.);
#10920=ORIENTED_EDGE('',*,*,#8223,.T.);
#10921=ORIENTED_EDGE('',*,*,#8224,.T.);
#10922=ORIENTED_EDGE('',*,*,#8225,.T.);
#10923=ORIENTED_EDGE('',*,*,#8226,.T.);
#10924=ORIENTED_EDGE('',*,*,#8227,.T.);
#10925=ORIENTED_EDGE('',*,*,#8228,.T.);
#10926=ORIENTED_EDGE('',*,*,#8229,.T.);
#10927=ORIENTED_EDGE('',*,*,#8230,.T.);
#10928=ORIENTED_EDGE('',*,*,#8231,.T.);
#10929=ORIENTED_EDGE('',*,*,#8232,.T.);
#10930=ORIENTED_EDGE('',*,*,#8233,.T.);
#10931=ORIENTED_EDGE('',*,*,#8234,.T.);
#10932=ORIENTED_EDGE('',*,*,#8235,.T.);
#10933=ORIENTED_EDGE('',*,*,#8236,.T.);
#10934=ORIENTED_EDGE('',*,*,#8237,.T.);
#10935=ORIENTED_EDGE('',*,*,#8238,.T.);
#10936=ORIENTED_EDGE('',*,*,#8239,.T.);
#10937=ORIENTED_EDGE('',*,*,#8240,.T.);
#10938=ORIENTED_EDGE('',*,*,#8241,.T.);
#10939=ORIENTED_EDGE('',*,*,#8242,.T.);
#10940=ORIENTED_EDGE('',*,*,#8243,.T.);
#10941=ORIENTED_EDGE('',*,*,#8244,.T.);
#10942=ORIENTED_EDGE('',*,*,#8245,.T.);
#10943=ORIENTED_EDGE('',*,*,#8246,.T.);
#10944=ORIENTED_EDGE('',*,*,#8247,.T.);
#10945=ORIENTED_EDGE('',*,*,#8248,.T.);
#10946=ORIENTED_EDGE('',*,*,#8249,.T.);
#10947=ORIENTED_EDGE('',*,*,#8250,.T.);
#10948=ORIENTED_EDGE('',*,*,#8251,.T.);
#10949=ORIENTED_EDGE('',*,*,#8252,.T.);
#10950=ORIENTED_EDGE('',*,*,#8253,.T.);
#10951=ORIENTED_EDGE('',*,*,#8254,.T.);
#10952=ORIENTED_EDGE('',*,*,#8255,.T.);
#10953=ORIENTED_EDGE('',*,*,#8256,.T.);
#10954=ORIENTED_EDGE('',*,*,#8257,.T.);
#10955=ORIENTED_EDGE('',*,*,#8258,.T.);
#10956=ORIENTED_EDGE('',*,*,#8259,.T.);
#10957=ORIENTED_EDGE('',*,*,#8260,.T.);
#10958=ORIENTED_EDGE('',*,*,#8261,.T.);
#10959=ORIENTED_EDGE('',*,*,#8262,.T.);
#10960=ORIENTED_EDGE('',*,*,#8263,.T.);
#10961=ORIENTED_EDGE('',*,*,#8264,.T.);
#10962=ORIENTED_EDGE('',*,*,#8265,.T.);
#10963=ORIENTED_EDGE('',*,*,#8266,.T.);
#10964=ORIENTED_EDGE('',*,*,#8267,.T.);
#10965=ORIENTED_EDGE('',*,*,#8268,.T.);
#10966=ORIENTED_EDGE('',*,*,#8269,.T.);
#10967=ORIENTED_EDGE('',*,*,#8270,.T.);
#10968=ORIENTED_EDGE('',*,*,#8271,.T.);
#10969=ORIENTED_EDGE('',*,*,#8272,.T.);
#10970=ORIENTED_EDGE('',*,*,#8273,.T.);
#10971=ORIENTED_EDGE('',*,*,#8274,.T.);
#10972=ORIENTED_EDGE('',*,*,#8275,.T.);
#10973=ORIENTED_EDGE('',*,*,#8276,.T.);
#10974=ORIENTED_EDGE('',*,*,#8277,.T.);
#10975=ORIENTED_EDGE('',*,*,#8278,.T.);
#10976=ORIENTED_EDGE('',*,*,#8279,.T.);
#10977=ORIENTED_EDGE('',*,*,#8280,.T.);
#10978=ORIENTED_EDGE('',*,*,#8281,.T.);
#10979=ORIENTED_EDGE('',*,*,#8282,.T.);
#10980=ORIENTED_EDGE('',*,*,#8283,.T.);
#10981=ORIENTED_EDGE('',*,*,#8284,.T.);
#10982=ORIENTED_EDGE('',*,*,#8285,.T.);
#10983=ORIENTED_EDGE('',*,*,#8286,.T.);
#10984=ORIENTED_EDGE('',*,*,#8287,.T.);
#10985=ORIENTED_EDGE('',*,*,#8288,.T.);
#10986=ORIENTED_EDGE('',*,*,#8289,.T.);
#10987=ORIENTED_EDGE('',*,*,#8290,.T.);
#10988=ORIENTED_EDGE('',*,*,#8291,.T.);
#10989=ORIENTED_EDGE('',*,*,#8292,.T.);
#10990=ORIENTED_EDGE('',*,*,#8293,.T.);
#10991=ORIENTED_EDGE('',*,*,#8294,.T.);
#10992=ORIENTED_EDGE('',*,*,#8295,.T.);
#10993=ORIENTED_EDGE('',*,*,#8296,.T.);
#10994=ORIENTED_EDGE('',*,*,#8297,.T.);
#10995=ORIENTED_EDGE('',*,*,#8298,.T.);
#10996=ORIENTED_EDGE('',*,*,#8299,.T.);
#10997=ORIENTED_EDGE('',*,*,#8300,.T.);
#10998=ORIENTED_EDGE('',*,*,#8301,.T.);
#10999=ORIENTED_EDGE('',*,*,#8302,.T.);
#11000=ORIENTED_EDGE('',*,*,#8303,.T.);
#11001=ORIENTED_EDGE('',*,*,#8304,.T.);
#11002=ORIENTED_EDGE('',*,*,#8305,.T.);
#11003=ORIENTED_EDGE('',*,*,#8306,.T.);
#11004=ORIENTED_EDGE('',*,*,#8307,.T.);
#11005=ORIENTED_EDGE('',*,*,#8308,.T.);
#11006=ORIENTED_EDGE('',*,*,#8309,.T.);
#11007=ORIENTED_EDGE('',*,*,#8310,.T.);
#11008=ORIENTED_EDGE('',*,*,#8311,.T.);
#11009=ORIENTED_EDGE('',*,*,#8312,.T.);
#11010=ORIENTED_EDGE('',*,*,#8313,.T.);
#11011=ORIENTED_EDGE('',*,*,#8314,.T.);
#11012=ORIENTED_EDGE('',*,*,#8315,.T.);
#11013=ORIENTED_EDGE('',*,*,#8316,.T.);
#11014=ORIENTED_EDGE('',*,*,#8317,.T.);
#11015=ORIENTED_EDGE('',*,*,#8318,.T.);
#11016=ORIENTED_EDGE('',*,*,#8319,.T.);
#11017=ORIENTED_EDGE('',*,*,#8320,.T.);
#11018=ORIENTED_EDGE('',*,*,#8321,.T.);
#11019=ORIENTED_EDGE('',*,*,#8322,.T.);
#11020=ORIENTED_EDGE('',*,*,#8323,.T.);
#11021=ORIENTED_EDGE('',*,*,#8324,.T.);
#11022=ORIENTED_EDGE('',*,*,#8325,.T.);
#11023=ORIENTED_EDGE('',*,*,#8326,.T.);
#11024=ORIENTED_EDGE('',*,*,#8327,.T.);
#11025=ORIENTED_EDGE('',*,*,#8328,.T.);
#11026=ORIENTED_EDGE('',*,*,#8329,.T.);
#11027=ORIENTED_EDGE('',*,*,#8330,.T.);
#11028=ORIENTED_EDGE('',*,*,#8331,.T.);
#11029=ORIENTED_EDGE('',*,*,#8332,.T.);
#11030=ORIENTED_EDGE('',*,*,#8333,.T.);
#11031=ORIENTED_EDGE('',*,*,#8334,.T.);
#11032=ORIENTED_EDGE('',*,*,#8335,.T.);
#11033=ORIENTED_EDGE('',*,*,#8336,.T.);
#11034=ORIENTED_EDGE('',*,*,#8337,.T.);
#11035=ORIENTED_EDGE('',*,*,#8338,.T.);
#11036=ORIENTED_EDGE('',*,*,#8339,.T.);
#11037=ORIENTED_EDGE('',*,*,#8340,.T.);
#11038=ORIENTED_EDGE('',*,*,#8341,.T.);
#11039=ORIENTED_EDGE('',*,*,#8342,.T.);
#11040=ORIENTED_EDGE('',*,*,#8343,.T.);
#11041=ORIENTED_EDGE('',*,*,#8344,.T.);
#11042=ORIENTED_EDGE('',*,*,#8345,.T.);
#11043=ORIENTED_EDGE('',*,*,#8346,.T.);
#11044=ORIENTED_EDGE('',*,*,#8347,.T.);
#11045=ORIENTED_EDGE('',*,*,#8348,.T.);
#11046=ORIENTED_EDGE('',*,*,#8349,.T.);
#11047=ORIENTED_EDGE('',*,*,#8350,.T.);
#11048=ORIENTED_EDGE('',*,*,#8351,.T.);
#11049=ORIENTED_EDGE('',*,*,#8352,.T.);
#11050=ORIENTED_EDGE('',*,*,#7826,.T.);
#11051=ORIENTED_EDGE('',*,*,#7823,.T.);
#11052=ORIENTED_EDGE('',*,*,#7842,.T.);
#11053=ORIENTED_EDGE('',*,*,#7839,.T.);
#11054=ORIENTED_EDGE('',*,*,#7836,.T.);
#11055=ORIENTED_EDGE('',*,*,#7833,.T.);
#11056=ORIENTED_EDGE('',*,*,#7830,.T.);
#11057=ORIENTED_EDGE('',*,*,#8353,.T.);
#11058=ORIENTED_EDGE('',*,*,#8354,.T.);
#11059=ORIENTED_EDGE('',*,*,#8355,.T.);
#11060=ORIENTED_EDGE('',*,*,#8356,.T.);
#11061=ORIENTED_EDGE('',*,*,#8357,.T.);
#11062=ORIENTED_EDGE('',*,*,#8358,.T.);
#11063=ORIENTED_EDGE('',*,*,#8359,.T.);
#11064=ORIENTED_EDGE('',*,*,#8360,.F.);
#11065=ORIENTED_EDGE('',*,*,#8361,.F.);
#11066=ORIENTED_EDGE('',*,*,#8101,.F.);
#11067=ORIENTED_EDGE('',*,*,#8362,.T.);
#11068=ORIENTED_EDGE('',*,*,#8363,.F.);
#11069=ORIENTED_EDGE('',*,*,#8362,.F.);
#11070=ORIENTED_EDGE('',*,*,#8100,.F.);
#11071=ORIENTED_EDGE('',*,*,#8364,.T.);
#11072=ORIENTED_EDGE('',*,*,#8365,.F.);
#11073=ORIENTED_EDGE('',*,*,#8364,.F.);
#11074=ORIENTED_EDGE('',*,*,#8099,.F.);
#11075=ORIENTED_EDGE('',*,*,#8366,.T.);
#11076=ORIENTED_EDGE('',*,*,#8367,.F.);
#11077=ORIENTED_EDGE('',*,*,#8366,.F.);
#11078=ORIENTED_EDGE('',*,*,#8098,.F.);
#11079=ORIENTED_EDGE('',*,*,#8368,.T.);
#11080=ORIENTED_EDGE('',*,*,#8369,.F.);
#11081=ORIENTED_EDGE('',*,*,#8368,.F.);
#11082=ORIENTED_EDGE('',*,*,#8103,.F.);
#11083=ORIENTED_EDGE('',*,*,#8370,.T.);
#11084=ORIENTED_EDGE('',*,*,#8371,.F.);
#11085=ORIENTED_EDGE('',*,*,#8370,.F.);
#11086=ORIENTED_EDGE('',*,*,#8102,.F.);
#11087=ORIENTED_EDGE('',*,*,#8361,.T.);
#11088=ORIENTED_EDGE('',*,*,#8372,.F.);
#11089=ORIENTED_EDGE('',*,*,#8373,.F.);
#11090=ORIENTED_EDGE('',*,*,#8107,.F.);
#11091=ORIENTED_EDGE('',*,*,#8374,.T.);
#11092=ORIENTED_EDGE('',*,*,#8375,.F.);
#11093=ORIENTED_EDGE('',*,*,#8374,.F.);
#11094=ORIENTED_EDGE('',*,*,#8106,.F.);
#11095=ORIENTED_EDGE('',*,*,#8376,.T.);
#11096=ORIENTED_EDGE('',*,*,#8377,.F.);
#11097=ORIENTED_EDGE('',*,*,#8376,.F.);
#11098=ORIENTED_EDGE('',*,*,#8105,.F.);
#11099=ORIENTED_EDGE('',*,*,#8378,.T.);
#11100=ORIENTED_EDGE('',*,*,#8379,.F.);
#11101=ORIENTED_EDGE('',*,*,#8378,.F.);
#11102=ORIENTED_EDGE('',*,*,#8104,.F.);
#11103=ORIENTED_EDGE('',*,*,#8380,.T.);
#11104=ORIENTED_EDGE('',*,*,#8381,.F.);
#11105=ORIENTED_EDGE('',*,*,#8380,.F.);
#11106=ORIENTED_EDGE('',*,*,#8109,.F.);
#11107=ORIENTED_EDGE('',*,*,#8382,.T.);
#11108=ORIENTED_EDGE('',*,*,#8383,.F.);
#11109=ORIENTED_EDGE('',*,*,#8382,.F.);
#11110=ORIENTED_EDGE('',*,*,#8108,.F.);
#11111=ORIENTED_EDGE('',*,*,#8373,.T.);
#11112=ORIENTED_EDGE('',*,*,#8384,.F.);
#11113=ORIENTED_EDGE('',*,*,#8385,.F.);
#11114=ORIENTED_EDGE('',*,*,#8113,.F.);
#11115=ORIENTED_EDGE('',*,*,#8386,.T.);
#11116=ORIENTED_EDGE('',*,*,#8387,.F.);
#11117=ORIENTED_EDGE('',*,*,#8386,.F.);
#11118=ORIENTED_EDGE('',*,*,#8112,.F.);
#11119=ORIENTED_EDGE('',*,*,#8388,.T.);
#11120=ORIENTED_EDGE('',*,*,#8389,.F.);
#11121=ORIENTED_EDGE('',*,*,#8388,.F.);
#11122=ORIENTED_EDGE('',*,*,#8111,.F.);
#11123=ORIENTED_EDGE('',*,*,#8390,.T.);
#11124=ORIENTED_EDGE('',*,*,#8391,.F.);
#11125=ORIENTED_EDGE('',*,*,#8390,.F.);
#11126=ORIENTED_EDGE('',*,*,#8110,.F.);
#11127=ORIENTED_EDGE('',*,*,#8392,.T.);
#11128=ORIENTED_EDGE('',*,*,#8393,.F.);
#11129=ORIENTED_EDGE('',*,*,#8392,.F.);
#11130=ORIENTED_EDGE('',*,*,#8115,.F.);
#11131=ORIENTED_EDGE('',*,*,#8394,.T.);
#11132=ORIENTED_EDGE('',*,*,#8395,.F.);
#11133=ORIENTED_EDGE('',*,*,#8394,.F.);
#11134=ORIENTED_EDGE('',*,*,#8114,.F.);
#11135=ORIENTED_EDGE('',*,*,#8385,.T.);
#11136=ORIENTED_EDGE('',*,*,#8396,.F.);
#11137=ORIENTED_EDGE('',*,*,#8397,.F.);
#11138=ORIENTED_EDGE('',*,*,#8119,.F.);
#11139=ORIENTED_EDGE('',*,*,#8398,.T.);
#11140=ORIENTED_EDGE('',*,*,#8399,.F.);
#11141=ORIENTED_EDGE('',*,*,#8398,.F.);
#11142=ORIENTED_EDGE('',*,*,#8118,.F.);
#11143=ORIENTED_EDGE('',*,*,#8400,.T.);
#11144=ORIENTED_EDGE('',*,*,#8401,.F.);
#11145=ORIENTED_EDGE('',*,*,#8400,.F.);
#11146=ORIENTED_EDGE('',*,*,#8117,.F.);
#11147=ORIENTED_EDGE('',*,*,#8402,.T.);
#11148=ORIENTED_EDGE('',*,*,#8403,.F.);
#11149=ORIENTED_EDGE('',*,*,#8402,.F.);
#11150=ORIENTED_EDGE('',*,*,#8116,.F.);
#11151=ORIENTED_EDGE('',*,*,#8404,.T.);
#11152=ORIENTED_EDGE('',*,*,#8405,.F.);
#11153=ORIENTED_EDGE('',*,*,#8404,.F.);
#11154=ORIENTED_EDGE('',*,*,#8121,.F.);
#11155=ORIENTED_EDGE('',*,*,#8406,.T.);
#11156=ORIENTED_EDGE('',*,*,#8407,.F.);
#11157=ORIENTED_EDGE('',*,*,#8406,.F.);
#11158=ORIENTED_EDGE('',*,*,#8120,.F.);
#11159=ORIENTED_EDGE('',*,*,#8397,.T.);
#11160=ORIENTED_EDGE('',*,*,#8408,.F.);
#11161=ORIENTED_EDGE('',*,*,#8409,.F.);
#11162=ORIENTED_EDGE('',*,*,#8125,.F.);
#11163=ORIENTED_EDGE('',*,*,#8410,.T.);
#11164=ORIENTED_EDGE('',*,*,#8411,.F.);
#11165=ORIENTED_EDGE('',*,*,#8410,.F.);
#11166=ORIENTED_EDGE('',*,*,#8124,.F.);
#11167=ORIENTED_EDGE('',*,*,#8412,.T.);
#11168=ORIENTED_EDGE('',*,*,#8413,.F.);
#11169=ORIENTED_EDGE('',*,*,#8412,.F.);
#11170=ORIENTED_EDGE('',*,*,#8123,.F.);
#11171=ORIENTED_EDGE('',*,*,#8414,.T.);
#11172=ORIENTED_EDGE('',*,*,#8415,.F.);
#11173=ORIENTED_EDGE('',*,*,#8414,.F.);
#11174=ORIENTED_EDGE('',*,*,#8122,.F.);
#11175=ORIENTED_EDGE('',*,*,#8416,.T.);
#11176=ORIENTED_EDGE('',*,*,#8417,.F.);
#11177=ORIENTED_EDGE('',*,*,#8416,.F.);
#11178=ORIENTED_EDGE('',*,*,#8127,.F.);
#11179=ORIENTED_EDGE('',*,*,#8418,.T.);
#11180=ORIENTED_EDGE('',*,*,#8419,.F.);
#11181=ORIENTED_EDGE('',*,*,#8418,.F.);
#11182=ORIENTED_EDGE('',*,*,#8126,.F.);
#11183=ORIENTED_EDGE('',*,*,#8409,.T.);
#11184=ORIENTED_EDGE('',*,*,#8420,.F.);
#11185=ORIENTED_EDGE('',*,*,#8421,.F.);
#11186=ORIENTED_EDGE('',*,*,#8131,.F.);
#11187=ORIENTED_EDGE('',*,*,#8422,.T.);
#11188=ORIENTED_EDGE('',*,*,#8423,.F.);
#11189=ORIENTED_EDGE('',*,*,#8422,.F.);
#11190=ORIENTED_EDGE('',*,*,#8130,.F.);
#11191=ORIENTED_EDGE('',*,*,#8424,.T.);
#11192=ORIENTED_EDGE('',*,*,#8425,.F.);
#11193=ORIENTED_EDGE('',*,*,#8424,.F.);
#11194=ORIENTED_EDGE('',*,*,#8129,.F.);
#11195=ORIENTED_EDGE('',*,*,#8426,.T.);
#11196=ORIENTED_EDGE('',*,*,#8427,.F.);
#11197=ORIENTED_EDGE('',*,*,#8426,.F.);
#11198=ORIENTED_EDGE('',*,*,#8128,.F.);
#11199=ORIENTED_EDGE('',*,*,#8428,.T.);
#11200=ORIENTED_EDGE('',*,*,#8429,.F.);
#11201=ORIENTED_EDGE('',*,*,#8428,.F.);
#11202=ORIENTED_EDGE('',*,*,#8133,.F.);
#11203=ORIENTED_EDGE('',*,*,#8430,.T.);
#11204=ORIENTED_EDGE('',*,*,#8431,.F.);
#11205=ORIENTED_EDGE('',*,*,#8430,.F.);
#11206=ORIENTED_EDGE('',*,*,#8132,.F.);
#11207=ORIENTED_EDGE('',*,*,#8421,.T.);
#11208=ORIENTED_EDGE('',*,*,#8432,.F.);
#11209=ORIENTED_EDGE('',*,*,#8433,.F.);
#11210=ORIENTED_EDGE('',*,*,#8137,.F.);
#11211=ORIENTED_EDGE('',*,*,#8434,.T.);
#11212=ORIENTED_EDGE('',*,*,#8435,.F.);
#11213=ORIENTED_EDGE('',*,*,#8434,.F.);
#11214=ORIENTED_EDGE('',*,*,#8136,.F.);
#11215=ORIENTED_EDGE('',*,*,#8436,.T.);
#11216=ORIENTED_EDGE('',*,*,#8437,.F.);
#11217=ORIENTED_EDGE('',*,*,#8436,.F.);
#11218=ORIENTED_EDGE('',*,*,#8135,.F.);
#11219=ORIENTED_EDGE('',*,*,#8438,.T.);
#11220=ORIENTED_EDGE('',*,*,#8439,.F.);
#11221=ORIENTED_EDGE('',*,*,#8438,.F.);
#11222=ORIENTED_EDGE('',*,*,#8134,.F.);
#11223=ORIENTED_EDGE('',*,*,#8440,.T.);
#11224=ORIENTED_EDGE('',*,*,#8441,.F.);
#11225=ORIENTED_EDGE('',*,*,#8440,.F.);
#11226=ORIENTED_EDGE('',*,*,#8139,.F.);
#11227=ORIENTED_EDGE('',*,*,#8442,.T.);
#11228=ORIENTED_EDGE('',*,*,#8443,.F.);
#11229=ORIENTED_EDGE('',*,*,#8442,.F.);
#11230=ORIENTED_EDGE('',*,*,#8138,.F.);
#11231=ORIENTED_EDGE('',*,*,#8433,.T.);
#11232=ORIENTED_EDGE('',*,*,#8444,.F.);
#11233=ORIENTED_EDGE('',*,*,#8445,.F.);
#11234=ORIENTED_EDGE('',*,*,#8143,.F.);
#11235=ORIENTED_EDGE('',*,*,#8446,.T.);
#11236=ORIENTED_EDGE('',*,*,#8447,.F.);
#11237=ORIENTED_EDGE('',*,*,#8446,.F.);
#11238=ORIENTED_EDGE('',*,*,#8142,.F.);
#11239=ORIENTED_EDGE('',*,*,#8448,.T.);
#11240=ORIENTED_EDGE('',*,*,#8449,.F.);
#11241=ORIENTED_EDGE('',*,*,#8448,.F.);
#11242=ORIENTED_EDGE('',*,*,#8141,.F.);
#11243=ORIENTED_EDGE('',*,*,#8450,.T.);
#11244=ORIENTED_EDGE('',*,*,#8451,.F.);
#11245=ORIENTED_EDGE('',*,*,#8450,.F.);
#11246=ORIENTED_EDGE('',*,*,#8140,.F.);
#11247=ORIENTED_EDGE('',*,*,#8452,.T.);
#11248=ORIENTED_EDGE('',*,*,#8453,.F.);
#11249=ORIENTED_EDGE('',*,*,#8452,.F.);
#11250=ORIENTED_EDGE('',*,*,#8145,.F.);
#11251=ORIENTED_EDGE('',*,*,#8454,.T.);
#11252=ORIENTED_EDGE('',*,*,#8455,.F.);
#11253=ORIENTED_EDGE('',*,*,#8454,.F.);
#11254=ORIENTED_EDGE('',*,*,#8144,.F.);
#11255=ORIENTED_EDGE('',*,*,#8445,.T.);
#11256=ORIENTED_EDGE('',*,*,#8456,.F.);
#11257=ORIENTED_EDGE('',*,*,#8457,.F.);
#11258=ORIENTED_EDGE('',*,*,#8149,.F.);
#11259=ORIENTED_EDGE('',*,*,#8458,.T.);
#11260=ORIENTED_EDGE('',*,*,#8459,.F.);
#11261=ORIENTED_EDGE('',*,*,#8458,.F.);
#11262=ORIENTED_EDGE('',*,*,#8148,.F.);
#11263=ORIENTED_EDGE('',*,*,#8460,.T.);
#11264=ORIENTED_EDGE('',*,*,#8461,.F.);
#11265=ORIENTED_EDGE('',*,*,#8460,.F.);
#11266=ORIENTED_EDGE('',*,*,#8147,.F.);
#11267=ORIENTED_EDGE('',*,*,#8462,.T.);
#11268=ORIENTED_EDGE('',*,*,#8463,.F.);
#11269=ORIENTED_EDGE('',*,*,#8462,.F.);
#11270=ORIENTED_EDGE('',*,*,#8146,.F.);
#11271=ORIENTED_EDGE('',*,*,#8464,.T.);
#11272=ORIENTED_EDGE('',*,*,#8465,.F.);
#11273=ORIENTED_EDGE('',*,*,#8464,.F.);
#11274=ORIENTED_EDGE('',*,*,#8151,.F.);
#11275=ORIENTED_EDGE('',*,*,#8466,.T.);
#11276=ORIENTED_EDGE('',*,*,#8467,.F.);
#11277=ORIENTED_EDGE('',*,*,#8466,.F.);
#11278=ORIENTED_EDGE('',*,*,#8150,.F.);
#11279=ORIENTED_EDGE('',*,*,#8457,.T.);
#11280=ORIENTED_EDGE('',*,*,#8468,.F.);
#11281=ORIENTED_EDGE('',*,*,#8469,.F.);
#11282=ORIENTED_EDGE('',*,*,#8155,.F.);
#11283=ORIENTED_EDGE('',*,*,#8470,.T.);
#11284=ORIENTED_EDGE('',*,*,#8471,.F.);
#11285=ORIENTED_EDGE('',*,*,#8470,.F.);
#11286=ORIENTED_EDGE('',*,*,#8154,.F.);
#11287=ORIENTED_EDGE('',*,*,#8472,.T.);
#11288=ORIENTED_EDGE('',*,*,#8473,.F.);
#11289=ORIENTED_EDGE('',*,*,#8472,.F.);
#11290=ORIENTED_EDGE('',*,*,#8153,.F.);
#11291=ORIENTED_EDGE('',*,*,#8474,.T.);
#11292=ORIENTED_EDGE('',*,*,#8475,.F.);
#11293=ORIENTED_EDGE('',*,*,#8474,.F.);
#11294=ORIENTED_EDGE('',*,*,#8152,.F.);
#11295=ORIENTED_EDGE('',*,*,#8476,.T.);
#11296=ORIENTED_EDGE('',*,*,#8477,.F.);
#11297=ORIENTED_EDGE('',*,*,#8476,.F.);
#11298=ORIENTED_EDGE('',*,*,#8157,.F.);
#11299=ORIENTED_EDGE('',*,*,#8478,.T.);
#11300=ORIENTED_EDGE('',*,*,#8479,.F.);
#11301=ORIENTED_EDGE('',*,*,#8478,.F.);
#11302=ORIENTED_EDGE('',*,*,#8156,.F.);
#11303=ORIENTED_EDGE('',*,*,#8469,.T.);
#11304=ORIENTED_EDGE('',*,*,#8480,.F.);
#11305=ORIENTED_EDGE('',*,*,#8481,.F.);
#11306=ORIENTED_EDGE('',*,*,#8161,.F.);
#11307=ORIENTED_EDGE('',*,*,#8482,.T.);
#11308=ORIENTED_EDGE('',*,*,#8483,.F.);
#11309=ORIENTED_EDGE('',*,*,#8482,.F.);
#11310=ORIENTED_EDGE('',*,*,#8160,.F.);
#11311=ORIENTED_EDGE('',*,*,#8484,.T.);
#11312=ORIENTED_EDGE('',*,*,#8485,.F.);
#11313=ORIENTED_EDGE('',*,*,#8484,.F.);
#11314=ORIENTED_EDGE('',*,*,#8159,.F.);
#11315=ORIENTED_EDGE('',*,*,#8486,.T.);
#11316=ORIENTED_EDGE('',*,*,#8487,.F.);
#11317=ORIENTED_EDGE('',*,*,#8486,.F.);
#11318=ORIENTED_EDGE('',*,*,#8158,.F.);
#11319=ORIENTED_EDGE('',*,*,#8488,.T.);
#11320=ORIENTED_EDGE('',*,*,#8489,.F.);
#11321=ORIENTED_EDGE('',*,*,#8488,.F.);
#11322=ORIENTED_EDGE('',*,*,#8163,.F.);
#11323=ORIENTED_EDGE('',*,*,#8490,.T.);
#11324=ORIENTED_EDGE('',*,*,#8491,.F.);
#11325=ORIENTED_EDGE('',*,*,#8490,.F.);
#11326=ORIENTED_EDGE('',*,*,#8162,.F.);
#11327=ORIENTED_EDGE('',*,*,#8481,.T.);
#11328=ORIENTED_EDGE('',*,*,#8492,.F.);
#11329=ORIENTED_EDGE('',*,*,#8493,.F.);
#11330=ORIENTED_EDGE('',*,*,#8167,.F.);
#11331=ORIENTED_EDGE('',*,*,#8494,.T.);
#11332=ORIENTED_EDGE('',*,*,#8495,.F.);
#11333=ORIENTED_EDGE('',*,*,#8494,.F.);
#11334=ORIENTED_EDGE('',*,*,#8166,.F.);
#11335=ORIENTED_EDGE('',*,*,#8496,.T.);
#11336=ORIENTED_EDGE('',*,*,#8497,.F.);
#11337=ORIENTED_EDGE('',*,*,#8496,.F.);
#11338=ORIENTED_EDGE('',*,*,#8165,.F.);
#11339=ORIENTED_EDGE('',*,*,#8498,.T.);
#11340=ORIENTED_EDGE('',*,*,#8499,.F.);
#11341=ORIENTED_EDGE('',*,*,#8498,.F.);
#11342=ORIENTED_EDGE('',*,*,#8164,.F.);
#11343=ORIENTED_EDGE('',*,*,#8500,.T.);
#11344=ORIENTED_EDGE('',*,*,#8501,.F.);
#11345=ORIENTED_EDGE('',*,*,#8500,.F.);
#11346=ORIENTED_EDGE('',*,*,#8169,.F.);
#11347=ORIENTED_EDGE('',*,*,#8502,.T.);
#11348=ORIENTED_EDGE('',*,*,#8503,.F.);
#11349=ORIENTED_EDGE('',*,*,#8502,.F.);
#11350=ORIENTED_EDGE('',*,*,#8168,.F.);
#11351=ORIENTED_EDGE('',*,*,#8493,.T.);
#11352=ORIENTED_EDGE('',*,*,#8504,.F.);
#11353=ORIENTED_EDGE('',*,*,#8505,.F.);
#11354=ORIENTED_EDGE('',*,*,#8173,.F.);
#11355=ORIENTED_EDGE('',*,*,#8506,.T.);
#11356=ORIENTED_EDGE('',*,*,#8507,.F.);
#11357=ORIENTED_EDGE('',*,*,#8506,.F.);
#11358=ORIENTED_EDGE('',*,*,#8172,.F.);
#11359=ORIENTED_EDGE('',*,*,#8508,.T.);
#11360=ORIENTED_EDGE('',*,*,#8509,.F.);
#11361=ORIENTED_EDGE('',*,*,#8508,.F.);
#11362=ORIENTED_EDGE('',*,*,#8171,.F.);
#11363=ORIENTED_EDGE('',*,*,#8510,.T.);
#11364=ORIENTED_EDGE('',*,*,#8511,.F.);
#11365=ORIENTED_EDGE('',*,*,#8510,.F.);
#11366=ORIENTED_EDGE('',*,*,#8170,.F.);
#11367=ORIENTED_EDGE('',*,*,#8512,.T.);
#11368=ORIENTED_EDGE('',*,*,#8513,.F.);
#11369=ORIENTED_EDGE('',*,*,#8512,.F.);
#11370=ORIENTED_EDGE('',*,*,#8175,.F.);
#11371=ORIENTED_EDGE('',*,*,#8514,.T.);
#11372=ORIENTED_EDGE('',*,*,#8515,.F.);
#11373=ORIENTED_EDGE('',*,*,#8514,.F.);
#11374=ORIENTED_EDGE('',*,*,#8174,.F.);
#11375=ORIENTED_EDGE('',*,*,#8505,.T.);
#11376=ORIENTED_EDGE('',*,*,#8516,.F.);
#11377=ORIENTED_EDGE('',*,*,#8517,.F.);
#11378=ORIENTED_EDGE('',*,*,#8179,.F.);
#11379=ORIENTED_EDGE('',*,*,#8518,.T.);
#11380=ORIENTED_EDGE('',*,*,#8519,.F.);
#11381=ORIENTED_EDGE('',*,*,#8518,.F.);
#11382=ORIENTED_EDGE('',*,*,#8178,.F.);
#11383=ORIENTED_EDGE('',*,*,#8520,.T.);
#11384=ORIENTED_EDGE('',*,*,#8521,.F.);
#11385=ORIENTED_EDGE('',*,*,#8520,.F.);
#11386=ORIENTED_EDGE('',*,*,#8177,.F.);
#11387=ORIENTED_EDGE('',*,*,#8522,.T.);
#11388=ORIENTED_EDGE('',*,*,#8523,.F.);
#11389=ORIENTED_EDGE('',*,*,#8522,.F.);
#11390=ORIENTED_EDGE('',*,*,#8176,.F.);
#11391=ORIENTED_EDGE('',*,*,#8524,.T.);
#11392=ORIENTED_EDGE('',*,*,#8525,.F.);
#11393=ORIENTED_EDGE('',*,*,#8524,.F.);
#11394=ORIENTED_EDGE('',*,*,#8181,.F.);
#11395=ORIENTED_EDGE('',*,*,#8526,.T.);
#11396=ORIENTED_EDGE('',*,*,#8527,.F.);
#11397=ORIENTED_EDGE('',*,*,#8526,.F.);
#11398=ORIENTED_EDGE('',*,*,#8180,.F.);
#11399=ORIENTED_EDGE('',*,*,#8517,.T.);
#11400=ORIENTED_EDGE('',*,*,#8528,.F.);
#11401=ORIENTED_EDGE('',*,*,#8529,.F.);
#11402=ORIENTED_EDGE('',*,*,#8185,.F.);
#11403=ORIENTED_EDGE('',*,*,#8530,.T.);
#11404=ORIENTED_EDGE('',*,*,#8531,.F.);
#11405=ORIENTED_EDGE('',*,*,#8530,.F.);
#11406=ORIENTED_EDGE('',*,*,#8184,.F.);
#11407=ORIENTED_EDGE('',*,*,#8532,.T.);
#11408=ORIENTED_EDGE('',*,*,#8533,.F.);
#11409=ORIENTED_EDGE('',*,*,#8532,.F.);
#11410=ORIENTED_EDGE('',*,*,#8183,.F.);
#11411=ORIENTED_EDGE('',*,*,#8534,.T.);
#11412=ORIENTED_EDGE('',*,*,#8535,.F.);
#11413=ORIENTED_EDGE('',*,*,#8534,.F.);
#11414=ORIENTED_EDGE('',*,*,#8182,.F.);
#11415=ORIENTED_EDGE('',*,*,#8536,.T.);
#11416=ORIENTED_EDGE('',*,*,#8537,.F.);
#11417=ORIENTED_EDGE('',*,*,#8536,.F.);
#11418=ORIENTED_EDGE('',*,*,#8187,.F.);
#11419=ORIENTED_EDGE('',*,*,#8538,.T.);
#11420=ORIENTED_EDGE('',*,*,#8539,.F.);
#11421=ORIENTED_EDGE('',*,*,#8538,.F.);
#11422=ORIENTED_EDGE('',*,*,#8186,.F.);
#11423=ORIENTED_EDGE('',*,*,#8529,.T.);
#11424=ORIENTED_EDGE('',*,*,#8540,.F.);
#11425=ORIENTED_EDGE('',*,*,#8541,.F.);
#11426=ORIENTED_EDGE('',*,*,#8191,.F.);
#11427=ORIENTED_EDGE('',*,*,#8542,.T.);
#11428=ORIENTED_EDGE('',*,*,#8543,.F.);
#11429=ORIENTED_EDGE('',*,*,#8542,.F.);
#11430=ORIENTED_EDGE('',*,*,#8190,.F.);
#11431=ORIENTED_EDGE('',*,*,#8544,.T.);
#11432=ORIENTED_EDGE('',*,*,#8545,.F.);
#11433=ORIENTED_EDGE('',*,*,#8544,.F.);
#11434=ORIENTED_EDGE('',*,*,#8189,.F.);
#11435=ORIENTED_EDGE('',*,*,#8546,.T.);
#11436=ORIENTED_EDGE('',*,*,#8547,.F.);
#11437=ORIENTED_EDGE('',*,*,#8546,.F.);
#11438=ORIENTED_EDGE('',*,*,#8188,.F.);
#11439=ORIENTED_EDGE('',*,*,#8548,.T.);
#11440=ORIENTED_EDGE('',*,*,#8549,.F.);
#11441=ORIENTED_EDGE('',*,*,#8548,.F.);
#11442=ORIENTED_EDGE('',*,*,#8193,.F.);
#11443=ORIENTED_EDGE('',*,*,#8550,.T.);
#11444=ORIENTED_EDGE('',*,*,#8551,.F.);
#11445=ORIENTED_EDGE('',*,*,#8550,.F.);
#11446=ORIENTED_EDGE('',*,*,#8192,.F.);
#11447=ORIENTED_EDGE('',*,*,#8541,.T.);
#11448=ORIENTED_EDGE('',*,*,#8552,.F.);
#11449=ORIENTED_EDGE('',*,*,#8553,.F.);
#11450=ORIENTED_EDGE('',*,*,#8197,.F.);
#11451=ORIENTED_EDGE('',*,*,#8554,.T.);
#11452=ORIENTED_EDGE('',*,*,#8555,.F.);
#11453=ORIENTED_EDGE('',*,*,#8554,.F.);
#11454=ORIENTED_EDGE('',*,*,#8196,.F.);
#11455=ORIENTED_EDGE('',*,*,#8556,.T.);
#11456=ORIENTED_EDGE('',*,*,#8557,.F.);
#11457=ORIENTED_EDGE('',*,*,#8556,.F.);
#11458=ORIENTED_EDGE('',*,*,#8195,.F.);
#11459=ORIENTED_EDGE('',*,*,#8558,.T.);
#11460=ORIENTED_EDGE('',*,*,#8559,.F.);
#11461=ORIENTED_EDGE('',*,*,#8558,.F.);
#11462=ORIENTED_EDGE('',*,*,#8194,.F.);
#11463=ORIENTED_EDGE('',*,*,#8560,.T.);
#11464=ORIENTED_EDGE('',*,*,#8561,.F.);
#11465=ORIENTED_EDGE('',*,*,#8560,.F.);
#11466=ORIENTED_EDGE('',*,*,#8199,.F.);
#11467=ORIENTED_EDGE('',*,*,#8562,.T.);
#11468=ORIENTED_EDGE('',*,*,#8563,.F.);
#11469=ORIENTED_EDGE('',*,*,#8562,.F.);
#11470=ORIENTED_EDGE('',*,*,#8198,.F.);
#11471=ORIENTED_EDGE('',*,*,#8553,.T.);
#11472=ORIENTED_EDGE('',*,*,#8564,.F.);
#11473=ORIENTED_EDGE('',*,*,#8565,.F.);
#11474=ORIENTED_EDGE('',*,*,#8203,.F.);
#11475=ORIENTED_EDGE('',*,*,#8566,.T.);
#11476=ORIENTED_EDGE('',*,*,#8567,.F.);
#11477=ORIENTED_EDGE('',*,*,#8566,.F.);
#11478=ORIENTED_EDGE('',*,*,#8202,.F.);
#11479=ORIENTED_EDGE('',*,*,#8568,.T.);
#11480=ORIENTED_EDGE('',*,*,#8569,.F.);
#11481=ORIENTED_EDGE('',*,*,#8568,.F.);
#11482=ORIENTED_EDGE('',*,*,#8201,.F.);
#11483=ORIENTED_EDGE('',*,*,#8570,.T.);
#11484=ORIENTED_EDGE('',*,*,#8571,.F.);
#11485=ORIENTED_EDGE('',*,*,#8570,.F.);
#11486=ORIENTED_EDGE('',*,*,#8200,.F.);
#11487=ORIENTED_EDGE('',*,*,#8572,.T.);
#11488=ORIENTED_EDGE('',*,*,#8573,.F.);
#11489=ORIENTED_EDGE('',*,*,#8572,.F.);
#11490=ORIENTED_EDGE('',*,*,#8205,.F.);
#11491=ORIENTED_EDGE('',*,*,#8574,.T.);
#11492=ORIENTED_EDGE('',*,*,#8575,.F.);
#11493=ORIENTED_EDGE('',*,*,#8574,.F.);
#11494=ORIENTED_EDGE('',*,*,#8204,.F.);
#11495=ORIENTED_EDGE('',*,*,#8565,.T.);
#11496=ORIENTED_EDGE('',*,*,#8576,.F.);
#11497=ORIENTED_EDGE('',*,*,#8577,.F.);
#11498=ORIENTED_EDGE('',*,*,#8208,.F.);
#11499=ORIENTED_EDGE('',*,*,#8578,.T.);
#11500=ORIENTED_EDGE('',*,*,#8579,.F.);
#11501=ORIENTED_EDGE('',*,*,#8578,.F.);
#11502=ORIENTED_EDGE('',*,*,#8207,.F.);
#11503=ORIENTED_EDGE('',*,*,#8580,.T.);
#11504=ORIENTED_EDGE('',*,*,#8581,.F.);
#11505=ORIENTED_EDGE('',*,*,#8580,.F.);
#11506=ORIENTED_EDGE('',*,*,#8206,.F.);
#11507=ORIENTED_EDGE('',*,*,#8582,.T.);
#11508=ORIENTED_EDGE('',*,*,#8583,.F.);
#11509=ORIENTED_EDGE('',*,*,#8582,.F.);
#11510=ORIENTED_EDGE('',*,*,#8211,.F.);
#11511=ORIENTED_EDGE('',*,*,#8584,.T.);
#11512=ORIENTED_EDGE('',*,*,#8585,.F.);
#11513=ORIENTED_EDGE('',*,*,#8584,.F.);
#11514=ORIENTED_EDGE('',*,*,#8210,.F.);
#11515=ORIENTED_EDGE('',*,*,#8586,.T.);
#11516=ORIENTED_EDGE('',*,*,#8587,.F.);
#11517=ORIENTED_EDGE('',*,*,#8586,.F.);
#11518=ORIENTED_EDGE('',*,*,#8209,.F.);
#11519=ORIENTED_EDGE('',*,*,#8577,.T.);
#11520=ORIENTED_EDGE('',*,*,#8588,.F.);
#11521=ORIENTED_EDGE('',*,*,#8589,.F.);
#11522=ORIENTED_EDGE('',*,*,#8354,.F.);
#11523=ORIENTED_EDGE('',*,*,#8590,.T.);
#11524=ORIENTED_EDGE('',*,*,#8591,.F.);
#11525=ORIENTED_EDGE('',*,*,#8592,.F.);
#11526=ORIENTED_EDGE('',*,*,#8358,.F.);
#11527=ORIENTED_EDGE('',*,*,#8593,.T.);
#11528=ORIENTED_EDGE('',*,*,#8594,.F.);
#11529=ORIENTED_EDGE('',*,*,#8593,.F.);
#11530=ORIENTED_EDGE('',*,*,#8357,.F.);
#11531=ORIENTED_EDGE('',*,*,#8595,.T.);
#11532=ORIENTED_EDGE('',*,*,#8596,.F.);
#11533=ORIENTED_EDGE('',*,*,#8595,.F.);
#11534=ORIENTED_EDGE('',*,*,#8356,.F.);
#11535=ORIENTED_EDGE('',*,*,#8597,.T.);
#11536=ORIENTED_EDGE('',*,*,#8598,.F.);
#11537=ORIENTED_EDGE('',*,*,#8597,.F.);
#11538=ORIENTED_EDGE('',*,*,#8355,.F.);
#11539=ORIENTED_EDGE('',*,*,#8589,.T.);
#11540=ORIENTED_EDGE('',*,*,#8599,.F.);
#11541=ORIENTED_EDGE('',*,*,#8600,.F.);
#11542=ORIENTED_EDGE('',*,*,#8215,.F.);
#11543=ORIENTED_EDGE('',*,*,#8601,.T.);
#11544=ORIENTED_EDGE('',*,*,#8602,.F.);
#11545=ORIENTED_EDGE('',*,*,#8601,.F.);
#11546=ORIENTED_EDGE('',*,*,#8214,.F.);
#11547=ORIENTED_EDGE('',*,*,#8603,.T.);
#11548=ORIENTED_EDGE('',*,*,#8604,.F.);
#11549=ORIENTED_EDGE('',*,*,#8603,.F.);
#11550=ORIENTED_EDGE('',*,*,#8213,.F.);
#11551=ORIENTED_EDGE('',*,*,#8605,.T.);
#11552=ORIENTED_EDGE('',*,*,#8606,.F.);
#11553=ORIENTED_EDGE('',*,*,#8605,.F.);
#11554=ORIENTED_EDGE('',*,*,#8212,.F.);
#11555=ORIENTED_EDGE('',*,*,#8607,.T.);
#11556=ORIENTED_EDGE('',*,*,#8608,.F.);
#11557=ORIENTED_EDGE('',*,*,#8607,.F.);
#11558=ORIENTED_EDGE('',*,*,#8217,.F.);
#11559=ORIENTED_EDGE('',*,*,#8609,.T.);
#11560=ORIENTED_EDGE('',*,*,#8610,.F.);
#11561=ORIENTED_EDGE('',*,*,#8609,.F.);
#11562=ORIENTED_EDGE('',*,*,#8216,.F.);
#11563=ORIENTED_EDGE('',*,*,#8600,.T.);
#11564=ORIENTED_EDGE('',*,*,#8611,.F.);
#11565=ORIENTED_EDGE('',*,*,#8612,.F.);
#11566=ORIENTED_EDGE('',*,*,#8221,.F.);
#11567=ORIENTED_EDGE('',*,*,#8613,.T.);
#11568=ORIENTED_EDGE('',*,*,#8614,.F.);
#11569=ORIENTED_EDGE('',*,*,#8613,.F.);
#11570=ORIENTED_EDGE('',*,*,#8220,.F.);
#11571=ORIENTED_EDGE('',*,*,#8615,.T.);
#11572=ORIENTED_EDGE('',*,*,#8616,.F.);
#11573=ORIENTED_EDGE('',*,*,#8615,.F.);
#11574=ORIENTED_EDGE('',*,*,#8219,.F.);
#11575=ORIENTED_EDGE('',*,*,#8617,.T.);
#11576=ORIENTED_EDGE('',*,*,#8618,.F.);
#11577=ORIENTED_EDGE('',*,*,#8617,.F.);
#11578=ORIENTED_EDGE('',*,*,#8218,.F.);
#11579=ORIENTED_EDGE('',*,*,#8619,.T.);
#11580=ORIENTED_EDGE('',*,*,#8620,.F.);
#11581=ORIENTED_EDGE('',*,*,#8619,.F.);
#11582=ORIENTED_EDGE('',*,*,#8223,.F.);
#11583=ORIENTED_EDGE('',*,*,#8621,.T.);
#11584=ORIENTED_EDGE('',*,*,#8622,.F.);
#11585=ORIENTED_EDGE('',*,*,#8621,.F.);
#11586=ORIENTED_EDGE('',*,*,#8222,.F.);
#11587=ORIENTED_EDGE('',*,*,#8612,.T.);
#11588=ORIENTED_EDGE('',*,*,#8623,.F.);
#11589=ORIENTED_EDGE('',*,*,#8624,.F.);
#11590=ORIENTED_EDGE('',*,*,#8227,.F.);
#11591=ORIENTED_EDGE('',*,*,#8625,.T.);
#11592=ORIENTED_EDGE('',*,*,#8626,.F.);
#11593=ORIENTED_EDGE('',*,*,#8625,.F.);
#11594=ORIENTED_EDGE('',*,*,#8226,.F.);
#11595=ORIENTED_EDGE('',*,*,#8627,.T.);
#11596=ORIENTED_EDGE('',*,*,#8628,.F.);
#11597=ORIENTED_EDGE('',*,*,#8627,.F.);
#11598=ORIENTED_EDGE('',*,*,#8225,.F.);
#11599=ORIENTED_EDGE('',*,*,#8629,.T.);
#11600=ORIENTED_EDGE('',*,*,#8630,.F.);
#11601=ORIENTED_EDGE('',*,*,#8629,.F.);
#11602=ORIENTED_EDGE('',*,*,#8224,.F.);
#11603=ORIENTED_EDGE('',*,*,#8631,.T.);
#11604=ORIENTED_EDGE('',*,*,#8632,.F.);
#11605=ORIENTED_EDGE('',*,*,#8631,.F.);
#11606=ORIENTED_EDGE('',*,*,#8229,.F.);
#11607=ORIENTED_EDGE('',*,*,#8633,.T.);
#11608=ORIENTED_EDGE('',*,*,#8634,.F.);
#11609=ORIENTED_EDGE('',*,*,#8633,.F.);
#11610=ORIENTED_EDGE('',*,*,#8228,.F.);
#11611=ORIENTED_EDGE('',*,*,#8624,.T.);
#11612=ORIENTED_EDGE('',*,*,#8635,.F.);
#11613=ORIENTED_EDGE('',*,*,#8636,.F.);
#11614=ORIENTED_EDGE('',*,*,#8234,.F.);
#11615=ORIENTED_EDGE('',*,*,#8637,.T.);
#11616=ORIENTED_EDGE('',*,*,#8638,.F.);
#11617=ORIENTED_EDGE('',*,*,#8637,.F.);
#11618=ORIENTED_EDGE('',*,*,#8233,.F.);
#11619=ORIENTED_EDGE('',*,*,#8639,.T.);
#11620=ORIENTED_EDGE('',*,*,#8640,.F.);
#11621=ORIENTED_EDGE('',*,*,#8639,.F.);
#11622=ORIENTED_EDGE('',*,*,#8232,.F.);
#11623=ORIENTED_EDGE('',*,*,#8641,.T.);
#11624=ORIENTED_EDGE('',*,*,#8642,.F.);
#11625=ORIENTED_EDGE('',*,*,#8641,.F.);
#11626=ORIENTED_EDGE('',*,*,#8231,.F.);
#11627=ORIENTED_EDGE('',*,*,#8643,.T.);
#11628=ORIENTED_EDGE('',*,*,#8644,.F.);
#11629=ORIENTED_EDGE('',*,*,#8643,.F.);
#11630=ORIENTED_EDGE('',*,*,#8230,.F.);
#11631=ORIENTED_EDGE('',*,*,#8645,.T.);
#11632=ORIENTED_EDGE('',*,*,#8646,.F.);
#11633=ORIENTED_EDGE('',*,*,#8645,.F.);
#11634=ORIENTED_EDGE('',*,*,#8238,.F.);
#11635=ORIENTED_EDGE('',*,*,#8647,.T.);
#11636=ORIENTED_EDGE('',*,*,#8648,.F.);
#11637=ORIENTED_EDGE('',*,*,#8647,.F.);
#11638=ORIENTED_EDGE('',*,*,#8237,.F.);
#11639=ORIENTED_EDGE('',*,*,#8649,.T.);
#11640=ORIENTED_EDGE('',*,*,#8650,.F.);
#11641=ORIENTED_EDGE('',*,*,#8649,.F.);
#11642=ORIENTED_EDGE('',*,*,#8236,.F.);
#11643=ORIENTED_EDGE('',*,*,#8651,.T.);
#11644=ORIENTED_EDGE('',*,*,#8652,.F.);
#11645=ORIENTED_EDGE('',*,*,#8651,.F.);
#11646=ORIENTED_EDGE('',*,*,#8235,.F.);
#11647=ORIENTED_EDGE('',*,*,#8636,.T.);
#11648=ORIENTED_EDGE('',*,*,#8653,.F.);
#11649=ORIENTED_EDGE('',*,*,#8654,.F.);
#11650=ORIENTED_EDGE('',*,*,#8242,.F.);
#11651=ORIENTED_EDGE('',*,*,#8655,.T.);
#11652=ORIENTED_EDGE('',*,*,#8656,.F.);
#11653=ORIENTED_EDGE('',*,*,#8655,.F.);
#11654=ORIENTED_EDGE('',*,*,#8241,.F.);
#11655=ORIENTED_EDGE('',*,*,#8657,.T.);
#11656=ORIENTED_EDGE('',*,*,#8658,.F.);
#11657=ORIENTED_EDGE('',*,*,#8657,.F.);
#11658=ORIENTED_EDGE('',*,*,#8240,.F.);
#11659=ORIENTED_EDGE('',*,*,#8659,.T.);
#11660=ORIENTED_EDGE('',*,*,#8660,.F.);
#11661=ORIENTED_EDGE('',*,*,#8659,.F.);
#11662=ORIENTED_EDGE('',*,*,#8239,.F.);
#11663=ORIENTED_EDGE('',*,*,#8661,.T.);
#11664=ORIENTED_EDGE('',*,*,#8662,.F.);
#11665=ORIENTED_EDGE('',*,*,#8661,.F.);
#11666=ORIENTED_EDGE('',*,*,#8244,.F.);
#11667=ORIENTED_EDGE('',*,*,#8663,.T.);
#11668=ORIENTED_EDGE('',*,*,#8664,.F.);
#11669=ORIENTED_EDGE('',*,*,#8663,.F.);
#11670=ORIENTED_EDGE('',*,*,#8243,.F.);
#11671=ORIENTED_EDGE('',*,*,#8654,.T.);
#11672=ORIENTED_EDGE('',*,*,#8665,.F.);
#11673=ORIENTED_EDGE('',*,*,#8666,.F.);
#11674=ORIENTED_EDGE('',*,*,#8248,.F.);
#11675=ORIENTED_EDGE('',*,*,#8667,.T.);
#11676=ORIENTED_EDGE('',*,*,#8668,.F.);
#11677=ORIENTED_EDGE('',*,*,#8667,.F.);
#11678=ORIENTED_EDGE('',*,*,#8247,.F.);
#11679=ORIENTED_EDGE('',*,*,#8669,.T.);
#11680=ORIENTED_EDGE('',*,*,#8670,.F.);
#11681=ORIENTED_EDGE('',*,*,#8669,.F.);
#11682=ORIENTED_EDGE('',*,*,#8246,.F.);
#11683=ORIENTED_EDGE('',*,*,#8671,.T.);
#11684=ORIENTED_EDGE('',*,*,#8672,.F.);
#11685=ORIENTED_EDGE('',*,*,#8671,.F.);
#11686=ORIENTED_EDGE('',*,*,#8245,.F.);
#11687=ORIENTED_EDGE('',*,*,#8673,.T.);
#11688=ORIENTED_EDGE('',*,*,#8674,.F.);
#11689=ORIENTED_EDGE('',*,*,#8673,.F.);
#11690=ORIENTED_EDGE('',*,*,#8250,.F.);
#11691=ORIENTED_EDGE('',*,*,#8675,.T.);
#11692=ORIENTED_EDGE('',*,*,#8676,.F.);
#11693=ORIENTED_EDGE('',*,*,#8675,.F.);
#11694=ORIENTED_EDGE('',*,*,#8249,.F.);
#11695=ORIENTED_EDGE('',*,*,#8666,.T.);
#11696=ORIENTED_EDGE('',*,*,#8677,.F.);
#11697=ORIENTED_EDGE('',*,*,#8678,.F.);
#11698=ORIENTED_EDGE('',*,*,#8254,.F.);
#11699=ORIENTED_EDGE('',*,*,#8679,.T.);
#11700=ORIENTED_EDGE('',*,*,#8680,.F.);
#11701=ORIENTED_EDGE('',*,*,#8679,.F.);
#11702=ORIENTED_EDGE('',*,*,#8253,.F.);
#11703=ORIENTED_EDGE('',*,*,#8681,.T.);
#11704=ORIENTED_EDGE('',*,*,#8682,.F.);
#11705=ORIENTED_EDGE('',*,*,#8681,.F.);
#11706=ORIENTED_EDGE('',*,*,#8252,.F.);
#11707=ORIENTED_EDGE('',*,*,#8683,.T.);
#11708=ORIENTED_EDGE('',*,*,#8684,.F.);
#11709=ORIENTED_EDGE('',*,*,#8683,.F.);
#11710=ORIENTED_EDGE('',*,*,#8251,.F.);
#11711=ORIENTED_EDGE('',*,*,#8685,.T.);
#11712=ORIENTED_EDGE('',*,*,#8686,.F.);
#11713=ORIENTED_EDGE('',*,*,#8685,.F.);
#11714=ORIENTED_EDGE('',*,*,#8256,.F.);
#11715=ORIENTED_EDGE('',*,*,#8687,.T.);
#11716=ORIENTED_EDGE('',*,*,#8688,.F.);
#11717=ORIENTED_EDGE('',*,*,#8687,.F.);
#11718=ORIENTED_EDGE('',*,*,#8255,.F.);
#11719=ORIENTED_EDGE('',*,*,#8678,.T.);
#11720=ORIENTED_EDGE('',*,*,#8689,.F.);
#11721=ORIENTED_EDGE('',*,*,#8690,.F.);
#11722=ORIENTED_EDGE('',*,*,#8260,.F.);
#11723=ORIENTED_EDGE('',*,*,#8691,.T.);
#11724=ORIENTED_EDGE('',*,*,#8692,.F.);
#11725=ORIENTED_EDGE('',*,*,#8691,.F.);
#11726=ORIENTED_EDGE('',*,*,#8259,.F.);
#11727=ORIENTED_EDGE('',*,*,#8693,.T.);
#11728=ORIENTED_EDGE('',*,*,#8694,.F.);
#11729=ORIENTED_EDGE('',*,*,#8693,.F.);
#11730=ORIENTED_EDGE('',*,*,#8258,.F.);
#11731=ORIENTED_EDGE('',*,*,#8695,.T.);
#11732=ORIENTED_EDGE('',*,*,#8696,.F.);
#11733=ORIENTED_EDGE('',*,*,#8695,.F.);
#11734=ORIENTED_EDGE('',*,*,#8257,.F.);
#11735=ORIENTED_EDGE('',*,*,#8697,.T.);
#11736=ORIENTED_EDGE('',*,*,#8698,.F.);
#11737=ORIENTED_EDGE('',*,*,#8697,.F.);
#11738=ORIENTED_EDGE('',*,*,#8262,.F.);
#11739=ORIENTED_EDGE('',*,*,#8699,.T.);
#11740=ORIENTED_EDGE('',*,*,#8700,.F.);
#11741=ORIENTED_EDGE('',*,*,#8699,.F.);
#11742=ORIENTED_EDGE('',*,*,#8261,.F.);
#11743=ORIENTED_EDGE('',*,*,#8690,.T.);
#11744=ORIENTED_EDGE('',*,*,#8701,.F.);
#11745=ORIENTED_EDGE('',*,*,#8702,.F.);
#11746=ORIENTED_EDGE('',*,*,#8084,.F.);
#11747=ORIENTED_EDGE('',*,*,#8703,.T.);
#11748=ORIENTED_EDGE('',*,*,#8704,.F.);
#11749=ORIENTED_EDGE('',*,*,#8703,.F.);
#11750=ORIENTED_EDGE('',*,*,#8097,.F.);
#11751=ORIENTED_EDGE('',*,*,#8705,.T.);
#11752=ORIENTED_EDGE('',*,*,#8706,.F.);
#11753=ORIENTED_EDGE('',*,*,#8705,.F.);
#11754=ORIENTED_EDGE('',*,*,#8096,.F.);
#11755=ORIENTED_EDGE('',*,*,#8707,.T.);
#11756=ORIENTED_EDGE('',*,*,#8708,.F.);
#11757=ORIENTED_EDGE('',*,*,#8707,.F.);
#11758=ORIENTED_EDGE('',*,*,#8095,.F.);
#11759=ORIENTED_EDGE('',*,*,#8709,.T.);
#11760=ORIENTED_EDGE('',*,*,#8710,.F.);
#11761=ORIENTED_EDGE('',*,*,#8709,.F.);
#11762=ORIENTED_EDGE('',*,*,#8094,.F.);
#11763=ORIENTED_EDGE('',*,*,#8711,.T.);
#11764=ORIENTED_EDGE('',*,*,#8712,.F.);
#11765=ORIENTED_EDGE('',*,*,#8713,.F.);
#11766=ORIENTED_EDGE('',*,*,#8266,.F.);
#11767=ORIENTED_EDGE('',*,*,#8714,.T.);
#11768=ORIENTED_EDGE('',*,*,#8715,.F.);
#11769=ORIENTED_EDGE('',*,*,#8714,.F.);
#11770=ORIENTED_EDGE('',*,*,#8265,.F.);
#11771=ORIENTED_EDGE('',*,*,#8716,.T.);
#11772=ORIENTED_EDGE('',*,*,#8717,.F.);
#11773=ORIENTED_EDGE('',*,*,#8716,.F.);
#11774=ORIENTED_EDGE('',*,*,#8264,.F.);
#11775=ORIENTED_EDGE('',*,*,#8718,.T.);
#11776=ORIENTED_EDGE('',*,*,#8719,.F.);
#11777=ORIENTED_EDGE('',*,*,#8718,.F.);
#11778=ORIENTED_EDGE('',*,*,#8263,.F.);
#11779=ORIENTED_EDGE('',*,*,#8720,.T.);
#11780=ORIENTED_EDGE('',*,*,#8721,.F.);
#11781=ORIENTED_EDGE('',*,*,#8720,.F.);
#11782=ORIENTED_EDGE('',*,*,#8268,.F.);
#11783=ORIENTED_EDGE('',*,*,#8722,.T.);
#11784=ORIENTED_EDGE('',*,*,#8723,.F.);
#11785=ORIENTED_EDGE('',*,*,#8722,.F.);
#11786=ORIENTED_EDGE('',*,*,#8267,.F.);
#11787=ORIENTED_EDGE('',*,*,#8713,.T.);
#11788=ORIENTED_EDGE('',*,*,#8724,.F.);
#11789=ORIENTED_EDGE('',*,*,#8725,.F.);
#11790=ORIENTED_EDGE('',*,*,#8272,.F.);
#11791=ORIENTED_EDGE('',*,*,#8726,.T.);
#11792=ORIENTED_EDGE('',*,*,#8727,.F.);
#11793=ORIENTED_EDGE('',*,*,#8726,.F.);
#11794=ORIENTED_EDGE('',*,*,#8271,.F.);
#11795=ORIENTED_EDGE('',*,*,#8728,.T.);
#11796=ORIENTED_EDGE('',*,*,#8729,.F.);
#11797=ORIENTED_EDGE('',*,*,#8728,.F.);
#11798=ORIENTED_EDGE('',*,*,#8270,.F.);
#11799=ORIENTED_EDGE('',*,*,#8730,.T.);
#11800=ORIENTED_EDGE('',*,*,#8731,.F.);
#11801=ORIENTED_EDGE('',*,*,#8730,.F.);
#11802=ORIENTED_EDGE('',*,*,#8269,.F.);
#11803=ORIENTED_EDGE('',*,*,#8732,.T.);
#11804=ORIENTED_EDGE('',*,*,#8733,.F.);
#11805=ORIENTED_EDGE('',*,*,#8732,.F.);
#11806=ORIENTED_EDGE('',*,*,#8274,.F.);
#11807=ORIENTED_EDGE('',*,*,#8734,.T.);
#11808=ORIENTED_EDGE('',*,*,#8735,.F.);
#11809=ORIENTED_EDGE('',*,*,#8734,.F.);
#11810=ORIENTED_EDGE('',*,*,#8273,.F.);
#11811=ORIENTED_EDGE('',*,*,#8725,.T.);
#11812=ORIENTED_EDGE('',*,*,#8736,.F.);
#11813=ORIENTED_EDGE('',*,*,#8737,.F.);
#11814=ORIENTED_EDGE('',*,*,#8278,.F.);
#11815=ORIENTED_EDGE('',*,*,#8738,.T.);
#11816=ORIENTED_EDGE('',*,*,#8739,.F.);
#11817=ORIENTED_EDGE('',*,*,#8738,.F.);
#11818=ORIENTED_EDGE('',*,*,#8277,.F.);
#11819=ORIENTED_EDGE('',*,*,#8740,.T.);
#11820=ORIENTED_EDGE('',*,*,#8741,.F.);
#11821=ORIENTED_EDGE('',*,*,#8740,.F.);
#11822=ORIENTED_EDGE('',*,*,#8276,.F.);
#11823=ORIENTED_EDGE('',*,*,#8742,.T.);
#11824=ORIENTED_EDGE('',*,*,#8743,.F.);
#11825=ORIENTED_EDGE('',*,*,#8742,.F.);
#11826=ORIENTED_EDGE('',*,*,#8275,.F.);
#11827=ORIENTED_EDGE('',*,*,#8744,.T.);
#11828=ORIENTED_EDGE('',*,*,#8745,.F.);
#11829=ORIENTED_EDGE('',*,*,#8744,.F.);
#11830=ORIENTED_EDGE('',*,*,#8280,.F.);
#11831=ORIENTED_EDGE('',*,*,#8746,.T.);
#11832=ORIENTED_EDGE('',*,*,#8747,.F.);
#11833=ORIENTED_EDGE('',*,*,#8746,.F.);
#11834=ORIENTED_EDGE('',*,*,#8279,.F.);
#11835=ORIENTED_EDGE('',*,*,#8737,.T.);
#11836=ORIENTED_EDGE('',*,*,#8748,.F.);
#11837=ORIENTED_EDGE('',*,*,#8749,.F.);
#11838=ORIENTED_EDGE('',*,*,#8284,.F.);
#11839=ORIENTED_EDGE('',*,*,#8750,.T.);
#11840=ORIENTED_EDGE('',*,*,#8751,.F.);
#11841=ORIENTED_EDGE('',*,*,#8750,.F.);
#11842=ORIENTED_EDGE('',*,*,#8283,.F.);
#11843=ORIENTED_EDGE('',*,*,#8752,.T.);
#11844=ORIENTED_EDGE('',*,*,#8753,.F.);
#11845=ORIENTED_EDGE('',*,*,#8752,.F.);
#11846=ORIENTED_EDGE('',*,*,#8282,.F.);
#11847=ORIENTED_EDGE('',*,*,#8754,.T.);
#11848=ORIENTED_EDGE('',*,*,#8755,.F.);
#11849=ORIENTED_EDGE('',*,*,#8754,.F.);
#11850=ORIENTED_EDGE('',*,*,#8281,.F.);
#11851=ORIENTED_EDGE('',*,*,#8756,.T.);
#11852=ORIENTED_EDGE('',*,*,#8757,.F.);
#11853=ORIENTED_EDGE('',*,*,#8756,.F.);
#11854=ORIENTED_EDGE('',*,*,#8286,.F.);
#11855=ORIENTED_EDGE('',*,*,#8758,.T.);
#11856=ORIENTED_EDGE('',*,*,#8759,.F.);
#11857=ORIENTED_EDGE('',*,*,#8758,.F.);
#11858=ORIENTED_EDGE('',*,*,#8285,.F.);
#11859=ORIENTED_EDGE('',*,*,#8749,.T.);
#11860=ORIENTED_EDGE('',*,*,#8760,.F.);
#11861=ORIENTED_EDGE('',*,*,#8761,.F.);
#11862=ORIENTED_EDGE('',*,*,#8290,.F.);
#11863=ORIENTED_EDGE('',*,*,#8762,.T.);
#11864=ORIENTED_EDGE('',*,*,#8763,.F.);
#11865=ORIENTED_EDGE('',*,*,#8762,.F.);
#11866=ORIENTED_EDGE('',*,*,#8289,.F.);
#11867=ORIENTED_EDGE('',*,*,#8764,.T.);
#11868=ORIENTED_EDGE('',*,*,#8765,.F.);
#11869=ORIENTED_EDGE('',*,*,#8764,.F.);
#11870=ORIENTED_EDGE('',*,*,#8288,.F.);
#11871=ORIENTED_EDGE('',*,*,#8766,.T.);
#11872=ORIENTED_EDGE('',*,*,#8767,.F.);
#11873=ORIENTED_EDGE('',*,*,#8766,.F.);
#11874=ORIENTED_EDGE('',*,*,#8287,.F.);
#11875=ORIENTED_EDGE('',*,*,#8768,.T.);
#11876=ORIENTED_EDGE('',*,*,#8769,.F.);
#11877=ORIENTED_EDGE('',*,*,#8768,.F.);
#11878=ORIENTED_EDGE('',*,*,#8292,.F.);
#11879=ORIENTED_EDGE('',*,*,#8770,.T.);
#11880=ORIENTED_EDGE('',*,*,#8771,.F.);
#11881=ORIENTED_EDGE('',*,*,#8770,.F.);
#11882=ORIENTED_EDGE('',*,*,#8291,.F.);
#11883=ORIENTED_EDGE('',*,*,#8761,.T.);
#11884=ORIENTED_EDGE('',*,*,#8772,.F.);
#11885=ORIENTED_EDGE('',*,*,#8773,.F.);
#11886=ORIENTED_EDGE('',*,*,#8296,.F.);
#11887=ORIENTED_EDGE('',*,*,#8774,.T.);
#11888=ORIENTED_EDGE('',*,*,#8775,.F.);
#11889=ORIENTED_EDGE('',*,*,#8774,.F.);
#11890=ORIENTED_EDGE('',*,*,#8295,.F.);
#11891=ORIENTED_EDGE('',*,*,#8776,.T.);
#11892=ORIENTED_EDGE('',*,*,#8777,.F.);
#11893=ORIENTED_EDGE('',*,*,#8776,.F.);
#11894=ORIENTED_EDGE('',*,*,#8294,.F.);
#11895=ORIENTED_EDGE('',*,*,#8778,.T.);
#11896=ORIENTED_EDGE('',*,*,#8779,.F.);
#11897=ORIENTED_EDGE('',*,*,#8778,.F.);
#11898=ORIENTED_EDGE('',*,*,#8293,.F.);
#11899=ORIENTED_EDGE('',*,*,#8780,.T.);
#11900=ORIENTED_EDGE('',*,*,#8781,.F.);
#11901=ORIENTED_EDGE('',*,*,#8780,.F.);
#11902=ORIENTED_EDGE('',*,*,#8298,.F.);
#11903=ORIENTED_EDGE('',*,*,#8782,.T.);
#11904=ORIENTED_EDGE('',*,*,#8783,.F.);
#11905=ORIENTED_EDGE('',*,*,#8782,.F.);
#11906=ORIENTED_EDGE('',*,*,#8297,.F.);
#11907=ORIENTED_EDGE('',*,*,#8773,.T.);
#11908=ORIENTED_EDGE('',*,*,#8784,.F.);
#11909=ORIENTED_EDGE('',*,*,#8785,.F.);
#11910=ORIENTED_EDGE('',*,*,#8302,.F.);
#11911=ORIENTED_EDGE('',*,*,#8786,.T.);
#11912=ORIENTED_EDGE('',*,*,#8787,.F.);
#11913=ORIENTED_EDGE('',*,*,#8786,.F.);
#11914=ORIENTED_EDGE('',*,*,#8301,.F.);
#11915=ORIENTED_EDGE('',*,*,#8788,.T.);
#11916=ORIENTED_EDGE('',*,*,#8789,.F.);
#11917=ORIENTED_EDGE('',*,*,#8788,.F.);
#11918=ORIENTED_EDGE('',*,*,#8300,.F.);
#11919=ORIENTED_EDGE('',*,*,#8790,.T.);
#11920=ORIENTED_EDGE('',*,*,#8791,.F.);
#11921=ORIENTED_EDGE('',*,*,#8790,.F.);
#11922=ORIENTED_EDGE('',*,*,#8299,.F.);
#11923=ORIENTED_EDGE('',*,*,#8792,.T.);
#11924=ORIENTED_EDGE('',*,*,#8793,.F.);
#11925=ORIENTED_EDGE('',*,*,#8792,.F.);
#11926=ORIENTED_EDGE('',*,*,#8304,.F.);
#11927=ORIENTED_EDGE('',*,*,#8794,.T.);
#11928=ORIENTED_EDGE('',*,*,#8795,.F.);
#11929=ORIENTED_EDGE('',*,*,#8794,.F.);
#11930=ORIENTED_EDGE('',*,*,#8303,.F.);
#11931=ORIENTED_EDGE('',*,*,#8785,.T.);
#11932=ORIENTED_EDGE('',*,*,#8796,.F.);
#11933=ORIENTED_EDGE('',*,*,#8797,.F.);
#11934=ORIENTED_EDGE('',*,*,#8308,.F.);
#11935=ORIENTED_EDGE('',*,*,#8798,.T.);
#11936=ORIENTED_EDGE('',*,*,#8799,.F.);
#11937=ORIENTED_EDGE('',*,*,#8798,.F.);
#11938=ORIENTED_EDGE('',*,*,#8307,.F.);
#11939=ORIENTED_EDGE('',*,*,#8800,.T.);
#11940=ORIENTED_EDGE('',*,*,#8801,.F.);
#11941=ORIENTED_EDGE('',*,*,#8800,.F.);
#11942=ORIENTED_EDGE('',*,*,#8306,.F.);
#11943=ORIENTED_EDGE('',*,*,#8802,.T.);
#11944=ORIENTED_EDGE('',*,*,#8803,.F.);
#11945=ORIENTED_EDGE('',*,*,#8802,.F.);
#11946=ORIENTED_EDGE('',*,*,#8305,.F.);
#11947=ORIENTED_EDGE('',*,*,#8804,.T.);
#11948=ORIENTED_EDGE('',*,*,#8805,.F.);
#11949=ORIENTED_EDGE('',*,*,#8804,.F.);
#11950=ORIENTED_EDGE('',*,*,#8310,.F.);
#11951=ORIENTED_EDGE('',*,*,#8806,.T.);
#11952=ORIENTED_EDGE('',*,*,#8807,.F.);
#11953=ORIENTED_EDGE('',*,*,#8806,.F.);
#11954=ORIENTED_EDGE('',*,*,#8309,.F.);
#11955=ORIENTED_EDGE('',*,*,#8797,.T.);
#11956=ORIENTED_EDGE('',*,*,#8808,.F.);
#11957=ORIENTED_EDGE('',*,*,#8809,.F.);
#11958=ORIENTED_EDGE('',*,*,#8314,.F.);
#11959=ORIENTED_EDGE('',*,*,#8810,.T.);
#11960=ORIENTED_EDGE('',*,*,#8811,.F.);
#11961=ORIENTED_EDGE('',*,*,#8810,.F.);
#11962=ORIENTED_EDGE('',*,*,#8313,.F.);
#11963=ORIENTED_EDGE('',*,*,#8812,.T.);
#11964=ORIENTED_EDGE('',*,*,#8813,.F.);
#11965=ORIENTED_EDGE('',*,*,#8812,.F.);
#11966=ORIENTED_EDGE('',*,*,#8312,.F.);
#11967=ORIENTED_EDGE('',*,*,#8814,.T.);
#11968=ORIENTED_EDGE('',*,*,#8815,.F.);
#11969=ORIENTED_EDGE('',*,*,#8814,.F.);
#11970=ORIENTED_EDGE('',*,*,#8311,.F.);
#11971=ORIENTED_EDGE('',*,*,#8816,.T.);
#11972=ORIENTED_EDGE('',*,*,#8817,.F.);
#11973=ORIENTED_EDGE('',*,*,#8816,.F.);
#11974=ORIENTED_EDGE('',*,*,#8316,.F.);
#11975=ORIENTED_EDGE('',*,*,#8818,.T.);
#11976=ORIENTED_EDGE('',*,*,#8819,.F.);
#11977=ORIENTED_EDGE('',*,*,#8818,.F.);
#11978=ORIENTED_EDGE('',*,*,#8315,.F.);
#11979=ORIENTED_EDGE('',*,*,#8809,.T.);
#11980=ORIENTED_EDGE('',*,*,#8820,.F.);
#11981=ORIENTED_EDGE('',*,*,#8821,.F.);
#11982=ORIENTED_EDGE('',*,*,#8320,.F.);
#11983=ORIENTED_EDGE('',*,*,#8822,.T.);
#11984=ORIENTED_EDGE('',*,*,#8823,.F.);
#11985=ORIENTED_EDGE('',*,*,#8822,.F.);
#11986=ORIENTED_EDGE('',*,*,#8319,.F.);
#11987=ORIENTED_EDGE('',*,*,#8824,.T.);
#11988=ORIENTED_EDGE('',*,*,#8825,.F.);
#11989=ORIENTED_EDGE('',*,*,#8824,.F.);
#11990=ORIENTED_EDGE('',*,*,#8318,.F.);
#11991=ORIENTED_EDGE('',*,*,#8826,.T.);
#11992=ORIENTED_EDGE('',*,*,#8827,.F.);
#11993=ORIENTED_EDGE('',*,*,#8826,.F.);
#11994=ORIENTED_EDGE('',*,*,#8317,.F.);
#11995=ORIENTED_EDGE('',*,*,#8828,.T.);
#11996=ORIENTED_EDGE('',*,*,#8829,.F.);
#11997=ORIENTED_EDGE('',*,*,#8828,.F.);
#11998=ORIENTED_EDGE('',*,*,#8322,.F.);
#11999=ORIENTED_EDGE('',*,*,#8830,.T.);
#12000=ORIENTED_EDGE('',*,*,#8831,.F.);
#12001=ORIENTED_EDGE('',*,*,#8830,.F.);
#12002=ORIENTED_EDGE('',*,*,#8321,.F.);
#12003=ORIENTED_EDGE('',*,*,#8821,.T.);
#12004=ORIENTED_EDGE('',*,*,#8832,.F.);
#12005=ORIENTED_EDGE('',*,*,#8833,.F.);
#12006=ORIENTED_EDGE('',*,*,#8087,.F.);
#12007=ORIENTED_EDGE('',*,*,#8834,.T.);
#12008=ORIENTED_EDGE('',*,*,#8835,.F.);
#12009=ORIENTED_EDGE('',*,*,#8834,.F.);
#12010=ORIENTED_EDGE('',*,*,#8086,.F.);
#12011=ORIENTED_EDGE('',*,*,#8836,.T.);
#12012=ORIENTED_EDGE('',*,*,#8837,.F.);
#12013=ORIENTED_EDGE('',*,*,#8838,.F.);
#12014=ORIENTED_EDGE('',*,*,#8092,.F.);
#12015=ORIENTED_EDGE('',*,*,#8839,.T.);
#12016=ORIENTED_EDGE('',*,*,#8840,.F.);
#12017=ORIENTED_EDGE('',*,*,#8839,.F.);
#12018=ORIENTED_EDGE('',*,*,#8091,.F.);
#12019=ORIENTED_EDGE('',*,*,#8841,.T.);
#12020=ORIENTED_EDGE('',*,*,#8842,.F.);
#12021=ORIENTED_EDGE('',*,*,#8841,.F.);
#12022=ORIENTED_EDGE('',*,*,#8090,.F.);
#12023=ORIENTED_EDGE('',*,*,#8843,.T.);
#12024=ORIENTED_EDGE('',*,*,#8844,.F.);
#12025=ORIENTED_EDGE('',*,*,#8843,.F.);
#12026=ORIENTED_EDGE('',*,*,#8089,.F.);
#12027=ORIENTED_EDGE('',*,*,#8845,.T.);
#12028=ORIENTED_EDGE('',*,*,#8846,.F.);
#12029=ORIENTED_EDGE('',*,*,#8845,.F.);
#12030=ORIENTED_EDGE('',*,*,#8088,.F.);
#12031=ORIENTED_EDGE('',*,*,#8833,.T.);
#12032=ORIENTED_EDGE('',*,*,#8847,.F.);
#12033=ORIENTED_EDGE('',*,*,#8848,.F.);
#12034=ORIENTED_EDGE('',*,*,#8326,.F.);
#12035=ORIENTED_EDGE('',*,*,#8849,.T.);
#12036=ORIENTED_EDGE('',*,*,#8850,.F.);
#12037=ORIENTED_EDGE('',*,*,#8849,.F.);
#12038=ORIENTED_EDGE('',*,*,#8325,.F.);
#12039=ORIENTED_EDGE('',*,*,#8851,.T.);
#12040=ORIENTED_EDGE('',*,*,#8852,.F.);
#12041=ORIENTED_EDGE('',*,*,#8851,.F.);
#12042=ORIENTED_EDGE('',*,*,#8324,.F.);
#12043=ORIENTED_EDGE('',*,*,#8853,.T.);
#12044=ORIENTED_EDGE('',*,*,#8854,.F.);
#12045=ORIENTED_EDGE('',*,*,#8853,.F.);
#12046=ORIENTED_EDGE('',*,*,#8323,.F.);
#12047=ORIENTED_EDGE('',*,*,#8855,.T.);
#12048=ORIENTED_EDGE('',*,*,#8856,.F.);
#12049=ORIENTED_EDGE('',*,*,#8855,.F.);
#12050=ORIENTED_EDGE('',*,*,#8328,.F.);
#12051=ORIENTED_EDGE('',*,*,#8857,.T.);
#12052=ORIENTED_EDGE('',*,*,#8858,.F.);
#12053=ORIENTED_EDGE('',*,*,#8857,.F.);
#12054=ORIENTED_EDGE('',*,*,#8327,.F.);
#12055=ORIENTED_EDGE('',*,*,#8848,.T.);
#12056=ORIENTED_EDGE('',*,*,#8859,.F.);
#12057=ORIENTED_EDGE('',*,*,#8860,.F.);
#12058=ORIENTED_EDGE('',*,*,#8331,.F.);
#12059=ORIENTED_EDGE('',*,*,#8861,.T.);
#12060=ORIENTED_EDGE('',*,*,#8862,.F.);
#12061=ORIENTED_EDGE('',*,*,#8861,.F.);
#12062=ORIENTED_EDGE('',*,*,#8330,.F.);
#12063=ORIENTED_EDGE('',*,*,#8863,.T.);
#12064=ORIENTED_EDGE('',*,*,#8864,.F.);
#12065=ORIENTED_EDGE('',*,*,#8863,.F.);
#12066=ORIENTED_EDGE('',*,*,#8329,.F.);
#12067=ORIENTED_EDGE('',*,*,#8865,.T.);
#12068=ORIENTED_EDGE('',*,*,#8866,.F.);
#12069=ORIENTED_EDGE('',*,*,#8865,.F.);
#12070=ORIENTED_EDGE('',*,*,#8334,.F.);
#12071=ORIENTED_EDGE('',*,*,#8867,.T.);
#12072=ORIENTED_EDGE('',*,*,#8868,.F.);
#12073=ORIENTED_EDGE('',*,*,#8867,.F.);
#12074=ORIENTED_EDGE('',*,*,#8333,.F.);
#12075=ORIENTED_EDGE('',*,*,#8869,.T.);
#12076=ORIENTED_EDGE('',*,*,#8870,.F.);
#12077=ORIENTED_EDGE('',*,*,#8869,.F.);
#12078=ORIENTED_EDGE('',*,*,#8332,.F.);
#12079=ORIENTED_EDGE('',*,*,#8860,.T.);
#12080=ORIENTED_EDGE('',*,*,#8871,.F.);
#12081=ORIENTED_EDGE('',*,*,#8872,.F.);
#12082=ORIENTED_EDGE('',*,*,#8338,.F.);
#12083=ORIENTED_EDGE('',*,*,#8873,.T.);
#12084=ORIENTED_EDGE('',*,*,#8874,.F.);
#12085=ORIENTED_EDGE('',*,*,#8873,.F.);
#12086=ORIENTED_EDGE('',*,*,#8337,.F.);
#12087=ORIENTED_EDGE('',*,*,#8875,.T.);
#12088=ORIENTED_EDGE('',*,*,#8876,.F.);
#12089=ORIENTED_EDGE('',*,*,#8875,.F.);
#12090=ORIENTED_EDGE('',*,*,#8336,.F.);
#12091=ORIENTED_EDGE('',*,*,#8877,.T.);
#12092=ORIENTED_EDGE('',*,*,#8878,.F.);
#12093=ORIENTED_EDGE('',*,*,#8877,.F.);
#12094=ORIENTED_EDGE('',*,*,#8335,.F.);
#12095=ORIENTED_EDGE('',*,*,#8879,.T.);
#12096=ORIENTED_EDGE('',*,*,#8880,.F.);
#12097=ORIENTED_EDGE('',*,*,#8879,.F.);
#12098=ORIENTED_EDGE('',*,*,#8340,.F.);
#12099=ORIENTED_EDGE('',*,*,#8881,.T.);
#12100=ORIENTED_EDGE('',*,*,#8882,.F.);
#12101=ORIENTED_EDGE('',*,*,#8881,.F.);
#12102=ORIENTED_EDGE('',*,*,#8339,.F.);
#12103=ORIENTED_EDGE('',*,*,#8872,.T.);
#12104=ORIENTED_EDGE('',*,*,#8883,.F.);
#12105=ORIENTED_EDGE('',*,*,#8884,.F.);
#12106=ORIENTED_EDGE('',*,*,#8344,.F.);
#12107=ORIENTED_EDGE('',*,*,#8885,.T.);
#12108=ORIENTED_EDGE('',*,*,#8886,.F.);
#12109=ORIENTED_EDGE('',*,*,#8885,.F.);
#12110=ORIENTED_EDGE('',*,*,#8343,.F.);
#12111=ORIENTED_EDGE('',*,*,#8887,.T.);
#12112=ORIENTED_EDGE('',*,*,#8888,.F.);
#12113=ORIENTED_EDGE('',*,*,#8887,.F.);
#12114=ORIENTED_EDGE('',*,*,#8342,.F.);
#12115=ORIENTED_EDGE('',*,*,#8889,.T.);
#12116=ORIENTED_EDGE('',*,*,#8890,.F.);
#12117=ORIENTED_EDGE('',*,*,#8889,.F.);
#12118=ORIENTED_EDGE('',*,*,#8341,.F.);
#12119=ORIENTED_EDGE('',*,*,#8891,.T.);
#12120=ORIENTED_EDGE('',*,*,#8892,.F.);
#12121=ORIENTED_EDGE('',*,*,#8891,.F.);
#12122=ORIENTED_EDGE('',*,*,#8346,.F.);
#12123=ORIENTED_EDGE('',*,*,#8893,.T.);
#12124=ORIENTED_EDGE('',*,*,#8894,.F.);
#12125=ORIENTED_EDGE('',*,*,#8893,.F.);
#12126=ORIENTED_EDGE('',*,*,#8345,.F.);
#12127=ORIENTED_EDGE('',*,*,#8884,.T.);
#12128=ORIENTED_EDGE('',*,*,#8895,.F.);
#12129=ORIENTED_EDGE('',*,*,#8896,.F.);
#12130=ORIENTED_EDGE('',*,*,#8078,.F.);
#12131=ORIENTED_EDGE('',*,*,#8897,.T.);
#12132=ORIENTED_EDGE('',*,*,#8898,.F.);
#12133=ORIENTED_EDGE('',*,*,#8897,.F.);
#12134=ORIENTED_EDGE('',*,*,#8077,.F.);
#12135=ORIENTED_EDGE('',*,*,#8899,.T.);
#12136=ORIENTED_EDGE('',*,*,#8900,.F.);
#12137=ORIENTED_EDGE('',*,*,#8899,.F.);
#12138=ORIENTED_EDGE('',*,*,#8076,.F.);
#12139=ORIENTED_EDGE('',*,*,#8901,.T.);
#12140=ORIENTED_EDGE('',*,*,#8902,.F.);
#12141=ORIENTED_EDGE('',*,*,#8901,.F.);
#12142=ORIENTED_EDGE('',*,*,#8075,.F.);
#12143=ORIENTED_EDGE('',*,*,#8903,.T.);
#12144=ORIENTED_EDGE('',*,*,#8904,.F.);
#12145=ORIENTED_EDGE('',*,*,#8903,.F.);
#12146=ORIENTED_EDGE('',*,*,#8074,.F.);
#12147=ORIENTED_EDGE('',*,*,#8905,.T.);
#12148=ORIENTED_EDGE('',*,*,#8906,.F.);
#12149=ORIENTED_EDGE('',*,*,#8907,.F.);
#12150=ORIENTED_EDGE('',*,*,#8350,.F.);
#12151=ORIENTED_EDGE('',*,*,#8908,.T.);
#12152=ORIENTED_EDGE('',*,*,#8909,.F.);
#12153=ORIENTED_EDGE('',*,*,#8908,.F.);
#12154=ORIENTED_EDGE('',*,*,#8349,.F.);
#12155=ORIENTED_EDGE('',*,*,#8910,.T.);
#12156=ORIENTED_EDGE('',*,*,#8911,.F.);
#12157=ORIENTED_EDGE('',*,*,#8910,.F.);
#12158=ORIENTED_EDGE('',*,*,#8348,.F.);
#12159=ORIENTED_EDGE('',*,*,#8912,.T.);
#12160=ORIENTED_EDGE('',*,*,#8913,.F.);
#12161=ORIENTED_EDGE('',*,*,#8912,.F.);
#12162=ORIENTED_EDGE('',*,*,#8347,.F.);
#12163=ORIENTED_EDGE('',*,*,#8914,.T.);
#12164=ORIENTED_EDGE('',*,*,#8915,.F.);
#12165=ORIENTED_EDGE('',*,*,#8914,.F.);
#12166=ORIENTED_EDGE('',*,*,#8352,.F.);
#12167=ORIENTED_EDGE('',*,*,#8916,.T.);
#12168=ORIENTED_EDGE('',*,*,#8917,.F.);
#12169=ORIENTED_EDGE('',*,*,#8916,.F.);
#12170=ORIENTED_EDGE('',*,*,#8351,.F.);
#12171=ORIENTED_EDGE('',*,*,#8907,.T.);
#12172=ORIENTED_EDGE('',*,*,#8918,.F.);
#12173=ORIENTED_EDGE('',*,*,#8919,.T.);
#12174=ORIENTED_EDGE('',*,*,#8920,.F.);
#12175=ORIENTED_EDGE('',*,*,#8919,.F.);
#12176=ORIENTED_EDGE('',*,*,#8921,.F.);
#12177=ORIENTED_EDGE('',*,*,#8922,.T.);
#12178=ORIENTED_EDGE('',*,*,#8923,.F.);
#12179=ORIENTED_EDGE('',*,*,#8922,.F.);
#12180=ORIENTED_EDGE('',*,*,#8924,.F.);
#12181=ORIENTED_EDGE('',*,*,#8925,.T.);
#12182=ORIENTED_EDGE('',*,*,#8926,.F.);
#12183=ORIENTED_EDGE('',*,*,#8925,.F.);
#12184=ORIENTED_EDGE('',*,*,#7740,.F.);
#12185=ORIENTED_EDGE('',*,*,#8927,.T.);
#12186=ORIENTED_EDGE('',*,*,#8928,.F.);
#12187=ORIENTED_EDGE('',*,*,#8927,.F.);
#12188=ORIENTED_EDGE('',*,*,#7730,.F.);
#12189=ORIENTED_EDGE('',*,*,#8929,.T.);
#12190=ORIENTED_EDGE('',*,*,#8930,.F.);
#12191=ORIENTED_EDGE('',*,*,#8929,.F.);
#12192=ORIENTED_EDGE('',*,*,#7745,.F.);
#12193=ORIENTED_EDGE('',*,*,#8931,.T.);
#12194=ORIENTED_EDGE('',*,*,#8932,.F.);
#12195=ORIENTED_EDGE('',*,*,#8931,.F.);
#12196=ORIENTED_EDGE('',*,*,#7735,.F.);
#12197=ORIENTED_EDGE('',*,*,#8933,.T.);
#12198=ORIENTED_EDGE('',*,*,#8934,.F.);
#12199=ORIENTED_EDGE('',*,*,#8933,.F.);
#12200=ORIENTED_EDGE('',*,*,#8935,.F.);
#12201=ORIENTED_EDGE('',*,*,#8936,.F.);
#12202=ORIENTED_EDGE('',*,*,#8937,.T.);
#12203=ORIENTED_EDGE('',*,*,#7742,.F.);
#12204=ORIENTED_EDGE('',*,*,#8938,.F.);
#12205=ORIENTED_EDGE('',*,*,#8072,.T.);
#12206=ORIENTED_EDGE('',*,*,#8939,.T.);
#12207=ORIENTED_EDGE('',*,*,#7729,.F.);
#12208=ORIENTED_EDGE('',*,*,#8940,.F.);
#12209=ORIENTED_EDGE('',*,*,#8069,.F.);
#12210=ORIENTED_EDGE('',*,*,#8941,.T.);
#12211=ORIENTED_EDGE('',*,*,#7739,.F.);
#12212=ORIENTED_EDGE('',*,*,#8942,.F.);
#12213=ORIENTED_EDGE('',*,*,#8943,.F.);
#12214=ORIENTED_EDGE('',*,*,#8935,.T.);
#12215=ORIENTED_EDGE('',*,*,#7728,.F.);
#12216=ORIENTED_EDGE('',*,*,#8944,.F.);
#12217=ORIENTED_EDGE('',*,*,#8945,.T.);
#12218=ORIENTED_EDGE('',*,*,#8946,.F.);
#12219=ORIENTED_EDGE('',*,*,#8836,.F.);
#12220=ORIENTED_EDGE('',*,*,#8085,.F.);
#12221=ORIENTED_EDGE('',*,*,#8702,.T.);
#12222=ORIENTED_EDGE('',*,*,#8947,.F.);
#12223=ORIENTED_EDGE('',*,*,#8711,.F.);
#12224=ORIENTED_EDGE('',*,*,#8093,.F.);
#12225=ORIENTED_EDGE('',*,*,#8838,.T.);
#12226=ORIENTED_EDGE('',*,*,#8948,.F.);
#12227=ORIENTED_EDGE('',*,*,#8945,.F.);
#12228=ORIENTED_EDGE('',*,*,#8070,.F.);
#12229=ORIENTED_EDGE('',*,*,#8940,.T.);
#12230=ORIENTED_EDGE('',*,*,#7727,.F.);
#12231=ORIENTED_EDGE('',*,*,#8949,.T.);
#12232=ORIENTED_EDGE('',*,*,#8950,.F.);
#12233=ORIENTED_EDGE('',*,*,#7986,.F.);
#12234=ORIENTED_EDGE('',*,*,#8949,.F.);
#12235=ORIENTED_EDGE('',*,*,#7726,.F.);
#12236=ORIENTED_EDGE('',*,*,#8939,.F.);
#12237=ORIENTED_EDGE('',*,*,#8071,.F.);
#12238=ORIENTED_EDGE('',*,*,#7988,.T.);
#12239=ORIENTED_EDGE('',*,*,#8951,.F.);
#12240=ORIENTED_EDGE('',*,*,#8073,.F.);
#12241=ORIENTED_EDGE('',*,*,#8938,.T.);
#12242=ORIENTED_EDGE('',*,*,#7741,.F.);
#12243=ORIENTED_EDGE('',*,*,#8952,.T.);
#12244=ORIENTED_EDGE('',*,*,#8953,.F.);
#12245=ORIENTED_EDGE('',*,*,#8905,.F.);
#12246=ORIENTED_EDGE('',*,*,#8952,.F.);
#12247=ORIENTED_EDGE('',*,*,#7744,.F.);
#12248=ORIENTED_EDGE('',*,*,#8954,.F.);
#12249=ORIENTED_EDGE('',*,*,#8079,.F.);
#12250=ORIENTED_EDGE('',*,*,#8896,.T.);
#12251=ORIENTED_EDGE('',*,*,#8955,.F.);
#12252=ORIENTED_EDGE('',*,*,#8067,.F.);
#12253=ORIENTED_EDGE('',*,*,#8956,.T.);
#12254=ORIENTED_EDGE('',*,*,#7737,.F.);
#12255=ORIENTED_EDGE('',*,*,#8957,.F.);
#12256=ORIENTED_EDGE('',*,*,#8068,.F.);
#12257=ORIENTED_EDGE('',*,*,#8957,.T.);
#12258=ORIENTED_EDGE('',*,*,#7736,.F.);
#12259=ORIENTED_EDGE('',*,*,#8941,.F.);
#12260=ORIENTED_EDGE('',*,*,#8081,.F.);
#12261=ORIENTED_EDGE('',*,*,#8958,.T.);
#12262=ORIENTED_EDGE('',*,*,#7731,.F.);
#12263=ORIENTED_EDGE('',*,*,#8959,.T.);
#12264=ORIENTED_EDGE('',*,*,#8960,.F.);
#12265=ORIENTED_EDGE('',*,*,#7952,.F.);
#12266=ORIENTED_EDGE('',*,*,#8959,.F.);
#12267=ORIENTED_EDGE('',*,*,#7734,.F.);
#12268=ORIENTED_EDGE('',*,*,#8961,.F.);
#12269=ORIENTED_EDGE('',*,*,#8065,.F.);
#12270=ORIENTED_EDGE('',*,*,#7935,.T.);
#12271=ORIENTED_EDGE('',*,*,#8962,.F.);
#12272=ORIENTED_EDGE('',*,*,#8963,.F.);
#12273=ORIENTED_EDGE('',*,*,#8964,.T.);
#12274=ORIENTED_EDGE('',*,*,#8082,.F.);
#12275=ORIENTED_EDGE('',*,*,#7919,.T.);
#12276=ORIENTED_EDGE('',*,*,#8965,.F.);
#12277=ORIENTED_EDGE('',*,*,#7933,.F.);
#12278=ORIENTED_EDGE('',*,*,#8083,.F.);
#12279=ORIENTED_EDGE('',*,*,#8964,.F.);
#12280=ORIENTED_EDGE('',*,*,#8963,.T.);
#12281=ORIENTED_EDGE('',*,*,#8921,.T.);
#12282=ORIENTED_EDGE('',*,*,#8944,.T.);
#12283=ORIENTED_EDGE('',*,*,#8924,.T.);
#12284=ORIENTED_EDGE('',*,*,#8923,.T.);
#12285=ORIENTED_EDGE('',*,*,#8966,.F.);
#12286=ORIENTED_EDGE('',*,*,#8967,.T.);
#12287=ORIENTED_EDGE('',*,*,#8968,.F.);
#12288=ORIENTED_EDGE('',*,*,#8590,.F.);
#12289=ORIENTED_EDGE('',*,*,#8353,.F.);
#12290=ORIENTED_EDGE('',*,*,#7829,.T.);
#12291=ORIENTED_EDGE('',*,*,#8969,.F.);
#12292=ORIENTED_EDGE('',*,*,#7827,.F.);
#12293=ORIENTED_EDGE('',*,*,#8359,.F.);
#12294=ORIENTED_EDGE('',*,*,#8592,.T.);
#12295=ORIENTED_EDGE('',*,*,#8970,.F.);
#12296=ORIENTED_EDGE('',*,*,#8967,.F.);
#12297=ORIENTED_EDGE('',*,*,#8966,.T.);
#12298=ORIENTED_EDGE('',*,*,#8918,.T.);
#12299=ORIENTED_EDGE('',*,*,#8926,.T.);
#12300=ORIENTED_EDGE('',*,*,#8937,.F.);
#12301=ORIENTED_EDGE('',*,*,#8971,.F.);
#12302=ORIENTED_EDGE('',*,*,#8972,.T.);
#12303=ORIENTED_EDGE('',*,*,#7732,.F.);
#12304=ORIENTED_EDGE('',*,*,#8958,.F.);
#12305=ORIENTED_EDGE('',*,*,#8080,.F.);
#12306=ORIENTED_EDGE('',*,*,#8954,.T.);
#12307=ORIENTED_EDGE('',*,*,#7743,.F.);
#12308=ORIENTED_EDGE('',*,*,#8972,.F.);
#12309=ORIENTED_EDGE('',*,*,#8973,.F.);
#12310=ORIENTED_EDGE('',*,*,#8942,.T.);
#12311=ORIENTED_EDGE('',*,*,#7738,.F.);
#12312=ORIENTED_EDGE('',*,*,#8956,.F.);
#12313=ORIENTED_EDGE('',*,*,#8066,.F.);
#12314=ORIENTED_EDGE('',*,*,#8961,.T.);
#12315=ORIENTED_EDGE('',*,*,#7733,.F.);
#12316=ORIENTED_EDGE('',*,*,#8920,.T.);
#12317=ORIENTED_EDGE('',*,*,#8973,.T.);
#12318=ORIENTED_EDGE('',*,*,#8971,.T.);
#12319=ORIENTED_EDGE('',*,*,#8936,.T.);
#12320=ORIENTED_EDGE('',*,*,#8943,.T.);
#12321=ORIENTED_EDGE('',*,*,#8932,.T.);
#12322=ORIENTED_EDGE('',*,*,#8934,.T.);
#12323=ORIENTED_EDGE('',*,*,#8928,.T.);
#12324=ORIENTED_EDGE('',*,*,#8930,.T.);
#12325=ORIENTED_EDGE('',*,*,#8581,.T.);
#12326=ORIENTED_EDGE('',*,*,#8583,.T.);
#12327=ORIENTED_EDGE('',*,*,#8585,.T.);
#12328=ORIENTED_EDGE('',*,*,#8587,.T.);
#12329=ORIENTED_EDGE('',*,*,#8576,.T.);
#12330=ORIENTED_EDGE('',*,*,#8579,.T.);
#12331=ORIENTED_EDGE('',*,*,#8864,.T.);
#12332=ORIENTED_EDGE('',*,*,#8866,.T.);
#12333=ORIENTED_EDGE('',*,*,#8868,.T.);
#12334=ORIENTED_EDGE('',*,*,#8870,.T.);
#12335=ORIENTED_EDGE('',*,*,#8859,.T.);
#12336=ORIENTED_EDGE('',*,*,#8862,.T.);
#12337=ORIENTED_EDGE('',*,*,#7756,.T.);
#12338=ORIENTED_EDGE('',*,*,#7759,.T.);
#12339=ORIENTED_EDGE('',*,*,#7762,.T.);
#12340=ORIENTED_EDGE('',*,*,#7746,.T.);
#12341=ORIENTED_EDGE('',*,*,#7750,.T.);
#12342=ORIENTED_EDGE('',*,*,#7753,.T.);
#12343=ORIENTED_EDGE('',*,*,#7774,.T.);
#12344=ORIENTED_EDGE('',*,*,#7777,.T.);
#12345=ORIENTED_EDGE('',*,*,#7780,.T.);
#12346=ORIENTED_EDGE('',*,*,#7783,.T.);
#12347=ORIENTED_EDGE('',*,*,#7764,.T.);
#12348=ORIENTED_EDGE('',*,*,#7768,.T.);
#12349=ORIENTED_EDGE('',*,*,#7771,.T.);
#12350=ORIENTED_EDGE('',*,*,#7795,.T.);
#12351=ORIENTED_EDGE('',*,*,#7798,.T.);
#12352=ORIENTED_EDGE('',*,*,#7801,.T.);
#12353=ORIENTED_EDGE('',*,*,#7785,.T.);
#12354=ORIENTED_EDGE('',*,*,#7789,.T.);
#12355=ORIENTED_EDGE('',*,*,#7792,.T.);
#12356=ORIENTED_EDGE('',*,*,#7813,.T.);
#12357=ORIENTED_EDGE('',*,*,#7816,.T.);
#12358=ORIENTED_EDGE('',*,*,#7819,.T.);
#12359=ORIENTED_EDGE('',*,*,#7803,.T.);
#12360=ORIENTED_EDGE('',*,*,#7807,.T.);
#12361=ORIENTED_EDGE('',*,*,#7810,.T.);
#12362=ORIENTED_EDGE('',*,*,#7832,.T.);
#12363=ORIENTED_EDGE('',*,*,#7835,.T.);
#12364=ORIENTED_EDGE('',*,*,#7838,.T.);
#12365=ORIENTED_EDGE('',*,*,#7841,.T.);
#12366=ORIENTED_EDGE('',*,*,#7821,.T.);
#12367=ORIENTED_EDGE('',*,*,#7825,.T.);
#12368=ORIENTED_EDGE('',*,*,#8969,.T.);
#12369=ORIENTED_EDGE('',*,*,#7828,.T.);
#12370=ORIENTED_EDGE('',*,*,#7853,.T.);
#12371=ORIENTED_EDGE('',*,*,#7856,.T.);
#12372=ORIENTED_EDGE('',*,*,#7859,.T.);
#12373=ORIENTED_EDGE('',*,*,#7843,.T.);
#12374=ORIENTED_EDGE('',*,*,#7847,.T.);
#12375=ORIENTED_EDGE('',*,*,#7850,.T.);
#12376=ORIENTED_EDGE('',*,*,#7871,.T.);
#12377=ORIENTED_EDGE('',*,*,#7874,.T.);
#12378=ORIENTED_EDGE('',*,*,#7877,.T.);
#12379=ORIENTED_EDGE('',*,*,#7880,.T.);
#12380=ORIENTED_EDGE('',*,*,#7861,.T.);
#12381=ORIENTED_EDGE('',*,*,#7865,.T.);
#12382=ORIENTED_EDGE('',*,*,#7868,.T.);
#12383=ORIENTED_EDGE('',*,*,#7892,.T.);
#12384=ORIENTED_EDGE('',*,*,#7895,.T.);
#12385=ORIENTED_EDGE('',*,*,#7898,.T.);
#12386=ORIENTED_EDGE('',*,*,#7882,.T.);
#12387=ORIENTED_EDGE('',*,*,#7886,.T.);
#12388=ORIENTED_EDGE('',*,*,#7889,.T.);
#12389=ORIENTED_EDGE('',*,*,#7910,.T.);
#12390=ORIENTED_EDGE('',*,*,#7913,.T.);
#12391=ORIENTED_EDGE('',*,*,#7916,.T.);
#12392=ORIENTED_EDGE('',*,*,#7900,.T.);
#12393=ORIENTED_EDGE('',*,*,#7904,.T.);
#12394=ORIENTED_EDGE('',*,*,#7907,.T.);
#12395=ORIENTED_EDGE('',*,*,#7925,.T.);
#12396=ORIENTED_EDGE('',*,*,#7928,.T.);
#12397=ORIENTED_EDGE('',*,*,#7931,.T.);
#12398=ORIENTED_EDGE('',*,*,#8965,.T.);
#12399=ORIENTED_EDGE('',*,*,#7918,.T.);
#12400=ORIENTED_EDGE('',*,*,#7922,.T.);
#12401=ORIENTED_EDGE('',*,*,#7941,.T.);
#12402=ORIENTED_EDGE('',*,*,#7944,.T.);
#12403=ORIENTED_EDGE('',*,*,#7947,.T.);
#12404=ORIENTED_EDGE('',*,*,#7950,.T.);
#12405=ORIENTED_EDGE('',*,*,#8960,.T.);
#12406=ORIENTED_EDGE('',*,*,#8962,.T.);
#12407=ORIENTED_EDGE('',*,*,#7934,.T.);
#12408=ORIENTED_EDGE('',*,*,#7938,.T.);
#12409=ORIENTED_EDGE('',*,*,#7963,.T.);
#12410=ORIENTED_EDGE('',*,*,#7966,.T.);
#12411=ORIENTED_EDGE('',*,*,#7969,.T.);
#12412=ORIENTED_EDGE('',*,*,#7953,.T.);
#12413=ORIENTED_EDGE('',*,*,#7957,.T.);
#12414=ORIENTED_EDGE('',*,*,#7960,.T.);
#12415=ORIENTED_EDGE('',*,*,#7984,.T.);
#12416=ORIENTED_EDGE('',*,*,#8950,.T.);
#12417=ORIENTED_EDGE('',*,*,#8951,.T.);
#12418=ORIENTED_EDGE('',*,*,#7987,.T.);
#12419=ORIENTED_EDGE('',*,*,#7991,.T.);
#12420=ORIENTED_EDGE('',*,*,#7971,.T.);
#12421=ORIENTED_EDGE('',*,*,#7975,.T.);
#12422=ORIENTED_EDGE('',*,*,#7978,.T.);
#12423=ORIENTED_EDGE('',*,*,#7981,.T.);
#12424=ORIENTED_EDGE('',*,*,#8003,.T.);
#12425=ORIENTED_EDGE('',*,*,#8006,.T.);
#12426=ORIENTED_EDGE('',*,*,#8009,.T.);
#12427=ORIENTED_EDGE('',*,*,#7993,.T.);
#12428=ORIENTED_EDGE('',*,*,#7997,.T.);
#12429=ORIENTED_EDGE('',*,*,#8000,.T.);
#12430=ORIENTED_EDGE('',*,*,#8021,.T.);
#12431=ORIENTED_EDGE('',*,*,#8024,.T.);
#12432=ORIENTED_EDGE('',*,*,#8027,.T.);
#12433=ORIENTED_EDGE('',*,*,#8011,.T.);
#12434=ORIENTED_EDGE('',*,*,#8015,.T.);
#12435=ORIENTED_EDGE('',*,*,#8018,.T.);
#12436=ORIENTED_EDGE('',*,*,#8039,.T.);
#12437=ORIENTED_EDGE('',*,*,#8042,.T.);
#12438=ORIENTED_EDGE('',*,*,#8045,.T.);
#12439=ORIENTED_EDGE('',*,*,#8029,.T.);
#12440=ORIENTED_EDGE('',*,*,#8033,.T.);
#12441=ORIENTED_EDGE('',*,*,#8036,.T.);
#12442=ORIENTED_EDGE('',*,*,#8057,.T.);
#12443=ORIENTED_EDGE('',*,*,#8060,.T.);
#12444=ORIENTED_EDGE('',*,*,#8063,.T.);
#12445=ORIENTED_EDGE('',*,*,#8047,.T.);
#12446=ORIENTED_EDGE('',*,*,#8051,.T.);
#12447=ORIENTED_EDGE('',*,*,#8054,.T.);
#12448=ORIENTED_EDGE('',*,*,#8367,.T.);
#12449=ORIENTED_EDGE('',*,*,#8369,.T.);
#12450=ORIENTED_EDGE('',*,*,#8371,.T.);
#12451=ORIENTED_EDGE('',*,*,#8360,.T.);
#12452=ORIENTED_EDGE('',*,*,#8363,.T.);
#12453=ORIENTED_EDGE('',*,*,#8365,.T.);
#12454=ORIENTED_EDGE('',*,*,#8379,.T.);
#12455=ORIENTED_EDGE('',*,*,#8381,.T.);
#12456=ORIENTED_EDGE('',*,*,#8383,.T.);
#12457=ORIENTED_EDGE('',*,*,#8372,.T.);
#12458=ORIENTED_EDGE('',*,*,#8375,.T.);
#12459=ORIENTED_EDGE('',*,*,#8377,.T.);
#12460=ORIENTED_EDGE('',*,*,#8391,.T.);
#12461=ORIENTED_EDGE('',*,*,#8393,.T.);
#12462=ORIENTED_EDGE('',*,*,#8395,.T.);
#12463=ORIENTED_EDGE('',*,*,#8384,.T.);
#12464=ORIENTED_EDGE('',*,*,#8387,.T.);
#12465=ORIENTED_EDGE('',*,*,#8389,.T.);
#12466=ORIENTED_EDGE('',*,*,#8403,.T.);
#12467=ORIENTED_EDGE('',*,*,#8405,.T.);
#12468=ORIENTED_EDGE('',*,*,#8407,.T.);
#12469=ORIENTED_EDGE('',*,*,#8396,.T.);
#12470=ORIENTED_EDGE('',*,*,#8399,.T.);
#12471=ORIENTED_EDGE('',*,*,#8401,.T.);
#12472=ORIENTED_EDGE('',*,*,#8415,.T.);
#12473=ORIENTED_EDGE('',*,*,#8417,.T.);
#12474=ORIENTED_EDGE('',*,*,#8419,.T.);
#12475=ORIENTED_EDGE('',*,*,#8408,.T.);
#12476=ORIENTED_EDGE('',*,*,#8411,.T.);
#12477=ORIENTED_EDGE('',*,*,#8413,.T.);
#12478=ORIENTED_EDGE('',*,*,#8427,.T.);
#12479=ORIENTED_EDGE('',*,*,#8429,.T.);
#12480=ORIENTED_EDGE('',*,*,#8431,.T.);
#12481=ORIENTED_EDGE('',*,*,#8420,.T.);
#12482=ORIENTED_EDGE('',*,*,#8423,.T.);
#12483=ORIENTED_EDGE('',*,*,#8425,.T.);
#12484=ORIENTED_EDGE('',*,*,#8439,.T.);
#12485=ORIENTED_EDGE('',*,*,#8441,.T.);
#12486=ORIENTED_EDGE('',*,*,#8443,.T.);
#12487=ORIENTED_EDGE('',*,*,#8432,.T.);
#12488=ORIENTED_EDGE('',*,*,#8435,.T.);
#12489=ORIENTED_EDGE('',*,*,#8437,.T.);
#12490=ORIENTED_EDGE('',*,*,#8451,.T.);
#12491=ORIENTED_EDGE('',*,*,#8453,.T.);
#12492=ORIENTED_EDGE('',*,*,#8455,.T.);
#12493=ORIENTED_EDGE('',*,*,#8444,.T.);
#12494=ORIENTED_EDGE('',*,*,#8447,.T.);
#12495=ORIENTED_EDGE('',*,*,#8449,.T.);
#12496=ORIENTED_EDGE('',*,*,#8463,.T.);
#12497=ORIENTED_EDGE('',*,*,#8465,.T.);
#12498=ORIENTED_EDGE('',*,*,#8467,.T.);
#12499=ORIENTED_EDGE('',*,*,#8456,.T.);
#12500=ORIENTED_EDGE('',*,*,#8459,.T.);
#12501=ORIENTED_EDGE('',*,*,#8461,.T.);
#12502=ORIENTED_EDGE('',*,*,#8475,.T.);
#12503=ORIENTED_EDGE('',*,*,#8477,.T.);
#12504=ORIENTED_EDGE('',*,*,#8479,.T.);
#12505=ORIENTED_EDGE('',*,*,#8468,.T.);
#12506=ORIENTED_EDGE('',*,*,#8471,.T.);
#12507=ORIENTED_EDGE('',*,*,#8473,.T.);
#12508=ORIENTED_EDGE('',*,*,#8487,.T.);
#12509=ORIENTED_EDGE('',*,*,#8489,.T.);
#12510=ORIENTED_EDGE('',*,*,#8491,.T.);
#12511=ORIENTED_EDGE('',*,*,#8480,.T.);
#12512=ORIENTED_EDGE('',*,*,#8483,.T.);
#12513=ORIENTED_EDGE('',*,*,#8485,.T.);
#12514=ORIENTED_EDGE('',*,*,#8499,.T.);
#12515=ORIENTED_EDGE('',*,*,#8501,.T.);
#12516=ORIENTED_EDGE('',*,*,#8503,.T.);
#12517=ORIENTED_EDGE('',*,*,#8492,.T.);
#12518=ORIENTED_EDGE('',*,*,#8495,.T.);
#12519=ORIENTED_EDGE('',*,*,#8497,.T.);
#12520=ORIENTED_EDGE('',*,*,#8511,.T.);
#12521=ORIENTED_EDGE('',*,*,#8513,.T.);
#12522=ORIENTED_EDGE('',*,*,#8515,.T.);
#12523=ORIENTED_EDGE('',*,*,#8504,.T.);
#12524=ORIENTED_EDGE('',*,*,#8507,.T.);
#12525=ORIENTED_EDGE('',*,*,#8509,.T.);
#12526=ORIENTED_EDGE('',*,*,#8523,.T.);
#12527=ORIENTED_EDGE('',*,*,#8525,.T.);
#12528=ORIENTED_EDGE('',*,*,#8527,.T.);
#12529=ORIENTED_EDGE('',*,*,#8516,.T.);
#12530=ORIENTED_EDGE('',*,*,#8519,.T.);
#12531=ORIENTED_EDGE('',*,*,#8521,.T.);
#12532=ORIENTED_EDGE('',*,*,#8535,.T.);
#12533=ORIENTED_EDGE('',*,*,#8537,.T.);
#12534=ORIENTED_EDGE('',*,*,#8539,.T.);
#12535=ORIENTED_EDGE('',*,*,#8528,.T.);
#12536=ORIENTED_EDGE('',*,*,#8531,.T.);
#12537=ORIENTED_EDGE('',*,*,#8533,.T.);
#12538=ORIENTED_EDGE('',*,*,#8547,.T.);
#12539=ORIENTED_EDGE('',*,*,#8549,.T.);
#12540=ORIENTED_EDGE('',*,*,#8551,.T.);
#12541=ORIENTED_EDGE('',*,*,#8540,.T.);
#12542=ORIENTED_EDGE('',*,*,#8543,.T.);
#12543=ORIENTED_EDGE('',*,*,#8545,.T.);
#12544=ORIENTED_EDGE('',*,*,#8559,.T.);
#12545=ORIENTED_EDGE('',*,*,#8561,.T.);
#12546=ORIENTED_EDGE('',*,*,#8563,.T.);
#12547=ORIENTED_EDGE('',*,*,#8552,.T.);
#12548=ORIENTED_EDGE('',*,*,#8555,.T.);
#12549=ORIENTED_EDGE('',*,*,#8557,.T.);
#12550=ORIENTED_EDGE('',*,*,#8571,.T.);
#12551=ORIENTED_EDGE('',*,*,#8573,.T.);
#12552=ORIENTED_EDGE('',*,*,#8575,.T.);
#12553=ORIENTED_EDGE('',*,*,#8564,.T.);
#12554=ORIENTED_EDGE('',*,*,#8567,.T.);
#12555=ORIENTED_EDGE('',*,*,#8569,.T.);
#12556=ORIENTED_EDGE('',*,*,#8594,.T.);
#12557=ORIENTED_EDGE('',*,*,#8596,.T.);
#12558=ORIENTED_EDGE('',*,*,#8598,.T.);
#12559=ORIENTED_EDGE('',*,*,#8588,.T.);
#12560=ORIENTED_EDGE('',*,*,#8968,.T.);
#12561=ORIENTED_EDGE('',*,*,#8970,.T.);
#12562=ORIENTED_EDGE('',*,*,#8591,.T.);
#12563=ORIENTED_EDGE('',*,*,#8606,.T.);
#12564=ORIENTED_EDGE('',*,*,#8608,.T.);
#12565=ORIENTED_EDGE('',*,*,#8610,.T.);
#12566=ORIENTED_EDGE('',*,*,#8599,.T.);
#12567=ORIENTED_EDGE('',*,*,#8602,.T.);
#12568=ORIENTED_EDGE('',*,*,#8604,.T.);
#12569=ORIENTED_EDGE('',*,*,#8618,.T.);
#12570=ORIENTED_EDGE('',*,*,#8620,.T.);
#12571=ORIENTED_EDGE('',*,*,#8622,.T.);
#12572=ORIENTED_EDGE('',*,*,#8611,.T.);
#12573=ORIENTED_EDGE('',*,*,#8614,.T.);
#12574=ORIENTED_EDGE('',*,*,#8616,.T.);
#12575=ORIENTED_EDGE('',*,*,#8630,.T.);
#12576=ORIENTED_EDGE('',*,*,#8632,.T.);
#12577=ORIENTED_EDGE('',*,*,#8634,.T.);
#12578=ORIENTED_EDGE('',*,*,#8623,.T.);
#12579=ORIENTED_EDGE('',*,*,#8626,.T.);
#12580=ORIENTED_EDGE('',*,*,#8628,.T.);
#12581=ORIENTED_EDGE('',*,*,#8644,.T.);
#12582=ORIENTED_EDGE('',*,*,#8646,.T.);
#12583=ORIENTED_EDGE('',*,*,#8648,.T.);
#12584=ORIENTED_EDGE('',*,*,#8650,.T.);
#12585=ORIENTED_EDGE('',*,*,#8652,.T.);
#12586=ORIENTED_EDGE('',*,*,#8635,.T.);
#12587=ORIENTED_EDGE('',*,*,#8638,.T.);
#12588=ORIENTED_EDGE('',*,*,#8640,.T.);
#12589=ORIENTED_EDGE('',*,*,#8642,.T.);
#12590=ORIENTED_EDGE('',*,*,#8660,.T.);
#12591=ORIENTED_EDGE('',*,*,#8662,.T.);
#12592=ORIENTED_EDGE('',*,*,#8664,.T.);
#12593=ORIENTED_EDGE('',*,*,#8653,.T.);
#12594=ORIENTED_EDGE('',*,*,#8656,.T.);
#12595=ORIENTED_EDGE('',*,*,#8658,.T.);
#12596=ORIENTED_EDGE('',*,*,#8672,.T.);
#12597=ORIENTED_EDGE('',*,*,#8674,.T.);
#12598=ORIENTED_EDGE('',*,*,#8676,.T.);
#12599=ORIENTED_EDGE('',*,*,#8665,.T.);
#12600=ORIENTED_EDGE('',*,*,#8668,.T.);
#12601=ORIENTED_EDGE('',*,*,#8670,.T.);
#12602=ORIENTED_EDGE('',*,*,#8684,.T.);
#12603=ORIENTED_EDGE('',*,*,#8686,.T.);
#12604=ORIENTED_EDGE('',*,*,#8688,.T.);
#12605=ORIENTED_EDGE('',*,*,#8677,.T.);
#12606=ORIENTED_EDGE('',*,*,#8680,.T.);
#12607=ORIENTED_EDGE('',*,*,#8682,.T.);
#12608=ORIENTED_EDGE('',*,*,#8696,.T.);
#12609=ORIENTED_EDGE('',*,*,#8698,.T.);
#12610=ORIENTED_EDGE('',*,*,#8700,.T.);
#12611=ORIENTED_EDGE('',*,*,#8689,.T.);
#12612=ORIENTED_EDGE('',*,*,#8692,.T.);
#12613=ORIENTED_EDGE('',*,*,#8694,.T.);
#12614=ORIENTED_EDGE('',*,*,#8706,.T.);
#12615=ORIENTED_EDGE('',*,*,#8708,.T.);
#12616=ORIENTED_EDGE('',*,*,#8710,.T.);
#12617=ORIENTED_EDGE('',*,*,#8947,.T.);
#12618=ORIENTED_EDGE('',*,*,#8701,.T.);
#12619=ORIENTED_EDGE('',*,*,#8704,.T.);
#12620=ORIENTED_EDGE('',*,*,#8719,.T.);
#12621=ORIENTED_EDGE('',*,*,#8721,.T.);
#12622=ORIENTED_EDGE('',*,*,#8723,.T.);
#12623=ORIENTED_EDGE('',*,*,#8712,.T.);
#12624=ORIENTED_EDGE('',*,*,#8715,.T.);
#12625=ORIENTED_EDGE('',*,*,#8717,.T.);
#12626=ORIENTED_EDGE('',*,*,#8731,.T.);
#12627=ORIENTED_EDGE('',*,*,#8733,.T.);
#12628=ORIENTED_EDGE('',*,*,#8735,.T.);
#12629=ORIENTED_EDGE('',*,*,#8724,.T.);
#12630=ORIENTED_EDGE('',*,*,#8727,.T.);
#12631=ORIENTED_EDGE('',*,*,#8729,.T.);
#12632=ORIENTED_EDGE('',*,*,#8743,.T.);
#12633=ORIENTED_EDGE('',*,*,#8745,.T.);
#12634=ORIENTED_EDGE('',*,*,#8747,.T.);
#12635=ORIENTED_EDGE('',*,*,#8736,.T.);
#12636=ORIENTED_EDGE('',*,*,#8739,.T.);
#12637=ORIENTED_EDGE('',*,*,#8741,.T.);
#12638=ORIENTED_EDGE('',*,*,#8755,.T.);
#12639=ORIENTED_EDGE('',*,*,#8757,.T.);
#12640=ORIENTED_EDGE('',*,*,#8759,.T.);
#12641=ORIENTED_EDGE('',*,*,#8748,.T.);
#12642=ORIENTED_EDGE('',*,*,#8751,.T.);
#12643=ORIENTED_EDGE('',*,*,#8753,.T.);
#12644=ORIENTED_EDGE('',*,*,#8767,.T.);
#12645=ORIENTED_EDGE('',*,*,#8769,.T.);
#12646=ORIENTED_EDGE('',*,*,#8771,.T.);
#12647=ORIENTED_EDGE('',*,*,#8760,.T.);
#12648=ORIENTED_EDGE('',*,*,#8763,.T.);
#12649=ORIENTED_EDGE('',*,*,#8765,.T.);
#12650=ORIENTED_EDGE('',*,*,#8779,.T.);
#12651=ORIENTED_EDGE('',*,*,#8781,.T.);
#12652=ORIENTED_EDGE('',*,*,#8783,.T.);
#12653=ORIENTED_EDGE('',*,*,#8772,.T.);
#12654=ORIENTED_EDGE('',*,*,#8775,.T.);
#12655=ORIENTED_EDGE('',*,*,#8777,.T.);
#12656=ORIENTED_EDGE('',*,*,#8791,.T.);
#12657=ORIENTED_EDGE('',*,*,#8793,.T.);
#12658=ORIENTED_EDGE('',*,*,#8795,.T.);
#12659=ORIENTED_EDGE('',*,*,#8784,.T.);
#12660=ORIENTED_EDGE('',*,*,#8787,.T.);
#12661=ORIENTED_EDGE('',*,*,#8789,.T.);
#12662=ORIENTED_EDGE('',*,*,#8803,.T.);
#12663=ORIENTED_EDGE('',*,*,#8805,.T.);
#12664=ORIENTED_EDGE('',*,*,#8807,.T.);
#12665=ORIENTED_EDGE('',*,*,#8796,.T.);
#12666=ORIENTED_EDGE('',*,*,#8799,.T.);
#12667=ORIENTED_EDGE('',*,*,#8801,.T.);
#12668=ORIENTED_EDGE('',*,*,#8815,.T.);
#12669=ORIENTED_EDGE('',*,*,#8817,.T.);
#12670=ORIENTED_EDGE('',*,*,#8819,.T.);
#12671=ORIENTED_EDGE('',*,*,#8808,.T.);
#12672=ORIENTED_EDGE('',*,*,#8811,.T.);
#12673=ORIENTED_EDGE('',*,*,#8813,.T.);
#12674=ORIENTED_EDGE('',*,*,#8827,.T.);
#12675=ORIENTED_EDGE('',*,*,#8829,.T.);
#12676=ORIENTED_EDGE('',*,*,#8831,.T.);
#12677=ORIENTED_EDGE('',*,*,#8820,.T.);
#12678=ORIENTED_EDGE('',*,*,#8823,.T.);
#12679=ORIENTED_EDGE('',*,*,#8825,.T.);
#12680=ORIENTED_EDGE('',*,*,#8840,.T.);
#12681=ORIENTED_EDGE('',*,*,#8842,.T.);
#12682=ORIENTED_EDGE('',*,*,#8844,.T.);
#12683=ORIENTED_EDGE('',*,*,#8846,.T.);
#12684=ORIENTED_EDGE('',*,*,#8832,.T.);
#12685=ORIENTED_EDGE('',*,*,#8835,.T.);
#12686=ORIENTED_EDGE('',*,*,#8946,.T.);
#12687=ORIENTED_EDGE('',*,*,#8948,.T.);
#12688=ORIENTED_EDGE('',*,*,#8837,.T.);
#12689=ORIENTED_EDGE('',*,*,#8854,.T.);
#12690=ORIENTED_EDGE('',*,*,#8856,.T.);
#12691=ORIENTED_EDGE('',*,*,#8858,.T.);
#12692=ORIENTED_EDGE('',*,*,#8847,.T.);
#12693=ORIENTED_EDGE('',*,*,#8850,.T.);
#12694=ORIENTED_EDGE('',*,*,#8852,.T.);
#12695=ORIENTED_EDGE('',*,*,#8878,.T.);
#12696=ORIENTED_EDGE('',*,*,#8880,.T.);
#12697=ORIENTED_EDGE('',*,*,#8882,.T.);
#12698=ORIENTED_EDGE('',*,*,#8871,.T.);
#12699=ORIENTED_EDGE('',*,*,#8874,.T.);
#12700=ORIENTED_EDGE('',*,*,#8876,.T.);
#12701=ORIENTED_EDGE('',*,*,#8890,.T.);
#12702=ORIENTED_EDGE('',*,*,#8892,.T.);
#12703=ORIENTED_EDGE('',*,*,#8894,.T.);
#12704=ORIENTED_EDGE('',*,*,#8883,.T.);
#12705=ORIENTED_EDGE('',*,*,#8886,.T.);
#12706=ORIENTED_EDGE('',*,*,#8888,.T.);
#12707=ORIENTED_EDGE('',*,*,#8898,.T.);
#12708=ORIENTED_EDGE('',*,*,#8900,.T.);
#12709=ORIENTED_EDGE('',*,*,#8902,.T.);
#12710=ORIENTED_EDGE('',*,*,#8904,.T.);
#12711=ORIENTED_EDGE('',*,*,#8953,.T.);
#12712=ORIENTED_EDGE('',*,*,#8955,.T.);
#12713=ORIENTED_EDGE('',*,*,#8895,.T.);
#12714=ORIENTED_EDGE('',*,*,#8913,.T.);
#12715=ORIENTED_EDGE('',*,*,#8915,.T.);
#12716=ORIENTED_EDGE('',*,*,#8917,.T.);
#12717=ORIENTED_EDGE('',*,*,#8906,.T.);
#12718=ORIENTED_EDGE('',*,*,#8909,.T.);
#12719=ORIENTED_EDGE('',*,*,#8911,.T.);
#12720=CYLINDRICAL_SURFACE('',#13394,1.5);
#12721=CYLINDRICAL_SURFACE('',#13397,1.5);
#12722=CYLINDRICAL_SURFACE('',#13421,1.5);
#12723=CYLINDRICAL_SURFACE('',#13424,1.5);
#12724=CYLINDRICAL_SURFACE('',#13437,1.4);
#12725=CYLINDRICAL_SURFACE('',#13440,1.4);
#12726=CYLINDRICAL_SURFACE('',#13445,1.4);
#12727=CYLINDRICAL_SURFACE('',#13447,1.4);
#12728=CYLINDRICAL_SURFACE('',#13459,1.4);
#12729=CYLINDRICAL_SURFACE('',#13461,1.4);
#12730=CYLINDRICAL_SURFACE('',#13464,1.4);
#12731=CYLINDRICAL_SURFACE('',#13471,1.4);
#12732=CYLINDRICAL_SURFACE('',#13527,14.);
#12733=CYLINDRICAL_SURFACE('',#13533,14.);
#12734=CYLINDRICAL_SURFACE('',#13544,1.4);
#12735=CYLINDRICAL_SURFACE('',#13547,1.4);
#12736=CYLINDRICAL_SURFACE('',#13562,1.4);
#12737=CYLINDRICAL_SURFACE('',#13564,1.4);
#12738=CYLINDRICAL_SURFACE('',#13598,14.);
#12739=CYLINDRICAL_SURFACE('',#13601,14.);
#12740=CYLINDRICAL_SURFACE('',#13602,1.5);
#12741=CYLINDRICAL_SURFACE('',#13604,1.5);
#12742=CYLINDRICAL_SURFACE('',#13606,1.5);
#12743=CYLINDRICAL_SURFACE('',#13608,1.5);
#12744=CYLINDRICAL_SURFACE('',#13680,3.5);
#12745=CYLINDRICAL_SURFACE('',#14089,1.4);
#12746=CYLINDRICAL_SURFACE('',#14092,1.4);
#12747=CYLINDRICAL_SURFACE('',#14095,1.4);
#12748=CYLINDRICAL_SURFACE('',#14098,1.4);
#12749=CYLINDRICAL_SURFACE('',#14100,1.4);
#12750=CYLINDRICAL_SURFACE('',#14102,1.40000000000001);
#12751=CYLINDRICAL_SURFACE('',#14104,1.39999999999999);
#12752=CYLINDRICAL_SURFACE('',#14108,3.5);
#12753=CYLINDRICAL_SURFACE('',#14121,3.5);
#12754=CYLINDRICAL_SURFACE('',#14127,3.5);
#12755=ADVANCED_FACE('',(#4367),#12720,.F.);
#12756=ADVANCED_FACE('',(#4368),#12721,.F.);
#12757=ADVANCED_FACE('',(#4369),#3723,.F.);
#12758=ADVANCED_FACE('',(#4370),#3724,.F.);
#12759=ADVANCED_FACE('',(#4371,#39,#40),#3725,.F.);
#12760=ADVANCED_FACE('',(#4372),#3726,.F.);
#12761=ADVANCED_FACE('',(#4373),#3727,.T.);
#12762=ADVANCED_FACE('',(#4374),#12722,.F.);
#12763=ADVANCED_FACE('',(#4375),#12723,.F.);
#12764=ADVANCED_FACE('',(#4376),#3728,.F.);
#12765=ADVANCED_FACE('',(#4377,#41,#42),#3729,.F.);
#12766=ADVANCED_FACE('',(#4378),#3730,.F.);
#12767=ADVANCED_FACE('',(#4379),#12724,.F.);
#12768=ADVANCED_FACE('',(#4380),#12725,.F.);
#12769=ADVANCED_FACE('',(#4381),#12726,.F.);
#12770=ADVANCED_FACE('',(#4382),#12727,.F.);
#12771=ADVANCED_FACE('',(#4383),#3731,.T.);
#12772=ADVANCED_FACE('',(#4384),#3732,.T.);
#12773=ADVANCED_FACE('',(#4385),#12728,.F.);
#12774=ADVANCED_FACE('',(#4386),#12729,.F.);
#12775=ADVANCED_FACE('',(#4387),#12730,.F.);
#12776=ADVANCED_FACE('',(#4388),#3733,.T.);
#12777=ADVANCED_FACE('',(#4389),#12731,.F.);
#12778=ADVANCED_FACE('',(#4390),#3734,.T.);
#12779=ADVANCED_FACE('',(#4391),#3735,.F.);
#12780=ADVANCED_FACE('',(#4392),#3736,.F.);
#12781=ADVANCED_FACE('',(#4393),#3737,.F.);
#12782=ADVANCED_FACE('',(#4394),#3738,.F.);
#12783=ADVANCED_FACE('',(#4395),#3739,.F.);
#12784=ADVANCED_FACE('',(#4396),#3740,.F.);
#12785=ADVANCED_FACE('',(#4397),#3741,.F.);
#12786=ADVANCED_FACE('',(#4398),#3742,.F.);
#12787=ADVANCED_FACE('',(#4399),#3743,.F.);
#12788=ADVANCED_FACE('',(#4400),#3744,.F.);
#12789=ADVANCED_FACE('',(#4401),#3745,.F.);
#12790=ADVANCED_FACE('',(#4402),#3746,.F.);
#12791=ADVANCED_FACE('',(#4403),#3747,.F.);
#12792=ADVANCED_FACE('',(#4404),#3748,.F.);
#12793=ADVANCED_FACE('',(#4405),#3749,.F.);
#12794=ADVANCED_FACE('',(#4406),#3750,.F.);
#12795=ADVANCED_FACE('',(#4407),#3751,.F.);
#12796=ADVANCED_FACE('',(#4408),#3752,.F.);
#12797=ADVANCED_FACE('',(#4409),#3753,.F.);
#12798=ADVANCED_FACE('',(#4410),#3754,.F.);
#12799=ADVANCED_FACE('',(#4411),#3755,.F.);
#12800=ADVANCED_FACE('',(#4412),#3756,.F.);
#12801=ADVANCED_FACE('',(#4413),#3757,.F.);
#12802=ADVANCED_FACE('',(#4414),#3758,.F.);
#12803=ADVANCED_FACE('',(#4415),#3759,.F.);
#12804=ADVANCED_FACE('',(#4416),#3760,.F.);
#12805=ADVANCED_FACE('',(#4417),#3761,.F.);
#12806=ADVANCED_FACE('',(#4418),#3762,.F.);
#12807=ADVANCED_FACE('',(#4419),#3763,.F.);
#12808=ADVANCED_FACE('',(#4420),#3764,.F.);
#12809=ADVANCED_FACE('',(#4421),#3765,.F.);
#12810=ADVANCED_FACE('',(#4422),#3766,.F.);
#12811=ADVANCED_FACE('',(#4423),#3767,.F.);
#12812=ADVANCED_FACE('',(#4424),#3768,.F.);
#12813=ADVANCED_FACE('',(#4425),#3769,.F.);
#12814=ADVANCED_FACE('',(#4426),#3770,.F.);
#12815=ADVANCED_FACE('',(#4427),#3771,.F.);
#12816=ADVANCED_FACE('',(#4428),#3772,.F.);
#12817=ADVANCED_FACE('',(#4429),#3773,.F.);
#12818=ADVANCED_FACE('',(#4430),#3774,.F.);
#12819=ADVANCED_FACE('',(#4431),#3775,.F.);
#12820=ADVANCED_FACE('',(#4432),#3776,.F.);
#12821=ADVANCED_FACE('',(#4433),#3777,.F.);
#12822=ADVANCED_FACE('',(#4434),#3778,.F.);
#12823=ADVANCED_FACE('',(#4435),#3779,.F.);
#12824=ADVANCED_FACE('',(#4436),#3780,.F.);
#12825=ADVANCED_FACE('',(#4437),#3781,.F.);
#12826=ADVANCED_FACE('',(#4438),#3782,.F.);
#12827=ADVANCED_FACE('',(#4439),#3783,.F.);
#12828=ADVANCED_FACE('',(#4440),#3784,.F.);
#12829=ADVANCED_FACE('',(#4441),#12732,.F.);
#12830=ADVANCED_FACE('',(#4442),#3785,.F.);
#12831=ADVANCED_FACE('',(#4443),#12733,.F.);
#12832=ADVANCED_FACE('',(#4444),#3786,.F.);
#12833=ADVANCED_FACE('',(#4445),#3787,.F.);
#12834=ADVANCED_FACE('',(#4446),#3788,.T.);
#12835=ADVANCED_FACE('',(#4447),#3789,.F.);
#12836=ADVANCED_FACE('',(#4448),#3790,.T.);
#12837=ADVANCED_FACE('',(#4449),#3791,.T.);
#12838=ADVANCED_FACE('',(#4450,#43,#44,#45,#46,#47,#48,#49,#50,#51,#52,
#53,#54,#55,#56,#57,#58,#59,#60,#61,#62,#63,#64),#3792,.T.);
#12839=ADVANCED_FACE('',(#4451),#3793,.T.);
#12840=ADVANCED_FACE('',(#4452),#12734,.F.);
#12841=ADVANCED_FACE('',(#4453),#12735,.F.);
#12842=ADVANCED_FACE('',(#4454,#65,#66,#67,#68,#69,#70,#71,#72,#73,#74,
#75,#76,#77,#78,#79,#80,#81,#82,#83,#84,#85),#3794,.T.);
#12843=ADVANCED_FACE('',(#4455),#12736,.F.);
#12844=ADVANCED_FACE('',(#4456),#12737,.F.);
#12845=ADVANCED_FACE('',(#4457),#3795,.F.);
#12846=ADVANCED_FACE('',(#4458),#3796,.F.);
#12847=ADVANCED_FACE('',(#4459),#3797,.F.);
#12848=ADVANCED_FACE('',(#4460),#3798,.F.);
#12849=ADVANCED_FACE('',(#4461),#3799,.F.);
#12850=ADVANCED_FACE('',(#4462),#3800,.F.);
#12851=ADVANCED_FACE('',(#4463),#3801,.F.);
#12852=ADVANCED_FACE('',(#4464),#3802,.F.);
#12853=ADVANCED_FACE('',(#4465),#3803,.F.);
#12854=ADVANCED_FACE('',(#4466),#3804,.F.);
#12855=ADVANCED_FACE('',(#4467),#3805,.F.);
#12856=ADVANCED_FACE('',(#4468),#3806,.F.);
#12857=ADVANCED_FACE('',(#4469),#3807,.F.);
#12858=ADVANCED_FACE('',(#4470),#3808,.F.);
#12859=ADVANCED_FACE('',(#4471),#3809,.F.);
#12860=ADVANCED_FACE('',(#4472),#3810,.F.);
#12861=ADVANCED_FACE('',(#4473),#3811,.T.);
#12862=ADVANCED_FACE('',(#4474),#12738,.F.);
#12863=ADVANCED_FACE('',(#4475),#3812,.T.);
#12864=ADVANCED_FACE('',(#4476),#12739,.F.);
#12865=ADVANCED_FACE('',(#4477),#12740,.F.);
#12866=ADVANCED_FACE('',(#4478),#12741,.F.);
#12867=ADVANCED_FACE('',(#4479),#12742,.F.);
#12868=ADVANCED_FACE('',(#4480),#12743,.F.);
#12869=ADVANCED_FACE('',(#4481),#3813,.F.);
#12870=ADVANCED_FACE('',(#4482),#3814,.F.);
#12871=ADVANCED_FACE('',(#4483),#3815,.F.);
#12872=ADVANCED_FACE('',(#4484),#3816,.F.);
#12873=ADVANCED_FACE('',(#4485),#3817,.F.);
#12874=ADVANCED_FACE('',(#4486),#3818,.F.);
#12875=ADVANCED_FACE('',(#4487),#3819,.F.);
#12876=ADVANCED_FACE('',(#4488),#3820,.F.);
#12877=ADVANCED_FACE('',(#4489),#3821,.F.);
#12878=ADVANCED_FACE('',(#4490),#3822,.F.);
#12879=ADVANCED_FACE('',(#4491),#3823,.F.);
#12880=ADVANCED_FACE('',(#4492),#3824,.F.);
#12881=ADVANCED_FACE('',(#4493),#3825,.F.);
#12882=ADVANCED_FACE('',(#4494),#3826,.F.);
#12883=ADVANCED_FACE('',(#4495),#3827,.F.);
#12884=ADVANCED_FACE('',(#4496),#3828,.F.);
#12885=ADVANCED_FACE('',(#4497),#3829,.F.);
#12886=ADVANCED_FACE('',(#4498),#3830,.F.);
#12887=ADVANCED_FACE('',(#4499),#3831,.F.);
#12888=ADVANCED_FACE('',(#4500),#3832,.F.);
#12889=ADVANCED_FACE('',(#4501),#3833,.F.);
#12890=ADVANCED_FACE('',(#4502),#3834,.F.);
#12891=ADVANCED_FACE('',(#4503),#3835,.F.);
#12892=ADVANCED_FACE('',(#4504),#3836,.F.);
#12893=ADVANCED_FACE('',(#4505),#3837,.F.);
#12894=ADVANCED_FACE('',(#4506),#3838,.F.);
#12895=ADVANCED_FACE('',(#4507),#3839,.F.);
#12896=ADVANCED_FACE('',(#4508),#3840,.F.);
#12897=ADVANCED_FACE('',(#4509),#3841,.F.);
#12898=ADVANCED_FACE('',(#4510),#3842,.F.);
#12899=ADVANCED_FACE('',(#4511),#3843,.F.);
#12900=ADVANCED_FACE('',(#4512),#3844,.F.);
#12901=ADVANCED_FACE('',(#4513),#3845,.F.);
#12902=ADVANCED_FACE('',(#4514),#3846,.F.);
#12903=ADVANCED_FACE('',(#4515),#3847,.F.);
#12904=ADVANCED_FACE('',(#4516),#3848,.F.);
#12905=ADVANCED_FACE('',(#4517),#3849,.F.);
#12906=ADVANCED_FACE('',(#4518),#3850,.F.);
#12907=ADVANCED_FACE('',(#4519),#3851,.F.);
#12908=ADVANCED_FACE('',(#4520),#3852,.F.);
#12909=ADVANCED_FACE('',(#4521),#3853,.F.);
#12910=ADVANCED_FACE('',(#4522),#3854,.F.);
#12911=ADVANCED_FACE('',(#4523),#3855,.F.);
#12912=ADVANCED_FACE('',(#4524),#3856,.F.);
#12913=ADVANCED_FACE('',(#4525),#3857,.F.);
#12914=ADVANCED_FACE('',(#4526),#3858,.F.);
#12915=ADVANCED_FACE('',(#4527),#3859,.F.);
#12916=ADVANCED_FACE('',(#4528),#3860,.F.);
#12917=ADVANCED_FACE('',(#4529),#3861,.F.);
#12918=ADVANCED_FACE('',(#4530),#3862,.F.);
#12919=ADVANCED_FACE('',(#4531),#3863,.F.);
#12920=ADVANCED_FACE('',(#4532),#3864,.F.);
#12921=ADVANCED_FACE('',(#4533),#3865,.F.);
#12922=ADVANCED_FACE('',(#4534),#3866,.F.);
#12923=ADVANCED_FACE('',(#4535),#3867,.F.);
#12924=ADVANCED_FACE('',(#4536),#3868,.F.);
#12925=ADVANCED_FACE('',(#4537),#3869,.F.);
#12926=ADVANCED_FACE('',(#4538),#3870,.F.);
#12927=ADVANCED_FACE('',(#4539),#3871,.F.);
#12928=ADVANCED_FACE('',(#4540),#3872,.F.);
#12929=ADVANCED_FACE('',(#4541),#3873,.F.);
#12930=ADVANCED_FACE('',(#4542),#3874,.F.);
#12931=ADVANCED_FACE('',(#4543),#3875,.F.);
#12932=ADVANCED_FACE('',(#4544),#3876,.F.);
#12933=ADVANCED_FACE('',(#4545),#3877,.F.);
#12934=ADVANCED_FACE('',(#4546),#3878,.F.);
#12935=ADVANCED_FACE('',(#4547),#3879,.F.);
#12936=ADVANCED_FACE('',(#4548),#3880,.F.);
#12937=ADVANCED_FACE('',(#4549),#3881,.F.);
#12938=ADVANCED_FACE('',(#4550),#3882,.F.);
#12939=ADVANCED_FACE('',(#4551),#12744,.T.);
#12940=ADVANCED_FACE('',(#4552),#3883,.F.);
#12941=ADVANCED_FACE('',(#4553),#3884,.F.);
#12942=ADVANCED_FACE('',(#4554),#3885,.F.);
#12943=ADVANCED_FACE('',(#4555),#3886,.F.);
#12944=ADVANCED_FACE('',(#4556),#3887,.F.);
#12945=ADVANCED_FACE('',(#4557),#3888,.T.);
#12946=ADVANCED_FACE('',(#4558),#3889,.T.);
#12947=ADVANCED_FACE('',(#4559),#3890,.T.);
#12948=ADVANCED_FACE('',(#4560),#3891,.T.);
#12949=ADVANCED_FACE('',(#4561,#86,#87,#88,#89,#90,#91,#92,#93,#94,#95,
#96,#97,#98,#99,#100,#101,#102,#103,#104,#105,#106,#107,#108),#3892,.F.);
#12950=ADVANCED_FACE('',(#4562,#109),#3893,.T.);
#12951=ADVANCED_FACE('',(#4563,#110),#3894,.T.);
#12952=ADVANCED_FACE('',(#4564,#111),#3895,.T.);
#12953=ADVANCED_FACE('',(#4565,#112),#3896,.T.);
#12954=ADVANCED_FACE('',(#4566),#3897,.F.);
#12955=ADVANCED_FACE('',(#4567),#3898,.F.);
#12956=ADVANCED_FACE('',(#4568),#3899,.F.);
#12957=ADVANCED_FACE('',(#4569),#3900,.F.);
#12958=ADVANCED_FACE('',(#4570),#3901,.F.);
#12959=ADVANCED_FACE('',(#4571),#3902,.F.);
#12960=ADVANCED_FACE('',(#4572),#3903,.F.);
#12961=ADVANCED_FACE('',(#4573),#3904,.F.);
#12962=ADVANCED_FACE('',(#4574),#3905,.F.);
#12963=ADVANCED_FACE('',(#4575),#3906,.F.);
#12964=ADVANCED_FACE('',(#4576),#3907,.F.);
#12965=ADVANCED_FACE('',(#4577),#3908,.F.);
#12966=ADVANCED_FACE('',(#4578),#3909,.F.);
#12967=ADVANCED_FACE('',(#4579),#3910,.F.);
#12968=ADVANCED_FACE('',(#4580),#3911,.F.);
#12969=ADVANCED_FACE('',(#4581),#3912,.F.);
#12970=ADVANCED_FACE('',(#4582),#3913,.F.);
#12971=ADVANCED_FACE('',(#4583),#3914,.F.);
#12972=ADVANCED_FACE('',(#4584),#3915,.F.);
#12973=ADVANCED_FACE('',(#4585),#3916,.F.);
#12974=ADVANCED_FACE('',(#4586),#3917,.F.);
#12975=ADVANCED_FACE('',(#4587),#3918,.F.);
#12976=ADVANCED_FACE('',(#4588),#3919,.F.);
#12977=ADVANCED_FACE('',(#4589),#3920,.F.);
#12978=ADVANCED_FACE('',(#4590),#3921,.F.);
#12979=ADVANCED_FACE('',(#4591),#3922,.F.);
#12980=ADVANCED_FACE('',(#4592),#3923,.F.);
#12981=ADVANCED_FACE('',(#4593),#3924,.F.);
#12982=ADVANCED_FACE('',(#4594),#3925,.F.);
#12983=ADVANCED_FACE('',(#4595),#3926,.F.);
#12984=ADVANCED_FACE('',(#4596),#3927,.F.);
#12985=ADVANCED_FACE('',(#4597),#3928,.F.);
#12986=ADVANCED_FACE('',(#4598),#3929,.F.);
#12987=ADVANCED_FACE('',(#4599),#3930,.F.);
#12988=ADVANCED_FACE('',(#4600),#3931,.F.);
#12989=ADVANCED_FACE('',(#4601),#3932,.F.);
#12990=ADVANCED_FACE('',(#4602),#3933,.F.);
#12991=ADVANCED_FACE('',(#4603),#3934,.F.);
#12992=ADVANCED_FACE('',(#4604),#3935,.F.);
#12993=ADVANCED_FACE('',(#4605),#3936,.F.);
#12994=ADVANCED_FACE('',(#4606),#3937,.F.);
#12995=ADVANCED_FACE('',(#4607),#3938,.F.);
#12996=ADVANCED_FACE('',(#4608),#3939,.F.);
#12997=ADVANCED_FACE('',(#4609),#3940,.F.);
#12998=ADVANCED_FACE('',(#4610),#3941,.F.);
#12999=ADVANCED_FACE('',(#4611),#3942,.F.);
#13000=ADVANCED_FACE('',(#4612),#3943,.F.);
#13001=ADVANCED_FACE('',(#4613),#3944,.F.);
#13002=ADVANCED_FACE('',(#4614),#3945,.F.);
#13003=ADVANCED_FACE('',(#4615),#3946,.F.);
#13004=ADVANCED_FACE('',(#4616),#3947,.F.);
#13005=ADVANCED_FACE('',(#4617),#3948,.F.);
#13006=ADVANCED_FACE('',(#4618),#3949,.F.);
#13007=ADVANCED_FACE('',(#4619),#3950,.F.);
#13008=ADVANCED_FACE('',(#4620),#3951,.F.);
#13009=ADVANCED_FACE('',(#4621),#3952,.F.);
#13010=ADVANCED_FACE('',(#4622),#3953,.F.);
#13011=ADVANCED_FACE('',(#4623),#3954,.F.);
#13012=ADVANCED_FACE('',(#4624),#3955,.F.);
#13013=ADVANCED_FACE('',(#4625),#3956,.F.);
#13014=ADVANCED_FACE('',(#4626),#3957,.F.);
#13015=ADVANCED_FACE('',(#4627),#3958,.F.);
#13016=ADVANCED_FACE('',(#4628),#3959,.F.);
#13017=ADVANCED_FACE('',(#4629),#3960,.F.);
#13018=ADVANCED_FACE('',(#4630),#3961,.F.);
#13019=ADVANCED_FACE('',(#4631),#3962,.F.);
#13020=ADVANCED_FACE('',(#4632),#3963,.F.);
#13021=ADVANCED_FACE('',(#4633),#3964,.F.);
#13022=ADVANCED_FACE('',(#4634),#3965,.F.);
#13023=ADVANCED_FACE('',(#4635),#3966,.F.);
#13024=ADVANCED_FACE('',(#4636),#3967,.F.);
#13025=ADVANCED_FACE('',(#4637),#3968,.F.);
#13026=ADVANCED_FACE('',(#4638),#3969,.F.);
#13027=ADVANCED_FACE('',(#4639),#3970,.F.);
#13028=ADVANCED_FACE('',(#4640),#3971,.F.);
#13029=ADVANCED_FACE('',(#4641),#3972,.F.);
#13030=ADVANCED_FACE('',(#4642),#3973,.F.);
#13031=ADVANCED_FACE('',(#4643),#3974,.F.);
#13032=ADVANCED_FACE('',(#4644),#3975,.F.);
#13033=ADVANCED_FACE('',(#4645),#3976,.F.);
#13034=ADVANCED_FACE('',(#4646),#3977,.F.);
#13035=ADVANCED_FACE('',(#4647),#3978,.F.);
#13036=ADVANCED_FACE('',(#4648),#3979,.F.);
#13037=ADVANCED_FACE('',(#4649),#3980,.F.);
#13038=ADVANCED_FACE('',(#4650),#3981,.F.);
#13039=ADVANCED_FACE('',(#4651),#3982,.F.);
#13040=ADVANCED_FACE('',(#4652),#3983,.F.);
#13041=ADVANCED_FACE('',(#4653),#3984,.F.);
#13042=ADVANCED_FACE('',(#4654),#3985,.F.);
#13043=ADVANCED_FACE('',(#4655),#3986,.F.);
#13044=ADVANCED_FACE('',(#4656),#3987,.F.);
#13045=ADVANCED_FACE('',(#4657),#3988,.F.);
#13046=ADVANCED_FACE('',(#4658),#3989,.F.);
#13047=ADVANCED_FACE('',(#4659),#3990,.F.);
#13048=ADVANCED_FACE('',(#4660),#3991,.F.);
#13049=ADVANCED_FACE('',(#4661),#3992,.F.);
#13050=ADVANCED_FACE('',(#4662),#3993,.F.);
#13051=ADVANCED_FACE('',(#4663),#3994,.F.);
#13052=ADVANCED_FACE('',(#4664),#3995,.F.);
#13053=ADVANCED_FACE('',(#4665),#3996,.F.);
#13054=ADVANCED_FACE('',(#4666),#3997,.F.);
#13055=ADVANCED_FACE('',(#4667),#3998,.F.);
#13056=ADVANCED_FACE('',(#4668),#3999,.F.);
#13057=ADVANCED_FACE('',(#4669),#4000,.F.);
#13058=ADVANCED_FACE('',(#4670),#4001,.F.);
#13059=ADVANCED_FACE('',(#4671,#113,#114,#115,#116,#117,#118,#119,#120,
#121,#122,#123,#124,#125,#126,#127,#128,#129,#130,#131,#132,#133,#134,#135,
#136,#137,#138,#139,#140,#141,#142,#143,#144,#145,#146,#147,#148,#149,#150,
#151,#152,#153,#154,#155,#156,#157,#158,#159,#160,#161,#162,#163,#164,#165,
#166,#167,#168,#169,#170),#4002,.T.);
#13060=ADVANCED_FACE('',(#4672),#4003,.F.);
#13061=ADVANCED_FACE('',(#4673),#4004,.F.);
#13062=ADVANCED_FACE('',(#4674),#4005,.F.);
#13063=ADVANCED_FACE('',(#4675),#4006,.F.);
#13064=ADVANCED_FACE('',(#4676),#4007,.F.);
#13065=ADVANCED_FACE('',(#4677),#4008,.F.);
#13066=ADVANCED_FACE('',(#4678),#4009,.F.);
#13067=ADVANCED_FACE('',(#4679),#4010,.F.);
#13068=ADVANCED_FACE('',(#4680),#4011,.F.);
#13069=ADVANCED_FACE('',(#4681),#4012,.F.);
#13070=ADVANCED_FACE('',(#4682),#4013,.F.);
#13071=ADVANCED_FACE('',(#4683),#4014,.F.);
#13072=ADVANCED_FACE('',(#4684),#4015,.F.);
#13073=ADVANCED_FACE('',(#4685),#4016,.F.);
#13074=ADVANCED_FACE('',(#4686),#4017,.F.);
#13075=ADVANCED_FACE('',(#4687),#4018,.F.);
#13076=ADVANCED_FACE('',(#4688),#4019,.F.);
#13077=ADVANCED_FACE('',(#4689),#4020,.F.);
#13078=ADVANCED_FACE('',(#4690),#4021,.F.);
#13079=ADVANCED_FACE('',(#4691),#4022,.F.);
#13080=ADVANCED_FACE('',(#4692),#4023,.F.);
#13081=ADVANCED_FACE('',(#4693),#4024,.F.);
#13082=ADVANCED_FACE('',(#4694),#4025,.F.);
#13083=ADVANCED_FACE('',(#4695),#4026,.F.);
#13084=ADVANCED_FACE('',(#4696),#4027,.F.);
#13085=ADVANCED_FACE('',(#4697),#4028,.F.);
#13086=ADVANCED_FACE('',(#4698),#4029,.F.);
#13087=ADVANCED_FACE('',(#4699),#4030,.F.);
#13088=ADVANCED_FACE('',(#4700),#4031,.F.);
#13089=ADVANCED_FACE('',(#4701),#4032,.F.);
#13090=ADVANCED_FACE('',(#4702),#4033,.F.);
#13091=ADVANCED_FACE('',(#4703),#4034,.F.);
#13092=ADVANCED_FACE('',(#4704),#4035,.F.);
#13093=ADVANCED_FACE('',(#4705),#4036,.F.);
#13094=ADVANCED_FACE('',(#4706),#4037,.F.);
#13095=ADVANCED_FACE('',(#4707),#4038,.F.);
#13096=ADVANCED_FACE('',(#4708),#4039,.F.);
#13097=ADVANCED_FACE('',(#4709),#4040,.F.);
#13098=ADVANCED_FACE('',(#4710),#4041,.F.);
#13099=ADVANCED_FACE('',(#4711),#4042,.F.);
#13100=ADVANCED_FACE('',(#4712),#4043,.F.);
#13101=ADVANCED_FACE('',(#4713),#4044,.F.);
#13102=ADVANCED_FACE('',(#4714),#4045,.F.);
#13103=ADVANCED_FACE('',(#4715),#4046,.F.);
#13104=ADVANCED_FACE('',(#4716),#4047,.F.);
#13105=ADVANCED_FACE('',(#4717),#4048,.F.);
#13106=ADVANCED_FACE('',(#4718),#4049,.F.);
#13107=ADVANCED_FACE('',(#4719),#4050,.F.);
#13108=ADVANCED_FACE('',(#4720),#4051,.F.);
#13109=ADVANCED_FACE('',(#4721),#4052,.F.);
#13110=ADVANCED_FACE('',(#4722),#4053,.F.);
#13111=ADVANCED_FACE('',(#4723),#4054,.F.);
#13112=ADVANCED_FACE('',(#4724),#4055,.F.);
#13113=ADVANCED_FACE('',(#4725),#4056,.F.);
#13114=ADVANCED_FACE('',(#4726),#4057,.F.);
#13115=ADVANCED_FACE('',(#4727),#4058,.F.);
#13116=ADVANCED_FACE('',(#4728),#4059,.F.);
#13117=ADVANCED_FACE('',(#4729),#4060,.F.);
#13118=ADVANCED_FACE('',(#4730),#4061,.F.);
#13119=ADVANCED_FACE('',(#4731),#4062,.F.);
#13120=ADVANCED_FACE('',(#4732),#4063,.F.);
#13121=ADVANCED_FACE('',(#4733),#4064,.F.);
#13122=ADVANCED_FACE('',(#4734),#4065,.F.);
#13123=ADVANCED_FACE('',(#4735),#4066,.F.);
#13124=ADVANCED_FACE('',(#4736),#4067,.F.);
#13125=ADVANCED_FACE('',(#4737),#4068,.F.);
#13126=ADVANCED_FACE('',(#4738),#4069,.F.);
#13127=ADVANCED_FACE('',(#4739),#4070,.F.);
#13128=ADVANCED_FACE('',(#4740),#4071,.F.);
#13129=ADVANCED_FACE('',(#4741),#4072,.F.);
#13130=ADVANCED_FACE('',(#4742),#4073,.F.);
#13131=ADVANCED_FACE('',(#4743),#4074,.F.);
#13132=ADVANCED_FACE('',(#4744),#4075,.F.);
#13133=ADVANCED_FACE('',(#4745),#4076,.F.);
#13134=ADVANCED_FACE('',(#4746),#4077,.F.);
#13135=ADVANCED_FACE('',(#4747),#4078,.F.);
#13136=ADVANCED_FACE('',(#4748),#4079,.F.);
#13137=ADVANCED_FACE('',(#4749),#4080,.F.);
#13138=ADVANCED_FACE('',(#4750),#4081,.F.);
#13139=ADVANCED_FACE('',(#4751),#4082,.F.);
#13140=ADVANCED_FACE('',(#4752),#4083,.F.);
#13141=ADVANCED_FACE('',(#4753),#4084,.F.);
#13142=ADVANCED_FACE('',(#4754),#4085,.F.);
#13143=ADVANCED_FACE('',(#4755),#4086,.F.);
#13144=ADVANCED_FACE('',(#4756),#4087,.F.);
#13145=ADVANCED_FACE('',(#4757),#4088,.F.);
#13146=ADVANCED_FACE('',(#4758),#4089,.F.);
#13147=ADVANCED_FACE('',(#4759),#4090,.F.);
#13148=ADVANCED_FACE('',(#4760),#4091,.F.);
#13149=ADVANCED_FACE('',(#4761),#4092,.F.);
#13150=ADVANCED_FACE('',(#4762),#4093,.F.);
#13151=ADVANCED_FACE('',(#4763),#4094,.F.);
#13152=ADVANCED_FACE('',(#4764),#4095,.F.);
#13153=ADVANCED_FACE('',(#4765),#4096,.F.);
#13154=ADVANCED_FACE('',(#4766),#4097,.F.);
#13155=ADVANCED_FACE('',(#4767),#4098,.F.);
#13156=ADVANCED_FACE('',(#4768),#4099,.F.);
#13157=ADVANCED_FACE('',(#4769),#4100,.F.);
#13158=ADVANCED_FACE('',(#4770),#4101,.F.);
#13159=ADVANCED_FACE('',(#4771),#4102,.F.);
#13160=ADVANCED_FACE('',(#4772),#4103,.F.);
#13161=ADVANCED_FACE('',(#4773),#4104,.F.);
#13162=ADVANCED_FACE('',(#4774),#4105,.F.);
#13163=ADVANCED_FACE('',(#4775),#4106,.F.);
#13164=ADVANCED_FACE('',(#4776),#4107,.F.);
#13165=ADVANCED_FACE('',(#4777),#4108,.F.);
#13166=ADVANCED_FACE('',(#4778),#4109,.F.);
#13167=ADVANCED_FACE('',(#4779),#4110,.F.);
#13168=ADVANCED_FACE('',(#4780),#4111,.F.);
#13169=ADVANCED_FACE('',(#4781),#4112,.F.);
#13170=ADVANCED_FACE('',(#4782),#4113,.F.);
#13171=ADVANCED_FACE('',(#4783),#4114,.F.);
#13172=ADVANCED_FACE('',(#4784),#4115,.F.);
#13173=ADVANCED_FACE('',(#4785),#4116,.F.);
#13174=ADVANCED_FACE('',(#4786),#4117,.F.);
#13175=ADVANCED_FACE('',(#4787),#4118,.F.);
#13176=ADVANCED_FACE('',(#4788),#4119,.F.);
#13177=ADVANCED_FACE('',(#4789),#4120,.F.);
#13178=ADVANCED_FACE('',(#4790),#4121,.F.);
#13179=ADVANCED_FACE('',(#4791),#4122,.F.);
#13180=ADVANCED_FACE('',(#4792),#4123,.F.);
#13181=ADVANCED_FACE('',(#4793),#4124,.F.);
#13182=ADVANCED_FACE('',(#4794),#4125,.F.);
#13183=ADVANCED_FACE('',(#4795),#4126,.F.);
#13184=ADVANCED_FACE('',(#4796),#4127,.F.);
#13185=ADVANCED_FACE('',(#4797),#4128,.F.);
#13186=ADVANCED_FACE('',(#4798),#4129,.F.);
#13187=ADVANCED_FACE('',(#4799),#4130,.F.);
#13188=ADVANCED_FACE('',(#4800),#4131,.F.);
#13189=ADVANCED_FACE('',(#4801),#4132,.F.);
#13190=ADVANCED_FACE('',(#4802),#4133,.F.);
#13191=ADVANCED_FACE('',(#4803),#4134,.F.);
#13192=ADVANCED_FACE('',(#4804),#4135,.F.);
#13193=ADVANCED_FACE('',(#4805),#4136,.F.);
#13194=ADVANCED_FACE('',(#4806),#4137,.F.);
#13195=ADVANCED_FACE('',(#4807),#4138,.F.);
#13196=ADVANCED_FACE('',(#4808),#4139,.F.);
#13197=ADVANCED_FACE('',(#4809),#4140,.F.);
#13198=ADVANCED_FACE('',(#4810),#4141,.F.);
#13199=ADVANCED_FACE('',(#4811),#4142,.F.);
#13200=ADVANCED_FACE('',(#4812),#4143,.F.);
#13201=ADVANCED_FACE('',(#4813),#4144,.F.);
#13202=ADVANCED_FACE('',(#4814),#4145,.F.);
#13203=ADVANCED_FACE('',(#4815),#4146,.F.);
#13204=ADVANCED_FACE('',(#4816),#4147,.F.);
#13205=ADVANCED_FACE('',(#4817),#4148,.F.);
#13206=ADVANCED_FACE('',(#4818),#4149,.F.);
#13207=ADVANCED_FACE('',(#4819),#4150,.F.);
#13208=ADVANCED_FACE('',(#4820),#4151,.F.);
#13209=ADVANCED_FACE('',(#4821),#4152,.F.);
#13210=ADVANCED_FACE('',(#4822),#4153,.F.);
#13211=ADVANCED_FACE('',(#4823),#4154,.F.);
#13212=ADVANCED_FACE('',(#4824),#4155,.F.);
#13213=ADVANCED_FACE('',(#4825),#4156,.F.);
#13214=ADVANCED_FACE('',(#4826),#4157,.F.);
#13215=ADVANCED_FACE('',(#4827),#4158,.F.);
#13216=ADVANCED_FACE('',(#4828),#4159,.F.);
#13217=ADVANCED_FACE('',(#4829),#4160,.F.);
#13218=ADVANCED_FACE('',(#4830),#4161,.F.);
#13219=ADVANCED_FACE('',(#4831),#4162,.F.);
#13220=ADVANCED_FACE('',(#4832),#4163,.F.);
#13221=ADVANCED_FACE('',(#4833),#4164,.F.);
#13222=ADVANCED_FACE('',(#4834),#4165,.F.);
#13223=ADVANCED_FACE('',(#4835),#4166,.F.);
#13224=ADVANCED_FACE('',(#4836),#4167,.F.);
#13225=ADVANCED_FACE('',(#4837),#4168,.F.);
#13226=ADVANCED_FACE('',(#4838),#4169,.F.);
#13227=ADVANCED_FACE('',(#4839),#4170,.F.);
#13228=ADVANCED_FACE('',(#4840),#4171,.F.);
#13229=ADVANCED_FACE('',(#4841),#4172,.F.);
#13230=ADVANCED_FACE('',(#4842),#4173,.F.);
#13231=ADVANCED_FACE('',(#4843),#4174,.F.);
#13232=ADVANCED_FACE('',(#4844),#4175,.F.);
#13233=ADVANCED_FACE('',(#4845),#4176,.F.);
#13234=ADVANCED_FACE('',(#4846),#4177,.F.);
#13235=ADVANCED_FACE('',(#4847),#4178,.F.);
#13236=ADVANCED_FACE('',(#4848),#4179,.F.);
#13237=ADVANCED_FACE('',(#4849),#4180,.F.);
#13238=ADVANCED_FACE('',(#4850),#4181,.F.);
#13239=ADVANCED_FACE('',(#4851),#4182,.F.);
#13240=ADVANCED_FACE('',(#4852),#4183,.F.);
#13241=ADVANCED_FACE('',(#4853),#4184,.F.);
#13242=ADVANCED_FACE('',(#4854),#4185,.F.);
#13243=ADVANCED_FACE('',(#4855),#4186,.F.);
#13244=ADVANCED_FACE('',(#4856),#4187,.F.);
#13245=ADVANCED_FACE('',(#4857),#4188,.F.);
#13246=ADVANCED_FACE('',(#4858),#4189,.F.);
#13247=ADVANCED_FACE('',(#4859),#4190,.F.);
#13248=ADVANCED_FACE('',(#4860),#4191,.F.);
#13249=ADVANCED_FACE('',(#4861),#4192,.F.);
#13250=ADVANCED_FACE('',(#4862),#4193,.F.);
#13251=ADVANCED_FACE('',(#4863),#4194,.F.);
#13252=ADVANCED_FACE('',(#4864),#4195,.F.);
#13253=ADVANCED_FACE('',(#4865),#4196,.F.);
#13254=ADVANCED_FACE('',(#4866),#4197,.F.);
#13255=ADVANCED_FACE('',(#4867),#4198,.F.);
#13256=ADVANCED_FACE('',(#4868),#4199,.F.);
#13257=ADVANCED_FACE('',(#4869),#4200,.F.);
#13258=ADVANCED_FACE('',(#4870),#4201,.F.);
#13259=ADVANCED_FACE('',(#4871),#4202,.F.);
#13260=ADVANCED_FACE('',(#4872),#4203,.F.);
#13261=ADVANCED_FACE('',(#4873),#4204,.F.);
#13262=ADVANCED_FACE('',(#4874),#4205,.F.);
#13263=ADVANCED_FACE('',(#4875),#4206,.F.);
#13264=ADVANCED_FACE('',(#4876),#4207,.F.);
#13265=ADVANCED_FACE('',(#4877),#4208,.F.);
#13266=ADVANCED_FACE('',(#4878),#4209,.F.);
#13267=ADVANCED_FACE('',(#4879),#4210,.F.);
#13268=ADVANCED_FACE('',(#4880),#4211,.F.);
#13269=ADVANCED_FACE('',(#4881),#4212,.F.);
#13270=ADVANCED_FACE('',(#4882),#4213,.F.);
#13271=ADVANCED_FACE('',(#4883),#4214,.F.);
#13272=ADVANCED_FACE('',(#4884),#4215,.F.);
#13273=ADVANCED_FACE('',(#4885),#4216,.F.);
#13274=ADVANCED_FACE('',(#4886),#4217,.F.);
#13275=ADVANCED_FACE('',(#4887),#4218,.F.);
#13276=ADVANCED_FACE('',(#4888),#4219,.F.);
#13277=ADVANCED_FACE('',(#4889),#4220,.F.);
#13278=ADVANCED_FACE('',(#4890),#4221,.F.);
#13279=ADVANCED_FACE('',(#4891),#4222,.F.);
#13280=ADVANCED_FACE('',(#4892),#4223,.F.);
#13281=ADVANCED_FACE('',(#4893),#4224,.F.);
#13282=ADVANCED_FACE('',(#4894),#4225,.F.);
#13283=ADVANCED_FACE('',(#4895),#4226,.F.);
#13284=ADVANCED_FACE('',(#4896),#4227,.F.);
#13285=ADVANCED_FACE('',(#4897),#4228,.F.);
#13286=ADVANCED_FACE('',(#4898),#4229,.F.);
#13287=ADVANCED_FACE('',(#4899),#4230,.F.);
#13288=ADVANCED_FACE('',(#4900),#4231,.F.);
#13289=ADVANCED_FACE('',(#4901),#4232,.F.);
#13290=ADVANCED_FACE('',(#4902),#4233,.F.);
#13291=ADVANCED_FACE('',(#4903),#4234,.F.);
#13292=ADVANCED_FACE('',(#4904),#4235,.F.);
#13293=ADVANCED_FACE('',(#4905),#4236,.F.);
#13294=ADVANCED_FACE('',(#4906),#4237,.F.);
#13295=ADVANCED_FACE('',(#4907),#4238,.F.);
#13296=ADVANCED_FACE('',(#4908),#4239,.F.);
#13297=ADVANCED_FACE('',(#4909),#4240,.F.);
#13298=ADVANCED_FACE('',(#4910),#4241,.F.);
#13299=ADVANCED_FACE('',(#4911),#4242,.F.);
#13300=ADVANCED_FACE('',(#4912),#4243,.F.);
#13301=ADVANCED_FACE('',(#4913),#4244,.F.);
#13302=ADVANCED_FACE('',(#4914),#4245,.F.);
#13303=ADVANCED_FACE('',(#4915),#4246,.F.);
#13304=ADVANCED_FACE('',(#4916),#4247,.F.);
#13305=ADVANCED_FACE('',(#4917),#4248,.F.);
#13306=ADVANCED_FACE('',(#4918),#4249,.F.);
#13307=ADVANCED_FACE('',(#4919),#4250,.F.);
#13308=ADVANCED_FACE('',(#4920),#4251,.F.);
#13309=ADVANCED_FACE('',(#4921),#4252,.F.);
#13310=ADVANCED_FACE('',(#4922),#4253,.F.);
#13311=ADVANCED_FACE('',(#4923),#4254,.F.);
#13312=ADVANCED_FACE('',(#4924),#4255,.F.);
#13313=ADVANCED_FACE('',(#4925),#4256,.F.);
#13314=ADVANCED_FACE('',(#4926),#4257,.F.);
#13315=ADVANCED_FACE('',(#4927),#4258,.F.);
#13316=ADVANCED_FACE('',(#4928),#4259,.F.);
#13317=ADVANCED_FACE('',(#4929),#4260,.F.);
#13318=ADVANCED_FACE('',(#4930),#4261,.F.);
#13319=ADVANCED_FACE('',(#4931),#4262,.F.);
#13320=ADVANCED_FACE('',(#4932),#4263,.F.);
#13321=ADVANCED_FACE('',(#4933),#4264,.F.);
#13322=ADVANCED_FACE('',(#4934),#4265,.F.);
#13323=ADVANCED_FACE('',(#4935),#4266,.F.);
#13324=ADVANCED_FACE('',(#4936),#4267,.F.);
#13325=ADVANCED_FACE('',(#4937),#4268,.F.);
#13326=ADVANCED_FACE('',(#4938),#4269,.F.);
#13327=ADVANCED_FACE('',(#4939),#4270,.F.);
#13328=ADVANCED_FACE('',(#4940),#4271,.F.);
#13329=ADVANCED_FACE('',(#4941),#4272,.F.);
#13330=ADVANCED_FACE('',(#4942),#4273,.F.);
#13331=ADVANCED_FACE('',(#4943),#4274,.F.);
#13332=ADVANCED_FACE('',(#4944),#4275,.F.);
#13333=ADVANCED_FACE('',(#4945),#4276,.F.);
#13334=ADVANCED_FACE('',(#4946),#4277,.F.);
#13335=ADVANCED_FACE('',(#4947),#4278,.F.);
#13336=ADVANCED_FACE('',(#4948),#4279,.F.);
#13337=ADVANCED_FACE('',(#4949),#12745,.F.);
#13338=ADVANCED_FACE('',(#4950),#12746,.F.);
#13339=ADVANCED_FACE('',(#4951),#12747,.F.);
#13340=ADVANCED_FACE('',(#4952),#12748,.F.);
#13341=ADVANCED_FACE('',(#4953),#12749,.F.);
#13342=ADVANCED_FACE('',(#4954),#12750,.F.);
#13343=ADVANCED_FACE('',(#4955),#12751,.F.);
#13344=ADVANCED_FACE('',(#4956),#4280,.T.);
#13345=ADVANCED_FACE('',(#4957),#4281,.T.);
#13346=ADVANCED_FACE('',(#4958),#12752,.T.);
#13347=ADVANCED_FACE('',(#4959),#4282,.T.);
#13348=ADVANCED_FACE('',(#4960),#4283,.T.);
#13349=ADVANCED_FACE('',(#4961),#4284,.T.);
#13350=ADVANCED_FACE('',(#4962),#4285,.T.);
#13351=ADVANCED_FACE('',(#4963),#4286,.T.);
#13352=ADVANCED_FACE('',(#4964),#4287,.T.);
#13353=ADVANCED_FACE('',(#4965),#4288,.T.);
#13354=ADVANCED_FACE('',(#4966),#4289,.T.);
#13355=ADVANCED_FACE('',(#4967),#12753,.T.);
#13356=ADVANCED_FACE('',(#4968,#171),#4290,.T.);
#13357=ADVANCED_FACE('',(#4969,#172),#4291,.T.);
#13358=ADVANCED_FACE('',(#4970),#4292,.T.);
#13359=ADVANCED_FACE('',(#4971),#12754,.T.);
#13360=ADVANCED_FACE('',(#4972,#173),#4293,.T.);
#13361=ADVANCED_FACE('',(#4973),#4294,.T.);
#13362=ADVANCED_FACE('',(#4974),#4295,.T.);
#13363=ADVANCED_FACE('',(#4975),#4296,.T.);
#13364=ADVANCED_FACE('',(#4976),#4297,.T.);
#13365=ADVANCED_FACE('',(#4977,#174,#175,#176,#177,#178,#179,#180,#181,
#182,#183,#184,#185,#186,#187,#188,#189,#190,#191,#192,#193,#194,#195,#196,
#197,#198,#199,#200,#201,#202,#203,#204,#205,#206,#207,#208,#209,#210,#211,
#212,#213,#214,#215,#216,#217,#218,#219,#220,#221,#222,#223,#224,#225,#226,
#227,#228,#229,#230,#231,#232,#233,#234,#235,#236,#237,#238,#239,#240),
#4298,.T.);
#13366=CLOSED_SHELL('',(#12755,#12756,#12757,#12758,#12759,#12760,#12761,
#12762,#12763,#12764,#12765,#12766,#12767,#12768,#12769,#12770,#12771,#12772,
#12773,#12774,#12775,#12776,#12777,#12778,#12779,#12780,#12781,#12782,#12783,
#12784,#12785,#12786,#12787,#12788,#12789,#12790,#12791,#12792,#12793,#12794,
#12795,#12796,#12797,#12798,#12799,#12800,#12801,#12802,#12803,#12804,#12805,
#12806,#12807,#12808,#12809,#12810,#12811,#12812,#12813,#12814,#12815,#12816,
#12817,#12818,#12819,#12820,#12821,#12822,#12823,#12824,#12825,#12826,#12827,
#12828,#12829,#12830,#12831,#12832,#12833,#12834,#12835,#12836,#12837,#12838,
#12839));
#13367=CLOSED_SHELL('',(#12840,#12841,#12842,#12843,#12844,#12845,#12846,
#12847,#12848,#12849,#12850,#12851,#12852,#12853,#12854,#12855,#12856,#12857,
#12858,#12859,#12860,#12861,#12862,#12863,#12864,#12865,#12866,#12867,#12868,
#12869,#12870,#12871,#12872,#12873,#12874,#12875,#12876,#12877,#12878,#12879,
#12880,#12881,#12882,#12883,#12884,#12885,#12886,#12887,#12888,#12889,#12890,
#12891,#12892,#12893,#12894,#12895,#12896,#12897,#12898,#12899,#12900,#12901,
#12902,#12903,#12904,#12905,#12906,#12907,#12908,#12909,#12910,#12911,#12912,
#12913,#12914,#12915,#12916,#12917,#12918,#12919,#12920,#12921,#12922,#12923,
#12924,#12925,#12926,#12927,#12928,#12929,#12930,#12931,#12932,#12933,#12934,
#12935,#12936,#12937,#12938,#12939,#12940,#12941,#12942,#12943,#12944,#12945,
#12946,#12947,#12948,#12949));
#13368=CLOSED_SHELL('',(#12950,#12951,#12952,#12953,#12954,#12955,#12956,
#12957,#12958,#12959,#12960,#12961,#12962,#12963,#12964,#12965,#12966,#12967,
#12968,#12969,#12970,#12971,#12972,#12973,#12974,#12975,#12976,#12977,#12978,
#12979,#12980,#12981,#12982,#12983,#12984,#12985,#12986,#12987,#12988,#12989,
#12990,#12991,#12992,#12993,#12994,#12995,#12996,#12997,#12998,#12999,#13000,
#13001,#13002,#13003,#13004,#13005,#13006,#13007,#13008,#13009,#13010,#13011,
#13012,#13013,#13014,#13015,#13016,#13017,#13018,#13019,#13020,#13021,#13022,
#13023,#13024,#13025,#13026,#13027,#13028,#13029,#13030,#13031,#13032,#13033,
#13034,#13035,#13036,#13037,#13038,#13039,#13040,#13041,#13042,#13043,#13044,
#13045,#13046,#13047,#13048,#13049,#13050,#13051,#13052,#13053,#13054,#13055,
#13056,#13057,#13058,#13059,#13060,#13061,#13062,#13063,#13064,#13065,#13066,
#13067,#13068,#13069,#13070,#13071,#13072,#13073,#13074,#13075,#13076,#13077,
#13078,#13079,#13080,#13081,#13082,#13083,#13084,#13085,#13086,#13087,#13088,
#13089,#13090,#13091,#13092,#13093,#13094,#13095,#13096,#13097,#13098,#13099,
#13100,#13101,#13102,#13103,#13104,#13105,#13106,#13107,#13108,#13109,#13110,
#13111,#13112,#13113,#13114,#13115,#13116,#13117,#13118,#13119,#13120,#13121,
#13122,#13123,#13124,#13125,#13126,#13127,#13128,#13129,#13130,#13131,#13132,
#13133,#13134,#13135,#13136,#13137,#13138,#13139,#13140,#13141,#13142,#13143,
#13144,#13145,#13146,#13147,#13148,#13149,#13150,#13151,#13152,#13153,#13154,
#13155,#13156,#13157,#13158,#13159,#13160,#13161,#13162,#13163,#13164,#13165,
#13166,#13167,#13168,#13169,#13170,#13171,#13172,#13173,#13174,#13175,#13176,
#13177,#13178,#13179,#13180,#13181,#13182,#13183,#13184,#13185,#13186,#13187,
#13188,#13189,#13190,#13191,#13192,#13193,#13194,#13195,#13196,#13197,#13198,
#13199,#13200,#13201,#13202,#13203,#13204,#13205,#13206,#13207,#13208,#13209,
#13210,#13211,#13212,#13213,#13214,#13215,#13216,#13217,#13218,#13219,#13220,
#13221,#13222,#13223,#13224,#13225,#13226,#13227,#13228,#13229,#13230,#13231,
#13232,#13233,#13234,#13235,#13236,#13237,#13238,#13239,#13240,#13241,#13242,
#13243,#13244,#13245,#13246,#13247,#13248,#13249,#13250,#13251,#13252,#13253,
#13254,#13255,#13256,#13257,#13258,#13259,#13260,#13261,#13262,#13263,#13264,
#13265,#13266,#13267,#13268,#13269,#13270,#13271,#13272,#13273,#13274,#13275,
#13276,#13277,#13278,#13279,#13280,#13281,#13282,#13283,#13284,#13285,#13286,
#13287,#13288,#13289,#13290,#13291,#13292,#13293,#13294,#13295,#13296,#13297,
#13298,#13299,#13300,#13301,#13302,#13303,#13304,#13305,#13306,#13307,#13308,
#13309,#13310,#13311,#13312,#13313,#13314,#13315,#13316,#13317,#13318,#13319,
#13320,#13321,#13322,#13323,#13324,#13325,#13326,#13327,#13328,#13329,#13330,
#13331,#13332,#13333,#13334,#13335,#13336,#13337,#13338,#13339,#13340,#13341,
#13342,#13343,#13344,#13345,#13346,#13347,#13348,#13349,#13350,#13351,#13352,
#13353,#13354,#13355,#13356,#13357,#13358,#13359,#13360,#13361,#13362,#13363,
#13364,#13365));
#13369=DERIVED_UNIT_ELEMENT(#13373,1.);
#13370=DERIVED_UNIT_ELEMENT(#21129,-3.);
#13371=DERIVED_UNIT_ELEMENT(#13373,1.);
#13372=DERIVED_UNIT_ELEMENT(#21129,-3.);
#13373=(
MASS_UNIT()
NAMED_UNIT(*)
SI_UNIT(.KILO.,.GRAM.)
);
#13374=DERIVED_UNIT((#13369,#13370));
#13375=DERIVED_UNIT((#13371,#13372));
#13376=MEASURE_REPRESENTATION_ITEM('density measure',
POSITIVE_RATIO_MEASURE(7850.),#13374);
#13377=MEASURE_REPRESENTATION_ITEM('density measure',
POSITIVE_RATIO_MEASURE(7850.),#13375);
#13378=PROPERTY_DEFINITION_REPRESENTATION(#13388,#13382);
#13379=PROPERTY_DEFINITION_REPRESENTATION(#13389,#13383);
#13380=PROPERTY_DEFINITION_REPRESENTATION(#13390,#13384);
#13381=PROPERTY_DEFINITION_REPRESENTATION(#13391,#13385);
#13382=REPRESENTATION('material name',(#13386),#21125);
#13383=REPRESENTATION('density',(#13376),#21125);
#13384=REPRESENTATION('material name',(#13387),#21126);
#13385=REPRESENTATION('density',(#13377),#21126);
#13386=DESCRIPTIVE_REPRESENTATION_ITEM('Acier','Acier');
#13387=DESCRIPTIVE_REPRESENTATION_ITEM('Acier','Acier');
#13388=PROPERTY_DEFINITION('material property','material name',#21147);
#13389=PROPERTY_DEFINITION('material property','density of part',#21147);
#13390=PROPERTY_DEFINITION('material property','material name',#21148);
#13391=PROPERTY_DEFINITION('material property','density of part',#21148);
#13392=AXIS2_PLACEMENT_3D('',#17383,#14142,#14143);
#13393=AXIS2_PLACEMENT_3D('',#17384,#14144,#14145);
#13394=AXIS2_PLACEMENT_3D('',#17385,#14146,#14147);
#13395=AXIS2_PLACEMENT_3D('',#17388,#14148,#14149);
#13396=AXIS2_PLACEMENT_3D('',#17389,#14150,#14151);
#13397=AXIS2_PLACEMENT_3D('',#17390,#14152,#14153);
#13398=AXIS2_PLACEMENT_3D('',#17393,#14154,#14155);
#13399=AXIS2_PLACEMENT_3D('',#17395,#14156,#14157);
#13400=AXIS2_PLACEMENT_3D('',#17397,#14158,#14159);
#13401=AXIS2_PLACEMENT_3D('',#17399,#14160,#14161);
#13402=AXIS2_PLACEMENT_3D('',#17401,#14162,#14163);
#13403=AXIS2_PLACEMENT_3D('',#17403,#14164,#14165);
#13404=AXIS2_PLACEMENT_3D('',#17405,#14166,#14167);
#13405=AXIS2_PLACEMENT_3D('',#17406,#14168,#14169);
#13406=AXIS2_PLACEMENT_3D('',#17407,#14170,#14171);
#13407=AXIS2_PLACEMENT_3D('',#17413,#14175,#14176);
#13408=AXIS2_PLACEMENT_3D('',#17419,#14180,#14181);
#13409=AXIS2_PLACEMENT_3D('',#17423,#14183,#14184);
#13410=AXIS2_PLACEMENT_3D('',#17427,#14186,#14187);
#13411=AXIS2_PLACEMENT_3D('',#17462,#14206,#14207);
#13412=AXIS2_PLACEMENT_3D('',#17472,#14213,#14214);
#13413=AXIS2_PLACEMENT_3D('',#17487,#14222,#14223);
#13414=AXIS2_PLACEMENT_3D('',#17499,#14229,#14230);
#13415=AXIS2_PLACEMENT_3D('',#17503,#14232,#14233);
#13416=AXIS2_PLACEMENT_3D('',#17507,#14235,#14236);
#13417=AXIS2_PLACEMENT_3D('',#17511,#14238,#14239);
#13418=AXIS2_PLACEMENT_3D('',#17515,#14241,#14242);
#13419=AXIS2_PLACEMENT_3D('',#17518,#14244,#14245);
#13420=AXIS2_PLACEMENT_3D('',#17519,#14246,#14247);
#13421=AXIS2_PLACEMENT_3D('',#17520,#14248,#14249);
#13422=AXIS2_PLACEMENT_3D('',#17523,#14250,#14251);
#13423=AXIS2_PLACEMENT_3D('',#17524,#14252,#14253);
#13424=AXIS2_PLACEMENT_3D('',#17525,#14254,#14255);
#13425=AXIS2_PLACEMENT_3D('',#17526,#14256,#14257);
#13426=AXIS2_PLACEMENT_3D('',#17528,#14258,#14259);
#13427=AXIS2_PLACEMENT_3D('',#17530,#14260,#14261);
#13428=AXIS2_PLACEMENT_3D('',#17532,#14262,#14263);
#13429=AXIS2_PLACEMENT_3D('',#17534,#14264,#14265);
#13430=AXIS2_PLACEMENT_3D('',#17535,#14266,#14267);
#13431=AXIS2_PLACEMENT_3D('',#17536,#14268,#14269);
#13432=AXIS2_PLACEMENT_3D('',#17542,#14273,#14274);
#13433=AXIS2_PLACEMENT_3D('',#17556,#14281,#14282);
#13434=AXIS2_PLACEMENT_3D('',#17557,#14283,#14284);
#13435=AXIS2_PLACEMENT_3D('',#17558,#14285,#14286);
#13436=AXIS2_PLACEMENT_3D('',#17584,#14300,#14301);
#13437=AXIS2_PLACEMENT_3D('',#17588,#14304,#14305);
#13438=AXIS2_PLACEMENT_3D('',#17590,#14306,#14307);
#13439=AXIS2_PLACEMENT_3D('',#17592,#14309,#14310);
#13440=AXIS2_PLACEMENT_3D('',#17593,#14311,#14312);
#13441=AXIS2_PLACEMENT_3D('',#17595,#14313,#14314);
#13442=AXIS2_PLACEMENT_3D('',#17599,#14316,#14317);
#13443=AXIS2_PLACEMENT_3D('',#17601,#14318,#14319);
#13444=AXIS2_PLACEMENT_3D('',#17602,#14320,#14321);
#13445=AXIS2_PLACEMENT_3D('',#17603,#14322,#14323);
#13446=AXIS2_PLACEMENT_3D('',#17605,#14324,#14325);
#13447=AXIS2_PLACEMENT_3D('',#17607,#14327,#14328);
#13448=AXIS2_PLACEMENT_3D('',#17609,#14329,#14330);
#13449=AXIS2_PLACEMENT_3D('',#17613,#14332,#14333);
#13450=AXIS2_PLACEMENT_3D('',#17615,#14334,#14335);
#13451=AXIS2_PLACEMENT_3D('',#17616,#14336,#14337);
#13452=AXIS2_PLACEMENT_3D('',#17617,#14338,#14339);
#13453=AXIS2_PLACEMENT_3D('',#17620,#14341,#14342);
#13454=AXIS2_PLACEMENT_3D('',#17632,#14349,#14350);
#13455=AXIS2_PLACEMENT_3D('',#17635,#14352,#14353);
#13456=AXIS2_PLACEMENT_3D('',#17669,#14370,#14371);
#13457=AXIS2_PLACEMENT_3D('',#17673,#14373,#14374);
#13458=AXIS2_PLACEMENT_3D('',#17677,#14376,#14377);
#13459=AXIS2_PLACEMENT_3D('',#17679,#14379,#14380);
#13460=AXIS2_PLACEMENT_3D('',#17681,#14381,#14382);
#13461=AXIS2_PLACEMENT_3D('',#17683,#14384,#14385);
#13462=AXIS2_PLACEMENT_3D('',#17685,#14386,#14387);
#13463=AXIS2_PLACEMENT_3D('',#17687,#14389,#14390);
#13464=AXIS2_PLACEMENT_3D('',#17688,#14391,#14392);
#13465=AXIS2_PLACEMENT_3D('',#17690,#14393,#14394);
#13466=AXIS2_PLACEMENT_3D('',#17693,#14396,#14397);
#13467=AXIS2_PLACEMENT_3D('',#17694,#14398,#14399);
#13468=AXIS2_PLACEMENT_3D('',#17695,#14400,#14401);
#13469=AXIS2_PLACEMENT_3D('',#17697,#14402,#14403);
#13470=AXIS2_PLACEMENT_3D('',#17700,#14405,#14406);
#13471=AXIS2_PLACEMENT_3D('',#17701,#14407,#14408);
#13472=AXIS2_PLACEMENT_3D('',#17703,#14409,#14410);
#13473=AXIS2_PLACEMENT_3D('',#17706,#14412,#14413);
#13474=AXIS2_PLACEMENT_3D('',#17707,#14414,#14415);
#13475=AXIS2_PLACEMENT_3D('',#17708,#14416,#14417);
#13476=AXIS2_PLACEMENT_3D('',#17718,#14423,#14424);
#13477=AXIS2_PLACEMENT_3D('',#17719,#14425,#14426);
#13478=AXIS2_PLACEMENT_3D('',#17725,#14430,#14431);
#13479=AXIS2_PLACEMENT_3D('',#17729,#14434,#14435);
#13480=AXIS2_PLACEMENT_3D('',#17733,#14438,#14439);
#13481=AXIS2_PLACEMENT_3D('',#17735,#14441,#14442);
#13482=AXIS2_PLACEMENT_3D('',#17739,#14445,#14446);
#13483=AXIS2_PLACEMENT_3D('',#17743,#14449,#14450);
#13484=AXIS2_PLACEMENT_3D('',#17745,#14452,#14453);
#13485=AXIS2_PLACEMENT_3D('',#17753,#14458,#14459);
#13486=AXIS2_PLACEMENT_3D('',#17757,#14462,#14463);
#13487=AXIS2_PLACEMENT_3D('',#17761,#14466,#14467);
#13488=AXIS2_PLACEMENT_3D('',#17766,#14471,#14472);
#13489=AXIS2_PLACEMENT_3D('',#17770,#14475,#14476);
#13490=AXIS2_PLACEMENT_3D('',#17776,#14480,#14481);
#13491=AXIS2_PLACEMENT_3D('',#17780,#14484,#14485);
#13492=AXIS2_PLACEMENT_3D('',#17784,#14488,#14489);
#13493=AXIS2_PLACEMENT_3D('',#17786,#14491,#14492);
#13494=AXIS2_PLACEMENT_3D('',#17792,#14496,#14497);
#13495=AXIS2_PLACEMENT_3D('',#17794,#14499,#14500);
#13496=AXIS2_PLACEMENT_3D('',#17798,#14503,#14504);
#13497=AXIS2_PLACEMENT_3D('',#17801,#14507,#14508);
#13498=AXIS2_PLACEMENT_3D('',#17811,#14514,#14515);
#13499=AXIS2_PLACEMENT_3D('',#17815,#14518,#14519);
#13500=AXIS2_PLACEMENT_3D('',#17820,#14523,#14524);
#13501=AXIS2_PLACEMENT_3D('',#17822,#14526,#14527);
#13502=AXIS2_PLACEMENT_3D('',#17824,#14529,#14530);
#13503=AXIS2_PLACEMENT_3D('',#17830,#14534,#14535);
#13504=AXIS2_PLACEMENT_3D('',#17834,#14538,#14539);
#13505=AXIS2_PLACEMENT_3D('',#17838,#14542,#14543);
#13506=AXIS2_PLACEMENT_3D('',#17840,#14545,#14546);
#13507=AXIS2_PLACEMENT_3D('',#17844,#14549,#14550);
#13508=AXIS2_PLACEMENT_3D('',#17848,#14553,#14554);
#13509=AXIS2_PLACEMENT_3D('',#17850,#14556,#14557);
#13510=AXIS2_PLACEMENT_3D('',#17858,#14562,#14563);
#13511=AXIS2_PLACEMENT_3D('',#17865,#14568,#14569);
#13512=AXIS2_PLACEMENT_3D('',#17869,#14572,#14573);
#13513=AXIS2_PLACEMENT_3D('',#17873,#14576,#14577);
#13514=AXIS2_PLACEMENT_3D('',#17875,#14579,#14580);
#13515=AXIS2_PLACEMENT_3D('',#17881,#14584,#14585);
#13516=AXIS2_PLACEMENT_3D('',#17885,#14588,#14589);
#13517=AXIS2_PLACEMENT_3D('',#17889,#14592,#14593);
#13518=AXIS2_PLACEMENT_3D('',#17891,#14595,#14596);
#13519=AXIS2_PLACEMENT_3D('',#17898,#14601,#14602);
#13520=AXIS2_PLACEMENT_3D('',#17900,#14604,#14605);
#13521=AXIS2_PLACEMENT_3D('',#17902,#14607,#14608);
#13522=AXIS2_PLACEMENT_3D('',#17910,#14613,#14614);
#13523=AXIS2_PLACEMENT_3D('',#17914,#14617,#14618);
#13524=AXIS2_PLACEMENT_3D('',#17918,#14621,#14622);
#13525=AXIS2_PLACEMENT_3D('',#17923,#14626,#14627);
#13526=AXIS2_PLACEMENT_3D('',#17925,#14629,#14630);
#13527=AXIS2_PLACEMENT_3D('',#17929,#14633,#14634);
#13528=AXIS2_PLACEMENT_3D('',#17931,#14635,#14636);
#13529=AXIS2_PLACEMENT_3D('',#17933,#14638,#14639);
#13530=AXIS2_PLACEMENT_3D('',#17934,#14640,#14641);
#13531=AXIS2_PLACEMENT_3D('',#17936,#14642,#14643);
#13532=AXIS2_PLACEMENT_3D('',#17937,#14644,#14645);
#13533=AXIS2_PLACEMENT_3D('',#17938,#14646,#14647);
#13534=AXIS2_PLACEMENT_3D('',#17940,#14648,#14649);
#13535=AXIS2_PLACEMENT_3D('',#17942,#14651,#14652);
#13536=AXIS2_PLACEMENT_3D('',#17946,#14655,#14656);
#13537=AXIS2_PLACEMENT_3D('',#17950,#14659,#14660);
#13538=AXIS2_PLACEMENT_3D('',#17954,#14663,#14664);
#13539=AXIS2_PLACEMENT_3D('',#17956,#14666,#14667);
#13540=AXIS2_PLACEMENT_3D('',#17958,#14669,#14670);
#13541=AXIS2_PLACEMENT_3D('',#17960,#14672,#14673);
#13542=AXIS2_PLACEMENT_3D('',#17962,#14675,#14676);
#13543=AXIS2_PLACEMENT_3D('',#17963,#14677,#14678);
#13544=AXIS2_PLACEMENT_3D('',#17964,#14679,#14680);
#13545=AXIS2_PLACEMENT_3D('',#17967,#14681,#14682);
#13546=AXIS2_PLACEMENT_3D('',#17968,#14683,#14684);
#13547=AXIS2_PLACEMENT_3D('',#17969,#14685,#14686);
#13548=AXIS2_PLACEMENT_3D('',#17972,#14687,#14688);
#13549=AXIS2_PLACEMENT_3D('',#17973,#14689,#14690);
#13550=AXIS2_PLACEMENT_3D('',#17974,#14691,#14692);
#13551=AXIS2_PLACEMENT_3D('',#17995,#14702,#14703);
#13552=AXIS2_PLACEMENT_3D('',#18132,#14772,#14773);
#13553=AXIS2_PLACEMENT_3D('',#18134,#14774,#14775);
#13554=AXIS2_PLACEMENT_3D('',#18138,#14777,#14778);
#13555=AXIS2_PLACEMENT_3D('',#18151,#14785,#14786);
#13556=AXIS2_PLACEMENT_3D('',#18153,#14787,#14788);
#13557=AXIS2_PLACEMENT_3D('',#18165,#14794,#14795);
#13558=AXIS2_PLACEMENT_3D('',#18167,#14796,#14797);
#13559=AXIS2_PLACEMENT_3D('',#18179,#14803,#14804);
#13560=AXIS2_PLACEMENT_3D('',#18183,#14806,#14807);
#13561=AXIS2_PLACEMENT_3D('',#18187,#14809,#14810);
#13562=AXIS2_PLACEMENT_3D('',#18189,#14812,#14813);
#13563=AXIS2_PLACEMENT_3D('',#18190,#14814,#14815);
#13564=AXIS2_PLACEMENT_3D('',#18191,#14816,#14817);
#13565=AXIS2_PLACEMENT_3D('',#18192,#14818,#14819);
#13566=AXIS2_PLACEMENT_3D('',#18193,#14820,#14821);
#13567=AXIS2_PLACEMENT_3D('',#18195,#14822,#14823);
#13568=AXIS2_PLACEMENT_3D('',#18198,#14825,#14826);
#13569=AXIS2_PLACEMENT_3D('',#18209,#14832,#14833);
#13570=AXIS2_PLACEMENT_3D('',#18212,#14835,#14836);
#13571=AXIS2_PLACEMENT_3D('',#18213,#14837,#14838);
#13572=AXIS2_PLACEMENT_3D('',#18215,#14840,#14841);
#13573=AXIS2_PLACEMENT_3D('',#18221,#14845,#14846);
#13574=AXIS2_PLACEMENT_3D('',#18224,#14848,#14849);
#13575=AXIS2_PLACEMENT_3D('',#18225,#14850,#14851);
#13576=AXIS2_PLACEMENT_3D('',#18227,#14852,#14853);
#13577=AXIS2_PLACEMENT_3D('',#18229,#14855,#14856);
#13578=AXIS2_PLACEMENT_3D('',#18234,#14859,#14860);
#13579=AXIS2_PLACEMENT_3D('',#18235,#14861,#14862);
#13580=AXIS2_PLACEMENT_3D('',#18237,#14863,#14864);
#13581=AXIS2_PLACEMENT_3D('',#18241,#14867,#14868);
#13582=AXIS2_PLACEMENT_3D('',#18242,#14869,#14870);
#13583=AXIS2_PLACEMENT_3D('',#18244,#14872,#14873);
#13584=AXIS2_PLACEMENT_3D('',#18250,#14877,#14878);
#13585=AXIS2_PLACEMENT_3D('',#18253,#14879,#14880);
#13586=AXIS2_PLACEMENT_3D('',#18259,#14884,#14885);
#13587=AXIS2_PLACEMENT_3D('',#18260,#14886,#14887);
#13588=AXIS2_PLACEMENT_3D('',#18262,#14889,#14890);
#13589=AXIS2_PLACEMENT_3D('',#18264,#14891,#14892);
#13590=AXIS2_PLACEMENT_3D('',#18266,#14894,#14895);
#13591=AXIS2_PLACEMENT_3D('',#18268,#14897,#14898);
#13592=AXIS2_PLACEMENT_3D('',#18270,#14899,#14900);
#13593=AXIS2_PLACEMENT_3D('',#18273,#14903,#14904);
#13594=AXIS2_PLACEMENT_3D('',#18274,#14905,#14906);
#13595=AXIS2_PLACEMENT_3D('',#18275,#14907,#14908);
#13596=AXIS2_PLACEMENT_3D('',#18279,#14911,#14912);
#13597=AXIS2_PLACEMENT_3D('',#18280,#14913,#14914);
#13598=AXIS2_PLACEMENT_3D('',#18281,#14915,#14916);
#13599=AXIS2_PLACEMENT_3D('',#18282,#14917,#14918);
#13600=AXIS2_PLACEMENT_3D('',#18283,#14919,#14920);
#13601=AXIS2_PLACEMENT_3D('',#18284,#14921,#14922);
#13602=AXIS2_PLACEMENT_3D('',#18285,#14923,#14924);
#13603=AXIS2_PLACEMENT_3D('',#18288,#14926,#14927);
#13604=AXIS2_PLACEMENT_3D('',#18289,#14928,#14929);
#13605=AXIS2_PLACEMENT_3D('',#18292,#14931,#14932);
#13606=AXIS2_PLACEMENT_3D('',#18293,#14933,#14934);
#13607=AXIS2_PLACEMENT_3D('',#18296,#14936,#14937);
#13608=AXIS2_PLACEMENT_3D('',#18297,#14938,#14939);
#13609=AXIS2_PLACEMENT_3D('',#18300,#14941,#14942);
#13610=AXIS2_PLACEMENT_3D('',#18301,#14943,#14944);
#13611=AXIS2_PLACEMENT_3D('',#18305,#14947,#14948);
#13612=AXIS2_PLACEMENT_3D('',#18307,#14950,#14951);
#13613=AXIS2_PLACEMENT_3D('',#18313,#14955,#14956);
#13614=AXIS2_PLACEMENT_3D('',#18317,#14959,#14960);
#13615=AXIS2_PLACEMENT_3D('',#18321,#14963,#14964);
#13616=AXIS2_PLACEMENT_3D('',#18323,#14966,#14967);
#13617=AXIS2_PLACEMENT_3D('',#18329,#14971,#14972);
#13618=AXIS2_PLACEMENT_3D('',#18333,#14975,#14976);
#13619=AXIS2_PLACEMENT_3D('',#18337,#14979,#14980);
#13620=AXIS2_PLACEMENT_3D('',#18339,#14982,#14983);
#13621=AXIS2_PLACEMENT_3D('',#18345,#14987,#14988);
#13622=AXIS2_PLACEMENT_3D('',#18349,#14991,#14992);
#13623=AXIS2_PLACEMENT_3D('',#18353,#14995,#14996);
#13624=AXIS2_PLACEMENT_3D('',#18355,#14998,#14999);
#13625=AXIS2_PLACEMENT_3D('',#18361,#15003,#15004);
#13626=AXIS2_PLACEMENT_3D('',#18365,#15007,#15008);
#13627=AXIS2_PLACEMENT_3D('',#18369,#15011,#15012);
#13628=AXIS2_PLACEMENT_3D('',#18371,#15014,#15015);
#13629=AXIS2_PLACEMENT_3D('',#18377,#15019,#15020);
#13630=AXIS2_PLACEMENT_3D('',#18381,#15023,#15024);
#13631=AXIS2_PLACEMENT_3D('',#18385,#15027,#15028);
#13632=AXIS2_PLACEMENT_3D('',#18387,#15030,#15031);
#13633=AXIS2_PLACEMENT_3D('',#18393,#15035,#15036);
#13634=AXIS2_PLACEMENT_3D('',#18397,#15039,#15040);
#13635=AXIS2_PLACEMENT_3D('',#18401,#15043,#15044);
#13636=AXIS2_PLACEMENT_3D('',#18403,#15046,#15047);
#13637=AXIS2_PLACEMENT_3D('',#18409,#15051,#15052);
#13638=AXIS2_PLACEMENT_3D('',#18413,#15055,#15056);
#13639=AXIS2_PLACEMENT_3D('',#18417,#15059,#15060);
#13640=AXIS2_PLACEMENT_3D('',#18419,#15062,#15063);
#13641=AXIS2_PLACEMENT_3D('',#18425,#15067,#15068);
#13642=AXIS2_PLACEMENT_3D('',#18429,#15071,#15072);
#13643=AXIS2_PLACEMENT_3D('',#18433,#15075,#15076);
#13644=AXIS2_PLACEMENT_3D('',#18435,#15078,#15079);
#13645=AXIS2_PLACEMENT_3D('',#18441,#15083,#15084);
#13646=AXIS2_PLACEMENT_3D('',#18445,#15087,#15088);
#13647=AXIS2_PLACEMENT_3D('',#18449,#15091,#15092);
#13648=AXIS2_PLACEMENT_3D('',#18451,#15094,#15095);
#13649=AXIS2_PLACEMENT_3D('',#18457,#15099,#15100);
#13650=AXIS2_PLACEMENT_3D('',#18461,#15103,#15104);
#13651=AXIS2_PLACEMENT_3D('',#18465,#15107,#15108);
#13652=AXIS2_PLACEMENT_3D('',#18467,#15110,#15111);
#13653=AXIS2_PLACEMENT_3D('',#18473,#15115,#15116);
#13654=AXIS2_PLACEMENT_3D('',#18477,#15119,#15120);
#13655=AXIS2_PLACEMENT_3D('',#18481,#15123,#15124);
#13656=AXIS2_PLACEMENT_3D('',#18483,#15126,#15127);
#13657=AXIS2_PLACEMENT_3D('',#18489,#15131,#15132);
#13658=AXIS2_PLACEMENT_3D('',#18493,#15135,#15136);
#13659=AXIS2_PLACEMENT_3D('',#18497,#15139,#15140);
#13660=AXIS2_PLACEMENT_3D('',#18499,#15142,#15143);
#13661=AXIS2_PLACEMENT_3D('',#18505,#15147,#15148);
#13662=AXIS2_PLACEMENT_3D('',#18509,#15151,#15152);
#13663=AXIS2_PLACEMENT_3D('',#18513,#15155,#15156);
#13664=AXIS2_PLACEMENT_3D('',#18515,#15158,#15159);
#13665=AXIS2_PLACEMENT_3D('',#18521,#15163,#15164);
#13666=AXIS2_PLACEMENT_3D('',#18525,#15167,#15168);
#13667=AXIS2_PLACEMENT_3D('',#18529,#15171,#15172);
#13668=AXIS2_PLACEMENT_3D('',#18531,#15174,#15175);
#13669=AXIS2_PLACEMENT_3D('',#18537,#15179,#15180);
#13670=AXIS2_PLACEMENT_3D('',#18541,#15183,#15184);
#13671=AXIS2_PLACEMENT_3D('',#18545,#15187,#15188);
#13672=AXIS2_PLACEMENT_3D('',#18547,#15190,#15191);
#13673=AXIS2_PLACEMENT_3D('',#18553,#15195,#15196);
#13674=AXIS2_PLACEMENT_3D('',#18557,#15199,#15200);
#13675=AXIS2_PLACEMENT_3D('',#18561,#15203,#15204);
#13676=AXIS2_PLACEMENT_3D('',#18563,#15206,#15207);
#13677=AXIS2_PLACEMENT_3D('',#18569,#15211,#15212);
#13678=AXIS2_PLACEMENT_3D('',#18573,#15215,#15216);
#13679=AXIS2_PLACEMENT_3D('',#18577,#15219,#15220);
#13680=AXIS2_PLACEMENT_3D('',#18581,#15223,#15224);
#13681=AXIS2_PLACEMENT_3D('',#18583,#15225,#15226);
#13682=AXIS2_PLACEMENT_3D('',#18585,#15228,#15229);
#13683=AXIS2_PLACEMENT_3D('',#18587,#15231,#15232);
#13684=AXIS2_PLACEMENT_3D('',#18593,#15236,#15237);
#13685=AXIS2_PLACEMENT_3D('',#18597,#15240,#15241);
#13686=AXIS2_PLACEMENT_3D('',#18601,#15244,#15245);
#13687=AXIS2_PLACEMENT_3D('',#18603,#15247,#15248);
#13688=AXIS2_PLACEMENT_3D('',#18609,#15252,#15253);
#13689=AXIS2_PLACEMENT_3D('',#18613,#15256,#15257);
#13690=AXIS2_PLACEMENT_3D('',#18617,#15260,#15261);
#13691=AXIS2_PLACEMENT_3D('',#18619,#15263,#15264);
#13692=AXIS2_PLACEMENT_3D('',#18620,#15265,#15266);
#13693=AXIS2_PLACEMENT_3D('',#18630,#15271,#15272);
#13694=AXIS2_PLACEMENT_3D('',#18631,#15273,#15274);
#13695=AXIS2_PLACEMENT_3D('',#18641,#15279,#15280);
#13696=AXIS2_PLACEMENT_3D('',#18642,#15281,#15282);
#13697=AXIS2_PLACEMENT_3D('',#18652,#15287,#15288);
#13698=AXIS2_PLACEMENT_3D('',#18653,#15289,#15290);
#13699=AXIS2_PLACEMENT_3D('',#18663,#15295,#15296);
#13700=AXIS2_PLACEMENT_3D('',#18664,#15297,#15298);
#13701=AXIS2_PLACEMENT_3D('',#18673,#15303,#15304);
#13702=AXIS2_PLACEMENT_3D('',#18679,#15308,#15309);
#13703=AXIS2_PLACEMENT_3D('',#18685,#15313,#15314);
#13704=AXIS2_PLACEMENT_3D('',#18691,#15318,#15319);
#13705=AXIS2_PLACEMENT_3D('',#18697,#15323,#15324);
#13706=AXIS2_PLACEMENT_3D('',#18700,#15327,#15328);
#13707=AXIS2_PLACEMENT_3D('',#18709,#15333,#15334);
#13708=AXIS2_PLACEMENT_3D('',#18715,#15338,#15339);
#13709=AXIS2_PLACEMENT_3D('',#18721,#15343,#15344);
#13710=AXIS2_PLACEMENT_3D('',#18727,#15348,#15349);
#13711=AXIS2_PLACEMENT_3D('',#18733,#15353,#15354);
#13712=AXIS2_PLACEMENT_3D('',#18739,#15358,#15359);
#13713=AXIS2_PLACEMENT_3D('',#18742,#15362,#15363);
#13714=AXIS2_PLACEMENT_3D('',#18751,#15368,#15369);
#13715=AXIS2_PLACEMENT_3D('',#18757,#15373,#15374);
#13716=AXIS2_PLACEMENT_3D('',#18763,#15378,#15379);
#13717=AXIS2_PLACEMENT_3D('',#18769,#15383,#15384);
#13718=AXIS2_PLACEMENT_3D('',#18775,#15388,#15389);
#13719=AXIS2_PLACEMENT_3D('',#18778,#15392,#15393);
#13720=AXIS2_PLACEMENT_3D('',#18787,#15398,#15399);
#13721=AXIS2_PLACEMENT_3D('',#18793,#15403,#15404);
#13722=AXIS2_PLACEMENT_3D('',#18799,#15408,#15409);
#13723=AXIS2_PLACEMENT_3D('',#18805,#15413,#15414);
#13724=AXIS2_PLACEMENT_3D('',#18811,#15418,#15419);
#13725=AXIS2_PLACEMENT_3D('',#18814,#15422,#15423);
#13726=AXIS2_PLACEMENT_3D('',#18823,#15428,#15429);
#13727=AXIS2_PLACEMENT_3D('',#18829,#15433,#15434);
#13728=AXIS2_PLACEMENT_3D('',#18838,#15439,#15440);
#13729=AXIS2_PLACEMENT_3D('',#18844,#15444,#15445);
#13730=AXIS2_PLACEMENT_3D('',#18850,#15449,#15450);
#13731=AXIS2_PLACEMENT_3D('',#18856,#15454,#15455);
#13732=AXIS2_PLACEMENT_3D('',#18859,#15458,#15459);
#13733=AXIS2_PLACEMENT_3D('',#18868,#15464,#15465);
#13734=AXIS2_PLACEMENT_3D('',#18874,#15469,#15470);
#13735=AXIS2_PLACEMENT_3D('',#18880,#15474,#15475);
#13736=AXIS2_PLACEMENT_3D('',#18886,#15479,#15480);
#13737=AXIS2_PLACEMENT_3D('',#18892,#15484,#15485);
#13738=AXIS2_PLACEMENT_3D('',#18895,#15488,#15489);
#13739=AXIS2_PLACEMENT_3D('',#18904,#15494,#15495);
#13740=AXIS2_PLACEMENT_3D('',#18910,#15499,#15500);
#13741=AXIS2_PLACEMENT_3D('',#18916,#15504,#15505);
#13742=AXIS2_PLACEMENT_3D('',#18922,#15509,#15510);
#13743=AXIS2_PLACEMENT_3D('',#18928,#15514,#15515);
#13744=AXIS2_PLACEMENT_3D('',#18934,#15519,#15520);
#13745=AXIS2_PLACEMENT_3D('',#18937,#15523,#15524);
#13746=AXIS2_PLACEMENT_3D('',#18946,#15529,#15530);
#13747=AXIS2_PLACEMENT_3D('',#18952,#15534,#15535);
#13748=AXIS2_PLACEMENT_3D('',#18958,#15539,#15540);
#13749=AXIS2_PLACEMENT_3D('',#18964,#15544,#15545);
#13750=AXIS2_PLACEMENT_3D('',#18970,#15549,#15550);
#13751=AXIS2_PLACEMENT_3D('',#18973,#15553,#15554);
#13752=AXIS2_PLACEMENT_3D('',#18982,#15559,#15560);
#13753=AXIS2_PLACEMENT_3D('',#18988,#15564,#15565);
#13754=AXIS2_PLACEMENT_3D('',#18994,#15569,#15570);
#13755=AXIS2_PLACEMENT_3D('',#19000,#15574,#15575);
#13756=AXIS2_PLACEMENT_3D('',#19006,#15579,#15580);
#13757=AXIS2_PLACEMENT_3D('',#19009,#15583,#15584);
#13758=AXIS2_PLACEMENT_3D('',#19018,#15589,#15590);
#13759=AXIS2_PLACEMENT_3D('',#19024,#15594,#15595);
#13760=AXIS2_PLACEMENT_3D('',#19030,#15599,#15600);
#13761=AXIS2_PLACEMENT_3D('',#19036,#15604,#15605);
#13762=AXIS2_PLACEMENT_3D('',#19042,#15609,#15610);
#13763=AXIS2_PLACEMENT_3D('',#19051,#15615,#15616);
#13764=AXIS2_PLACEMENT_3D('',#19057,#15620,#15621);
#13765=AXIS2_PLACEMENT_3D('',#19063,#15625,#15626);
#13766=AXIS2_PLACEMENT_3D('',#19069,#15630,#15631);
#13767=AXIS2_PLACEMENT_3D('',#19075,#15635,#15636);
#13768=AXIS2_PLACEMENT_3D('',#19081,#15640,#15641);
#13769=AXIS2_PLACEMENT_3D('',#19090,#15646,#15647);
#13770=AXIS2_PLACEMENT_3D('',#19096,#15651,#15652);
#13771=AXIS2_PLACEMENT_3D('',#19102,#15656,#15657);
#13772=AXIS2_PLACEMENT_3D('',#19108,#15661,#15662);
#13773=AXIS2_PLACEMENT_3D('',#19114,#15666,#15667);
#13774=AXIS2_PLACEMENT_3D('',#19117,#15670,#15671);
#13775=AXIS2_PLACEMENT_3D('',#19126,#15676,#15677);
#13776=AXIS2_PLACEMENT_3D('',#19132,#15681,#15682);
#13777=AXIS2_PLACEMENT_3D('',#19138,#15686,#15687);
#13778=AXIS2_PLACEMENT_3D('',#19144,#15691,#15692);
#13779=AXIS2_PLACEMENT_3D('',#19150,#15696,#15697);
#13780=AXIS2_PLACEMENT_3D('',#19159,#15702,#15703);
#13781=AXIS2_PLACEMENT_3D('',#19162,#15706,#15707);
#13782=AXIS2_PLACEMENT_3D('',#19171,#15712,#15713);
#13783=AXIS2_PLACEMENT_3D('',#19177,#15717,#15718);
#13784=AXIS2_PLACEMENT_3D('',#19183,#15722,#15723);
#13785=AXIS2_PLACEMENT_3D('',#19189,#15727,#15728);
#13786=AXIS2_PLACEMENT_3D('',#19195,#15732,#15733);
#13787=AXIS2_PLACEMENT_3D('',#19198,#15736,#15737);
#13788=AXIS2_PLACEMENT_3D('',#19207,#15742,#15743);
#13789=AXIS2_PLACEMENT_3D('',#19213,#15747,#15748);
#13790=AXIS2_PLACEMENT_3D('',#19219,#15752,#15753);
#13791=AXIS2_PLACEMENT_3D('',#19225,#15757,#15758);
#13792=AXIS2_PLACEMENT_3D('',#19231,#15762,#15763);
#13793=AXIS2_PLACEMENT_3D('',#19234,#15766,#15767);
#13794=AXIS2_PLACEMENT_3D('',#19243,#15772,#15773);
#13795=AXIS2_PLACEMENT_3D('',#19249,#15777,#15778);
#13796=AXIS2_PLACEMENT_3D('',#19255,#15782,#15783);
#13797=AXIS2_PLACEMENT_3D('',#19261,#15787,#15788);
#13798=AXIS2_PLACEMENT_3D('',#19267,#15792,#15793);
#13799=AXIS2_PLACEMENT_3D('',#19270,#15796,#15797);
#13800=AXIS2_PLACEMENT_3D('',#19279,#15802,#15803);
#13801=AXIS2_PLACEMENT_3D('',#19285,#15807,#15808);
#13802=AXIS2_PLACEMENT_3D('',#19291,#15812,#15813);
#13803=AXIS2_PLACEMENT_3D('',#19297,#15817,#15818);
#13804=AXIS2_PLACEMENT_3D('',#19303,#15822,#15823);
#13805=AXIS2_PLACEMENT_3D('',#19306,#15826,#15827);
#13806=AXIS2_PLACEMENT_3D('',#19340,#15845,#15846);
#13807=AXIS2_PLACEMENT_3D('',#19341,#15847,#15848);
#13808=AXIS2_PLACEMENT_3D('',#19346,#15850,#15851);
#13809=AXIS2_PLACEMENT_3D('',#19362,#15859,#15860);
#13810=AXIS2_PLACEMENT_3D('',#19881,#16120,#16121);
#13811=AXIS2_PLACEMENT_3D('',#19892,#16127,#16128);
#13812=AXIS2_PLACEMENT_3D('',#19893,#16129,#16130);
#13813=AXIS2_PLACEMENT_3D('',#19899,#16134,#16135);
#13814=AXIS2_PLACEMENT_3D('',#19903,#16138,#16139);
#13815=AXIS2_PLACEMENT_3D('',#19907,#16142,#16143);
#13816=AXIS2_PLACEMENT_3D('',#19911,#16146,#16147);
#13817=AXIS2_PLACEMENT_3D('',#19915,#16150,#16151);
#13818=AXIS2_PLACEMENT_3D('',#19917,#16153,#16154);
#13819=AXIS2_PLACEMENT_3D('',#19923,#16158,#16159);
#13820=AXIS2_PLACEMENT_3D('',#19927,#16162,#16163);
#13821=AXIS2_PLACEMENT_3D('',#19931,#16166,#16167);
#13822=AXIS2_PLACEMENT_3D('',#19935,#16170,#16171);
#13823=AXIS2_PLACEMENT_3D('',#19939,#16174,#16175);
#13824=AXIS2_PLACEMENT_3D('',#19941,#16177,#16178);
#13825=AXIS2_PLACEMENT_3D('',#19947,#16182,#16183);
#13826=AXIS2_PLACEMENT_3D('',#19951,#16186,#16187);
#13827=AXIS2_PLACEMENT_3D('',#19955,#16190,#16191);
#13828=AXIS2_PLACEMENT_3D('',#19959,#16194,#16195);
#13829=AXIS2_PLACEMENT_3D('',#19963,#16198,#16199);
#13830=AXIS2_PLACEMENT_3D('',#19965,#16201,#16202);
#13831=AXIS2_PLACEMENT_3D('',#19971,#16206,#16207);
#13832=AXIS2_PLACEMENT_3D('',#19975,#16210,#16211);
#13833=AXIS2_PLACEMENT_3D('',#19979,#16214,#16215);
#13834=AXIS2_PLACEMENT_3D('',#19983,#16218,#16219);
#13835=AXIS2_PLACEMENT_3D('',#19987,#16222,#16223);
#13836=AXIS2_PLACEMENT_3D('',#19989,#16225,#16226);
#13837=AXIS2_PLACEMENT_3D('',#19995,#16230,#16231);
#13838=AXIS2_PLACEMENT_3D('',#19999,#16234,#16235);
#13839=AXIS2_PLACEMENT_3D('',#20003,#16238,#16239);
#13840=AXIS2_PLACEMENT_3D('',#20007,#16242,#16243);
#13841=AXIS2_PLACEMENT_3D('',#20011,#16246,#16247);
#13842=AXIS2_PLACEMENT_3D('',#20013,#16249,#16250);
#13843=AXIS2_PLACEMENT_3D('',#20019,#16254,#16255);
#13844=AXIS2_PLACEMENT_3D('',#20023,#16258,#16259);
#13845=AXIS2_PLACEMENT_3D('',#20027,#16262,#16263);
#13846=AXIS2_PLACEMENT_3D('',#20031,#16266,#16267);
#13847=AXIS2_PLACEMENT_3D('',#20035,#16270,#16271);
#13848=AXIS2_PLACEMENT_3D('',#20037,#16273,#16274);
#13849=AXIS2_PLACEMENT_3D('',#20043,#16278,#16279);
#13850=AXIS2_PLACEMENT_3D('',#20047,#16282,#16283);
#13851=AXIS2_PLACEMENT_3D('',#20051,#16286,#16287);
#13852=AXIS2_PLACEMENT_3D('',#20055,#16290,#16291);
#13853=AXIS2_PLACEMENT_3D('',#20059,#16294,#16295);
#13854=AXIS2_PLACEMENT_3D('',#20061,#16297,#16298);
#13855=AXIS2_PLACEMENT_3D('',#20067,#16302,#16303);
#13856=AXIS2_PLACEMENT_3D('',#20071,#16306,#16307);
#13857=AXIS2_PLACEMENT_3D('',#20075,#16310,#16311);
#13858=AXIS2_PLACEMENT_3D('',#20079,#16314,#16315);
#13859=AXIS2_PLACEMENT_3D('',#20083,#16318,#16319);
#13860=AXIS2_PLACEMENT_3D('',#20085,#16321,#16322);
#13861=AXIS2_PLACEMENT_3D('',#20091,#16326,#16327);
#13862=AXIS2_PLACEMENT_3D('',#20095,#16330,#16331);
#13863=AXIS2_PLACEMENT_3D('',#20099,#16334,#16335);
#13864=AXIS2_PLACEMENT_3D('',#20103,#16338,#16339);
#13865=AXIS2_PLACEMENT_3D('',#20107,#16342,#16343);
#13866=AXIS2_PLACEMENT_3D('',#20109,#16345,#16346);
#13867=AXIS2_PLACEMENT_3D('',#20115,#16350,#16351);
#13868=AXIS2_PLACEMENT_3D('',#20119,#16354,#16355);
#13869=AXIS2_PLACEMENT_3D('',#20123,#16358,#16359);
#13870=AXIS2_PLACEMENT_3D('',#20127,#16362,#16363);
#13871=AXIS2_PLACEMENT_3D('',#20131,#16366,#16367);
#13872=AXIS2_PLACEMENT_3D('',#20133,#16369,#16370);
#13873=AXIS2_PLACEMENT_3D('',#20139,#16374,#16375);
#13874=AXIS2_PLACEMENT_3D('',#20143,#16378,#16379);
#13875=AXIS2_PLACEMENT_3D('',#20147,#16382,#16383);
#13876=AXIS2_PLACEMENT_3D('',#20151,#16386,#16387);
#13877=AXIS2_PLACEMENT_3D('',#20155,#16390,#16391);
#13878=AXIS2_PLACEMENT_3D('',#20157,#16393,#16394);
#13879=AXIS2_PLACEMENT_3D('',#20163,#16398,#16399);
#13880=AXIS2_PLACEMENT_3D('',#20167,#16402,#16403);
#13881=AXIS2_PLACEMENT_3D('',#20171,#16406,#16407);
#13882=AXIS2_PLACEMENT_3D('',#20175,#16410,#16411);
#13883=AXIS2_PLACEMENT_3D('',#20179,#16414,#16415);
#13884=AXIS2_PLACEMENT_3D('',#20181,#16417,#16418);
#13885=AXIS2_PLACEMENT_3D('',#20187,#16422,#16423);
#13886=AXIS2_PLACEMENT_3D('',#20191,#16426,#16427);
#13887=AXIS2_PLACEMENT_3D('',#20195,#16430,#16431);
#13888=AXIS2_PLACEMENT_3D('',#20199,#16434,#16435);
#13889=AXIS2_PLACEMENT_3D('',#20203,#16438,#16439);
#13890=AXIS2_PLACEMENT_3D('',#20205,#16441,#16442);
#13891=AXIS2_PLACEMENT_3D('',#20211,#16446,#16447);
#13892=AXIS2_PLACEMENT_3D('',#20215,#16450,#16451);
#13893=AXIS2_PLACEMENT_3D('',#20219,#16454,#16455);
#13894=AXIS2_PLACEMENT_3D('',#20223,#16458,#16459);
#13895=AXIS2_PLACEMENT_3D('',#20227,#16462,#16463);
#13896=AXIS2_PLACEMENT_3D('',#20229,#16465,#16466);
#13897=AXIS2_PLACEMENT_3D('',#20235,#16470,#16471);
#13898=AXIS2_PLACEMENT_3D('',#20239,#16474,#16475);
#13899=AXIS2_PLACEMENT_3D('',#20243,#16478,#16479);
#13900=AXIS2_PLACEMENT_3D('',#20247,#16482,#16483);
#13901=AXIS2_PLACEMENT_3D('',#20251,#16486,#16487);
#13902=AXIS2_PLACEMENT_3D('',#20253,#16489,#16490);
#13903=AXIS2_PLACEMENT_3D('',#20259,#16494,#16495);
#13904=AXIS2_PLACEMENT_3D('',#20263,#16498,#16499);
#13905=AXIS2_PLACEMENT_3D('',#20267,#16502,#16503);
#13906=AXIS2_PLACEMENT_3D('',#20271,#16506,#16507);
#13907=AXIS2_PLACEMENT_3D('',#20275,#16510,#16511);
#13908=AXIS2_PLACEMENT_3D('',#20277,#16513,#16514);
#13909=AXIS2_PLACEMENT_3D('',#20283,#16518,#16519);
#13910=AXIS2_PLACEMENT_3D('',#20287,#16522,#16523);
#13911=AXIS2_PLACEMENT_3D('',#20291,#16526,#16527);
#13912=AXIS2_PLACEMENT_3D('',#20295,#16530,#16531);
#13913=AXIS2_PLACEMENT_3D('',#20299,#16534,#16535);
#13914=AXIS2_PLACEMENT_3D('',#20301,#16537,#16538);
#13915=AXIS2_PLACEMENT_3D('',#20307,#16542,#16543);
#13916=AXIS2_PLACEMENT_3D('',#20311,#16546,#16547);
#13917=AXIS2_PLACEMENT_3D('',#20315,#16550,#16551);
#13918=AXIS2_PLACEMENT_3D('',#20319,#16554,#16555);
#13919=AXIS2_PLACEMENT_3D('',#20323,#16558,#16559);
#13920=AXIS2_PLACEMENT_3D('',#20325,#16561,#16562);
#13921=AXIS2_PLACEMENT_3D('',#20331,#16566,#16567);
#13922=AXIS2_PLACEMENT_3D('',#20335,#16570,#16571);
#13923=AXIS2_PLACEMENT_3D('',#20339,#16574,#16575);
#13924=AXIS2_PLACEMENT_3D('',#20343,#16578,#16579);
#13925=AXIS2_PLACEMENT_3D('',#20347,#16582,#16583);
#13926=AXIS2_PLACEMENT_3D('',#20349,#16585,#16586);
#13927=AXIS2_PLACEMENT_3D('',#20355,#16590,#16591);
#13928=AXIS2_PLACEMENT_3D('',#20361,#16595,#16596);
#13929=AXIS2_PLACEMENT_3D('',#20365,#16599,#16600);
#13930=AXIS2_PLACEMENT_3D('',#20369,#16603,#16604);
#13931=AXIS2_PLACEMENT_3D('',#20371,#16606,#16607);
#13932=AXIS2_PLACEMENT_3D('',#20377,#16611,#16612);
#13933=AXIS2_PLACEMENT_3D('',#20381,#16615,#16616);
#13934=AXIS2_PLACEMENT_3D('',#20385,#16619,#16620);
#13935=AXIS2_PLACEMENT_3D('',#20389,#16623,#16624);
#13936=AXIS2_PLACEMENT_3D('',#20393,#16627,#16628);
#13937=AXIS2_PLACEMENT_3D('',#20395,#16630,#16631);
#13938=AXIS2_PLACEMENT_3D('',#20401,#16635,#16636);
#13939=AXIS2_PLACEMENT_3D('',#20405,#16639,#16640);
#13940=AXIS2_PLACEMENT_3D('',#20409,#16643,#16644);
#13941=AXIS2_PLACEMENT_3D('',#20413,#16647,#16648);
#13942=AXIS2_PLACEMENT_3D('',#20417,#16651,#16652);
#13943=AXIS2_PLACEMENT_3D('',#20419,#16654,#16655);
#13944=AXIS2_PLACEMENT_3D('',#20425,#16659,#16660);
#13945=AXIS2_PLACEMENT_3D('',#20429,#16663,#16664);
#13946=AXIS2_PLACEMENT_3D('',#20433,#16667,#16668);
#13947=AXIS2_PLACEMENT_3D('',#20437,#16671,#16672);
#13948=AXIS2_PLACEMENT_3D('',#20441,#16675,#16676);
#13949=AXIS2_PLACEMENT_3D('',#20443,#16678,#16679);
#13950=AXIS2_PLACEMENT_3D('',#20449,#16683,#16684);
#13951=AXIS2_PLACEMENT_3D('',#20453,#16687,#16688);
#13952=AXIS2_PLACEMENT_3D('',#20457,#16691,#16692);
#13953=AXIS2_PLACEMENT_3D('',#20461,#16695,#16696);
#13954=AXIS2_PLACEMENT_3D('',#20465,#16699,#16700);
#13955=AXIS2_PLACEMENT_3D('',#20469,#16703,#16704);
#13956=AXIS2_PLACEMENT_3D('',#20473,#16707,#16708);
#13957=AXIS2_PLACEMENT_3D('',#20477,#16711,#16712);
#13958=AXIS2_PLACEMENT_3D('',#20479,#16714,#16715);
#13959=AXIS2_PLACEMENT_3D('',#20485,#16719,#16720);
#13960=AXIS2_PLACEMENT_3D('',#20489,#16723,#16724);
#13961=AXIS2_PLACEMENT_3D('',#20493,#16727,#16728);
#13962=AXIS2_PLACEMENT_3D('',#20497,#16731,#16732);
#13963=AXIS2_PLACEMENT_3D('',#20501,#16735,#16736);
#13964=AXIS2_PLACEMENT_3D('',#20503,#16738,#16739);
#13965=AXIS2_PLACEMENT_3D('',#20509,#16743,#16744);
#13966=AXIS2_PLACEMENT_3D('',#20513,#16747,#16748);
#13967=AXIS2_PLACEMENT_3D('',#20517,#16751,#16752);
#13968=AXIS2_PLACEMENT_3D('',#20521,#16755,#16756);
#13969=AXIS2_PLACEMENT_3D('',#20525,#16759,#16760);
#13970=AXIS2_PLACEMENT_3D('',#20527,#16762,#16763);
#13971=AXIS2_PLACEMENT_3D('',#20533,#16767,#16768);
#13972=AXIS2_PLACEMENT_3D('',#20537,#16771,#16772);
#13973=AXIS2_PLACEMENT_3D('',#20541,#16775,#16776);
#13974=AXIS2_PLACEMENT_3D('',#20545,#16779,#16780);
#13975=AXIS2_PLACEMENT_3D('',#20549,#16783,#16784);
#13976=AXIS2_PLACEMENT_3D('',#20551,#16786,#16787);
#13977=AXIS2_PLACEMENT_3D('',#20557,#16791,#16792);
#13978=AXIS2_PLACEMENT_3D('',#20561,#16795,#16796);
#13979=AXIS2_PLACEMENT_3D('',#20565,#16799,#16800);
#13980=AXIS2_PLACEMENT_3D('',#20569,#16803,#16804);
#13981=AXIS2_PLACEMENT_3D('',#20573,#16807,#16808);
#13982=AXIS2_PLACEMENT_3D('',#20575,#16810,#16811);
#13983=AXIS2_PLACEMENT_3D('',#20581,#16815,#16816);
#13984=AXIS2_PLACEMENT_3D('',#20585,#16819,#16820);
#13985=AXIS2_PLACEMENT_3D('',#20589,#16823,#16824);
#13986=AXIS2_PLACEMENT_3D('',#20593,#16827,#16828);
#13987=AXIS2_PLACEMENT_3D('',#20597,#16831,#16832);
#13988=AXIS2_PLACEMENT_3D('',#20603,#16836,#16837);
#13989=AXIS2_PLACEMENT_3D('',#20607,#16840,#16841);
#13990=AXIS2_PLACEMENT_3D('',#20611,#16844,#16845);
#13991=AXIS2_PLACEMENT_3D('',#20615,#16848,#16849);
#13992=AXIS2_PLACEMENT_3D('',#20619,#16852,#16853);
#13993=AXIS2_PLACEMENT_3D('',#20621,#16855,#16856);
#13994=AXIS2_PLACEMENT_3D('',#20627,#16860,#16861);
#13995=AXIS2_PLACEMENT_3D('',#20631,#16864,#16865);
#13996=AXIS2_PLACEMENT_3D('',#20635,#16868,#16869);
#13997=AXIS2_PLACEMENT_3D('',#20639,#16872,#16873);
#13998=AXIS2_PLACEMENT_3D('',#20643,#16876,#16877);
#13999=AXIS2_PLACEMENT_3D('',#20645,#16879,#16880);
#14000=AXIS2_PLACEMENT_3D('',#20651,#16884,#16885);
#14001=AXIS2_PLACEMENT_3D('',#20655,#16888,#16889);
#14002=AXIS2_PLACEMENT_3D('',#20659,#16892,#16893);
#14003=AXIS2_PLACEMENT_3D('',#20663,#16896,#16897);
#14004=AXIS2_PLACEMENT_3D('',#20667,#16900,#16901);
#14005=AXIS2_PLACEMENT_3D('',#20669,#16903,#16904);
#14006=AXIS2_PLACEMENT_3D('',#20675,#16908,#16909);
#14007=AXIS2_PLACEMENT_3D('',#20679,#16912,#16913);
#14008=AXIS2_PLACEMENT_3D('',#20683,#16916,#16917);
#14009=AXIS2_PLACEMENT_3D('',#20687,#16920,#16921);
#14010=AXIS2_PLACEMENT_3D('',#20691,#16924,#16925);
#14011=AXIS2_PLACEMENT_3D('',#20693,#16927,#16928);
#14012=AXIS2_PLACEMENT_3D('',#20699,#16932,#16933);
#14013=AXIS2_PLACEMENT_3D('',#20703,#16936,#16937);
#14014=AXIS2_PLACEMENT_3D('',#20707,#16940,#16941);
#14015=AXIS2_PLACEMENT_3D('',#20711,#16944,#16945);
#14016=AXIS2_PLACEMENT_3D('',#20715,#16948,#16949);
#14017=AXIS2_PLACEMENT_3D('',#20717,#16951,#16952);
#14018=AXIS2_PLACEMENT_3D('',#20723,#16956,#16957);
#14019=AXIS2_PLACEMENT_3D('',#20727,#16960,#16961);
#14020=AXIS2_PLACEMENT_3D('',#20731,#16964,#16965);
#14021=AXIS2_PLACEMENT_3D('',#20735,#16968,#16969);
#14022=AXIS2_PLACEMENT_3D('',#20739,#16972,#16973);
#14023=AXIS2_PLACEMENT_3D('',#20741,#16975,#16976);
#14024=AXIS2_PLACEMENT_3D('',#20747,#16980,#16981);
#14025=AXIS2_PLACEMENT_3D('',#20751,#16984,#16985);
#14026=AXIS2_PLACEMENT_3D('',#20755,#16988,#16989);
#14027=AXIS2_PLACEMENT_3D('',#20759,#16992,#16993);
#14028=AXIS2_PLACEMENT_3D('',#20763,#16996,#16997);
#14029=AXIS2_PLACEMENT_3D('',#20765,#16999,#17000);
#14030=AXIS2_PLACEMENT_3D('',#20771,#17004,#17005);
#14031=AXIS2_PLACEMENT_3D('',#20775,#17008,#17009);
#14032=AXIS2_PLACEMENT_3D('',#20779,#17012,#17013);
#14033=AXIS2_PLACEMENT_3D('',#20783,#17016,#17017);
#14034=AXIS2_PLACEMENT_3D('',#20787,#17020,#17021);
#14035=AXIS2_PLACEMENT_3D('',#20789,#17023,#17024);
#14036=AXIS2_PLACEMENT_3D('',#20795,#17028,#17029);
#14037=AXIS2_PLACEMENT_3D('',#20799,#17032,#17033);
#14038=AXIS2_PLACEMENT_3D('',#20803,#17036,#17037);
#14039=AXIS2_PLACEMENT_3D('',#20807,#17040,#17041);
#14040=AXIS2_PLACEMENT_3D('',#20811,#17044,#17045);
#14041=AXIS2_PLACEMENT_3D('',#20813,#17047,#17048);
#14042=AXIS2_PLACEMENT_3D('',#20819,#17052,#17053);
#14043=AXIS2_PLACEMENT_3D('',#20823,#17056,#17057);
#14044=AXIS2_PLACEMENT_3D('',#20827,#17060,#17061);
#14045=AXIS2_PLACEMENT_3D('',#20831,#17064,#17065);
#14046=AXIS2_PLACEMENT_3D('',#20835,#17068,#17069);
#14047=AXIS2_PLACEMENT_3D('',#20837,#17071,#17072);
#14048=AXIS2_PLACEMENT_3D('',#20843,#17076,#17077);
#14049=AXIS2_PLACEMENT_3D('',#20847,#17080,#17081);
#14050=AXIS2_PLACEMENT_3D('',#20853,#17085,#17086);
#14051=AXIS2_PLACEMENT_3D('',#20857,#17089,#17090);
#14052=AXIS2_PLACEMENT_3D('',#20861,#17093,#17094);
#14053=AXIS2_PLACEMENT_3D('',#20865,#17097,#17098);
#14054=AXIS2_PLACEMENT_3D('',#20867,#17100,#17101);
#14055=AXIS2_PLACEMENT_3D('',#20873,#17105,#17106);
#14056=AXIS2_PLACEMENT_3D('',#20877,#17109,#17110);
#14057=AXIS2_PLACEMENT_3D('',#20881,#17113,#17114);
#14058=AXIS2_PLACEMENT_3D('',#20885,#17117,#17118);
#14059=AXIS2_PLACEMENT_3D('',#20889,#17121,#17122);
#14060=AXIS2_PLACEMENT_3D('',#20891,#17124,#17125);
#14061=AXIS2_PLACEMENT_3D('',#20897,#17129,#17130);
#14062=AXIS2_PLACEMENT_3D('',#20901,#17133,#17134);
#14063=AXIS2_PLACEMENT_3D('',#20905,#17137,#17138);
#14064=AXIS2_PLACEMENT_3D('',#20909,#17141,#17142);
#14065=AXIS2_PLACEMENT_3D('',#20913,#17145,#17146);
#14066=AXIS2_PLACEMENT_3D('',#20915,#17148,#17149);
#14067=AXIS2_PLACEMENT_3D('',#20921,#17153,#17154);
#14068=AXIS2_PLACEMENT_3D('',#20925,#17157,#17158);
#14069=AXIS2_PLACEMENT_3D('',#20929,#17161,#17162);
#14070=AXIS2_PLACEMENT_3D('',#20933,#17165,#17166);
#14071=AXIS2_PLACEMENT_3D('',#20937,#17169,#17170);
#14072=AXIS2_PLACEMENT_3D('',#20939,#17172,#17173);
#14073=AXIS2_PLACEMENT_3D('',#20945,#17177,#17178);
#14074=AXIS2_PLACEMENT_3D('',#20949,#17181,#17182);
#14075=AXIS2_PLACEMENT_3D('',#20953,#17185,#17186);
#14076=AXIS2_PLACEMENT_3D('',#20957,#17189,#17190);
#14077=AXIS2_PLACEMENT_3D('',#20961,#17193,#17194);
#14078=AXIS2_PLACEMENT_3D('',#20963,#17196,#17197);
#14079=AXIS2_PLACEMENT_3D('',#20969,#17201,#17202);
#14080=AXIS2_PLACEMENT_3D('',#20973,#17205,#17206);
#14081=AXIS2_PLACEMENT_3D('',#20977,#17209,#17210);
#14082=AXIS2_PLACEMENT_3D('',#20981,#17213,#17214);
#14083=AXIS2_PLACEMENT_3D('',#20985,#17217,#17218);
#14084=AXIS2_PLACEMENT_3D('',#20991,#17222,#17223);
#14085=AXIS2_PLACEMENT_3D('',#20995,#17226,#17227);
#14086=AXIS2_PLACEMENT_3D('',#20999,#17230,#17231);
#14087=AXIS2_PLACEMENT_3D('',#21003,#17234,#17235);
#14088=AXIS2_PLACEMENT_3D('',#21007,#17238,#17239);
#14089=AXIS2_PLACEMENT_3D('',#21009,#17241,#17242);
#14090=AXIS2_PLACEMENT_3D('',#21011,#17243,#17244);
#14091=AXIS2_PLACEMENT_3D('',#21014,#17246,#17247);
#14092=AXIS2_PLACEMENT_3D('',#21015,#17248,#17249);
#14093=AXIS2_PLACEMENT_3D('',#21017,#17250,#17251);
#14094=AXIS2_PLACEMENT_3D('',#21020,#17253,#17254);
#14095=AXIS2_PLACEMENT_3D('',#21021,#17255,#17256);
#14096=AXIS2_PLACEMENT_3D('',#21023,#17257,#17258);
#14097=AXIS2_PLACEMENT_3D('',#21026,#17260,#17261);
#14098=AXIS2_PLACEMENT_3D('',#21027,#17262,#17263);
#14099=AXIS2_PLACEMENT_3D('',#21030,#17265,#17266);
#14100=AXIS2_PLACEMENT_3D('',#21031,#17267,#17268);
#14101=AXIS2_PLACEMENT_3D('',#21034,#17270,#17271);
#14102=AXIS2_PLACEMENT_3D('',#21035,#17272,#17273);
#14103=AXIS2_PLACEMENT_3D('',#21038,#17275,#17276);
#14104=AXIS2_PLACEMENT_3D('',#21039,#17277,#17278);
#14105=AXIS2_PLACEMENT_3D('',#21042,#17280,#17281);
#14106=AXIS2_PLACEMENT_3D('',#21043,#17282,#17283);
#14107=AXIS2_PLACEMENT_3D('',#21051,#17289,#17290);
#14108=AXIS2_PLACEMENT_3D('',#21057,#17295,#17296);
#14109=AXIS2_PLACEMENT_3D('',#21059,#17297,#17298);
#14110=AXIS2_PLACEMENT_3D('',#21062,#17300,#17301);
#14111=AXIS2_PLACEMENT_3D('',#21063,#17302,#17303);
#14112=AXIS2_PLACEMENT_3D('',#21064,#17304,#17305);
#14113=AXIS2_PLACEMENT_3D('',#21065,#17306,#17307);
#14114=AXIS2_PLACEMENT_3D('',#21069,#17310,#17311);
#14115=AXIS2_PLACEMENT_3D('',#21071,#17313,#17314);
#14116=AXIS2_PLACEMENT_3D('',#21075,#17317,#17318);
#14117=AXIS2_PLACEMENT_3D('',#21078,#17321,#17322);
#14118=AXIS2_PLACEMENT_3D('',#21081,#17325,#17326);
#14119=AXIS2_PLACEMENT_3D('',#21082,#17327,#17328);
#14120=AXIS2_PLACEMENT_3D('',#21087,#17332,#17333);
#14121=AXIS2_PLACEMENT_3D('',#21090,#17336,#17337);
#14122=AXIS2_PLACEMENT_3D('',#21092,#17338,#17339);
#14123=AXIS2_PLACEMENT_3D('',#21094,#17341,#17342);
#14124=AXIS2_PLACEMENT_3D('',#21095,#17343,#17344);
#14125=AXIS2_PLACEMENT_3D('',#21096,#17345,#17346);
#14126=AXIS2_PLACEMENT_3D('',#21097,#17347,#17348);
#14127=AXIS2_PLACEMENT_3D('',#21098,#17349,#17350);
#14128=AXIS2_PLACEMENT_3D('',#21100,#17351,#17352);
#14129=AXIS2_PLACEMENT_3D('',#21103,#17354,#17355);
#14130=AXIS2_PLACEMENT_3D('',#21104,#17356,#17357);
#14131=AXIS2_PLACEMENT_3D('',#21105,#17358,#17359);
#14132=AXIS2_PLACEMENT_3D('',#21106,#17360,#17361);
#14133=AXIS2_PLACEMENT_3D('',#21107,#17362,#17363);
#14134=AXIS2_PLACEMENT_3D('',#21108,#17364,#17365);
#14135=AXIS2_PLACEMENT_3D('',#21112,#17368,#17369);
#14136=AXIS2_PLACEMENT_3D('',#21114,#17371,#17372);
#14137=AXIS2_PLACEMENT_3D('',#21115,#17373,#17374);
#14138=AXIS2_PLACEMENT_3D('',#21116,#17375,#17376);
#14139=AXIS2_PLACEMENT_3D('',#21117,#17377,#17378);
#14140=AXIS2_PLACEMENT_3D('',#21118,#17379,#17380);
#14141=AXIS2_PLACEMENT_3D('',#21119,#17381,#17382);
#14142=DIRECTION('axis',(0.,0.,1.));
#14143=DIRECTION('refdir',(1.,0.,0.));
#14144=DIRECTION('axis',(0.,0.,1.));
#14145=DIRECTION('refdir',(1.,0.,0.));
#14146=DIRECTION('center_axis',(0.,0.,1.));
#14147=DIRECTION('ref_axis',(-1.,0.,0.));
#14148=DIRECTION('center_axis',(0.,-0.707106781186548,0.707106781186547));
#14149=DIRECTION('ref_axis',(0.,-0.707106781186547,-0.707106781186548));
#14150=DIRECTION('center_axis',(0.,-0.707106781186547,-0.707106781186548));
#14151=DIRECTION('ref_axis',(0.,-0.707106781186548,0.707106781186547));
#14152=DIRECTION('center_axis',(0.,0.,1.));
#14153=DIRECTION('ref_axis',(-6.12323399573677E-17,1.,0.));
#14154=DIRECTION('center_axis',(0.,0.707106781186547,0.707106781186548));
#14155=DIRECTION('ref_axis',(0.,-0.707106781186548,0.707106781186547));
#14156=DIRECTION('center_axis',(0.,0.707106781186548,-0.707106781186547));
#14157=DIRECTION('ref_axis',(0.,-0.707106781186547,-0.707106781186548));
#14158=DIRECTION('center_axis',(0.,-0.707106781186547,-0.707106781186548));
#14159=DIRECTION('ref_axis',(0.,-0.707106781186548,0.707106781186547));
#14160=DIRECTION('center_axis',(0.,0.707106781186548,-0.707106781186547));
#14161=DIRECTION('ref_axis',(0.,-0.707106781186547,-0.707106781186548));
#14162=DIRECTION('center_axis',(0.,0.707106781186547,0.707106781186548));
#14163=DIRECTION('ref_axis',(0.,-0.707106781186548,0.707106781186547));
#14164=DIRECTION('center_axis',(0.,0.,1.));
#14165=DIRECTION('ref_axis',(-1.,0.,0.));
#14166=DIRECTION('center_axis',(0.,-0.707106781186548,0.707106781186547));
#14167=DIRECTION('ref_axis',(0.,-0.707106781186547,-0.707106781186548));
#14168=DIRECTION('center_axis',(0.,0.,1.));
#14169=DIRECTION('ref_axis',(-1.,0.,0.));
#14170=DIRECTION('center_axis',(0.,0.707106781186548,-0.707106781186547));
#14171=DIRECTION('ref_axis',(1.,0.,0.));
#14172=DIRECTION('',(1.,0.,0.));
#14173=DIRECTION('',(0.,-0.707106781186547,-0.707106781186548));
#14174=DIRECTION('',(-1.,0.,0.));
#14175=DIRECTION('center_axis',(0.,0.707106781186548,-0.707106781186547));
#14176=DIRECTION('ref_axis',(1.,0.,0.));
#14177=DIRECTION('',(-1.,0.,0.));
#14178=DIRECTION('',(0.,-0.707106781186547,-0.707106781186548));
#14179=DIRECTION('',(1.,0.,0.));
#14180=DIRECTION('center_axis',(0.,0.707106781186547,0.707106781186548));
#14181=DIRECTION('ref_axis',(0.,-0.707106781186548,0.707106781186547));
#14182=DIRECTION('',(-1.,0.,0.));
#14183=DIRECTION('center_axis',(0.,0.707106781186547,0.707106781186548));
#14184=DIRECTION('ref_axis',(-1.,0.,0.));
#14185=DIRECTION('',(-1.,0.,0.));
#14186=DIRECTION('center_axis',(0.,0.707106781186547,0.707106781186548));
#14187=DIRECTION('ref_axis',(-1.,0.,0.));
#14188=DIRECTION('',(1.,0.,0.));
#14189=DIRECTION('',(0.,0.707106781186548,-0.707106781186547));
#14190=DIRECTION('',(-1.,0.,0.));
#14191=DIRECTION('',(0.,-0.707106781186548,0.707106781186547));
#14192=DIRECTION('',(1.,0.,0.));
#14193=DIRECTION('',(0.,-0.707106781186548,0.707106781186547));
#14194=DIRECTION('',(-1.,0.,0.));
#14195=DIRECTION('',(0.,-0.707106781186548,0.707106781186547));
#14196=DIRECTION('',(1.,0.,0.));
#14197=DIRECTION('',(0.,0.707106781186548,-0.707106781186547));
#14198=DIRECTION('',(1.,0.,0.));
#14199=DIRECTION('',(0.,0.707106781186548,-0.707106781186547));
#14200=DIRECTION('',(-1.,0.,0.));
#14201=DIRECTION('',(0.,-0.707106781186548,0.707106781186547));
#14202=DIRECTION('',(1.,0.,0.));
#14203=DIRECTION('',(0.,0.707106781186548,-0.707106781186547));
#14204=DIRECTION('',(-1.,0.,0.));
#14205=DIRECTION('',(0.,-0.707106781186548,0.707106781186547));
#14206=DIRECTION('center_axis',(0.,-0.707106781186548,0.707106781186547));
#14207=DIRECTION('ref_axis',(-1.,0.,0.));
#14208=DIRECTION('',(1.,0.,0.));
#14209=DIRECTION('',(0.,-0.707106781186547,-0.707106781186548));
#14210=DIRECTION('',(-1.,0.,0.));
#14211=DIRECTION('',(0.,-0.707106781186547,-0.707106781186548));
#14212=DIRECTION('',(1.,0.,0.));
#14213=DIRECTION('center_axis',(0.,0.,-1.));
#14214=DIRECTION('ref_axis',(0.,1.,0.));
#14215=DIRECTION('',(0.,1.,0.));
#14216=DIRECTION('',(-1.,0.,0.));
#14217=DIRECTION('',(0.,-1.,0.));
#14218=DIRECTION('',(0.,1.,0.));
#14219=DIRECTION('',(1.,0.,0.));
#14220=DIRECTION('',(0.,1.,0.));
#14221=DIRECTION('',(-1.,0.,0.));
#14222=DIRECTION('center_axis',(0.,0.,1.));
#14223=DIRECTION('ref_axis',(-1.,0.,0.));
#14224=DIRECTION('',(1.,0.,0.));
#14225=DIRECTION('',(0.,1.,0.));
#14226=DIRECTION('',(-1.,0.,0.));
#14227=DIRECTION('',(0.,-1.,0.));
#14228=DIRECTION('',(1.,0.,0.));
#14229=DIRECTION('center_axis',(0.,0.,1.));
#14230=DIRECTION('ref_axis',(-1.,0.,0.));
#14231=DIRECTION('',(-1.,0.,0.));
#14232=DIRECTION('center_axis',(0.,0.,1.));
#14233=DIRECTION('ref_axis',(0.,1.,0.));
#14234=DIRECTION('',(-1.,0.,0.));
#14235=DIRECTION('center_axis',(0.,0.,1.));
#14236=DIRECTION('ref_axis',(0.,1.,0.));
#14237=DIRECTION('',(-1.,0.,0.));
#14238=DIRECTION('center_axis',(0.,0.,1.));
#14239=DIRECTION('ref_axis',(0.,1.,7.00934133340971E-17));
#14240=DIRECTION('',(-1.,0.,0.));
#14241=DIRECTION('center_axis',(0.,0.,1.));
#14242=DIRECTION('ref_axis',(0.,1.,0.));
#14243=DIRECTION('',(-1.,0.,0.));
#14244=DIRECTION('center_axis',(0.,0.,1.));
#14245=DIRECTION('ref_axis',(0.,1.,0.));
#14246=DIRECTION('center_axis',(0.,0.,1.));
#14247=DIRECTION('ref_axis',(0.,1.,7.00934133340971E-17));
#14248=DIRECTION('center_axis',(0.,0.,1.));
#14249=DIRECTION('ref_axis',(-1.,0.,0.));
#14250=DIRECTION('center_axis',(0.,-0.707106781186548,0.707106781186547));
#14251=DIRECTION('ref_axis',(0.,-0.707106781186547,-0.707106781186548));
#14252=DIRECTION('center_axis',(0.,-0.707106781186547,-0.707106781186548));
#14253=DIRECTION('ref_axis',(0.,-0.707106781186547,0.707106781186547));
#14254=DIRECTION('center_axis',(0.,0.,1.));
#14255=DIRECTION('ref_axis',(-6.12323399573677E-17,1.,0.));
#14256=DIRECTION('center_axis',(0.,-0.707106781186548,0.707106781186547));
#14257=DIRECTION('ref_axis',(0.,-0.707106781186547,-0.707106781186548));
#14258=DIRECTION('center_axis',(0.,0.707106781186547,0.707106781186548));
#14259=DIRECTION('ref_axis',(0.,-0.707106781186547,0.707106781186547));
#14260=DIRECTION('center_axis',(0.,0.707106781186548,-0.707106781186547));
#14261=DIRECTION('ref_axis',(0.,-0.707106781186547,-0.707106781186548));
#14262=DIRECTION('center_axis',(0.,-0.707106781186547,-0.707106781186548));
#14263=DIRECTION('ref_axis',(0.,-0.707106781186547,0.707106781186547));
#14264=DIRECTION('center_axis',(0.,0.707106781186548,-0.707106781186547));
#14265=DIRECTION('ref_axis',(0.,-0.707106781186547,-0.707106781186548));
#14266=DIRECTION('center_axis',(0.,0.707106781186547,0.707106781186548));
#14267=DIRECTION('ref_axis',(0.,-0.707106781186547,0.707106781186547));
#14268=DIRECTION('center_axis',(0.,-0.707106781186548,0.707106781186547));
#14269=DIRECTION('ref_axis',(-1.,0.,0.));
#14270=DIRECTION('',(0.,-0.707106781186547,-0.707106781186548));
#14271=DIRECTION('',(-1.,0.,0.));
#14272=DIRECTION('',(0.,-0.707106781186547,-0.707106781186548));
#14273=DIRECTION('center_axis',(0.,0.707106781186547,0.707106781186548));
#14274=DIRECTION('ref_axis',(0.,-0.707106781186548,0.707106781186547));
#14275=DIRECTION('',(0.,0.707106781186548,-0.707106781186547));
#14276=DIRECTION('',(1.,0.,0.));
#14277=DIRECTION('',(0.,0.707106781186548,-0.707106781186547));
#14278=DIRECTION('',(-1.,0.,0.));
#14279=DIRECTION('',(0.,-0.707106781186548,0.707106781186547));
#14280=DIRECTION('',(1.,0.,0.));
#14281=DIRECTION('center_axis',(0.,0.707106781186547,0.707106781186548));
#14282=DIRECTION('ref_axis',(-1.,0.,0.));
#14283=DIRECTION('center_axis',(0.,0.707106781186547,0.707106781186548));
#14284=DIRECTION('ref_axis',(-1.,0.,0.));
#14285=DIRECTION('center_axis',(0.,0.707106781186547,0.707106781186548));
#14286=DIRECTION('ref_axis',(-1.,0.,0.));
#14287=DIRECTION('',(-1.,0.,0.));
#14288=DIRECTION('',(0.,-0.707106781186548,0.707106781186547));
#14289=DIRECTION('',(1.,0.,0.));
#14290=DIRECTION('',(0.,0.707106781186548,-0.707106781186547));
#14291=DIRECTION('',(-1.,0.,0.));
#14292=DIRECTION('',(0.,0.707106781186548,-0.707106781186547));
#14293=DIRECTION('',(-1.,0.,0.));
#14294=DIRECTION('',(0.,-0.707106781186548,0.707106781186547));
#14295=DIRECTION('',(1.,0.,0.));
#14296=DIRECTION('',(0.,0.707106781186548,-0.707106781186547));
#14297=DIRECTION('',(-1.,0.,0.));
#14298=DIRECTION('',(0.,-0.707106781186548,0.707106781186547));
#14299=DIRECTION('',(1.,0.,0.));
#14300=DIRECTION('center_axis',(0.,0.707106781186548,-0.707106781186547));
#14301=DIRECTION('ref_axis',(1.,0.,0.));
#14302=DIRECTION('',(1.,0.,0.));
#14303=DIRECTION('',(0.,-0.707106781186547,-0.707106781186548));
#14304=DIRECTION('center_axis',(0.,-0.707106781186547,-0.707106781186548));
#14305=DIRECTION('ref_axis',(-1.,0.,0.));
#14306=DIRECTION('center_axis',(0.,-0.707106781186547,-0.707106781186548));
#14307=DIRECTION('ref_axis',(-1.,0.,0.));
#14308=DIRECTION('',(0.,-0.707106781186547,-0.707106781186548));
#14309=DIRECTION('center_axis',(0.,0.707106781186547,0.707106781186548));
#14310=DIRECTION('ref_axis',(-1.,0.,0.));
#14311=DIRECTION('center_axis',(0.,-0.707106781186548,-0.707106781186548));
#14312=DIRECTION('ref_axis',(-1.,0.,0.));
#14313=DIRECTION('center_axis',(0.,-0.707106781186547,-0.707106781186548));
#14314=DIRECTION('ref_axis',(-1.,0.,0.));
#14315=DIRECTION('',(0.,-0.707106781186548,-0.707106781186548));
#14316=DIRECTION('center_axis',(0.,0.80001775668314,0.59997632369259));
#14317=DIRECTION('ref_axis',(0.,0.59997632369259,-0.80001775668314));
#14318=DIRECTION('center_axis',(0.,1.,0.));
#14319=DIRECTION('ref_axis',(0.,0.,-1.));
#14320=DIRECTION('center_axis',(0.,0.80001775668314,0.59997632369259));
#14321=DIRECTION('ref_axis',(0.,0.59997632369259,-0.80001775668314));
#14322=DIRECTION('center_axis',(0.,-0.707106781186547,-0.707106781186548));
#14323=DIRECTION('ref_axis',(-1.,0.,0.));
#14324=DIRECTION('center_axis',(0.,-0.707106781186547,-0.707106781186548));
#14325=DIRECTION('ref_axis',(-1.,0.,0.));
#14326=DIRECTION('',(0.,-0.707106781186547,-0.707106781186548));
#14327=DIRECTION('center_axis',(0.,-0.707106781186548,-0.707106781186548));
#14328=DIRECTION('ref_axis',(-1.,0.,0.));
#14329=DIRECTION('center_axis',(0.,-0.707106781186547,-0.707106781186548));
#14330=DIRECTION('ref_axis',(-1.,0.,0.));
#14331=DIRECTION('',(0.,-0.707106781186548,-0.707106781186548));
#14332=DIRECTION('center_axis',(0.,0.80001775668314,0.59997632369259));
#14333=DIRECTION('ref_axis',(0.,0.59997632369259,-0.80001775668314));
#14334=DIRECTION('center_axis',(0.,1.,0.));
#14335=DIRECTION('ref_axis',(0.,0.,-1.));
#14336=DIRECTION('center_axis',(0.,0.80001775668314,0.59997632369259));
#14337=DIRECTION('ref_axis',(0.,0.59997632369259,-0.80001775668314));
#14338=DIRECTION('center_axis',(0.,-0.80001775668314,-0.59997632369259));
#14339=DIRECTION('ref_axis',(0.,-0.59997632369259,0.80001775668314));
#14340=DIRECTION('',(1.,0.,0.));
#14341=DIRECTION('center_axis',(0.,0.80001775668314,0.59997632369259));
#14342=DIRECTION('ref_axis',(0.,0.59997632369259,-0.80001775668314));
#14343=DIRECTION('',(0.,-0.59997632369259,0.80001775668314));
#14344=DIRECTION('',(1.,0.,0.));
#14345=DIRECTION('',(0.,0.59997632369259,-0.80001775668314));
#14346=DIRECTION('',(-1.,0.,0.));
#14347=DIRECTION('',(0.,-0.59997632369259,0.80001775668314));
#14348=DIRECTION('',(1.,0.,0.));
#14349=DIRECTION('center_axis',(0.,-1.,0.));
#14350=DIRECTION('ref_axis',(0.,0.,-1.));
#14351=DIRECTION('',(1.,0.,0.));
#14352=DIRECTION('center_axis',(0.,1.,0.));
#14353=DIRECTION('ref_axis',(0.,0.,-1.));
#14354=DIRECTION('',(0.,0.,1.));
#14355=DIRECTION('',(1.,0.,0.));
#14356=DIRECTION('',(0.,0.,-1.));
#14357=DIRECTION('',(-1.,0.,0.));
#14358=DIRECTION('',(0.,0.,-1.));
#14359=DIRECTION('',(1.,0.,0.));
#14360=DIRECTION('',(0.,0.,-1.));
#14361=DIRECTION('',(1.,0.,0.));
#14362=DIRECTION('',(0.,0.,-1.));
#14363=DIRECTION('',(1.,0.,0.));
#14364=DIRECTION('',(0.,0.,1.));
#14365=DIRECTION('',(-1.,0.,0.));
#14366=DIRECTION('',(0.,0.,1.));
#14367=DIRECTION('',(1.,0.,0.));
#14368=DIRECTION('',(0.,0.,-1.));
#14369=DIRECTION('',(1.,0.,0.));
#14370=DIRECTION('center_axis',(0.,1.,0.));
#14371=DIRECTION('ref_axis',(0.,0.,-1.));
#14372=DIRECTION('',(1.,0.,0.));
#14373=DIRECTION('center_axis',(0.,1.,0.));
#14374=DIRECTION('ref_axis',(0.,0.,-1.));
#14375=DIRECTION('',(1.,0.,0.));
#14376=DIRECTION('center_axis',(0.,1.,0.));
#14377=DIRECTION('ref_axis',(0.,0.,-1.));
#14378=DIRECTION('',(1.,0.,0.));
#14379=DIRECTION('center_axis',(0.,-0.707106781186547,-0.707106781186548));
#14380=DIRECTION('ref_axis',(-1.,0.,0.));
#14381=DIRECTION('center_axis',(0.,-0.707106781186547,-0.707106781186548));
#14382=DIRECTION('ref_axis',(-1.,0.,0.));
#14383=DIRECTION('',(0.,-0.707106781186547,-0.707106781186548));
#14384=DIRECTION('center_axis',(0.,-0.707106781186547,-0.707106781186548));
#14385=DIRECTION('ref_axis',(-1.,0.,0.));
#14386=DIRECTION('center_axis',(0.,-0.707106781186547,-0.707106781186548));
#14387=DIRECTION('ref_axis',(-1.,0.,0.));
#14388=DIRECTION('',(0.,-0.707106781186547,-0.707106781186548));
#14389=DIRECTION('center_axis',(0.,0.707106781186547,0.707106781186548));
#14390=DIRECTION('ref_axis',(-1.,0.,0.));
#14391=DIRECTION('center_axis',(0.,-0.707106781186548,-0.707106781186548));
#14392=DIRECTION('ref_axis',(-1.,0.,0.));
#14393=DIRECTION('center_axis',(0.,-0.707106781186547,-0.707106781186548));
#14394=DIRECTION('ref_axis',(-1.,0.,0.));
#14395=DIRECTION('',(0.,-0.707106781186548,-0.707106781186548));
#14396=DIRECTION('center_axis',(0.,0.80001775668314,0.59997632369259));
#14397=DIRECTION('ref_axis',(0.,0.59997632369259,-0.80001775668314));
#14398=DIRECTION('center_axis',(0.,0.80001775668314,0.59997632369259));
#14399=DIRECTION('ref_axis',(0.,0.59997632369259,-0.80001775668314));
#14400=DIRECTION('center_axis',(0.,-0.80001775668314,-0.59997632369259));
#14401=DIRECTION('ref_axis',(0.,-0.59997632369259,0.80001775668314));
#14402=DIRECTION('center_axis',(0.,0.80001775668314,0.59997632369259));
#14403=DIRECTION('ref_axis',(0.,0.59997632369259,-0.80001775668314));
#14404=DIRECTION('',(1.,0.,0.));
#14405=DIRECTION('center_axis',(0.,0.80001775668314,0.59997632369259));
#14406=DIRECTION('ref_axis',(0.,0.59997632369259,-0.80001775668314));
#14407=DIRECTION('center_axis',(0.,-0.707106781186548,-0.707106781186548));
#14408=DIRECTION('ref_axis',(-1.,0.,0.));
#14409=DIRECTION('center_axis',(0.,-0.707106781186547,-0.707106781186548));
#14410=DIRECTION('ref_axis',(-1.,0.,0.));
#14411=DIRECTION('',(0.,-0.707106781186547,-0.707106781186547));
#14412=DIRECTION('center_axis',(0.,0.80001775668314,0.59997632369259));
#14413=DIRECTION('ref_axis',(0.,0.59997632369259,-0.80001775668314));
#14414=DIRECTION('center_axis',(0.,0.80001775668314,0.59997632369259));
#14415=DIRECTION('ref_axis',(0.,0.59997632369259,-0.80001775668314));
#14416=DIRECTION('center_axis',(0.,-0.80001775668314,-0.59997632369259));
#14417=DIRECTION('ref_axis',(0.,-0.59997632369259,0.80001775668314));
#14418=DIRECTION('',(0.,0.59997632369259,-0.80001775668314));
#14419=DIRECTION('',(-1.,0.,0.));
#14420=DIRECTION('',(0.,-0.59997632369259,0.80001775668314));
#14421=DIRECTION('',(1.,0.,0.));
#14422=DIRECTION('',(0.,0.59997632369259,-0.80001775668314));
#14423=DIRECTION('center_axis',(0.,0.80001775668314,0.59997632369259));
#14424=DIRECTION('ref_axis',(0.,0.59997632369259,-0.80001775668314));
#14425=DIRECTION('center_axis',(1.,0.,0.));
#14426=DIRECTION('ref_axis',(0.,-0.707106781186548,0.707106781186547));
#14427=DIRECTION('',(0.,-0.707106781186548,0.707106781186547));
#14428=DIRECTION('',(0.,-0.707106781186546,-0.707106781186549));
#14429=DIRECTION('',(0.,-0.707106781186546,-0.707106781186549));
#14430=DIRECTION('center_axis',(0.,0.707106781186549,-0.707106781186546));
#14431=DIRECTION('ref_axis',(1.,0.,0.));
#14432=DIRECTION('',(1.,0.,0.));
#14433=DIRECTION('',(0.,-0.707106781186546,-0.707106781186549));
#14434=DIRECTION('center_axis',(-1.,0.,0.));
#14435=DIRECTION('ref_axis',(0.,0.707106781186548,-0.707106781186547));
#14436=DIRECTION('',(0.,0.707106781186548,-0.707106781186547));
#14437=DIRECTION('',(0.,-0.707106781186546,-0.707106781186549));
#14438=DIRECTION('center_axis',(0.,-0.707106781186549,0.707106781186546));
#14439=DIRECTION('ref_axis',(-1.,0.,0.));
#14440=DIRECTION('',(-1.,0.,0.));
#14441=DIRECTION('center_axis',(1.,0.,0.));
#14442=DIRECTION('ref_axis',(0.,-0.707106781186548,0.707106781186547));
#14443=DIRECTION('',(0.,-0.707106781186548,0.707106781186547));
#14444=DIRECTION('',(0.,-0.707106781186547,-0.707106781186548));
#14445=DIRECTION('center_axis',(0.,0.707106781186548,-0.707106781186547));
#14446=DIRECTION('ref_axis',(1.,0.,0.));
#14447=DIRECTION('',(1.,0.,0.));
#14448=DIRECTION('',(0.,-0.707106781186547,-0.707106781186548));
#14449=DIRECTION('center_axis',(-1.,0.,0.));
#14450=DIRECTION('ref_axis',(0.,0.707106781186548,-0.707106781186547));
#14451=DIRECTION('',(0.,0.707106781186548,-0.707106781186547));
#14452=DIRECTION('center_axis',(1.,0.,0.));
#14453=DIRECTION('ref_axis',(0.,-0.707106781186548,0.707106781186547));
#14454=DIRECTION('',(0.,-0.707106781186548,0.707106781186547));
#14455=DIRECTION('',(0.,-0.707106781186546,-0.707106781186549));
#14456=DIRECTION('',(0.,-0.707106781186548,0.707106781186547));
#14457=DIRECTION('',(0.,-0.707106781186546,-0.707106781186549));
#14458=DIRECTION('center_axis',(0.,0.707106781186549,-0.707106781186546));
#14459=DIRECTION('ref_axis',(1.,0.,0.));
#14460=DIRECTION('',(1.,0.,0.));
#14461=DIRECTION('',(0.,-0.707106781186546,-0.707106781186549));
#14462=DIRECTION('center_axis',(-1.,0.,0.));
#14463=DIRECTION('ref_axis',(0.,0.707106781186548,-0.707106781186547));
#14464=DIRECTION('',(0.,0.707106781186548,-0.707106781186547));
#14465=DIRECTION('',(0.,-0.707106781186546,-0.707106781186549));
#14466=DIRECTION('center_axis',(0.,-0.707106781186549,0.707106781186546));
#14467=DIRECTION('ref_axis',(-1.,0.,0.));
#14468=DIRECTION('',(0.,-0.707106781186546,-0.707106781186549));
#14469=DIRECTION('',(-1.,0.,0.));
#14470=DIRECTION('',(-1.,0.,0.));
#14471=DIRECTION('center_axis',(0.,-0.707106781186546,-0.707106781186549));
#14472=DIRECTION('ref_axis',(-1.,0.,0.));
#14473=DIRECTION('',(1.,0.,0.));
#14474=DIRECTION('',(0.,0.707106781186549,-0.707106781186546));
#14475=DIRECTION('center_axis',(1.,0.,0.));
#14476=DIRECTION('ref_axis',(0.,-0.707106781186548,0.707106781186547));
#14477=DIRECTION('',(0.,-0.707106781186548,0.707106781186547));
#14478=DIRECTION('',(0.,-0.707106781186546,-0.707106781186549));
#14479=DIRECTION('',(0.,-0.707106781186546,-0.707106781186549));
#14480=DIRECTION('center_axis',(0.,0.707106781186549,-0.707106781186546));
#14481=DIRECTION('ref_axis',(1.,0.,0.));
#14482=DIRECTION('',(1.,0.,0.));
#14483=DIRECTION('',(0.,-0.707106781186546,-0.707106781186549));
#14484=DIRECTION('center_axis',(-1.,0.,0.));
#14485=DIRECTION('ref_axis',(0.,0.707106781186548,-0.707106781186547));
#14486=DIRECTION('',(0.,0.707106781186548,-0.707106781186547));
#14487=DIRECTION('',(0.,-0.707106781186546,-0.707106781186549));
#14488=DIRECTION('center_axis',(0.,-0.707106781186549,0.707106781186546));
#14489=DIRECTION('ref_axis',(-1.,0.,0.));
#14490=DIRECTION('',(-1.,0.,0.));
#14491=DIRECTION('center_axis',(1.,0.,0.));
#14492=DIRECTION('ref_axis',(0.,-0.707106781186548,0.707106781186547));
#14493=DIRECTION('',(0.,-0.707106781186548,0.707106781186547));
#14494=DIRECTION('',(0.,-0.707106781186547,-0.707106781186548));
#14495=DIRECTION('',(0.,-0.707106781186547,-0.707106781186548));
#14496=DIRECTION('center_axis',(0.,0.707106781186548,-0.707106781186547));
#14497=DIRECTION('ref_axis',(1.,0.,0.));
#14498=DIRECTION('',(1.,0.,0.));
#14499=DIRECTION('center_axis',(-1.,0.,0.));
#14500=DIRECTION('ref_axis',(0.,0.707106781186548,-0.707106781186547));
#14501=DIRECTION('',(0.,0.707106781186548,-0.707106781186547));
#14502=DIRECTION('',(0.,-0.707106781186547,-0.707106781186548));
#14503=DIRECTION('center_axis',(0.,-0.707106781186548,0.707106781186547));
#14504=DIRECTION('ref_axis',(-1.,0.,0.));
#14505=DIRECTION('',(-1.,0.,0.));
#14506=DIRECTION('',(-1.,0.,0.));
#14507=DIRECTION('center_axis',(0.,0.707106781186549,-0.707106781186546));
#14508=DIRECTION('ref_axis',(1.,0.,0.));
#14509=DIRECTION('',(0.,0.707106781186546,0.707106781186549));
#14510=DIRECTION('',(1.,0.,0.));
#14511=DIRECTION('',(0.,-0.707106781186546,-0.707106781186549));
#14512=DIRECTION('',(1.,0.,0.));
#14513=DIRECTION('',(0.,-0.707106781186546,-0.707106781186549));
#14514=DIRECTION('center_axis',(-1.,0.,0.));
#14515=DIRECTION('ref_axis',(0.,0.707106781186548,-0.707106781186547));
#14516=DIRECTION('',(0.,0.707106781186548,-0.707106781186547));
#14517=DIRECTION('',(0.,-0.707106781186546,-0.707106781186549));
#14518=DIRECTION('center_axis',(1.,0.,0.));
#14519=DIRECTION('ref_axis',(0.,-0.707106781186548,0.707106781186547));
#14520=DIRECTION('',(0.,-0.707106781186546,-0.707106781186549));
#14521=DIRECTION('',(0.,-0.707106781186548,0.707106781186547));
#14522=DIRECTION('',(0.,-0.707106781186548,0.707106781186547));
#14523=DIRECTION('center_axis',(0.,-0.707106781186549,0.707106781186546));
#14524=DIRECTION('ref_axis',(-1.,0.,0.));
#14525=DIRECTION('',(-1.,0.,0.));
#14526=DIRECTION('center_axis',(0.,-0.707106781186546,-0.707106781186549));
#14527=DIRECTION('ref_axis',(-1.,0.,0.));
#14528=DIRECTION('',(0.,0.707106781186549,-0.707106781186546));
#14529=DIRECTION('center_axis',(0.,-0.707106781186549,0.707106781186546));
#14530=DIRECTION('ref_axis',(-1.,0.,0.));
#14531=DIRECTION('',(-1.,0.,0.));
#14532=DIRECTION('',(0.,-0.707106781186546,-0.707106781186549));
#14533=DIRECTION('',(0.,-0.707106781186546,-0.707106781186549));
#14534=DIRECTION('center_axis',(1.,0.,0.));
#14535=DIRECTION('ref_axis',(0.,-0.707106781186548,0.707106781186547));
#14536=DIRECTION('',(0.,-0.707106781186548,0.707106781186547));
#14537=DIRECTION('',(0.,-0.707106781186546,-0.707106781186549));
#14538=DIRECTION('center_axis',(0.,0.707106781186549,-0.707106781186546));
#14539=DIRECTION('ref_axis',(1.,0.,0.));
#14540=DIRECTION('',(1.,0.,0.));
#14541=DIRECTION('',(0.,-0.707106781186546,-0.707106781186549));
#14542=DIRECTION('center_axis',(-1.,0.,0.));
#14543=DIRECTION('ref_axis',(0.,0.707106781186548,-0.707106781186547));
#14544=DIRECTION('',(0.,0.707106781186548,-0.707106781186547));
#14545=DIRECTION('center_axis',(1.,0.,0.));
#14546=DIRECTION('ref_axis',(0.,-0.707106781186548,0.707106781186547));
#14547=DIRECTION('',(0.,-0.707106781186548,0.707106781186547));
#14548=DIRECTION('',(0.,-0.707106781186547,-0.707106781186548));
#14549=DIRECTION('center_axis',(0.,0.707106781186548,-0.707106781186547));
#14550=DIRECTION('ref_axis',(1.,0.,0.));
#14551=DIRECTION('',(1.,0.,0.));
#14552=DIRECTION('',(0.,-0.707106781186547,-0.707106781186548));
#14553=DIRECTION('center_axis',(-1.,0.,0.));
#14554=DIRECTION('ref_axis',(0.,0.707106781186548,-0.707106781186547));
#14555=DIRECTION('',(0.,0.707106781186548,-0.707106781186547));
#14556=DIRECTION('center_axis',(0.,-0.707106781186546,-0.707106781186549));
#14557=DIRECTION('ref_axis',(-1.,0.,0.));
#14558=DIRECTION('',(1.,0.,0.));
#14559=DIRECTION('',(0.,0.707106781186548,-0.707106781186547));
#14560=DIRECTION('',(-1.,0.,0.));
#14561=DIRECTION('',(0.,-0.707106781186549,0.707106781186546));
#14562=DIRECTION('center_axis',(0.,-0.707106781186549,0.707106781186546));
#14563=DIRECTION('ref_axis',(-1.,0.,0.));
#14564=DIRECTION('',(0.,0.707106781186546,0.707106781186549));
#14565=DIRECTION('',(0.,-0.707106781186546,-0.707106781186549));
#14566=DIRECTION('',(-1.,0.,0.));
#14567=DIRECTION('',(0.,-0.707106781186546,-0.707106781186549));
#14568=DIRECTION('center_axis',(1.,0.,0.));
#14569=DIRECTION('ref_axis',(0.,-0.707106781186548,0.707106781186547));
#14570=DIRECTION('',(0.,-0.707106781186548,0.707106781186547));
#14571=DIRECTION('',(0.,-0.707106781186546,-0.707106781186549));
#14572=DIRECTION('center_axis',(0.,0.707106781186549,-0.707106781186546));
#14573=DIRECTION('ref_axis',(1.,0.,0.));
#14574=DIRECTION('',(1.,0.,0.));
#14575=DIRECTION('',(0.,-0.707106781186546,-0.707106781186549));
#14576=DIRECTION('center_axis',(-1.,0.,0.));
#14577=DIRECTION('ref_axis',(0.,0.707106781186548,-0.707106781186547));
#14578=DIRECTION('',(0.,0.707106781186548,-0.707106781186547));
#14579=DIRECTION('center_axis',(0.,-0.707106781186549,0.707106781186546));
#14580=DIRECTION('ref_axis',(-1.,0.,0.));
#14581=DIRECTION('',(-1.,0.,0.));
#14582=DIRECTION('',(0.,-0.707106781186546,-0.707106781186549));
#14583=DIRECTION('',(0.,-0.707106781186546,-0.707106781186549));
#14584=DIRECTION('center_axis',(1.,0.,0.));
#14585=DIRECTION('ref_axis',(0.,-0.707106781186548,0.707106781186547));
#14586=DIRECTION('',(0.,-0.707106781186548,0.707106781186547));
#14587=DIRECTION('',(0.,-0.707106781186546,-0.707106781186549));
#14588=DIRECTION('center_axis',(0.,0.707106781186549,-0.707106781186546));
#14589=DIRECTION('ref_axis',(1.,0.,0.));
#14590=DIRECTION('',(1.,0.,0.));
#14591=DIRECTION('',(0.,-0.707106781186546,-0.707106781186549));
#14592=DIRECTION('center_axis',(-1.,0.,0.));
#14593=DIRECTION('ref_axis',(0.,0.707106781186548,-0.707106781186547));
#14594=DIRECTION('',(0.,0.707106781186548,-0.707106781186547));
#14595=DIRECTION('center_axis',(0.,-0.707106781186548,0.707106781186547));
#14596=DIRECTION('ref_axis',(-1.,0.,0.));
#14597=DIRECTION('',(-1.,0.,0.));
#14598=DIRECTION('',(0.,-0.707106781186547,-0.707106781186548));
#14599=DIRECTION('',(0.,-0.707106781186547,-0.707106781186548));
#14600=DIRECTION('',(-1.,0.,0.));
#14601=DIRECTION('center_axis',(1.,0.,0.));
#14602=DIRECTION('ref_axis',(0.,-0.707106781186548,0.707106781186547));
#14603=DIRECTION('',(0.,-0.707106781186548,0.707106781186547));
#14604=DIRECTION('center_axis',(-1.,0.,0.));
#14605=DIRECTION('ref_axis',(0.,0.707106781186548,-0.707106781186547));
#14606=DIRECTION('',(0.,0.707106781186548,-0.707106781186547));
#14607=DIRECTION('center_axis',(-1.,0.,0.));
#14608=DIRECTION('ref_axis',(0.,0.707106781186548,-0.707106781186547));
#14609=DIRECTION('',(0.,0.707106781186548,-0.707106781186547));
#14610=DIRECTION('',(0.,-0.707106781186546,-0.707106781186549));
#14611=DIRECTION('',(0.,0.707106781186548,-0.707106781186547));
#14612=DIRECTION('',(0.,-0.707106781186546,-0.707106781186549));
#14613=DIRECTION('center_axis',(0.,-0.707106781186549,0.707106781186546));
#14614=DIRECTION('ref_axis',(-1.,0.,0.));
#14615=DIRECTION('',(-1.,0.,0.));
#14616=DIRECTION('',(0.,-0.707106781186546,-0.707106781186549));
#14617=DIRECTION('center_axis',(1.,0.,0.));
#14618=DIRECTION('ref_axis',(0.,-0.707106781186548,0.707106781186547));
#14619=DIRECTION('',(0.,-0.707106781186548,0.707106781186547));
#14620=DIRECTION('',(0.,-0.707106781186546,-0.707106781186549));
#14621=DIRECTION('center_axis',(0.,0.707106781186549,-0.707106781186546));
#14622=DIRECTION('ref_axis',(1.,0.,0.));
#14623=DIRECTION('',(0.,-0.707106781186546,-0.707106781186549));
#14624=DIRECTION('',(1.,0.,0.));
#14625=DIRECTION('',(1.,0.,0.));
#14626=DIRECTION('center_axis',(0.,-0.707106781186546,-0.707106781186549));
#14627=DIRECTION('ref_axis',(-1.,0.,0.));
#14628=DIRECTION('',(0.,-0.707106781186549,0.707106781186546));
#14629=DIRECTION('center_axis',(-1.,0.,0.));
#14630=DIRECTION('ref_axis',(0.,0.,1.));
#14631=DIRECTION('',(0.,-1.,0.));
#14632=DIRECTION('',(0.,0.,-1.));
#14633=DIRECTION('center_axis',(0.,-0.707106781186546,-0.707106781186549));
#14634=DIRECTION('ref_axis',(-1.,0.,0.));
#14635=DIRECTION('center_axis',(0.,-0.707106781186547,-0.707106781186548));
#14636=DIRECTION('ref_axis',(-1.,0.,0.));
#14637=DIRECTION('',(0.,-0.707106781186546,-0.707106781186549));
#14638=DIRECTION('center_axis',(0.,0.707106781186547,0.707106781186548));
#14639=DIRECTION('ref_axis',(-1.,0.,0.));
#14640=DIRECTION('center_axis',(0.,0.707106781186547,0.707106781186548));
#14641=DIRECTION('ref_axis',(0.,-0.707106781186548,0.707106781186547));
#14642=DIRECTION('center_axis',(0.,0.707106781186547,0.707106781186548));
#14643=DIRECTION('ref_axis',(-1.,0.,0.));
#14644=DIRECTION('center_axis',(0.,0.707106781186547,0.707106781186548));
#14645=DIRECTION('ref_axis',(-1.,0.,0.));
#14646=DIRECTION('center_axis',(0.,-0.707106781186546,-0.707106781186549));
#14647=DIRECTION('ref_axis',(-1.,0.,0.));
#14648=DIRECTION('center_axis',(0.,-0.707106781186547,-0.707106781186548));
#14649=DIRECTION('ref_axis',(-1.,0.,0.));
#14650=DIRECTION('',(0.,-0.707106781186546,-0.707106781186549));
#14651=DIRECTION('center_axis',(1.,0.,0.));
#14652=DIRECTION('ref_axis',(0.,0.,-1.));
#14653=DIRECTION('',(0.,0.,1.));
#14654=DIRECTION('',(0.,1.,0.));
#14655=DIRECTION('center_axis',(0.,-1.,0.));
#14656=DIRECTION('ref_axis',(0.,0.,-1.));
#14657=DIRECTION('',(1.,0.,0.));
#14658=DIRECTION('',(0.,0.,-1.));
#14659=DIRECTION('center_axis',(0.,0.,-1.));
#14660=DIRECTION('ref_axis',(0.,1.,0.));
#14661=DIRECTION('',(1.,0.,0.));
#14662=DIRECTION('',(0.,1.,0.));
#14663=DIRECTION('center_axis',(0.,-1.,0.));
#14664=DIRECTION('ref_axis',(0.,0.,-1.));
#14665=DIRECTION('',(0.,0.,1.));
#14666=DIRECTION('center_axis',(0.,0.,-1.));
#14667=DIRECTION('ref_axis',(0.,1.,0.));
#14668=DIRECTION('',(0.,1.,0.));
#14669=DIRECTION('center_axis',(1.,0.,0.));
#14670=DIRECTION('ref_axis',(0.,0.,-1.));
#14671=DIRECTION('',(0.,-0.707106781186548,0.707106781186547));
#14672=DIRECTION('center_axis',(0.,0.707106781186547,0.707106781186548));
#14673=DIRECTION('ref_axis',(0.,-0.707106781186548,0.707106781186547));
#14674=DIRECTION('',(0.,-0.707106781186548,0.707106781186547));
#14675=DIRECTION('center_axis',(-1.,0.,0.));
#14676=DIRECTION('ref_axis',(0.,-1.,0.));
#14677=DIRECTION('axis',(0.,0.,1.));
#14678=DIRECTION('refdir',(1.,0.,0.));
#14679=DIRECTION('center_axis',(0.,-0.707106781186547,-0.707106781186548));
#14680=DIRECTION('ref_axis',(-1.,0.,0.));
#14681=DIRECTION('center_axis',(0.,1.,0.));
#14682=DIRECTION('ref_axis',(0.,7.0093413334097E-17,-1.));
#14683=DIRECTION('center_axis',(0.,0.,-1.));
#14684=DIRECTION('ref_axis',(0.,1.,7.00934133340971E-17));
#14685=DIRECTION('center_axis',(0.,-0.707106781186547,-0.707106781186548));
#14686=DIRECTION('ref_axis',(-1.,0.,0.));
#14687=DIRECTION('center_axis',(0.,1.,0.));
#14688=DIRECTION('ref_axis',(0.,0.,-1.));
#14689=DIRECTION('center_axis',(0.,0.,-1.));
#14690=DIRECTION('ref_axis',(0.,1.,0.));
#14691=DIRECTION('center_axis',(0.,0.,1.));
#14692=DIRECTION('ref_axis',(1.,0.,0.));
#14693=DIRECTION('',(0.,-1.,0.));
#14694=DIRECTION('',(1.,0.,0.));
#14695=DIRECTION('',(0.,1.,0.));
#14696=DIRECTION('',(-1.,0.,0.));
#14697=DIRECTION('',(0.,1.,0.));
#14698=DIRECTION('',(1.,0.,0.));
#14699=DIRECTION('',(0.,-1.,0.));
#14700=DIRECTION('',(-1.,0.,0.));
#14701=DIRECTION('',(1.,0.,0.));
#14702=DIRECTION('center_axis',(0.,0.,1.));
#14703=DIRECTION('ref_axis',(1.,0.,0.));
#14704=DIRECTION('',(1.,0.,0.));
#14705=DIRECTION('',(0.,-1.,0.));
#14706=DIRECTION('',(-1.,0.,0.));
#14707=DIRECTION('',(0.,1.,0.));
#14708=DIRECTION('',(0.,1.,0.));
#14709=DIRECTION('',(1.,0.,0.));
#14710=DIRECTION('',(0.,-1.,0.));
#14711=DIRECTION('',(-1.,0.,0.));
#14712=DIRECTION('',(-1.,0.,0.));
#14713=DIRECTION('',(0.,1.,0.));
#14714=DIRECTION('',(1.,0.,0.));
#14715=DIRECTION('',(0.,-1.,0.));
#14716=DIRECTION('',(0.,1.,0.));
#14717=DIRECTION('',(1.,0.,0.));
#14718=DIRECTION('',(0.,-1.,0.));
#14719=DIRECTION('',(-1.,0.,0.));
#14720=DIRECTION('',(0.,1.,0.));
#14721=DIRECTION('',(1.,0.,0.));
#14722=DIRECTION('',(0.,-1.,0.));
#14723=DIRECTION('',(-1.,0.,0.));
#14724=DIRECTION('',(0.,1.,0.));
#14725=DIRECTION('',(1.,0.,0.));
#14726=DIRECTION('',(0.,-1.,0.));
#14727=DIRECTION('',(-1.,0.,0.));
#14728=DIRECTION('',(0.,1.,0.));
#14729=DIRECTION('',(1.,0.,0.));
#14730=DIRECTION('',(0.,-1.,0.));
#14731=DIRECTION('',(-1.,0.,0.));
#14732=DIRECTION('',(0.,1.,0.));
#14733=DIRECTION('',(1.,0.,0.));
#14734=DIRECTION('',(0.,-1.,0.));
#14735=DIRECTION('',(-1.,0.,0.));
#14736=DIRECTION('',(0.,1.,0.));
#14737=DIRECTION('',(1.,0.,0.));
#14738=DIRECTION('',(0.,-1.,0.));
#14739=DIRECTION('',(-1.,0.,0.));
#14740=DIRECTION('',(0.,1.,0.));
#14741=DIRECTION('',(1.,0.,0.));
#14742=DIRECTION('',(0.,-1.,0.));
#14743=DIRECTION('',(-1.,0.,0.));
#14744=DIRECTION('',(0.,1.,0.));
#14745=DIRECTION('',(1.,0.,0.));
#14746=DIRECTION('',(0.,-1.,0.));
#14747=DIRECTION('',(-1.,0.,0.));
#14748=DIRECTION('',(0.,1.,0.));
#14749=DIRECTION('',(1.,0.,0.));
#14750=DIRECTION('',(0.,-1.,0.));
#14751=DIRECTION('',(-1.,0.,0.));
#14752=DIRECTION('',(1.,0.,0.));
#14753=DIRECTION('',(0.,-1.,0.));
#14754=DIRECTION('',(-1.,0.,0.));
#14755=DIRECTION('',(0.,1.,0.));
#14756=DIRECTION('',(0.,1.,0.));
#14757=DIRECTION('',(1.,0.,0.));
#14758=DIRECTION('',(0.,-1.,0.));
#14759=DIRECTION('',(-1.,0.,0.));
#14760=DIRECTION('',(0.,1.,0.));
#14761=DIRECTION('',(1.,0.,0.));
#14762=DIRECTION('',(0.,-1.,0.));
#14763=DIRECTION('',(-1.,0.,0.));
#14764=DIRECTION('',(0.,1.,0.));
#14765=DIRECTION('',(1.,0.,0.));
#14766=DIRECTION('',(0.,-1.,0.));
#14767=DIRECTION('',(-1.,0.,0.));
#14768=DIRECTION('',(0.,1.,0.));
#14769=DIRECTION('',(1.,0.,0.));
#14770=DIRECTION('',(0.,-1.,0.));
#14771=DIRECTION('',(-1.,0.,0.));
#14772=DIRECTION('center_axis',(0.,0.,-1.));
#14773=DIRECTION('ref_axis',(-1.,0.,0.));
#14774=DIRECTION('center_axis',(0.,0.,-1.));
#14775=DIRECTION('ref_axis',(-1.,0.,0.));
#14776=DIRECTION('',(1.,0.,0.));
#14777=DIRECTION('center_axis',(0.,0.,-1.));
#14778=DIRECTION('ref_axis',(0.,1.,0.));
#14779=DIRECTION('',(1.,0.,0.));
#14780=DIRECTION('',(1.,0.,0.));
#14781=DIRECTION('',(0.,1.,0.));
#14782=DIRECTION('',(1.,0.,0.));
#14783=DIRECTION('',(0.,-1.,0.));
#14784=DIRECTION('',(-1.,0.,0.));
#14785=DIRECTION('center_axis',(0.,0.,-1.));
#14786=DIRECTION('ref_axis',(-1.,0.,0.));
#14787=DIRECTION('center_axis',(0.,0.,-1.));
#14788=DIRECTION('ref_axis',(-1.,0.,0.));
#14789=DIRECTION('',(-1.,0.,0.));
#14790=DIRECTION('',(0.,-1.,0.));
#14791=DIRECTION('',(-1.,0.,0.));
#14792=DIRECTION('',(0.,1.,0.));
#14793=DIRECTION('',(-1.,0.,0.));
#14794=DIRECTION('center_axis',(0.,0.,-1.));
#14795=DIRECTION('ref_axis',(-1.,0.,0.));
#14796=DIRECTION('center_axis',(0.,0.,-1.));
#14797=DIRECTION('ref_axis',(-1.,0.,0.));
#14798=DIRECTION('',(-1.,0.,0.));
#14799=DIRECTION('',(0.,1.,0.));
#14800=DIRECTION('',(1.,0.,0.));
#14801=DIRECTION('',(0.,-1.,0.));
#14802=DIRECTION('',(1.,0.,0.));
#14803=DIRECTION('center_axis',(0.,0.,-1.));
#14804=DIRECTION('ref_axis',(0.,1.,7.00934133340971E-17));
#14805=DIRECTION('',(1.,0.,0.));
#14806=DIRECTION('center_axis',(0.,0.,-1.));
#14807=DIRECTION('ref_axis',(0.,1.,0.));
#14808=DIRECTION('',(1.,0.,0.));
#14809=DIRECTION('center_axis',(0.,0.,-1.));
#14810=DIRECTION('ref_axis',(0.,1.,0.));
#14811=DIRECTION('',(1.,0.,0.));
#14812=DIRECTION('center_axis',(0.,-0.707106781186547,-0.707106781186548));
#14813=DIRECTION('ref_axis',(-1.,0.,0.));
#14814=DIRECTION('center_axis',(0.,1.,0.));
#14815=DIRECTION('ref_axis',(0.,7.0093413334097E-17,-1.));
#14816=DIRECTION('center_axis',(0.,-0.707106781186547,-0.707106781186548));
#14817=DIRECTION('ref_axis',(-1.,0.,0.));
#14818=DIRECTION('center_axis',(0.,1.,0.));
#14819=DIRECTION('ref_axis',(0.,0.,-1.));
#14820=DIRECTION('center_axis',(0.,1.,0.));
#14821=DIRECTION('ref_axis',(1.,0.,0.));
#14822=DIRECTION('center_axis',(0.,1.,0.));
#14823=DIRECTION('ref_axis',(0.,0.,-1.));
#14824=DIRECTION('',(-1.,0.,0.));
#14825=DIRECTION('center_axis',(0.,1.,0.));
#14826=DIRECTION('ref_axis',(0.,0.,-1.));
#14827=DIRECTION('',(0.,0.,-1.));
#14828=DIRECTION('',(0.,0.,-1.));
#14829=DIRECTION('',(-1.,0.,0.));
#14830=DIRECTION('',(0.,0.,-1.));
#14831=DIRECTION('',(0.,0.,-1.));
#14832=DIRECTION('center_axis',(0.,1.,0.));
#14833=DIRECTION('ref_axis',(0.,0.,-1.));
#14834=DIRECTION('',(-1.,0.,0.));
#14835=DIRECTION('center_axis',(0.,1.,0.));
#14836=DIRECTION('ref_axis',(0.,0.,-1.));
#14837=DIRECTION('center_axis',(-1.,0.,0.));
#14838=DIRECTION('ref_axis',(0.,0.707106781186548,-0.707106781186547));
#14839=DIRECTION('',(0.,-0.707106781186547,-0.707106781186548));
#14840=DIRECTION('center_axis',(1.,0.,0.));
#14841=DIRECTION('ref_axis',(0.,-0.707106781186548,0.707106781186547));
#14842=DIRECTION('',(0.,-0.707106781186547,-0.707106781186548));
#14843=DIRECTION('',(0.,-0.707106781186548,0.707106781186547));
#14844=DIRECTION('',(0.,-0.707106781186547,-0.707106781186548));
#14845=DIRECTION('center_axis',(0.,-0.707106781186548,0.707106781186547));
#14846=DIRECTION('ref_axis',(-1.,0.,0.));
#14847=DIRECTION('',(-1.,0.,0.));
#14848=DIRECTION('center_axis',(0.,0.707106781186548,-0.707106781186547));
#14849=DIRECTION('ref_axis',(0.,0.707106781186547,0.707106781186548));
#14850=DIRECTION('center_axis',(0.,-0.707106781186547,-0.707106781186548));
#14851=DIRECTION('ref_axis',(-1.,0.,0.));
#14852=DIRECTION('center_axis',(0.,0.707106781186547,0.707106781186548));
#14853=DIRECTION('ref_axis',(0.,0.707106781186548,-0.707106781186547));
#14854=DIRECTION('',(1.,0.,0.));
#14855=DIRECTION('center_axis',(0.,0.707106781186548,-0.707106781186547));
#14856=DIRECTION('ref_axis',(1.,0.,0.));
#14857=DIRECTION('',(0.,0.707106781186547,0.707106781186548));
#14858=DIRECTION('',(1.,0.,0.));
#14859=DIRECTION('center_axis',(0.,-0.707106781186548,0.707106781186547));
#14860=DIRECTION('ref_axis',(0.,0.707106781186547,0.707106781186548));
#14861=DIRECTION('center_axis',(0.,-0.707106781186548,0.707106781186547));
#14862=DIRECTION('ref_axis',(-1.,0.,0.));
#14863=DIRECTION('center_axis',(0.,0.707106781186548,-0.707106781186547));
#14864=DIRECTION('ref_axis',(0.,0.707106781186547,0.707106781186548));
#14865=DIRECTION('',(-1.,0.,0.));
#14866=DIRECTION('',(0.,-0.707106781186547,-0.707106781186548));
#14867=DIRECTION('center_axis',(0.,-0.707106781186547,-0.707106781186548));
#14868=DIRECTION('ref_axis',(-1.,0.,0.));
#14869=DIRECTION('center_axis',(0.,0.707106781186547,0.707106781186548));
#14870=DIRECTION('ref_axis',(0.,0.707106781186548,-0.707106781186547));
#14871=DIRECTION('',(0.,0.707106781186548,-0.707106781186547));
#14872=DIRECTION('center_axis',(-1.,0.,0.));
#14873=DIRECTION('ref_axis',(0.,0.707106781186548,-0.707106781186547));
#14874=DIRECTION('',(0.,-0.707106781186547,-0.707106781186548));
#14875=DIRECTION('',(0.,0.707106781186548,-0.707106781186547));
#14876=DIRECTION('',(0.,-0.707106781186547,-0.707106781186548));
#14877=DIRECTION('center_axis',(0.,-0.707106781186547,-0.707106781186548));
#14878=DIRECTION('ref_axis',(-1.,0.,0.));
#14879=DIRECTION('center_axis',(0.,0.707106781186547,0.707106781186548));
#14880=DIRECTION('ref_axis',(0.,0.707106781186548,-0.707106781186547));
#14881=DIRECTION('',(-1.,0.,0.));
#14882=DIRECTION('',(0.,-0.707106781186548,0.707106781186547));
#14883=DIRECTION('',(1.,0.,0.));
#14884=DIRECTION('center_axis',(0.,-0.707106781186548,0.707106781186547));
#14885=DIRECTION('ref_axis',(-1.,0.,0.));
#14886=DIRECTION('center_axis',(0.,0.707106781186548,-0.707106781186547));
#14887=DIRECTION('ref_axis',(0.,0.707106781186547,0.707106781186548));
#14888=DIRECTION('',(0.,0.707106781186547,0.707106781186548));
#14889=DIRECTION('center_axis',(0.,-0.707106781186548,0.707106781186547));
#14890=DIRECTION('ref_axis',(-1.,0.,0.));
#14891=DIRECTION('center_axis',(0.,0.707106781186548,-0.707106781186547));
#14892=DIRECTION('ref_axis',(0.,0.707106781186547,0.707106781186548));
#14893=DIRECTION('',(-1.,0.,0.));
#14894=DIRECTION('center_axis',(1.,0.,0.));
#14895=DIRECTION('ref_axis',(0.,-0.707106781186548,0.707106781186547));
#14896=DIRECTION('',(0.,-0.707106781186547,-0.707106781186548));
#14897=DIRECTION('center_axis',(0.,0.707106781186548,-0.707106781186547));
#14898=DIRECTION('ref_axis',(1.,0.,0.));
#14899=DIRECTION('center_axis',(0.,-0.707106781186548,0.707106781186547));
#14900=DIRECTION('ref_axis',(0.,0.707106781186547,0.707106781186548));
#14901=DIRECTION('',(0.,-0.707106781186547,-0.707106781186548));
#14902=DIRECTION('',(1.,0.,0.));
#14903=DIRECTION('center_axis',(0.,-0.707106781186547,-0.707106781186548));
#14904=DIRECTION('ref_axis',(-1.,0.,0.));
#14905=DIRECTION('center_axis',(0.,0.707106781186547,0.707106781186548));
#14906=DIRECTION('ref_axis',(0.,0.707106781186548,-0.707106781186547));
#14907=DIRECTION('center_axis',(-1.,0.,0.));
#14908=DIRECTION('ref_axis',(0.,1.,0.));
#14909=DIRECTION('',(0.,0.,-1.));
#14910=DIRECTION('',(0.,-1.,0.));
#14911=DIRECTION('center_axis',(0.,0.707106781186547,0.707106781186548));
#14912=DIRECTION('ref_axis',(-1.,0.,0.));
#14913=DIRECTION('center_axis',(0.,-0.707106781186547,-0.707106781186548));
#14914=DIRECTION('ref_axis',(-1.,0.,0.));
#14915=DIRECTION('center_axis',(0.,-0.707106781186546,-0.707106781186549));
#14916=DIRECTION('ref_axis',(-1.,0.,0.));
#14917=DIRECTION('center_axis',(0.,0.707106781186547,0.707106781186548));
#14918=DIRECTION('ref_axis',(-1.,0.,0.));
#14919=DIRECTION('center_axis',(0.,-0.707106781186547,-0.707106781186548));
#14920=DIRECTION('ref_axis',(-1.,0.,0.));
#14921=DIRECTION('center_axis',(0.,-0.707106781186546,-0.707106781186549));
#14922=DIRECTION('ref_axis',(-1.,0.,0.));
#14923=DIRECTION('center_axis',(0.,0.,-1.));
#14924=DIRECTION('ref_axis',(-1.,0.,0.));
#14925=DIRECTION('',(0.,0.,-1.));
#14926=DIRECTION('center_axis',(0.,0.,1.));
#14927=DIRECTION('ref_axis',(-1.,0.,0.));
#14928=DIRECTION('center_axis',(0.,0.,-1.));
#14929=DIRECTION('ref_axis',(-1.,0.,0.));
#14930=DIRECTION('',(0.,0.,-1.));
#14931=DIRECTION('center_axis',(0.,0.,1.));
#14932=DIRECTION('ref_axis',(-1.,0.,0.));
#14933=DIRECTION('center_axis',(0.,0.,-1.));
#14934=DIRECTION('ref_axis',(-1.,0.,0.));
#14935=DIRECTION('',(0.,0.,-1.));
#14936=DIRECTION('center_axis',(0.,0.,1.));
#14937=DIRECTION('ref_axis',(-1.,0.,0.));
#14938=DIRECTION('center_axis',(0.,0.,-1.));
#14939=DIRECTION('ref_axis',(-1.,0.,0.));
#14940=DIRECTION('',(0.,0.,-1.));
#14941=DIRECTION('center_axis',(0.,0.,1.));
#14942=DIRECTION('ref_axis',(-1.,0.,0.));
#14943=DIRECTION('center_axis',(0.,-1.,0.));
#14944=DIRECTION('ref_axis',(-1.,0.,0.));
#14945=DIRECTION('',(1.,0.,0.));
#14946=DIRECTION('',(0.,0.,-1.));
#14947=DIRECTION('center_axis',(1.,0.,0.));
#14948=DIRECTION('ref_axis',(0.,-1.,0.));
#14949=DIRECTION('',(0.,1.,0.));
#14950=DIRECTION('center_axis',(1.,0.,0.));
#14951=DIRECTION('ref_axis',(0.,-1.,0.));
#14952=DIRECTION('',(0.,1.,0.));
#14953=DIRECTION('',(0.,0.,-1.));
#14954=DIRECTION('',(0.,0.,-1.));
#14955=DIRECTION('center_axis',(0.,1.,0.));
#14956=DIRECTION('ref_axis',(1.,0.,0.));
#14957=DIRECTION('',(-1.,0.,0.));
#14958=DIRECTION('',(0.,0.,-1.));
#14959=DIRECTION('center_axis',(-1.,0.,0.));
#14960=DIRECTION('ref_axis',(0.,1.,0.));
#14961=DIRECTION('',(0.,-1.,0.));
#14962=DIRECTION('',(0.,0.,-1.));
#14963=DIRECTION('center_axis',(0.,-1.,0.));
#14964=DIRECTION('ref_axis',(-1.,0.,0.));
#14965=DIRECTION('',(1.,0.,0.));
#14966=DIRECTION('center_axis',(1.,0.,0.));
#14967=DIRECTION('ref_axis',(0.,-1.,0.));
#14968=DIRECTION('',(0.,1.,0.));
#14969=DIRECTION('',(0.,0.,-1.));
#14970=DIRECTION('',(0.,0.,-1.));
#14971=DIRECTION('center_axis',(0.,1.,0.));
#14972=DIRECTION('ref_axis',(1.,0.,0.));
#14973=DIRECTION('',(-1.,0.,0.));
#14974=DIRECTION('',(0.,0.,-1.));
#14975=DIRECTION('center_axis',(-1.,0.,0.));
#14976=DIRECTION('ref_axis',(0.,1.,0.));
#14977=DIRECTION('',(0.,-1.,0.));
#14978=DIRECTION('',(0.,0.,-1.));
#14979=DIRECTION('center_axis',(0.,-1.,0.));
#14980=DIRECTION('ref_axis',(-1.,0.,0.));
#14981=DIRECTION('',(1.,0.,0.));
#14982=DIRECTION('center_axis',(1.,0.,0.));
#14983=DIRECTION('ref_axis',(0.,-1.,0.));
#14984=DIRECTION('',(0.,1.,0.));
#14985=DIRECTION('',(0.,0.,-1.));
#14986=DIRECTION('',(0.,0.,-1.));
#14987=DIRECTION('center_axis',(0.,1.,0.));
#14988=DIRECTION('ref_axis',(1.,0.,0.));
#14989=DIRECTION('',(-1.,0.,0.));
#14990=DIRECTION('',(0.,0.,-1.));
#14991=DIRECTION('center_axis',(-1.,0.,0.));
#14992=DIRECTION('ref_axis',(0.,1.,0.));
#14993=DIRECTION('',(0.,-1.,0.));
#14994=DIRECTION('',(0.,0.,-1.));
#14995=DIRECTION('center_axis',(0.,-1.,0.));
#14996=DIRECTION('ref_axis',(-1.,0.,0.));
#14997=DIRECTION('',(1.,0.,0.));
#14998=DIRECTION('center_axis',(1.,0.,0.));
#14999=DIRECTION('ref_axis',(0.,-1.,0.));
#15000=DIRECTION('',(0.,1.,0.));
#15001=DIRECTION('',(0.,0.,-1.));
#15002=DIRECTION('',(0.,0.,-1.));
#15003=DIRECTION('center_axis',(0.,1.,0.));
#15004=DIRECTION('ref_axis',(1.,0.,0.));
#15005=DIRECTION('',(-1.,0.,0.));
#15006=DIRECTION('',(0.,0.,-1.));
#15007=DIRECTION('center_axis',(-1.,0.,0.));
#15008=DIRECTION('ref_axis',(0.,1.,0.));
#15009=DIRECTION('',(0.,-1.,0.));
#15010=DIRECTION('',(0.,0.,-1.));
#15011=DIRECTION('center_axis',(0.,-1.,0.));
#15012=DIRECTION('ref_axis',(-1.,0.,0.));
#15013=DIRECTION('',(1.,0.,0.));
#15014=DIRECTION('center_axis',(0.,-1.,0.));
#15015=DIRECTION('ref_axis',(-1.,0.,0.));
#15016=DIRECTION('',(1.,0.,0.));
#15017=DIRECTION('',(0.,0.,-1.));
#15018=DIRECTION('',(0.,0.,-1.));
#15019=DIRECTION('center_axis',(1.,0.,0.));
#15020=DIRECTION('ref_axis',(0.,-1.,0.));
#15021=DIRECTION('',(0.,1.,0.));
#15022=DIRECTION('',(0.,0.,-1.));
#15023=DIRECTION('center_axis',(0.,1.,0.));
#15024=DIRECTION('ref_axis',(1.,0.,0.));
#15025=DIRECTION('',(-1.,0.,0.));
#15026=DIRECTION('',(0.,0.,-1.));
#15027=DIRECTION('center_axis',(-1.,0.,0.));
#15028=DIRECTION('ref_axis',(0.,1.,0.));
#15029=DIRECTION('',(0.,-1.,0.));
#15030=DIRECTION('center_axis',(1.,0.,0.));
#15031=DIRECTION('ref_axis',(0.,-1.,0.));
#15032=DIRECTION('',(0.,1.,0.));
#15033=DIRECTION('',(0.,0.,-1.));
#15034=DIRECTION('',(0.,0.,-1.));
#15035=DIRECTION('center_axis',(0.,1.,0.));
#15036=DIRECTION('ref_axis',(1.,0.,0.));
#15037=DIRECTION('',(-1.,0.,0.));
#15038=DIRECTION('',(0.,0.,-1.));
#15039=DIRECTION('center_axis',(-1.,0.,0.));
#15040=DIRECTION('ref_axis',(0.,1.,0.));
#15041=DIRECTION('',(0.,-1.,0.));
#15042=DIRECTION('',(0.,0.,-1.));
#15043=DIRECTION('center_axis',(0.,-1.,0.));
#15044=DIRECTION('ref_axis',(-1.,0.,0.));
#15045=DIRECTION('',(1.,0.,0.));
#15046=DIRECTION('center_axis',(1.,0.,0.));
#15047=DIRECTION('ref_axis',(0.,-1.,0.));
#15048=DIRECTION('',(0.,1.,0.));
#15049=DIRECTION('',(0.,0.,-1.));
#15050=DIRECTION('',(0.,0.,-1.));
#15051=DIRECTION('center_axis',(0.,1.,0.));
#15052=DIRECTION('ref_axis',(1.,0.,0.));
#15053=DIRECTION('',(-1.,0.,0.));
#15054=DIRECTION('',(0.,0.,-1.));
#15055=DIRECTION('center_axis',(-1.,0.,0.));
#15056=DIRECTION('ref_axis',(0.,1.,0.));
#15057=DIRECTION('',(0.,-1.,0.));
#15058=DIRECTION('',(0.,0.,-1.));
#15059=DIRECTION('center_axis',(0.,-1.,0.));
#15060=DIRECTION('ref_axis',(-1.,0.,0.));
#15061=DIRECTION('',(1.,0.,0.));
#15062=DIRECTION('center_axis',(1.,0.,0.));
#15063=DIRECTION('ref_axis',(0.,-1.,0.));
#15064=DIRECTION('',(0.,1.,0.));
#15065=DIRECTION('',(0.,0.,-1.));
#15066=DIRECTION('',(0.,0.,-1.));
#15067=DIRECTION('center_axis',(0.,1.,0.));
#15068=DIRECTION('ref_axis',(1.,0.,0.));
#15069=DIRECTION('',(-1.,0.,0.));
#15070=DIRECTION('',(0.,0.,-1.));
#15071=DIRECTION('center_axis',(-1.,0.,0.));
#15072=DIRECTION('ref_axis',(0.,1.,0.));
#15073=DIRECTION('',(0.,-1.,0.));
#15074=DIRECTION('',(0.,0.,-1.));
#15075=DIRECTION('center_axis',(0.,-1.,0.));
#15076=DIRECTION('ref_axis',(-1.,0.,0.));
#15077=DIRECTION('',(1.,0.,0.));
#15078=DIRECTION('center_axis',(1.,0.,0.));
#15079=DIRECTION('ref_axis',(0.,-1.,0.));
#15080=DIRECTION('',(0.,1.,0.));
#15081=DIRECTION('',(0.,0.,-1.));
#15082=DIRECTION('',(0.,0.,-1.));
#15083=DIRECTION('center_axis',(0.,1.,0.));
#15084=DIRECTION('ref_axis',(1.,0.,0.));
#15085=DIRECTION('',(-1.,0.,0.));
#15086=DIRECTION('',(0.,0.,-1.));
#15087=DIRECTION('center_axis',(-1.,0.,0.));
#15088=DIRECTION('ref_axis',(0.,1.,0.));
#15089=DIRECTION('',(0.,-1.,0.));
#15090=DIRECTION('',(0.,0.,-1.));
#15091=DIRECTION('center_axis',(0.,-1.,0.));
#15092=DIRECTION('ref_axis',(-1.,0.,0.));
#15093=DIRECTION('',(1.,0.,0.));
#15094=DIRECTION('center_axis',(1.,0.,0.));
#15095=DIRECTION('ref_axis',(0.,-1.,0.));
#15096=DIRECTION('',(0.,1.,0.));
#15097=DIRECTION('',(0.,0.,-1.));
#15098=DIRECTION('',(0.,0.,-1.));
#15099=DIRECTION('center_axis',(0.,1.,0.));
#15100=DIRECTION('ref_axis',(1.,0.,0.));
#15101=DIRECTION('',(-1.,0.,0.));
#15102=DIRECTION('',(0.,0.,-1.));
#15103=DIRECTION('center_axis',(-1.,0.,0.));
#15104=DIRECTION('ref_axis',(0.,1.,0.));
#15105=DIRECTION('',(0.,-1.,0.));
#15106=DIRECTION('',(0.,0.,-1.));
#15107=DIRECTION('center_axis',(0.,-1.,0.));
#15108=DIRECTION('ref_axis',(-1.,0.,0.));
#15109=DIRECTION('',(1.,0.,0.));
#15110=DIRECTION('center_axis',(1.,0.,0.));
#15111=DIRECTION('ref_axis',(0.,-1.,0.));
#15112=DIRECTION('',(0.,1.,0.));
#15113=DIRECTION('',(0.,0.,-1.));
#15114=DIRECTION('',(0.,0.,-1.));
#15115=DIRECTION('center_axis',(0.,1.,0.));
#15116=DIRECTION('ref_axis',(1.,0.,0.));
#15117=DIRECTION('',(-1.,0.,0.));
#15118=DIRECTION('',(0.,0.,-1.));
#15119=DIRECTION('center_axis',(-1.,0.,0.));
#15120=DIRECTION('ref_axis',(0.,1.,0.));
#15121=DIRECTION('',(0.,-1.,0.));
#15122=DIRECTION('',(0.,0.,-1.));
#15123=DIRECTION('center_axis',(0.,-1.,0.));
#15124=DIRECTION('ref_axis',(-1.,0.,0.));
#15125=DIRECTION('',(1.,0.,0.));
#15126=DIRECTION('center_axis',(1.,0.,0.));
#15127=DIRECTION('ref_axis',(0.,-1.,0.));
#15128=DIRECTION('',(0.,1.,0.));
#15129=DIRECTION('',(0.,0.,-1.));
#15130=DIRECTION('',(0.,0.,-1.));
#15131=DIRECTION('center_axis',(0.,1.,0.));
#15132=DIRECTION('ref_axis',(1.,0.,0.));
#15133=DIRECTION('',(-1.,0.,0.));
#15134=DIRECTION('',(0.,0.,-1.));
#15135=DIRECTION('center_axis',(-1.,0.,0.));
#15136=DIRECTION('ref_axis',(0.,1.,0.));
#15137=DIRECTION('',(0.,-1.,0.));
#15138=DIRECTION('',(0.,0.,-1.));
#15139=DIRECTION('center_axis',(0.,-1.,0.));
#15140=DIRECTION('ref_axis',(-1.,0.,0.));
#15141=DIRECTION('',(1.,0.,0.));
#15142=DIRECTION('center_axis',(1.,0.,0.));
#15143=DIRECTION('ref_axis',(0.,-1.,0.));
#15144=DIRECTION('',(0.,1.,0.));
#15145=DIRECTION('',(0.,0.,-1.));
#15146=DIRECTION('',(0.,0.,-1.));
#15147=DIRECTION('center_axis',(0.,1.,0.));
#15148=DIRECTION('ref_axis',(1.,0.,0.));
#15149=DIRECTION('',(-1.,0.,0.));
#15150=DIRECTION('',(0.,0.,-1.));
#15151=DIRECTION('center_axis',(-1.,0.,0.));
#15152=DIRECTION('ref_axis',(0.,1.,0.));
#15153=DIRECTION('',(0.,-1.,0.));
#15154=DIRECTION('',(0.,0.,-1.));
#15155=DIRECTION('center_axis',(0.,-1.,0.));
#15156=DIRECTION('ref_axis',(-1.,0.,0.));
#15157=DIRECTION('',(1.,0.,0.));
#15158=DIRECTION('center_axis',(1.,0.,0.));
#15159=DIRECTION('ref_axis',(0.,-1.,0.));
#15160=DIRECTION('',(0.,1.,0.));
#15161=DIRECTION('',(0.,0.,-1.));
#15162=DIRECTION('',(0.,0.,-1.));
#15163=DIRECTION('center_axis',(0.,1.,0.));
#15164=DIRECTION('ref_axis',(1.,0.,0.));
#15165=DIRECTION('',(-1.,0.,0.));
#15166=DIRECTION('',(0.,0.,-1.));
#15167=DIRECTION('center_axis',(-1.,0.,0.));
#15168=DIRECTION('ref_axis',(0.,1.,0.));
#15169=DIRECTION('',(0.,-1.,0.));
#15170=DIRECTION('',(0.,0.,-1.));
#15171=DIRECTION('center_axis',(0.,-1.,0.));
#15172=DIRECTION('ref_axis',(-1.,0.,0.));
#15173=DIRECTION('',(1.,0.,0.));
#15174=DIRECTION('center_axis',(0.,1.,0.));
#15175=DIRECTION('ref_axis',(-1.,0.,0.));
#15176=DIRECTION('',(0.,0.,1.));
#15177=DIRECTION('',(-1.,0.,0.));
#15178=DIRECTION('',(0.,0.,1.));
#15179=DIRECTION('center_axis',(1.,0.,0.));
#15180=DIRECTION('ref_axis',(0.,1.,0.));
#15181=DIRECTION('',(0.,1.,0.));
#15182=DIRECTION('',(0.,0.,1.));
#15183=DIRECTION('center_axis',(0.,-1.,0.));
#15184=DIRECTION('ref_axis',(1.,0.,0.));
#15185=DIRECTION('',(1.,0.,0.));
#15186=DIRECTION('',(0.,0.,1.));
#15187=DIRECTION('center_axis',(-1.,0.,0.));
#15188=DIRECTION('ref_axis',(0.,-1.,0.));
#15189=DIRECTION('',(0.,-1.,0.));
#15190=DIRECTION('center_axis',(1.,0.,0.));
#15191=DIRECTION('ref_axis',(0.,1.,0.));
#15192=DIRECTION('',(0.,0.,1.));
#15193=DIRECTION('',(0.,1.,0.));
#15194=DIRECTION('',(0.,0.,1.));
#15195=DIRECTION('center_axis',(0.,-1.,0.));
#15196=DIRECTION('ref_axis',(1.,0.,0.));
#15197=DIRECTION('',(1.,0.,0.));
#15198=DIRECTION('',(0.,0.,1.));
#15199=DIRECTION('center_axis',(-1.,0.,0.));
#15200=DIRECTION('ref_axis',(0.,-1.,0.));
#15201=DIRECTION('',(0.,-1.,0.));
#15202=DIRECTION('',(0.,0.,1.));
#15203=DIRECTION('center_axis',(0.,1.,0.));
#15204=DIRECTION('ref_axis',(-1.,0.,0.));
#15205=DIRECTION('',(-1.,0.,0.));
#15206=DIRECTION('center_axis',(1.,0.,0.));
#15207=DIRECTION('ref_axis',(0.,1.,0.));
#15208=DIRECTION('',(0.,0.,1.));
#15209=DIRECTION('',(0.,1.,0.));
#15210=DIRECTION('',(0.,0.,1.));
#15211=DIRECTION('center_axis',(0.,-1.,0.));
#15212=DIRECTION('ref_axis',(1.,0.,0.));
#15213=DIRECTION('',(1.,0.,0.));
#15214=DIRECTION('',(0.,0.,1.));
#15215=DIRECTION('center_axis',(-1.,0.,0.));
#15216=DIRECTION('ref_axis',(0.,-1.,0.));
#15217=DIRECTION('',(0.,-1.,0.));
#15218=DIRECTION('',(0.,0.,1.));
#15219=DIRECTION('center_axis',(0.,1.,0.));
#15220=DIRECTION('ref_axis',(-1.,0.,0.));
#15221=DIRECTION('',(-1.,0.,0.));
#15222=DIRECTION('',(0.,0.,1.));
#15223=DIRECTION('center_axis',(0.,0.,1.));
#15224=DIRECTION('ref_axis',(1.,0.,0.));
#15225=DIRECTION('center_axis',(0.,0.,-1.));
#15226=DIRECTION('ref_axis',(1.,0.,0.));
#15227=DIRECTION('',(0.,0.,1.));
#15228=DIRECTION('center_axis',(0.,1.,0.));
#15229=DIRECTION('ref_axis',(-1.,0.,0.));
#15230=DIRECTION('',(-1.,0.,0.));
#15231=DIRECTION('center_axis',(1.,0.,0.));
#15232=DIRECTION('ref_axis',(0.,1.,0.));
#15233=DIRECTION('',(0.,0.,1.));
#15234=DIRECTION('',(0.,1.,0.));
#15235=DIRECTION('',(0.,0.,1.));
#15236=DIRECTION('center_axis',(0.,-1.,0.));
#15237=DIRECTION('ref_axis',(1.,0.,0.));
#15238=DIRECTION('',(1.,0.,0.));
#15239=DIRECTION('',(0.,0.,1.));
#15240=DIRECTION('center_axis',(-1.,0.,0.));
#15241=DIRECTION('ref_axis',(0.,-1.,0.));
#15242=DIRECTION('',(0.,-1.,0.));
#15243=DIRECTION('',(0.,0.,1.));
#15244=DIRECTION('center_axis',(0.,1.,0.));
#15245=DIRECTION('ref_axis',(-1.,0.,0.));
#15246=DIRECTION('',(-1.,0.,0.));
#15247=DIRECTION('center_axis',(0.,1.,0.));
#15248=DIRECTION('ref_axis',(-1.,0.,0.));
#15249=DIRECTION('',(-1.,0.,0.));
#15250=DIRECTION('',(0.,0.,1.));
#15251=DIRECTION('',(0.,0.,1.));
#15252=DIRECTION('center_axis',(1.,0.,0.));
#15253=DIRECTION('ref_axis',(0.,1.,0.));
#15254=DIRECTION('',(0.,1.,0.));
#15255=DIRECTION('',(0.,0.,1.));
#15256=DIRECTION('center_axis',(0.,-1.,0.));
#15257=DIRECTION('ref_axis',(1.,0.,0.));
#15258=DIRECTION('',(1.,0.,0.));
#15259=DIRECTION('',(0.,0.,1.));
#15260=DIRECTION('center_axis',(-1.,0.,0.));
#15261=DIRECTION('ref_axis',(0.,-1.,0.));
#15262=DIRECTION('',(0.,-1.,0.));
#15263=DIRECTION('center_axis',(0.,0.,1.));
#15264=DIRECTION('ref_axis',(-1.,0.,0.));
#15265=DIRECTION('center_axis',(0.,0.,1.));
#15266=DIRECTION('ref_axis',(1.,0.,0.));
#15267=DIRECTION('',(-1.,0.,0.));
#15268=DIRECTION('',(0.,-1.,0.));
#15269=DIRECTION('',(1.,0.,0.));
#15270=DIRECTION('',(0.,1.,0.));
#15271=DIRECTION('center_axis',(0.,0.,-1.));
#15272=DIRECTION('ref_axis',(-1.,0.,0.));
#15273=DIRECTION('center_axis',(0.,0.,1.));
#15274=DIRECTION('ref_axis',(1.,0.,0.));
#15275=DIRECTION('',(0.,1.,0.));
#15276=DIRECTION('',(-1.,0.,0.));
#15277=DIRECTION('',(0.,-1.,0.));
#15278=DIRECTION('',(1.,0.,0.));
#15279=DIRECTION('center_axis',(0.,0.,-1.));
#15280=DIRECTION('ref_axis',(-1.,0.,0.));
#15281=DIRECTION('center_axis',(0.,0.,1.));
#15282=DIRECTION('ref_axis',(1.,0.,0.));
#15283=DIRECTION('',(0.,1.,0.));
#15284=DIRECTION('',(-1.,0.,0.));
#15285=DIRECTION('',(0.,-1.,0.));
#15286=DIRECTION('',(1.,0.,0.));
#15287=DIRECTION('center_axis',(0.,0.,-1.));
#15288=DIRECTION('ref_axis',(-1.,0.,0.));
#15289=DIRECTION('center_axis',(0.,0.,1.));
#15290=DIRECTION('ref_axis',(1.,0.,0.));
#15291=DIRECTION('',(1.,0.,0.));
#15292=DIRECTION('',(0.,1.,0.));
#15293=DIRECTION('',(-1.,0.,0.));
#15294=DIRECTION('',(0.,-1.,0.));
#15295=DIRECTION('center_axis',(0.,0.,-1.));
#15296=DIRECTION('ref_axis',(-1.,0.,0.));
#15297=DIRECTION('center_axis',(0.0024812078989509,0.999996921798944,0.));
#15298=DIRECTION('ref_axis',(0.999996921798944,-0.0024812078989509,0.));
#15299=DIRECTION('',(-0.999996921798944,0.0024812078989509,0.));
#15300=DIRECTION('',(0.,0.,-1.));
#15301=DIRECTION('',(0.999996921798944,-0.0024812078989509,0.));
#15302=DIRECTION('',(0.,0.,-1.));
#15303=DIRECTION('center_axis',(-0.86478213403465,0.502147249972034,0.));
#15304=DIRECTION('ref_axis',(0.502147249972034,0.86478213403465,0.));
#15305=DIRECTION('',(-0.502147249972034,-0.86478213403465,0.));
#15306=DIRECTION('',(0.502147249972034,0.86478213403465,0.));
#15307=DIRECTION('',(0.,0.,-1.));
#15308=DIRECTION('center_axis',(-0.867263341933601,-0.497849671826909,0.));
#15309=DIRECTION('ref_axis',(-0.497849671826909,0.867263341933601,0.));
#15310=DIRECTION('',(0.497849671826909,-0.867263341933601,0.));
#15311=DIRECTION('',(-0.497849671826909,0.867263341933601,0.));
#15312=DIRECTION('',(0.,0.,-1.));
#15313=DIRECTION('center_axis',(-0.0024812078989509,-0.999996921798944,
0.));
#15314=DIRECTION('ref_axis',(-0.999996921798944,0.0024812078989509,0.));
#15315=DIRECTION('',(0.999996921798944,-0.0024812078989509,0.));
#15316=DIRECTION('',(-0.999996921798944,0.0024812078989509,0.));
#15317=DIRECTION('',(0.,0.,-1.));
#15318=DIRECTION('center_axis',(0.86478213403465,-0.502147249972034,0.));
#15319=DIRECTION('ref_axis',(-0.502147249972034,-0.86478213403465,0.));
#15320=DIRECTION('',(0.502147249972034,0.86478213403465,0.));
#15321=DIRECTION('',(-0.502147249972034,-0.86478213403465,0.));
#15322=DIRECTION('',(0.,0.,-1.));
#15323=DIRECTION('center_axis',(0.867263341933601,0.497849671826909,0.));
#15324=DIRECTION('ref_axis',(0.497849671826909,-0.867263341933601,0.));
#15325=DIRECTION('',(-0.497849671826909,0.867263341933601,0.));
#15326=DIRECTION('',(0.497849671826909,-0.867263341933601,0.));
#15327=DIRECTION('center_axis',(0.0024812078989509,0.999996921798944,0.));
#15328=DIRECTION('ref_axis',(0.999996921798944,-0.0024812078989509,0.));
#15329=DIRECTION('',(-0.999996921798944,0.0024812078989509,0.));
#15330=DIRECTION('',(0.,0.,-1.));
#15331=DIRECTION('',(0.999996921798944,-0.0024812078989509,0.));
#15332=DIRECTION('',(0.,0.,-1.));
#15333=DIRECTION('center_axis',(-0.86478213403465,0.502147249972034,0.));
#15334=DIRECTION('ref_axis',(0.502147249972034,0.86478213403465,0.));
#15335=DIRECTION('',(-0.502147249972034,-0.86478213403465,0.));
#15336=DIRECTION('',(0.502147249972034,0.86478213403465,0.));
#15337=DIRECTION('',(0.,0.,-1.));
#15338=DIRECTION('center_axis',(-1.,0.,0.));
#15339=DIRECTION('ref_axis',(0.,1.,0.));
#15340=DIRECTION('',(0.,-1.,0.));
#15341=DIRECTION('',(0.,1.,0.));
#15342=DIRECTION('',(0.,0.,-1.));
#15343=DIRECTION('center_axis',(-0.867263341933601,-0.497849671826909,0.));
#15344=DIRECTION('ref_axis',(-0.497849671826909,0.867263341933601,0.));
#15345=DIRECTION('',(0.497849671826909,-0.867263341933601,0.));
#15346=DIRECTION('',(-0.497849671826909,0.867263341933601,0.));
#15347=DIRECTION('',(0.,0.,-1.));
#15348=DIRECTION('center_axis',(-0.0024812078989509,-0.999996921798944,
0.));
#15349=DIRECTION('ref_axis',(-0.999996921798944,0.0024812078989509,0.));
#15350=DIRECTION('',(0.999996921798944,-0.0024812078989509,0.));
#15351=DIRECTION('',(-0.999996921798944,0.0024812078989509,0.));
#15352=DIRECTION('',(0.,0.,-1.));
#15353=DIRECTION('center_axis',(0.86478213403465,-0.502147249972034,0.));
#15354=DIRECTION('ref_axis',(-0.502147249972034,-0.86478213403465,0.));
#15355=DIRECTION('',(0.502147249972034,0.86478213403465,0.));
#15356=DIRECTION('',(-0.502147249972034,-0.86478213403465,0.));
#15357=DIRECTION('',(0.,0.,-1.));
#15358=DIRECTION('center_axis',(0.867263341933601,0.497849671826909,0.));
#15359=DIRECTION('ref_axis',(0.497849671826909,-0.867263341933601,0.));
#15360=DIRECTION('',(-0.497849671826909,0.867263341933601,0.));
#15361=DIRECTION('',(0.497849671826909,-0.867263341933601,0.));
#15362=DIRECTION('center_axis',(0.0024812078989509,0.999996921798944,0.));
#15363=DIRECTION('ref_axis',(0.999996921798944,-0.0024812078989509,0.));
#15364=DIRECTION('',(-0.999996921798944,0.0024812078989509,0.));
#15365=DIRECTION('',(0.,0.,-1.));
#15366=DIRECTION('',(0.999996921798944,-0.0024812078989509,0.));
#15367=DIRECTION('',(0.,0.,-1.));
#15368=DIRECTION('center_axis',(-0.86478213403465,0.502147249972034,0.));
#15369=DIRECTION('ref_axis',(0.502147249972034,0.86478213403465,0.));
#15370=DIRECTION('',(-0.502147249972034,-0.86478213403465,0.));
#15371=DIRECTION('',(0.502147249972034,0.86478213403465,0.));
#15372=DIRECTION('',(0.,0.,-1.));
#15373=DIRECTION('center_axis',(-0.867263341933601,-0.497849671826909,0.));
#15374=DIRECTION('ref_axis',(-0.497849671826909,0.867263341933601,0.));
#15375=DIRECTION('',(0.497849671826909,-0.867263341933601,0.));
#15376=DIRECTION('',(-0.497849671826909,0.867263341933601,0.));
#15377=DIRECTION('',(0.,0.,-1.));
#15378=DIRECTION('center_axis',(-0.0024812078989509,-0.999996921798944,
0.));
#15379=DIRECTION('ref_axis',(-0.999996921798944,0.0024812078989509,0.));
#15380=DIRECTION('',(0.999996921798944,-0.0024812078989509,0.));
#15381=DIRECTION('',(-0.999996921798944,0.0024812078989509,0.));
#15382=DIRECTION('',(0.,0.,-1.));
#15383=DIRECTION('center_axis',(0.86478213403465,-0.502147249972034,0.));
#15384=DIRECTION('ref_axis',(-0.502147249972034,-0.86478213403465,0.));
#15385=DIRECTION('',(0.502147249972034,0.86478213403465,0.));
#15386=DIRECTION('',(-0.502147249972034,-0.86478213403465,0.));
#15387=DIRECTION('',(0.,0.,-1.));
#15388=DIRECTION('center_axis',(0.867263341933601,0.497849671826909,0.));
#15389=DIRECTION('ref_axis',(0.497849671826909,-0.867263341933601,0.));
#15390=DIRECTION('',(-0.497849671826909,0.867263341933601,0.));
#15391=DIRECTION('',(0.497849671826909,-0.867263341933601,0.));
#15392=DIRECTION('center_axis',(0.0024812078989509,0.999996921798944,0.));
#15393=DIRECTION('ref_axis',(0.999996921798944,-0.0024812078989509,0.));
#15394=DIRECTION('',(-0.999996921798944,0.0024812078989509,0.));
#15395=DIRECTION('',(0.,0.,-1.));
#15396=DIRECTION('',(0.999996921798944,-0.0024812078989509,0.));
#15397=DIRECTION('',(0.,0.,-1.));
#15398=DIRECTION('center_axis',(-0.86478213403465,0.502147249972034,0.));
#15399=DIRECTION('ref_axis',(0.502147249972034,0.86478213403465,0.));
#15400=DIRECTION('',(-0.502147249972034,-0.86478213403465,0.));
#15401=DIRECTION('',(0.502147249972034,0.86478213403465,0.));
#15402=DIRECTION('',(0.,0.,-1.));
#15403=DIRECTION('center_axis',(-0.867263341933601,-0.49784967182691,0.));
#15404=DIRECTION('ref_axis',(-0.49784967182691,0.867263341933601,0.));
#15405=DIRECTION('',(0.49784967182691,-0.867263341933601,0.));
#15406=DIRECTION('',(-0.49784967182691,0.867263341933601,0.));
#15407=DIRECTION('',(0.,0.,-1.));
#15408=DIRECTION('center_axis',(-0.0024812078989509,-0.999996921798944,
0.));
#15409=DIRECTION('ref_axis',(-0.999996921798944,0.0024812078989509,0.));
#15410=DIRECTION('',(0.999996921798944,-0.0024812078989509,0.));
#15411=DIRECTION('',(-0.999996921798944,0.0024812078989509,0.));
#15412=DIRECTION('',(0.,0.,-1.));
#15413=DIRECTION('center_axis',(0.86478213403465,-0.502147249972035,0.));
#15414=DIRECTION('ref_axis',(-0.502147249972035,-0.864782134034649,0.));
#15415=DIRECTION('',(0.502147249972035,0.864782134034649,0.));
#15416=DIRECTION('',(-0.502147249972035,-0.864782134034649,0.));
#15417=DIRECTION('',(0.,0.,-1.));
#15418=DIRECTION('center_axis',(0.867263341933601,0.497849671826909,0.));
#15419=DIRECTION('ref_axis',(0.497849671826909,-0.867263341933601,0.));
#15420=DIRECTION('',(-0.497849671826909,0.867263341933601,0.));
#15421=DIRECTION('',(0.497849671826909,-0.867263341933601,0.));
#15422=DIRECTION('center_axis',(0.00248120789895089,0.999996921798944,0.));
#15423=DIRECTION('ref_axis',(0.999996921798944,-0.00248120789895089,0.));
#15424=DIRECTION('',(-0.999996921798944,0.00248120789895089,0.));
#15425=DIRECTION('',(0.,0.,-1.));
#15426=DIRECTION('',(0.999996921798944,-0.00248120789895089,0.));
#15427=DIRECTION('',(0.,0.,-1.));
#15428=DIRECTION('center_axis',(-0.86478213403465,0.502147249972034,0.));
#15429=DIRECTION('ref_axis',(0.502147249972034,0.86478213403465,0.));
#15430=DIRECTION('',(-0.502147249972034,-0.86478213403465,0.));
#15431=DIRECTION('',(0.502147249972034,0.86478213403465,0.));
#15432=DIRECTION('',(0.,0.,-1.));
#15433=DIRECTION('center_axis',(-0.86478213403465,0.502147249972034,0.));
#15434=DIRECTION('ref_axis',(0.502147249972034,0.86478213403465,0.));
#15435=DIRECTION('',(-0.502147249972034,-0.86478213403465,0.));
#15436=DIRECTION('',(0.,0.,-1.));
#15437=DIRECTION('',(0.502147249972034,0.86478213403465,0.));
#15438=DIRECTION('',(0.,0.,-1.));
#15439=DIRECTION('center_axis',(-0.867263341933601,-0.497849671826909,0.));
#15440=DIRECTION('ref_axis',(-0.497849671826909,0.867263341933601,0.));
#15441=DIRECTION('',(0.497849671826909,-0.867263341933601,0.));
#15442=DIRECTION('',(-0.497849671826909,0.867263341933601,0.));
#15443=DIRECTION('',(0.,0.,-1.));
#15444=DIRECTION('center_axis',(-0.0024812078989509,-0.999996921798944,
0.));
#15445=DIRECTION('ref_axis',(-0.999996921798944,0.0024812078989509,0.));
#15446=DIRECTION('',(0.999996921798944,-0.0024812078989509,0.));
#15447=DIRECTION('',(-0.999996921798944,0.0024812078989509,0.));
#15448=DIRECTION('',(0.,0.,-1.));
#15449=DIRECTION('center_axis',(0.86478213403465,-0.502147249972035,0.));
#15450=DIRECTION('ref_axis',(-0.502147249972035,-0.86478213403465,0.));
#15451=DIRECTION('',(0.502147249972035,0.86478213403465,0.));
#15452=DIRECTION('',(-0.502147249972035,-0.86478213403465,0.));
#15453=DIRECTION('',(0.,0.,-1.));
#15454=DIRECTION('center_axis',(0.867263341933601,0.497849671826909,0.));
#15455=DIRECTION('ref_axis',(0.497849671826909,-0.867263341933601,0.));
#15456=DIRECTION('',(-0.497849671826909,0.867263341933601,0.));
#15457=DIRECTION('',(0.497849671826909,-0.867263341933601,0.));
#15458=DIRECTION('center_axis',(0.0024812078989509,0.999996921798944,0.));
#15459=DIRECTION('ref_axis',(0.999996921798944,-0.0024812078989509,0.));
#15460=DIRECTION('',(-0.999996921798944,0.0024812078989509,0.));
#15461=DIRECTION('',(0.,0.,-1.));
#15462=DIRECTION('',(0.999996921798944,-0.0024812078989509,0.));
#15463=DIRECTION('',(0.,0.,-1.));
#15464=DIRECTION('center_axis',(-0.86478213403465,0.502147249972034,0.));
#15465=DIRECTION('ref_axis',(0.502147249972034,0.86478213403465,0.));
#15466=DIRECTION('',(-0.502147249972034,-0.86478213403465,0.));
#15467=DIRECTION('',(0.502147249972034,0.86478213403465,0.));
#15468=DIRECTION('',(0.,0.,-1.));
#15469=DIRECTION('center_axis',(-0.867263341933601,-0.497849671826909,0.));
#15470=DIRECTION('ref_axis',(-0.497849671826909,0.867263341933601,0.));
#15471=DIRECTION('',(0.497849671826909,-0.867263341933601,0.));
#15472=DIRECTION('',(-0.497849671826909,0.867263341933601,0.));
#15473=DIRECTION('',(0.,0.,-1.));
#15474=DIRECTION('center_axis',(-0.0024812078989509,-0.999996921798944,
0.));
#15475=DIRECTION('ref_axis',(-0.999996921798944,0.0024812078989509,0.));
#15476=DIRECTION('',(0.999996921798944,-0.0024812078989509,0.));
#15477=DIRECTION('',(-0.999996921798944,0.0024812078989509,0.));
#15478=DIRECTION('',(0.,0.,-1.));
#15479=DIRECTION('center_axis',(0.86478213403465,-0.502147249972034,0.));
#15480=DIRECTION('ref_axis',(-0.502147249972034,-0.86478213403465,0.));
#15481=DIRECTION('',(0.502147249972034,0.86478213403465,0.));
#15482=DIRECTION('',(-0.502147249972034,-0.86478213403465,0.));
#15483=DIRECTION('',(0.,0.,-1.));
#15484=DIRECTION('center_axis',(0.867263341933601,0.497849671826909,0.));
#15485=DIRECTION('ref_axis',(0.497849671826909,-0.867263341933601,0.));
#15486=DIRECTION('',(-0.497849671826909,0.867263341933601,0.));
#15487=DIRECTION('',(0.497849671826909,-0.867263341933601,0.));
#15488=DIRECTION('center_axis',(0.86478213403465,-0.502147249972034,0.));
#15489=DIRECTION('ref_axis',(-0.502147249972034,-0.86478213403465,0.));
#15490=DIRECTION('',(0.502147249972034,0.86478213403465,0.));
#15491=DIRECTION('',(0.,0.,-1.));
#15492=DIRECTION('',(-0.502147249972034,-0.86478213403465,0.));
#15493=DIRECTION('',(0.,0.,-1.));
#15494=DIRECTION('center_axis',(1.,0.,0.));
#15495=DIRECTION('ref_axis',(0.,-1.,0.));
#15496=DIRECTION('',(0.,1.,0.));
#15497=DIRECTION('',(0.,-1.,0.));
#15498=DIRECTION('',(0.,0.,-1.));
#15499=DIRECTION('center_axis',(0.867263341933601,0.497849671826909,0.));
#15500=DIRECTION('ref_axis',(0.497849671826909,-0.867263341933601,0.));
#15501=DIRECTION('',(-0.497849671826909,0.867263341933601,0.));
#15502=DIRECTION('',(0.497849671826909,-0.867263341933601,0.));
#15503=DIRECTION('',(0.,0.,-1.));
#15504=DIRECTION('center_axis',(0.0024812078989509,0.999996921798944,0.));
#15505=DIRECTION('ref_axis',(0.999996921798944,-0.0024812078989509,0.));
#15506=DIRECTION('',(-0.999996921798944,0.0024812078989509,0.));
#15507=DIRECTION('',(0.999996921798944,-0.0024812078989509,0.));
#15508=DIRECTION('',(0.,0.,-1.));
#15509=DIRECTION('center_axis',(-0.86478213403465,0.502147249972034,0.));
#15510=DIRECTION('ref_axis',(0.502147249972034,0.86478213403465,0.));
#15511=DIRECTION('',(-0.502147249972034,-0.86478213403465,0.));
#15512=DIRECTION('',(0.502147249972034,0.86478213403465,0.));
#15513=DIRECTION('',(0.,0.,-1.));
#15514=DIRECTION('center_axis',(-0.867263341933601,-0.497849671826909,0.));
#15515=DIRECTION('ref_axis',(-0.497849671826909,0.867263341933601,0.));
#15516=DIRECTION('',(0.497849671826909,-0.867263341933601,0.));
#15517=DIRECTION('',(-0.497849671826909,0.867263341933601,0.));
#15518=DIRECTION('',(0.,0.,-1.));
#15519=DIRECTION('center_axis',(-0.0024812078989509,-0.999996921798944,
0.));
#15520=DIRECTION('ref_axis',(-0.999996921798944,0.0024812078989509,0.));
#15521=DIRECTION('',(0.999996921798944,-0.0024812078989509,0.));
#15522=DIRECTION('',(-0.999996921798944,0.0024812078989509,0.));
#15523=DIRECTION('center_axis',(0.0024812078989509,0.999996921798944,0.));
#15524=DIRECTION('ref_axis',(0.999996921798944,-0.0024812078989509,0.));
#15525=DIRECTION('',(-0.999996921798944,0.0024812078989509,0.));
#15526=DIRECTION('',(0.,0.,-1.));
#15527=DIRECTION('',(0.999996921798944,-0.0024812078989509,0.));
#15528=DIRECTION('',(0.,0.,-1.));
#15529=DIRECTION('center_axis',(-0.86478213403465,0.502147249972034,0.));
#15530=DIRECTION('ref_axis',(0.502147249972034,0.86478213403465,0.));
#15531=DIRECTION('',(-0.502147249972034,-0.86478213403465,0.));
#15532=DIRECTION('',(0.502147249972034,0.86478213403465,0.));
#15533=DIRECTION('',(0.,0.,-1.));
#15534=DIRECTION('center_axis',(-0.867263341933601,-0.497849671826909,0.));
#15535=DIRECTION('ref_axis',(-0.497849671826909,0.867263341933601,0.));
#15536=DIRECTION('',(0.497849671826909,-0.867263341933601,0.));
#15537=DIRECTION('',(-0.497849671826909,0.867263341933601,0.));
#15538=DIRECTION('',(0.,0.,-1.));
#15539=DIRECTION('center_axis',(-0.0024812078989509,-0.999996921798944,
0.));
#15540=DIRECTION('ref_axis',(-0.999996921798944,0.0024812078989509,0.));
#15541=DIRECTION('',(0.999996921798944,-0.0024812078989509,0.));
#15542=DIRECTION('',(-0.999996921798944,0.0024812078989509,0.));
#15543=DIRECTION('',(0.,0.,-1.));
#15544=DIRECTION('center_axis',(0.86478213403465,-0.502147249972034,0.));
#15545=DIRECTION('ref_axis',(-0.502147249972034,-0.86478213403465,0.));
#15546=DIRECTION('',(0.502147249972034,0.86478213403465,0.));
#15547=DIRECTION('',(-0.502147249972034,-0.86478213403465,0.));
#15548=DIRECTION('',(0.,0.,-1.));
#15549=DIRECTION('center_axis',(0.867263341933601,0.497849671826909,0.));
#15550=DIRECTION('ref_axis',(0.497849671826909,-0.867263341933601,0.));
#15551=DIRECTION('',(-0.497849671826909,0.867263341933601,0.));
#15552=DIRECTION('',(0.497849671826909,-0.867263341933601,0.));
#15553=DIRECTION('center_axis',(0.0024812078989509,0.999996921798944,0.));
#15554=DIRECTION('ref_axis',(0.999996921798944,-0.0024812078989509,0.));
#15555=DIRECTION('',(-0.999996921798944,0.0024812078989509,0.));
#15556=DIRECTION('',(0.,0.,-1.));
#15557=DIRECTION('',(0.999996921798944,-0.0024812078989509,0.));
#15558=DIRECTION('',(0.,0.,-1.));
#15559=DIRECTION('center_axis',(-0.86478213403465,0.502147249972034,0.));
#15560=DIRECTION('ref_axis',(0.502147249972034,0.86478213403465,0.));
#15561=DIRECTION('',(-0.502147249972034,-0.86478213403465,0.));
#15562=DIRECTION('',(0.502147249972034,0.86478213403465,0.));
#15563=DIRECTION('',(0.,0.,-1.));
#15564=DIRECTION('center_axis',(-0.867263341933601,-0.497849671826909,0.));
#15565=DIRECTION('ref_axis',(-0.497849671826909,0.867263341933601,0.));
#15566=DIRECTION('',(0.497849671826909,-0.867263341933601,0.));
#15567=DIRECTION('',(-0.497849671826909,0.867263341933601,0.));
#15568=DIRECTION('',(0.,0.,-1.));
#15569=DIRECTION('center_axis',(-0.0024812078989509,-0.999996921798944,
0.));
#15570=DIRECTION('ref_axis',(-0.999996921798944,0.0024812078989509,0.));
#15571=DIRECTION('',(0.999996921798944,-0.0024812078989509,0.));
#15572=DIRECTION('',(-0.999996921798944,0.0024812078989509,0.));
#15573=DIRECTION('',(0.,0.,-1.));
#15574=DIRECTION('center_axis',(0.86478213403465,-0.502147249972034,0.));
#15575=DIRECTION('ref_axis',(-0.502147249972034,-0.86478213403465,0.));
#15576=DIRECTION('',(0.502147249972034,0.86478213403465,0.));
#15577=DIRECTION('',(-0.502147249972034,-0.86478213403465,0.));
#15578=DIRECTION('',(0.,0.,-1.));
#15579=DIRECTION('center_axis',(0.867263341933601,0.497849671826909,0.));
#15580=DIRECTION('ref_axis',(0.497849671826909,-0.867263341933601,0.));
#15581=DIRECTION('',(-0.497849671826909,0.867263341933601,0.));
#15582=DIRECTION('',(0.497849671826909,-0.867263341933601,0.));
#15583=DIRECTION('center_axis',(-0.867263341933601,-0.497849671826909,0.));
#15584=DIRECTION('ref_axis',(-0.497849671826909,0.867263341933601,0.));
#15585=DIRECTION('',(0.497849671826909,-0.867263341933601,0.));
#15586=DIRECTION('',(0.,0.,-1.));
#15587=DIRECTION('',(-0.497849671826909,0.867263341933601,0.));
#15588=DIRECTION('',(0.,0.,-1.));
#15589=DIRECTION('center_axis',(-0.00248120789895268,-0.999996921798944,
0.));
#15590=DIRECTION('ref_axis',(-0.999996921798944,0.00248120789895268,0.));
#15591=DIRECTION('',(0.999996921798944,-0.00248120789895268,0.));
#15592=DIRECTION('',(-0.999996921798944,0.00248120789895268,0.));
#15593=DIRECTION('',(0.,0.,-1.));
#15594=DIRECTION('center_axis',(0.864782134034651,-0.502147249972033,0.));
#15595=DIRECTION('ref_axis',(-0.502147249972033,-0.864782134034651,0.));
#15596=DIRECTION('',(0.502147249972033,0.864782134034651,0.));
#15597=DIRECTION('',(-0.502147249972033,-0.864782134034651,0.));
#15598=DIRECTION('',(0.,0.,-1.));
#15599=DIRECTION('center_axis',(0.867263341933601,0.497849671826909,0.));
#15600=DIRECTION('ref_axis',(0.497849671826909,-0.867263341933601,0.));
#15601=DIRECTION('',(-0.497849671826909,0.867263341933601,0.));
#15602=DIRECTION('',(0.497849671826909,-0.867263341933601,0.));
#15603=DIRECTION('',(0.,0.,-1.));
#15604=DIRECTION('center_axis',(0.00248120789894912,0.999996921798944,0.));
#15605=DIRECTION('ref_axis',(0.999996921798944,-0.00248120789894912,0.));
#15606=DIRECTION('',(-0.999996921798944,0.00248120789894912,0.));
#15607=DIRECTION('',(0.999996921798944,-0.00248120789894912,0.));
#15608=DIRECTION('',(0.,0.,-1.));
#15609=DIRECTION('center_axis',(-0.86478213403465,0.502147249972034,0.));
#15610=DIRECTION('ref_axis',(0.502147249972034,0.86478213403465,0.));
#15611=DIRECTION('',(-0.502147249972034,-0.86478213403465,0.));
#15612=DIRECTION('',(0.,0.,-1.));
#15613=DIRECTION('',(0.502147249972034,0.86478213403465,0.));
#15614=DIRECTION('',(0.,0.,-1.));
#15615=DIRECTION('center_axis',(-0.867263341933601,-0.497849671826909,0.));
#15616=DIRECTION('ref_axis',(-0.497849671826909,0.867263341933601,0.));
#15617=DIRECTION('',(0.497849671826909,-0.867263341933601,0.));
#15618=DIRECTION('',(-0.497849671826909,0.867263341933601,0.));
#15619=DIRECTION('',(0.,0.,-1.));
#15620=DIRECTION('center_axis',(-0.0024812078989509,-0.999996921798944,
0.));
#15621=DIRECTION('ref_axis',(-0.999996921798944,0.0024812078989509,0.));
#15622=DIRECTION('',(0.999996921798944,-0.0024812078989509,0.));
#15623=DIRECTION('',(-0.999996921798944,0.0024812078989509,0.));
#15624=DIRECTION('',(0.,0.,-1.));
#15625=DIRECTION('center_axis',(0.86478213403465,-0.502147249972034,0.));
#15626=DIRECTION('ref_axis',(-0.502147249972034,-0.86478213403465,0.));
#15627=DIRECTION('',(0.502147249972034,0.86478213403465,0.));
#15628=DIRECTION('',(-0.502147249972034,-0.86478213403465,0.));
#15629=DIRECTION('',(0.,0.,-1.));
#15630=DIRECTION('center_axis',(0.867263341933601,0.497849671826909,0.));
#15631=DIRECTION('ref_axis',(0.497849671826909,-0.867263341933601,0.));
#15632=DIRECTION('',(-0.497849671826909,0.867263341933601,0.));
#15633=DIRECTION('',(0.497849671826909,-0.867263341933601,0.));
#15634=DIRECTION('',(0.,0.,-1.));
#15635=DIRECTION('center_axis',(0.00248120789894912,0.999996921798944,0.));
#15636=DIRECTION('ref_axis',(0.999996921798944,-0.00248120789894912,0.));
#15637=DIRECTION('',(-0.999996921798944,0.00248120789894912,0.));
#15638=DIRECTION('',(0.999996921798944,-0.00248120789894912,0.));
#15639=DIRECTION('',(0.,0.,-1.));
#15640=DIRECTION('center_axis',(0.00248120789895089,0.999996921798944,0.));
#15641=DIRECTION('ref_axis',(0.999996921798944,-0.00248120789895089,0.));
#15642=DIRECTION('',(-0.999996921798944,0.00248120789895089,0.));
#15643=DIRECTION('',(0.,0.,-1.));
#15644=DIRECTION('',(0.999996921798944,-0.00248120789895089,0.));
#15645=DIRECTION('',(0.,0.,-1.));
#15646=DIRECTION('center_axis',(-0.86478213403465,0.502147249972034,0.));
#15647=DIRECTION('ref_axis',(0.502147249972034,0.86478213403465,0.));
#15648=DIRECTION('',(-0.502147249972034,-0.86478213403465,0.));
#15649=DIRECTION('',(0.502147249972034,0.86478213403465,0.));
#15650=DIRECTION('',(0.,0.,-1.));
#15651=DIRECTION('center_axis',(-0.867263341933601,-0.497849671826909,0.));
#15652=DIRECTION('ref_axis',(-0.497849671826909,0.867263341933601,0.));
#15653=DIRECTION('',(0.497849671826909,-0.867263341933601,0.));
#15654=DIRECTION('',(-0.497849671826909,0.867263341933601,0.));
#15655=DIRECTION('',(0.,0.,-1.));
#15656=DIRECTION('center_axis',(-0.0024812078989509,-0.999996921798944,
0.));
#15657=DIRECTION('ref_axis',(-0.999996921798944,0.0024812078989509,0.));
#15658=DIRECTION('',(0.999996921798944,-0.0024812078989509,0.));
#15659=DIRECTION('',(-0.999996921798944,0.0024812078989509,0.));
#15660=DIRECTION('',(0.,0.,-1.));
#15661=DIRECTION('center_axis',(0.86478213403465,-0.502147249972035,0.));
#15662=DIRECTION('ref_axis',(-0.502147249972035,-0.86478213403465,0.));
#15663=DIRECTION('',(0.502147249972035,0.86478213403465,0.));
#15664=DIRECTION('',(-0.502147249972035,-0.86478213403465,0.));
#15665=DIRECTION('',(0.,0.,-1.));
#15666=DIRECTION('center_axis',(0.867263341933601,0.497849671826909,0.));
#15667=DIRECTION('ref_axis',(0.497849671826909,-0.867263341933601,0.));
#15668=DIRECTION('',(-0.497849671826909,0.867263341933601,0.));
#15669=DIRECTION('',(0.497849671826909,-0.867263341933601,0.));
#15670=DIRECTION('center_axis',(-1.,0.,0.));
#15671=DIRECTION('ref_axis',(0.,1.,0.));
#15672=DIRECTION('',(0.,-1.,0.));
#15673=DIRECTION('',(0.,0.,-1.));
#15674=DIRECTION('',(0.,1.,0.));
#15675=DIRECTION('',(0.,0.,-1.));
#15676=DIRECTION('center_axis',(0.,1.,0.));
#15677=DIRECTION('ref_axis',(1.,0.,0.));
#15678=DIRECTION('',(-1.,0.,0.));
#15679=DIRECTION('',(1.,0.,0.));
#15680=DIRECTION('',(0.,0.,-1.));
#15681=DIRECTION('center_axis',(-0.86478213403465,0.502147249972034,0.));
#15682=DIRECTION('ref_axis',(0.502147249972034,0.86478213403465,0.));
#15683=DIRECTION('',(-0.502147249972034,-0.86478213403465,0.));
#15684=DIRECTION('',(0.502147249972034,0.86478213403465,0.));
#15685=DIRECTION('',(0.,0.,-1.));
#15686=DIRECTION('center_axis',(-0.867263341933601,-0.497849671826909,0.));
#15687=DIRECTION('ref_axis',(-0.497849671826909,0.867263341933601,0.));
#15688=DIRECTION('',(0.497849671826909,-0.867263341933601,0.));
#15689=DIRECTION('',(-0.497849671826909,0.867263341933601,0.));
#15690=DIRECTION('',(0.,0.,-1.));
#15691=DIRECTION('center_axis',(-0.0024812078989509,-0.999996921798944,
0.));
#15692=DIRECTION('ref_axis',(-0.999996921798944,0.0024812078989509,0.));
#15693=DIRECTION('',(0.999996921798944,-0.0024812078989509,0.));
#15694=DIRECTION('',(-0.999996921798944,0.0024812078989509,0.));
#15695=DIRECTION('',(0.,0.,-1.));
#15696=DIRECTION('center_axis',(0.867263341933601,0.497849671826909,0.));
#15697=DIRECTION('ref_axis',(0.497849671826909,-0.867263341933601,0.));
#15698=DIRECTION('',(-0.497849671826909,0.867263341933601,0.));
#15699=DIRECTION('',(0.,0.,-1.));
#15700=DIRECTION('',(0.497849671826909,-0.867263341933601,0.));
#15701=DIRECTION('',(0.,0.,-1.));
#15702=DIRECTION('center_axis',(0.0024812078989509,0.999996921798944,0.));
#15703=DIRECTION('ref_axis',(0.999996921798944,-0.0024812078989509,0.));
#15704=DIRECTION('',(-0.999996921798944,0.0024812078989509,0.));
#15705=DIRECTION('',(0.999996921798944,-0.0024812078989509,0.));
#15706=DIRECTION('center_axis',(0.0024812078989509,0.999996921798944,0.));
#15707=DIRECTION('ref_axis',(0.999996921798944,-0.0024812078989509,0.));
#15708=DIRECTION('',(-0.999996921798944,0.0024812078989509,0.));
#15709=DIRECTION('',(0.,0.,-1.));
#15710=DIRECTION('',(0.999996921798944,-0.0024812078989509,0.));
#15711=DIRECTION('',(0.,0.,-1.));
#15712=DIRECTION('center_axis',(-0.86478213403465,0.502147249972034,0.));
#15713=DIRECTION('ref_axis',(0.502147249972034,0.86478213403465,0.));
#15714=DIRECTION('',(-0.502147249972034,-0.86478213403465,0.));
#15715=DIRECTION('',(0.502147249972034,0.86478213403465,0.));
#15716=DIRECTION('',(0.,0.,-1.));
#15717=DIRECTION('center_axis',(-0.867263341933601,-0.497849671826909,0.));
#15718=DIRECTION('ref_axis',(-0.497849671826909,0.867263341933601,0.));
#15719=DIRECTION('',(0.497849671826909,-0.867263341933601,0.));
#15720=DIRECTION('',(-0.497849671826909,0.867263341933601,0.));
#15721=DIRECTION('',(0.,0.,-1.));
#15722=DIRECTION('center_axis',(-0.0024812078989509,-0.999996921798944,
0.));
#15723=DIRECTION('ref_axis',(-0.999996921798944,0.0024812078989509,0.));
#15724=DIRECTION('',(0.999996921798944,-0.0024812078989509,0.));
#15725=DIRECTION('',(-0.999996921798944,0.0024812078989509,0.));
#15726=DIRECTION('',(0.,0.,-1.));
#15727=DIRECTION('center_axis',(0.86478213403465,-0.502147249972034,0.));
#15728=DIRECTION('ref_axis',(-0.502147249972034,-0.86478213403465,0.));
#15729=DIRECTION('',(0.502147249972034,0.86478213403465,0.));
#15730=DIRECTION('',(-0.502147249972034,-0.86478213403465,0.));
#15731=DIRECTION('',(0.,0.,-1.));
#15732=DIRECTION('center_axis',(0.867263341933601,0.497849671826909,0.));
#15733=DIRECTION('ref_axis',(0.497849671826909,-0.867263341933601,0.));
#15734=DIRECTION('',(-0.497849671826909,0.867263341933601,0.));
#15735=DIRECTION('',(0.497849671826909,-0.867263341933601,0.));
#15736=DIRECTION('center_axis',(0.0024812078989509,0.999996921798944,0.));
#15737=DIRECTION('ref_axis',(0.999996921798944,-0.0024812078989509,0.));
#15738=DIRECTION('',(-0.999996921798944,0.0024812078989509,0.));
#15739=DIRECTION('',(0.,0.,-1.));
#15740=DIRECTION('',(0.999996921798944,-0.0024812078989509,0.));
#15741=DIRECTION('',(0.,0.,-1.));
#15742=DIRECTION('center_axis',(-0.86478213403465,0.502147249972034,0.));
#15743=DIRECTION('ref_axis',(0.502147249972034,0.86478213403465,0.));
#15744=DIRECTION('',(-0.502147249972034,-0.86478213403465,0.));
#15745=DIRECTION('',(0.502147249972034,0.86478213403465,0.));
#15746=DIRECTION('',(0.,0.,-1.));
#15747=DIRECTION('center_axis',(-0.867263341933601,-0.497849671826909,0.));
#15748=DIRECTION('ref_axis',(-0.497849671826909,0.867263341933601,0.));
#15749=DIRECTION('',(0.497849671826909,-0.867263341933601,0.));
#15750=DIRECTION('',(-0.497849671826909,0.867263341933601,0.));
#15751=DIRECTION('',(0.,0.,-1.));
#15752=DIRECTION('center_axis',(-0.0024812078989509,-0.999996921798944,
0.));
#15753=DIRECTION('ref_axis',(-0.999996921798944,0.0024812078989509,0.));
#15754=DIRECTION('',(0.999996921798944,-0.0024812078989509,0.));
#15755=DIRECTION('',(-0.999996921798944,0.0024812078989509,0.));
#15756=DIRECTION('',(0.,0.,-1.));
#15757=DIRECTION('center_axis',(0.86478213403465,-0.502147249972034,0.));
#15758=DIRECTION('ref_axis',(-0.502147249972034,-0.86478213403465,0.));
#15759=DIRECTION('',(0.502147249972034,0.86478213403465,0.));
#15760=DIRECTION('',(-0.502147249972034,-0.86478213403465,0.));
#15761=DIRECTION('',(0.,0.,-1.));
#15762=DIRECTION('center_axis',(0.867263341933601,0.497849671826909,0.));
#15763=DIRECTION('ref_axis',(0.497849671826909,-0.867263341933601,0.));
#15764=DIRECTION('',(-0.497849671826909,0.867263341933601,0.));
#15765=DIRECTION('',(0.497849671826909,-0.867263341933601,0.));
#15766=DIRECTION('center_axis',(0.0024812078989509,0.999996921798944,0.));
#15767=DIRECTION('ref_axis',(0.999996921798944,-0.0024812078989509,0.));
#15768=DIRECTION('',(-0.999996921798944,0.0024812078989509,0.));
#15769=DIRECTION('',(0.,0.,-1.));
#15770=DIRECTION('',(0.999996921798944,-0.0024812078989509,0.));
#15771=DIRECTION('',(0.,0.,-1.));
#15772=DIRECTION('center_axis',(-0.86478213403465,0.502147249972034,0.));
#15773=DIRECTION('ref_axis',(0.502147249972034,0.86478213403465,0.));
#15774=DIRECTION('',(-0.502147249972034,-0.86478213403465,0.));
#15775=DIRECTION('',(0.502147249972034,0.86478213403465,0.));
#15776=DIRECTION('',(0.,0.,-1.));
#15777=DIRECTION('center_axis',(-0.867263341933601,-0.497849671826909,0.));
#15778=DIRECTION('ref_axis',(-0.497849671826909,0.867263341933601,0.));
#15779=DIRECTION('',(0.497849671826909,-0.867263341933601,0.));
#15780=DIRECTION('',(-0.497849671826909,0.867263341933601,0.));
#15781=DIRECTION('',(0.,0.,-1.));
#15782=DIRECTION('center_axis',(-0.0024812078989509,-0.999996921798944,
0.));
#15783=DIRECTION('ref_axis',(-0.999996921798944,0.0024812078989509,0.));
#15784=DIRECTION('',(0.999996921798944,-0.0024812078989509,0.));
#15785=DIRECTION('',(-0.999996921798944,0.0024812078989509,0.));
#15786=DIRECTION('',(0.,0.,-1.));
#15787=DIRECTION('center_axis',(0.86478213403465,-0.502147249972034,0.));
#15788=DIRECTION('ref_axis',(-0.502147249972034,-0.86478213403465,0.));
#15789=DIRECTION('',(0.502147249972034,0.86478213403465,0.));
#15790=DIRECTION('',(-0.502147249972034,-0.86478213403465,0.));
#15791=DIRECTION('',(0.,0.,-1.));
#15792=DIRECTION('center_axis',(0.867263341933601,0.497849671826909,0.));
#15793=DIRECTION('ref_axis',(0.497849671826909,-0.867263341933601,0.));
#15794=DIRECTION('',(-0.497849671826909,0.867263341933601,0.));
#15795=DIRECTION('',(0.497849671826909,-0.867263341933601,0.));
#15796=DIRECTION('center_axis',(0.0024812078989509,0.999996921798944,0.));
#15797=DIRECTION('ref_axis',(0.999996921798944,-0.0024812078989509,0.));
#15798=DIRECTION('',(-0.999996921798944,0.0024812078989509,0.));
#15799=DIRECTION('',(0.,0.,-1.));
#15800=DIRECTION('',(0.999996921798944,-0.0024812078989509,0.));
#15801=DIRECTION('',(0.,0.,-1.));
#15802=DIRECTION('center_axis',(-0.86478213403465,0.502147249972034,0.));
#15803=DIRECTION('ref_axis',(0.502147249972034,0.86478213403465,0.));
#15804=DIRECTION('',(-0.502147249972034,-0.86478213403465,0.));
#15805=DIRECTION('',(0.502147249972034,0.86478213403465,0.));
#15806=DIRECTION('',(0.,0.,-1.));
#15807=DIRECTION('center_axis',(-0.867263341933601,-0.497849671826909,0.));
#15808=DIRECTION('ref_axis',(-0.497849671826909,0.867263341933601,0.));
#15809=DIRECTION('',(0.497849671826909,-0.867263341933601,0.));
#15810=DIRECTION('',(-0.497849671826909,0.867263341933601,0.));
#15811=DIRECTION('',(0.,0.,-1.));
#15812=DIRECTION('center_axis',(-0.0024812078989509,-0.999996921798944,
0.));
#15813=DIRECTION('ref_axis',(-0.999996921798944,0.0024812078989509,0.));
#15814=DIRECTION('',(0.999996921798944,-0.0024812078989509,0.));
#15815=DIRECTION('',(-0.999996921798944,0.0024812078989509,0.));
#15816=DIRECTION('',(0.,0.,-1.));
#15817=DIRECTION('center_axis',(0.86478213403465,-0.502147249972034,0.));
#15818=DIRECTION('ref_axis',(-0.502147249972034,-0.86478213403465,0.));
#15819=DIRECTION('',(0.502147249972034,0.86478213403465,0.));
#15820=DIRECTION('',(-0.502147249972034,-0.86478213403465,0.));
#15821=DIRECTION('',(0.,0.,-1.));
#15822=DIRECTION('center_axis',(0.867263341933601,0.497849671826909,0.));
#15823=DIRECTION('ref_axis',(0.497849671826909,-0.867263341933601,0.));
#15824=DIRECTION('',(-0.497849671826909,0.867263341933601,0.));
#15825=DIRECTION('',(0.497849671826909,-0.867263341933601,0.));
#15826=DIRECTION('center_axis',(0.,0.,1.));
#15827=DIRECTION('ref_axis',(1.,0.,0.));
#15828=DIRECTION('',(-1.,0.,0.));
#15829=DIRECTION('',(0.,-1.,0.));
#15830=DIRECTION('',(1.,0.,0.));
#15831=DIRECTION('',(0.,-1.,0.));
#15832=DIRECTION('',(1.,0.,0.));
#15833=DIRECTION('',(0.,1.,0.));
#15834=DIRECTION('',(1.,0.,0.));
#15835=DIRECTION('',(0.,-1.,0.));
#15836=DIRECTION('',(-1.,0.,0.));
#15837=DIRECTION('',(-0.502147249972034,-0.86478213403465,0.));
#15838=DIRECTION('',(-0.999996921798944,0.00248120789895267,0.));
#15839=DIRECTION('',(-0.497849671826909,0.867263341933601,0.));
#15840=DIRECTION('',(0.502147249972034,0.86478213403465,0.));
#15841=DIRECTION('',(0.999996921798944,-0.00248120789895267,0.));
#15842=DIRECTION('',(0.,1.,0.));
#15843=DIRECTION('',(-1.,0.,0.));
#15844=DIRECTION('',(0.,-1.,0.));
#15845=DIRECTION('center_axis',(0.,0.,-1.));
#15846=DIRECTION('ref_axis',(1.,0.,0.));
#15847=DIRECTION('center_axis',(0.,0.,-1.));
#15848=DIRECTION('ref_axis',(1.,0.,0.));
#15849=DIRECTION('',(-0.999996921798944,0.00248120789895268,0.));
#15850=DIRECTION('center_axis',(0.,0.,-1.));
#15851=DIRECTION('ref_axis',(1.,0.,0.));
#15852=DIRECTION('',(-1.,0.,0.));
#15853=DIRECTION('',(0.,-1.,0.));
#15854=DIRECTION('',(-0.502147249972034,-0.86478213403465,0.));
#15855=DIRECTION('',(-0.999996921798944,0.0024812078989509,0.));
#15856=DIRECTION('',(-0.497849671826909,0.867263341933601,0.));
#15857=DIRECTION('',(0.502147249972034,0.86478213403465,0.));
#15858=DIRECTION('',(0.999996921798944,-0.0024812078989509,0.));
#15859=DIRECTION('center_axis',(0.,0.,-1.));
#15860=DIRECTION('ref_axis',(1.,0.,0.));
#15861=DIRECTION('',(0.502147249972034,0.86478213403465,0.));
#15862=DIRECTION('',(0.999996921798944,-0.00248120789894913,0.));
#15863=DIRECTION('',(0.497849671826909,-0.867263341933601,0.));
#15864=DIRECTION('',(-0.502147249972033,-0.864782134034651,0.));
#15865=DIRECTION('',(-0.999996921798944,0.00248120789895268,0.));
#15866=DIRECTION('',(-0.497849671826909,0.867263341933601,0.));
#15867=DIRECTION('',(0.502147249972034,0.86478213403465,0.));
#15868=DIRECTION('',(0.999996921798944,-0.00248120789894913,0.));
#15869=DIRECTION('',(0.497849671826909,-0.867263341933601,0.));
#15870=DIRECTION('',(-0.502147249972033,-0.864782134034651,0.));
#15871=DIRECTION('',(-0.999996921798944,0.0024812078989509,0.));
#15872=DIRECTION('',(-0.497849671826909,0.867263341933601,0.));
#15873=DIRECTION('',(0.502147249972034,0.86478213403465,0.));
#15874=DIRECTION('',(0.999996921798944,-0.0024812078989509,0.));
#15875=DIRECTION('',(0.497849671826909,-0.867263341933601,0.));
#15876=DIRECTION('',(-0.502147249972035,-0.86478213403465,0.));
#15877=DIRECTION('',(-0.999996921798944,0.0024812078989509,0.));
#15878=DIRECTION('',(-0.497849671826909,0.867263341933601,0.));
#15879=DIRECTION('',(0.502147249972034,0.86478213403465,0.));
#15880=DIRECTION('',(0.999996921798944,-0.0024812078989509,0.));
#15881=DIRECTION('',(0.497849671826909,-0.867263341933601,0.));
#15882=DIRECTION('',(-0.502147249972035,-0.86478213403465,0.));
#15883=DIRECTION('',(-0.999996921798944,0.0024812078989509,0.));
#15884=DIRECTION('',(-0.497849671826909,0.867263341933601,0.));
#15885=DIRECTION('',(0.502147249972034,0.86478213403465,0.));
#15886=DIRECTION('',(0.999996921798944,-0.0024812078989509,0.));
#15887=DIRECTION('',(0.497849671826909,-0.867263341933601,0.));
#15888=DIRECTION('',(-0.502147249972034,-0.86478213403465,0.));
#15889=DIRECTION('',(-0.999996921798944,0.0024812078989509,0.));
#15890=DIRECTION('',(-0.497849671826909,0.867263341933601,0.));
#15891=DIRECTION('',(0.502147249972034,0.86478213403465,0.));
#15892=DIRECTION('',(0.999996921798944,-0.0024812078989509,0.));
#15893=DIRECTION('',(0.497849671826909,-0.867263341933601,0.));
#15894=DIRECTION('',(-0.502147249972034,-0.86478213403465,0.));
#15895=DIRECTION('',(-0.999996921798944,0.0024812078989509,0.));
#15896=DIRECTION('',(-0.497849671826909,0.867263341933601,0.));
#15897=DIRECTION('',(0.502147249972034,0.86478213403465,0.));
#15898=DIRECTION('',(0.999996921798944,-0.0024812078989509,0.));
#15899=DIRECTION('',(0.497849671826909,-0.867263341933601,0.));
#15900=DIRECTION('',(-0.502147249972034,-0.86478213403465,0.));
#15901=DIRECTION('',(0.502147249972034,0.86478213403465,0.));
#15902=DIRECTION('',(0.999996921798944,-0.0024812078989509,0.));
#15903=DIRECTION('',(0.497849671826909,-0.867263341933601,0.));
#15904=DIRECTION('',(-0.502147249972034,-0.86478213403465,0.));
#15905=DIRECTION('',(-0.999996921798944,0.0024812078989509,0.));
#15906=DIRECTION('',(-0.497849671826909,0.867263341933601,0.));
#15907=DIRECTION('',(-0.999996921798944,0.00248120789894912,0.));
#15908=DIRECTION('',(-0.497849671826909,0.867263341933601,0.));
#15909=DIRECTION('',(0.502147249972033,0.864782134034651,0.));
#15910=DIRECTION('',(0.999996921798944,-0.00248120789895267,0.));
#15911=DIRECTION('',(0.497849671826909,-0.867263341933601,0.));
#15912=DIRECTION('',(-0.502147249972034,-0.86478213403465,0.));
#15913=DIRECTION('',(-0.999996921798944,0.0024812078989509,0.));
#15914=DIRECTION('',(-0.497849671826909,0.867263341933601,0.));
#15915=DIRECTION('',(0.502147249972034,0.86478213403465,0.));
#15916=DIRECTION('',(0.999996921798944,-0.0024812078989509,0.));
#15917=DIRECTION('',(0.497849671826909,-0.867263341933601,0.));
#15918=DIRECTION('',(-0.502147249972034,-0.86478213403465,0.));
#15919=DIRECTION('',(-0.999996921798944,0.00248120789894913,0.));
#15920=DIRECTION('',(-0.497849671826909,0.867263341933601,0.));
#15921=DIRECTION('',(0.502147249972033,0.864782134034651,0.));
#15922=DIRECTION('',(0.999996921798944,-0.00248120789895267,0.));
#15923=DIRECTION('',(0.497849671826909,-0.867263341933601,0.));
#15924=DIRECTION('',(-0.502147249972036,-0.864782134034649,0.));
#15925=DIRECTION('',(-0.999996921798944,0.0024812078989509,0.));
#15926=DIRECTION('',(-0.497849671826909,0.867263341933601,0.));
#15927=DIRECTION('',(0.502147249972034,0.86478213403465,0.));
#15928=DIRECTION('',(0.999996921798944,-0.0024812078989509,0.));
#15929=DIRECTION('',(0.497849671826909,-0.867263341933601,0.));
#15930=DIRECTION('',(-0.502147249972034,-0.86478213403465,0.));
#15931=DIRECTION('',(0.497849671826909,-0.867263341933601,0.));
#15932=DIRECTION('',(-0.502147249972033,-0.864782134034651,0.));
#15933=DIRECTION('',(-1.,0.,0.));
#15934=DIRECTION('',(-0.497849671826909,0.867263341933601,0.));
#15935=DIRECTION('',(0.502147249972033,0.864782134034651,0.));
#15936=DIRECTION('',(0.999996921798944,-0.00248120789894912,0.));
#15937=DIRECTION('',(-0.999996921798944,0.0024812078989509,0.));
#15938=DIRECTION('',(-0.497849671826909,0.867263341933601,0.));
#15939=DIRECTION('',(0.502147249972034,0.86478213403465,0.));
#15940=DIRECTION('',(0.999996921798944,-0.0024812078989509,0.));
#15941=DIRECTION('',(0.497849671826909,-0.867263341933601,0.));
#15942=DIRECTION('',(-0.502147249972034,-0.86478213403465,0.));
#15943=DIRECTION('',(-0.999996921798944,0.00248120789895268,0.));
#15944=DIRECTION('',(-0.497849671826909,0.867263341933601,0.));
#15945=DIRECTION('',(0.502147249972034,0.86478213403465,0.));
#15946=DIRECTION('',(0.999996921798944,-0.00248120789894912,0.));
#15947=DIRECTION('',(0.497849671826909,-0.867263341933601,0.));
#15948=DIRECTION('',(-0.502147249972033,-0.864782134034651,0.));
#15949=DIRECTION('',(-0.999996921798944,0.0024812078989509,0.));
#15950=DIRECTION('',(-0.497849671826909,0.867263341933601,0.));
#15951=DIRECTION('',(0.502147249972034,0.86478213403465,0.));
#15952=DIRECTION('',(0.999996921798944,-0.0024812078989509,0.));
#15953=DIRECTION('',(0.497849671826909,-0.867263341933601,0.));
#15954=DIRECTION('',(-0.502147249972034,-0.86478213403465,0.));
#15955=DIRECTION('',(-0.999996921798944,0.00248120789895268,0.));
#15956=DIRECTION('',(-0.497849671826909,0.867263341933601,0.));
#15957=DIRECTION('',(0.502147249972034,0.86478213403465,0.));
#15958=DIRECTION('',(0.999996921798944,-0.00248120789894912,0.));
#15959=DIRECTION('',(0.497849671826909,-0.867263341933601,0.));
#15960=DIRECTION('',(-0.502147249972033,-0.864782134034651,0.));
#15961=DIRECTION('',(-0.999996921798944,0.0024812078989509,0.));
#15962=DIRECTION('',(-0.49784967182691,0.867263341933601,0.));
#15963=DIRECTION('',(0.502147249972034,0.86478213403465,0.));
#15964=DIRECTION('',(0.999996921798944,-0.0024812078989509,0.));
#15965=DIRECTION('',(0.497849671826909,-0.867263341933601,0.));
#15966=DIRECTION('',(-0.502147249972034,-0.86478213403465,0.));
#15967=DIRECTION('',(-0.999996921798944,0.0024812078989509,0.));
#15968=DIRECTION('',(-0.497849671826909,0.867263341933601,0.));
#15969=DIRECTION('',(0.502147249972034,0.86478213403465,0.));
#15970=DIRECTION('',(0.999996921798944,-0.0024812078989509,0.));
#15971=DIRECTION('',(0.497849671826909,-0.867263341933601,0.));
#15972=DIRECTION('',(-0.502147249972034,-0.86478213403465,0.));
#15973=DIRECTION('',(-0.497849671826909,0.867263341933601,0.));
#15974=DIRECTION('',(0.502147249972034,0.86478213403465,0.));
#15975=DIRECTION('',(0.999996921798944,-0.0024812078989509,0.));
#15976=DIRECTION('',(0.497849671826909,-0.867263341933601,0.));
#15977=DIRECTION('',(-0.502147249972034,-0.86478213403465,0.));
#15978=DIRECTION('',(-0.999996921798944,0.0024812078989509,0.));
#15979=DIRECTION('',(-0.999996921798944,0.0024812078989509,0.));
#15980=DIRECTION('',(-0.497849671826909,0.867263341933601,0.));
#15981=DIRECTION('',(0.502147249972034,0.86478213403465,0.));
#15982=DIRECTION('',(0.999996921798944,-0.0024812078989509,0.));
#15983=DIRECTION('',(0.497849671826909,-0.867263341933601,0.));
#15984=DIRECTION('',(-0.502147249972035,-0.86478213403465,0.));
#15985=DIRECTION('',(-1.,0.,0.));
#15986=DIRECTION('',(-0.497849671826909,0.867263341933601,0.));
#15987=DIRECTION('',(0.502147249972034,0.86478213403465,0.));
#15988=DIRECTION('',(0.999996921798944,-0.00248120789895089,0.));
#15989=DIRECTION('',(0.497849671826909,-0.867263341933601,0.));
#15990=DIRECTION('',(-0.502147249972035,-0.86478213403465,0.));
#15991=DIRECTION('',(-0.999996921798944,0.0024812078989509,0.));
#15992=DIRECTION('',(-0.497849671826909,0.867263341933601,0.));
#15993=DIRECTION('',(0.502147249972034,0.86478213403465,0.));
#15994=DIRECTION('',(0.999996921798944,-0.0024812078989509,0.));
#15995=DIRECTION('',(0.497849671826909,-0.867263341933601,0.));
#15996=DIRECTION('',(-0.502147249972034,-0.86478213403465,0.));
#15997=DIRECTION('',(-0.497849671826909,0.867263341933601,0.));
#15998=DIRECTION('',(0.502147249972034,0.86478213403465,0.));
#15999=DIRECTION('',(1.,0.,0.));
#16000=DIRECTION('',(0.,1.,0.));
#16001=DIRECTION('',(0.502147249972034,0.86478213403465,0.));
#16002=DIRECTION('',(0.999996921798944,-0.00248120789895089,0.));
#16003=DIRECTION('',(0.497849671826909,-0.867263341933601,0.));
#16004=DIRECTION('',(-0.502147249972035,-0.86478213403465,0.));
#16005=DIRECTION('',(-0.999996921798944,0.0024812078989509,0.));
#16006=DIRECTION('',(-0.999996921798944,0.0024812078989509,0.));
#16007=DIRECTION('',(-0.497849671826909,0.867263341933601,0.));
#16008=DIRECTION('',(0.502147249972034,0.86478213403465,0.));
#16009=DIRECTION('',(0.999996921798944,-0.0024812078989509,0.));
#16010=DIRECTION('',(0.497849671826909,-0.867263341933601,0.));
#16011=DIRECTION('',(-0.502147249972035,-0.86478213403465,0.));
#16012=DIRECTION('',(-0.999996921798944,0.0024812078989509,0.));
#16013=DIRECTION('',(-0.497849671826909,0.867263341933601,0.));
#16014=DIRECTION('',(0.502147249972034,0.86478213403465,0.));
#16015=DIRECTION('',(0.999996921798944,-0.0024812078989509,0.));
#16016=DIRECTION('',(0.497849671826909,-0.867263341933601,0.));
#16017=DIRECTION('',(-0.502147249972035,-0.86478213403465,0.));
#16018=DIRECTION('',(-0.999996921798944,0.0024812078989509,0.));
#16019=DIRECTION('',(-0.497849671826909,0.867263341933601,0.));
#16020=DIRECTION('',(0.502147249972034,0.86478213403465,0.));
#16021=DIRECTION('',(0.999996921798944,-0.0024812078989509,0.));
#16022=DIRECTION('',(0.497849671826909,-0.867263341933601,0.));
#16023=DIRECTION('',(-0.502147249972034,-0.86478213403465,0.));
#16024=DIRECTION('',(-0.999996921798944,0.0024812078989509,0.));
#16025=DIRECTION('',(-0.497849671826909,0.867263341933601,0.));
#16026=DIRECTION('',(0.502147249972034,0.86478213403465,0.));
#16027=DIRECTION('',(0.999996921798944,-0.0024812078989509,0.));
#16028=DIRECTION('',(0.497849671826909,-0.867263341933601,0.));
#16029=DIRECTION('',(-0.502147249972034,-0.86478213403465,0.));
#16030=DIRECTION('',(-0.999996921798944,0.0024812078989509,0.));
#16031=DIRECTION('',(-0.497849671826909,0.867263341933601,0.));
#16032=DIRECTION('',(0.502147249972033,0.864782134034651,0.));
#16033=DIRECTION('',(0.999996921798944,-0.0024812078989509,0.));
#16034=DIRECTION('',(0.497849671826909,-0.867263341933601,0.));
#16035=DIRECTION('',(-0.502147249972034,-0.86478213403465,0.));
#16036=DIRECTION('',(-0.999996921798944,0.0024812078989509,0.));
#16037=DIRECTION('',(-0.497849671826909,0.867263341933601,0.));
#16038=DIRECTION('',(0.502147249972034,0.86478213403465,0.));
#16039=DIRECTION('',(0.999996921798944,-0.0024812078989509,0.));
#16040=DIRECTION('',(0.497849671826909,-0.867263341933601,0.));
#16041=DIRECTION('',(-0.502147249972034,-0.86478213403465,0.));
#16042=DIRECTION('',(-0.999996921798944,0.0024812078989509,0.));
#16043=DIRECTION('',(-0.497849671826909,0.867263341933601,0.));
#16044=DIRECTION('',(0.502147249972034,0.86478213403465,0.));
#16045=DIRECTION('',(0.999996921798944,-0.0024812078989509,0.));
#16046=DIRECTION('',(0.497849671826909,-0.867263341933601,0.));
#16047=DIRECTION('',(-0.502147249972034,-0.86478213403465,0.));
#16048=DIRECTION('',(-0.999996921798944,0.0024812078989509,0.));
#16049=DIRECTION('',(-0.49784967182691,0.867263341933601,0.));
#16050=DIRECTION('',(0.502147249972033,0.864782134034651,0.));
#16051=DIRECTION('',(0.999996921798944,-0.00248120789894912,0.));
#16052=DIRECTION('',(0.497849671826909,-0.867263341933601,0.));
#16053=DIRECTION('',(-0.502147249972033,-0.864782134034651,0.));
#16054=DIRECTION('',(-0.999996921798944,0.0024812078989509,0.));
#16055=DIRECTION('',(-0.497849671826909,0.867263341933601,0.));
#16056=DIRECTION('',(0.502147249972034,0.86478213403465,0.));
#16057=DIRECTION('',(0.999996921798944,-0.00248120789894912,0.));
#16058=DIRECTION('',(0.497849671826909,-0.867263341933601,0.));
#16059=DIRECTION('',(-0.502147249972034,-0.86478213403465,0.));
#16060=DIRECTION('',(-0.999996921798944,0.0024812078989509,0.));
#16061=DIRECTION('',(-0.49784967182691,0.867263341933601,0.));
#16062=DIRECTION('',(0.502147249972033,0.864782134034651,0.));
#16063=DIRECTION('',(0.999996921798944,-0.00248120789894912,0.));
#16064=DIRECTION('',(0.497849671826909,-0.867263341933601,0.));
#16065=DIRECTION('',(-0.502147249972033,-0.864782134034651,0.));
#16066=DIRECTION('',(-0.999996921798944,0.0024812078989509,0.));
#16067=DIRECTION('',(-0.497849671826909,0.867263341933601,0.));
#16068=DIRECTION('',(0.502147249972034,0.86478213403465,0.));
#16069=DIRECTION('',(0.999996921798944,-0.0024812078989509,0.));
#16070=DIRECTION('',(0.497849671826909,-0.867263341933601,0.));
#16071=DIRECTION('',(-0.502147249972034,-0.86478213403465,0.));
#16072=DIRECTION('',(-0.999996921798944,0.00248120789894913,0.));
#16073=DIRECTION('',(-0.497849671826909,0.867263341933601,0.));
#16074=DIRECTION('',(0.502147249972033,0.864782134034651,0.));
#16075=DIRECTION('',(0.999996921798944,-0.00248120789895267,0.));
#16076=DIRECTION('',(0.497849671826909,-0.867263341933601,0.));
#16077=DIRECTION('',(-0.502147249972036,-0.864782134034649,0.));
#16078=DIRECTION('',(-0.999996921798944,0.0024812078989509,0.));
#16079=DIRECTION('',(-0.497849671826909,0.867263341933601,0.));
#16080=DIRECTION('',(0.502147249972034,0.86478213403465,0.));
#16081=DIRECTION('',(0.999996921798944,-0.0024812078989509,0.));
#16082=DIRECTION('',(0.497849671826909,-0.867263341933601,0.));
#16083=DIRECTION('',(-0.502147249972034,-0.86478213403465,0.));
#16084=DIRECTION('',(-0.999996921798944,0.00248120789894912,0.));
#16085=DIRECTION('',(-0.497849671826909,0.867263341933601,0.));
#16086=DIRECTION('',(0.502147249972033,0.864782134034651,0.));
#16087=DIRECTION('',(0.999996921798944,-0.00248120789895267,0.));
#16088=DIRECTION('',(0.497849671826909,-0.867263341933601,0.));
#16089=DIRECTION('',(-0.502147249972034,-0.86478213403465,0.));
#16090=DIRECTION('',(-0.999996921798944,0.0024812078989509,0.));
#16091=DIRECTION('',(-0.497849671826909,0.867263341933601,0.));
#16092=DIRECTION('',(0.502147249972034,0.86478213403465,0.));
#16093=DIRECTION('',(0.999996921798944,-0.0024812078989509,0.));
#16094=DIRECTION('',(0.497849671826909,-0.867263341933601,0.));
#16095=DIRECTION('',(-0.502147249972035,-0.86478213403465,0.));
#16096=DIRECTION('',(-0.497849671826909,0.867263341933601,0.));
#16097=DIRECTION('',(0.502147249972034,0.86478213403465,0.));
#16098=DIRECTION('',(0.999996921798944,-0.0024812078989509,0.));
#16099=DIRECTION('',(0.497849671826909,-0.867263341933601,0.));
#16100=DIRECTION('',(-0.502147249972035,-0.86478213403465,0.));
#16101=DIRECTION('',(-0.999996921798944,0.0024812078989509,0.));
#16102=DIRECTION('',(-0.999996921798944,0.0024812078989509,0.));
#16103=DIRECTION('',(-0.497849671826909,0.867263341933601,0.));
#16104=DIRECTION('',(0.502147249972034,0.86478213403465,0.));
#16105=DIRECTION('',(0.999996921798944,-0.0024812078989509,0.));
#16106=DIRECTION('',(0.497849671826909,-0.867263341933601,0.));
#16107=DIRECTION('',(-0.502147249972035,-0.86478213403465,0.));
#16108=DIRECTION('',(-0.999996921798944,0.0024812078989509,0.));
#16109=DIRECTION('',(-0.497849671826909,0.867263341933601,0.));
#16110=DIRECTION('',(0.502147249972034,0.86478213403465,0.));
#16111=DIRECTION('',(0.999996921798944,-0.0024812078989509,0.));
#16112=DIRECTION('',(0.497849671826909,-0.867263341933601,0.));
#16113=DIRECTION('',(-0.502147249972035,-0.86478213403465,0.));
#16114=DIRECTION('',(-0.999996921798944,0.0024812078989509,0.));
#16115=DIRECTION('',(-0.497849671826909,0.867263341933601,0.));
#16116=DIRECTION('',(0.502147249972034,0.86478213403465,0.));
#16117=DIRECTION('',(0.999996921798944,-0.0024812078989509,0.));
#16118=DIRECTION('',(0.497849671826909,-0.867263341933601,0.));
#16119=DIRECTION('',(-0.502147249972035,-0.86478213403465,0.));
#16120=DIRECTION('center_axis',(0.,0.,-1.));
#16121=DIRECTION('ref_axis',(1.,0.,0.));
#16122=DIRECTION('',(-0.999996921798944,0.0024812078989509,0.));
#16123=DIRECTION('',(-0.497849671826909,0.867263341933601,0.));
#16124=DIRECTION('',(0.502147249972034,0.86478213403465,0.));
#16125=DIRECTION('',(0.999996921798944,-0.0024812078989509,0.));
#16126=DIRECTION('',(0.497849671826909,-0.867263341933601,0.));
#16127=DIRECTION('center_axis',(0.,0.,-1.));
#16128=DIRECTION('ref_axis',(1.,0.,0.));
#16129=DIRECTION('center_axis',(0.00248120789894913,0.999996921798944,0.));
#16130=DIRECTION('ref_axis',(0.999996921798944,-0.00248120789894913,0.));
#16131=DIRECTION('',(-0.999996921798944,0.00248120789894913,0.));
#16132=DIRECTION('',(0.,0.,-1.));
#16133=DIRECTION('',(0.,0.,-1.));
#16134=DIRECTION('center_axis',(-0.86478213403465,0.502147249972034,0.));
#16135=DIRECTION('ref_axis',(0.502147249972034,0.86478213403465,0.));
#16136=DIRECTION('',(-0.502147249972034,-0.86478213403465,0.));
#16137=DIRECTION('',(0.,0.,-1.));
#16138=DIRECTION('center_axis',(-0.867263341933601,-0.497849671826909,0.));
#16139=DIRECTION('ref_axis',(-0.497849671826909,0.867263341933601,0.));
#16140=DIRECTION('',(0.497849671826909,-0.867263341933601,0.));
#16141=DIRECTION('',(0.,0.,-1.));
#16142=DIRECTION('center_axis',(-0.00248120789895268,-0.999996921798944,
0.));
#16143=DIRECTION('ref_axis',(-0.999996921798944,0.00248120789895268,0.));
#16144=DIRECTION('',(0.999996921798944,-0.00248120789895268,0.));
#16145=DIRECTION('',(0.,0.,-1.));
#16146=DIRECTION('center_axis',(0.864782134034651,-0.502147249972033,0.));
#16147=DIRECTION('ref_axis',(-0.502147249972033,-0.864782134034651,0.));
#16148=DIRECTION('',(0.502147249972033,0.864782134034651,0.));
#16149=DIRECTION('',(0.,0.,-1.));
#16150=DIRECTION('center_axis',(0.867263341933601,0.497849671826909,0.));
#16151=DIRECTION('ref_axis',(0.497849671826909,-0.867263341933601,0.));
#16152=DIRECTION('',(-0.497849671826909,0.867263341933601,0.));
#16153=DIRECTION('center_axis',(0.0024812078989509,0.999996921798944,0.));
#16154=DIRECTION('ref_axis',(0.999996921798944,-0.0024812078989509,0.));
#16155=DIRECTION('',(-0.999996921798944,0.0024812078989509,0.));
#16156=DIRECTION('',(0.,0.,-1.));
#16157=DIRECTION('',(0.,0.,-1.));
#16158=DIRECTION('center_axis',(-0.86478213403465,0.502147249972034,0.));
#16159=DIRECTION('ref_axis',(0.502147249972034,0.86478213403465,0.));
#16160=DIRECTION('',(-0.502147249972034,-0.86478213403465,0.));
#16161=DIRECTION('',(0.,0.,-1.));
#16162=DIRECTION('center_axis',(-0.867263341933601,-0.497849671826909,0.));
#16163=DIRECTION('ref_axis',(-0.497849671826909,0.867263341933601,0.));
#16164=DIRECTION('',(0.497849671826909,-0.867263341933601,0.));
#16165=DIRECTION('',(0.,0.,-1.));
#16166=DIRECTION('center_axis',(-0.0024812078989509,-0.999996921798944,
0.));
#16167=DIRECTION('ref_axis',(-0.999996921798944,0.0024812078989509,0.));
#16168=DIRECTION('',(0.999996921798944,-0.0024812078989509,0.));
#16169=DIRECTION('',(0.,0.,-1.));
#16170=DIRECTION('center_axis',(0.86478213403465,-0.502147249972035,0.));
#16171=DIRECTION('ref_axis',(-0.502147249972035,-0.86478213403465,0.));
#16172=DIRECTION('',(0.502147249972035,0.86478213403465,0.));
#16173=DIRECTION('',(0.,0.,-1.));
#16174=DIRECTION('center_axis',(0.867263341933601,0.497849671826909,0.));
#16175=DIRECTION('ref_axis',(0.497849671826909,-0.867263341933601,0.));
#16176=DIRECTION('',(-0.497849671826909,0.867263341933601,0.));
#16177=DIRECTION('center_axis',(0.0024812078989509,0.999996921798944,0.));
#16178=DIRECTION('ref_axis',(0.999996921798944,-0.0024812078989509,0.));
#16179=DIRECTION('',(-0.999996921798944,0.0024812078989509,0.));
#16180=DIRECTION('',(0.,0.,-1.));
#16181=DIRECTION('',(0.,0.,-1.));
#16182=DIRECTION('center_axis',(-0.86478213403465,0.502147249972034,0.));
#16183=DIRECTION('ref_axis',(0.502147249972034,0.86478213403465,0.));
#16184=DIRECTION('',(-0.502147249972034,-0.86478213403465,0.));
#16185=DIRECTION('',(0.,0.,-1.));
#16186=DIRECTION('center_axis',(-0.867263341933601,-0.497849671826909,0.));
#16187=DIRECTION('ref_axis',(-0.497849671826909,0.867263341933601,0.));
#16188=DIRECTION('',(0.497849671826909,-0.867263341933601,0.));
#16189=DIRECTION('',(0.,0.,-1.));
#16190=DIRECTION('center_axis',(-0.0024812078989509,-0.999996921798944,
0.));
#16191=DIRECTION('ref_axis',(-0.999996921798944,0.0024812078989509,0.));
#16192=DIRECTION('',(0.999996921798944,-0.0024812078989509,0.));
#16193=DIRECTION('',(0.,0.,-1.));
#16194=DIRECTION('center_axis',(0.86478213403465,-0.502147249972035,0.));
#16195=DIRECTION('ref_axis',(-0.502147249972035,-0.86478213403465,0.));
#16196=DIRECTION('',(0.502147249972035,0.86478213403465,0.));
#16197=DIRECTION('',(0.,0.,-1.));
#16198=DIRECTION('center_axis',(0.867263341933601,0.497849671826909,0.));
#16199=DIRECTION('ref_axis',(0.497849671826909,-0.867263341933601,0.));
#16200=DIRECTION('',(-0.497849671826909,0.867263341933601,0.));
#16201=DIRECTION('center_axis',(0.0024812078989509,0.999996921798944,0.));
#16202=DIRECTION('ref_axis',(0.999996921798944,-0.0024812078989509,0.));
#16203=DIRECTION('',(-0.999996921798944,0.0024812078989509,0.));
#16204=DIRECTION('',(0.,0.,-1.));
#16205=DIRECTION('',(0.,0.,-1.));
#16206=DIRECTION('center_axis',(-0.86478213403465,0.502147249972034,0.));
#16207=DIRECTION('ref_axis',(0.502147249972034,0.86478213403465,0.));
#16208=DIRECTION('',(-0.502147249972034,-0.86478213403465,0.));
#16209=DIRECTION('',(0.,0.,-1.));
#16210=DIRECTION('center_axis',(-0.867263341933601,-0.497849671826909,0.));
#16211=DIRECTION('ref_axis',(-0.497849671826909,0.867263341933601,0.));
#16212=DIRECTION('',(0.497849671826909,-0.867263341933601,0.));
#16213=DIRECTION('',(0.,0.,-1.));
#16214=DIRECTION('center_axis',(-0.0024812078989509,-0.999996921798944,
0.));
#16215=DIRECTION('ref_axis',(-0.999996921798944,0.0024812078989509,0.));
#16216=DIRECTION('',(0.999996921798944,-0.0024812078989509,0.));
#16217=DIRECTION('',(0.,0.,-1.));
#16218=DIRECTION('center_axis',(0.86478213403465,-0.502147249972034,0.));
#16219=DIRECTION('ref_axis',(-0.502147249972034,-0.86478213403465,0.));
#16220=DIRECTION('',(0.502147249972034,0.86478213403465,0.));
#16221=DIRECTION('',(0.,0.,-1.));
#16222=DIRECTION('center_axis',(0.867263341933601,0.497849671826909,0.));
#16223=DIRECTION('ref_axis',(0.497849671826909,-0.867263341933601,0.));
#16224=DIRECTION('',(-0.497849671826909,0.867263341933601,0.));
#16225=DIRECTION('center_axis',(0.0024812078989509,0.999996921798944,0.));
#16226=DIRECTION('ref_axis',(0.999996921798944,-0.0024812078989509,0.));
#16227=DIRECTION('',(-0.999996921798944,0.0024812078989509,0.));
#16228=DIRECTION('',(0.,0.,-1.));
#16229=DIRECTION('',(0.,0.,-1.));
#16230=DIRECTION('center_axis',(-0.86478213403465,0.502147249972034,0.));
#16231=DIRECTION('ref_axis',(0.502147249972034,0.86478213403465,0.));
#16232=DIRECTION('',(-0.502147249972034,-0.86478213403465,0.));
#16233=DIRECTION('',(0.,0.,-1.));
#16234=DIRECTION('center_axis',(-0.867263341933601,-0.497849671826909,0.));
#16235=DIRECTION('ref_axis',(-0.497849671826909,0.867263341933601,0.));
#16236=DIRECTION('',(0.497849671826909,-0.867263341933601,0.));
#16237=DIRECTION('',(0.,0.,-1.));
#16238=DIRECTION('center_axis',(-0.0024812078989509,-0.999996921798944,
0.));
#16239=DIRECTION('ref_axis',(-0.999996921798944,0.0024812078989509,0.));
#16240=DIRECTION('',(0.999996921798944,-0.0024812078989509,0.));
#16241=DIRECTION('',(0.,0.,-1.));
#16242=DIRECTION('center_axis',(0.86478213403465,-0.502147249972034,0.));
#16243=DIRECTION('ref_axis',(-0.502147249972034,-0.86478213403465,0.));
#16244=DIRECTION('',(0.502147249972034,0.86478213403465,0.));
#16245=DIRECTION('',(0.,0.,-1.));
#16246=DIRECTION('center_axis',(0.867263341933601,0.497849671826909,0.));
#16247=DIRECTION('ref_axis',(0.497849671826909,-0.867263341933601,0.));
#16248=DIRECTION('',(-0.497849671826909,0.867263341933601,0.));
#16249=DIRECTION('center_axis',(0.0024812078989509,0.999996921798944,0.));
#16250=DIRECTION('ref_axis',(0.999996921798944,-0.0024812078989509,0.));
#16251=DIRECTION('',(-0.999996921798944,0.0024812078989509,0.));
#16252=DIRECTION('',(0.,0.,-1.));
#16253=DIRECTION('',(0.,0.,-1.));
#16254=DIRECTION('center_axis',(-0.86478213403465,0.502147249972034,0.));
#16255=DIRECTION('ref_axis',(0.502147249972034,0.86478213403465,0.));
#16256=DIRECTION('',(-0.502147249972034,-0.86478213403465,0.));
#16257=DIRECTION('',(0.,0.,-1.));
#16258=DIRECTION('center_axis',(-0.867263341933601,-0.497849671826909,0.));
#16259=DIRECTION('ref_axis',(-0.497849671826909,0.867263341933601,0.));
#16260=DIRECTION('',(0.497849671826909,-0.867263341933601,0.));
#16261=DIRECTION('',(0.,0.,-1.));
#16262=DIRECTION('center_axis',(-0.0024812078989509,-0.999996921798944,
0.));
#16263=DIRECTION('ref_axis',(-0.999996921798944,0.0024812078989509,0.));
#16264=DIRECTION('',(0.999996921798944,-0.0024812078989509,0.));
#16265=DIRECTION('',(0.,0.,-1.));
#16266=DIRECTION('center_axis',(0.86478213403465,-0.502147249972034,0.));
#16267=DIRECTION('ref_axis',(-0.502147249972034,-0.86478213403465,0.));
#16268=DIRECTION('',(0.502147249972034,0.86478213403465,0.));
#16269=DIRECTION('',(0.,0.,-1.));
#16270=DIRECTION('center_axis',(0.867263341933601,0.497849671826909,0.));
#16271=DIRECTION('ref_axis',(0.497849671826909,-0.867263341933601,0.));
#16272=DIRECTION('',(-0.497849671826909,0.867263341933601,0.));
#16273=DIRECTION('center_axis',(0.86478213403465,-0.502147249972034,0.));
#16274=DIRECTION('ref_axis',(-0.502147249972034,-0.86478213403465,0.));
#16275=DIRECTION('',(0.502147249972034,0.86478213403465,0.));
#16276=DIRECTION('',(0.,0.,-1.));
#16277=DIRECTION('',(0.,0.,-1.));
#16278=DIRECTION('center_axis',(0.867263341933601,0.497849671826909,0.));
#16279=DIRECTION('ref_axis',(0.497849671826909,-0.867263341933601,0.));
#16280=DIRECTION('',(-0.497849671826909,0.867263341933601,0.));
#16281=DIRECTION('',(0.,0.,-1.));
#16282=DIRECTION('center_axis',(0.0024812078989509,0.999996921798944,0.));
#16283=DIRECTION('ref_axis',(0.999996921798944,-0.0024812078989509,0.));
#16284=DIRECTION('',(-0.999996921798944,0.0024812078989509,0.));
#16285=DIRECTION('',(0.,0.,-1.));
#16286=DIRECTION('center_axis',(-0.86478213403465,0.502147249972034,0.));
#16287=DIRECTION('ref_axis',(0.502147249972034,0.86478213403465,0.));
#16288=DIRECTION('',(-0.502147249972034,-0.86478213403465,0.));
#16289=DIRECTION('',(0.,0.,-1.));
#16290=DIRECTION('center_axis',(-0.867263341933601,-0.497849671826909,0.));
#16291=DIRECTION('ref_axis',(-0.497849671826909,0.867263341933601,0.));
#16292=DIRECTION('',(0.497849671826909,-0.867263341933601,0.));
#16293=DIRECTION('',(0.,0.,-1.));
#16294=DIRECTION('center_axis',(-0.0024812078989509,-0.999996921798944,
0.));
#16295=DIRECTION('ref_axis',(-0.999996921798944,0.0024812078989509,0.));
#16296=DIRECTION('',(0.999996921798944,-0.0024812078989509,0.));
#16297=DIRECTION('center_axis',(0.00248120789895267,0.999996921798944,0.));
#16298=DIRECTION('ref_axis',(0.999996921798944,-0.00248120789895267,0.));
#16299=DIRECTION('',(-0.999996921798944,0.00248120789895267,0.));
#16300=DIRECTION('',(0.,0.,-1.));
#16301=DIRECTION('',(0.,0.,-1.));
#16302=DIRECTION('center_axis',(-0.864782134034651,0.502147249972033,0.));
#16303=DIRECTION('ref_axis',(0.502147249972033,0.864782134034651,0.));
#16304=DIRECTION('',(-0.502147249972033,-0.864782134034651,0.));
#16305=DIRECTION('',(0.,0.,-1.));
#16306=DIRECTION('center_axis',(-0.867263341933601,-0.497849671826909,0.));
#16307=DIRECTION('ref_axis',(-0.497849671826909,0.867263341933601,0.));
#16308=DIRECTION('',(0.497849671826909,-0.867263341933601,0.));
#16309=DIRECTION('',(0.,0.,-1.));
#16310=DIRECTION('center_axis',(-0.00248120789894912,-0.999996921798944,
0.));
#16311=DIRECTION('ref_axis',(-0.999996921798944,0.00248120789894912,0.));
#16312=DIRECTION('',(0.999996921798944,-0.00248120789894912,0.));
#16313=DIRECTION('',(0.,0.,-1.));
#16314=DIRECTION('center_axis',(0.86478213403465,-0.502147249972034,0.));
#16315=DIRECTION('ref_axis',(-0.502147249972034,-0.86478213403465,0.));
#16316=DIRECTION('',(0.502147249972034,0.86478213403465,0.));
#16317=DIRECTION('',(0.,0.,-1.));
#16318=DIRECTION('center_axis',(0.867263341933601,0.497849671826909,0.));
#16319=DIRECTION('ref_axis',(0.497849671826909,-0.867263341933601,0.));
#16320=DIRECTION('',(-0.497849671826909,0.867263341933601,0.));
#16321=DIRECTION('center_axis',(0.0024812078989509,0.999996921798944,0.));
#16322=DIRECTION('ref_axis',(0.999996921798944,-0.0024812078989509,0.));
#16323=DIRECTION('',(-0.999996921798944,0.0024812078989509,0.));
#16324=DIRECTION('',(0.,0.,-1.));
#16325=DIRECTION('',(0.,0.,-1.));
#16326=DIRECTION('center_axis',(-0.86478213403465,0.502147249972034,0.));
#16327=DIRECTION('ref_axis',(0.502147249972034,0.86478213403465,0.));
#16328=DIRECTION('',(-0.502147249972034,-0.86478213403465,0.));
#16329=DIRECTION('',(0.,0.,-1.));
#16330=DIRECTION('center_axis',(-0.867263341933601,-0.497849671826909,0.));
#16331=DIRECTION('ref_axis',(-0.497849671826909,0.867263341933601,0.));
#16332=DIRECTION('',(0.497849671826909,-0.867263341933601,0.));
#16333=DIRECTION('',(0.,0.,-1.));
#16334=DIRECTION('center_axis',(-0.0024812078989509,-0.999996921798944,
0.));
#16335=DIRECTION('ref_axis',(-0.999996921798944,0.0024812078989509,0.));
#16336=DIRECTION('',(0.999996921798944,-0.0024812078989509,0.));
#16337=DIRECTION('',(0.,0.,-1.));
#16338=DIRECTION('center_axis',(0.86478213403465,-0.502147249972034,0.));
#16339=DIRECTION('ref_axis',(-0.502147249972034,-0.86478213403465,0.));
#16340=DIRECTION('',(0.502147249972034,0.86478213403465,0.));
#16341=DIRECTION('',(0.,0.,-1.));
#16342=DIRECTION('center_axis',(0.867263341933601,0.497849671826909,0.));
#16343=DIRECTION('ref_axis',(0.497849671826909,-0.867263341933601,0.));
#16344=DIRECTION('',(-0.497849671826909,0.867263341933601,0.));
#16345=DIRECTION('center_axis',(0.00248120789895267,0.999996921798944,0.));
#16346=DIRECTION('ref_axis',(0.999996921798944,-0.00248120789895267,0.));
#16347=DIRECTION('',(-0.999996921798944,0.00248120789895267,0.));
#16348=DIRECTION('',(0.,0.,-1.));
#16349=DIRECTION('',(0.,0.,-1.));
#16350=DIRECTION('center_axis',(-0.864782134034651,0.502147249972033,0.));
#16351=DIRECTION('ref_axis',(0.502147249972033,0.864782134034651,0.));
#16352=DIRECTION('',(-0.502147249972033,-0.864782134034651,0.));
#16353=DIRECTION('',(0.,0.,-1.));
#16354=DIRECTION('center_axis',(-0.867263341933601,-0.497849671826909,0.));
#16355=DIRECTION('ref_axis',(-0.497849671826909,0.867263341933601,0.));
#16356=DIRECTION('',(0.497849671826909,-0.867263341933601,0.));
#16357=DIRECTION('',(0.,0.,-1.));
#16358=DIRECTION('center_axis',(-0.00248120789894913,-0.999996921798944,
0.));
#16359=DIRECTION('ref_axis',(-0.999996921798944,0.00248120789894913,0.));
#16360=DIRECTION('',(0.999996921798944,-0.00248120789894913,0.));
#16361=DIRECTION('',(0.,0.,-1.));
#16362=DIRECTION('center_axis',(0.864782134034649,-0.502147249972036,0.));
#16363=DIRECTION('ref_axis',(-0.502147249972036,-0.864782134034649,0.));
#16364=DIRECTION('',(0.502147249972036,0.864782134034649,0.));
#16365=DIRECTION('',(0.,0.,-1.));
#16366=DIRECTION('center_axis',(0.867263341933601,0.497849671826909,0.));
#16367=DIRECTION('ref_axis',(0.497849671826909,-0.867263341933601,0.));
#16368=DIRECTION('',(-0.497849671826909,0.867263341933601,0.));
#16369=DIRECTION('center_axis',(0.0024812078989509,0.999996921798944,0.));
#16370=DIRECTION('ref_axis',(0.999996921798944,-0.0024812078989509,0.));
#16371=DIRECTION('',(-0.999996921798944,0.0024812078989509,0.));
#16372=DIRECTION('',(0.,0.,-1.));
#16373=DIRECTION('',(0.,0.,-1.));
#16374=DIRECTION('center_axis',(-0.86478213403465,0.502147249972034,0.));
#16375=DIRECTION('ref_axis',(0.502147249972034,0.86478213403465,0.));
#16376=DIRECTION('',(-0.502147249972034,-0.86478213403465,0.));
#16377=DIRECTION('',(0.,0.,-1.));
#16378=DIRECTION('center_axis',(-0.867263341933601,-0.497849671826909,0.));
#16379=DIRECTION('ref_axis',(-0.497849671826909,0.867263341933601,0.));
#16380=DIRECTION('',(0.497849671826909,-0.867263341933601,0.));
#16381=DIRECTION('',(0.,0.,-1.));
#16382=DIRECTION('center_axis',(-0.0024812078989509,-0.999996921798944,
0.));
#16383=DIRECTION('ref_axis',(-0.999996921798944,0.0024812078989509,0.));
#16384=DIRECTION('',(0.999996921798944,-0.0024812078989509,0.));
#16385=DIRECTION('',(0.,0.,-1.));
#16386=DIRECTION('center_axis',(0.86478213403465,-0.502147249972034,0.));
#16387=DIRECTION('ref_axis',(-0.502147249972034,-0.86478213403465,0.));
#16388=DIRECTION('',(0.502147249972034,0.86478213403465,0.));
#16389=DIRECTION('',(0.,0.,-1.));
#16390=DIRECTION('center_axis',(0.867263341933601,0.497849671826909,0.));
#16391=DIRECTION('ref_axis',(0.497849671826909,-0.867263341933601,0.));
#16392=DIRECTION('',(-0.497849671826909,0.867263341933601,0.));
#16393=DIRECTION('center_axis',(-0.867263341933601,-0.497849671826909,0.));
#16394=DIRECTION('ref_axis',(-0.497849671826909,0.867263341933601,0.));
#16395=DIRECTION('',(0.497849671826909,-0.867263341933601,0.));
#16396=DIRECTION('',(0.,0.,-1.));
#16397=DIRECTION('',(0.,0.,-1.));
#16398=DIRECTION('center_axis',(0.,-1.,0.));
#16399=DIRECTION('ref_axis',(-1.,0.,0.));
#16400=DIRECTION('',(1.,0.,0.));
#16401=DIRECTION('',(0.,0.,-1.));
#16402=DIRECTION('center_axis',(0.864782134034651,-0.502147249972033,0.));
#16403=DIRECTION('ref_axis',(-0.502147249972033,-0.864782134034651,0.));
#16404=DIRECTION('',(0.502147249972033,0.864782134034651,0.));
#16405=DIRECTION('',(0.,0.,-1.));
#16406=DIRECTION('center_axis',(0.867263341933601,0.497849671826909,0.));
#16407=DIRECTION('ref_axis',(0.497849671826909,-0.867263341933601,0.));
#16408=DIRECTION('',(-0.497849671826909,0.867263341933601,0.));
#16409=DIRECTION('',(0.,0.,-1.));
#16410=DIRECTION('center_axis',(0.00248120789894912,0.999996921798944,0.));
#16411=DIRECTION('ref_axis',(0.999996921798944,-0.00248120789894912,0.));
#16412=DIRECTION('',(-0.999996921798944,0.00248120789894912,0.));
#16413=DIRECTION('',(0.,0.,-1.));
#16414=DIRECTION('center_axis',(-0.864782134034651,0.502147249972033,0.));
#16415=DIRECTION('ref_axis',(0.502147249972033,0.864782134034651,0.));
#16416=DIRECTION('',(-0.502147249972033,-0.864782134034651,0.));
#16417=DIRECTION('center_axis',(0.0024812078989509,0.999996921798944,0.));
#16418=DIRECTION('ref_axis',(0.999996921798944,-0.0024812078989509,0.));
#16419=DIRECTION('',(-0.999996921798944,0.0024812078989509,0.));
#16420=DIRECTION('',(0.,0.,-1.));
#16421=DIRECTION('',(0.,0.,-1.));
#16422=DIRECTION('center_axis',(-0.86478213403465,0.502147249972034,0.));
#16423=DIRECTION('ref_axis',(0.502147249972034,0.86478213403465,0.));
#16424=DIRECTION('',(-0.502147249972034,-0.86478213403465,0.));
#16425=DIRECTION('',(0.,0.,-1.));
#16426=DIRECTION('center_axis',(-0.867263341933601,-0.497849671826909,0.));
#16427=DIRECTION('ref_axis',(-0.497849671826909,0.867263341933601,0.));
#16428=DIRECTION('',(0.497849671826909,-0.867263341933601,0.));
#16429=DIRECTION('',(0.,0.,-1.));
#16430=DIRECTION('center_axis',(-0.0024812078989509,-0.999996921798944,
0.));
#16431=DIRECTION('ref_axis',(-0.999996921798944,0.0024812078989509,0.));
#16432=DIRECTION('',(0.999996921798944,-0.0024812078989509,0.));
#16433=DIRECTION('',(0.,0.,-1.));
#16434=DIRECTION('center_axis',(0.86478213403465,-0.502147249972034,0.));
#16435=DIRECTION('ref_axis',(-0.502147249972034,-0.86478213403465,0.));
#16436=DIRECTION('',(0.502147249972034,0.86478213403465,0.));
#16437=DIRECTION('',(0.,0.,-1.));
#16438=DIRECTION('center_axis',(0.867263341933601,0.497849671826909,0.));
#16439=DIRECTION('ref_axis',(0.497849671826909,-0.867263341933601,0.));
#16440=DIRECTION('',(-0.497849671826909,0.867263341933601,0.));
#16441=DIRECTION('center_axis',(0.00248120789894912,0.999996921798944,0.));
#16442=DIRECTION('ref_axis',(0.999996921798944,-0.00248120789894912,0.));
#16443=DIRECTION('',(-0.999996921798944,0.00248120789894912,0.));
#16444=DIRECTION('',(0.,0.,-1.));
#16445=DIRECTION('',(0.,0.,-1.));
#16446=DIRECTION('center_axis',(-0.86478213403465,0.502147249972034,0.));
#16447=DIRECTION('ref_axis',(0.502147249972034,0.86478213403465,0.));
#16448=DIRECTION('',(-0.502147249972034,-0.86478213403465,0.));
#16449=DIRECTION('',(0.,0.,-1.));
#16450=DIRECTION('center_axis',(-0.867263341933601,-0.497849671826909,0.));
#16451=DIRECTION('ref_axis',(-0.497849671826909,0.867263341933601,0.));
#16452=DIRECTION('',(0.497849671826909,-0.867263341933601,0.));
#16453=DIRECTION('',(0.,0.,-1.));
#16454=DIRECTION('center_axis',(-0.00248120789895268,-0.999996921798944,
0.));
#16455=DIRECTION('ref_axis',(-0.999996921798944,0.00248120789895268,0.));
#16456=DIRECTION('',(0.999996921798944,-0.00248120789895268,0.));
#16457=DIRECTION('',(0.,0.,-1.));
#16458=DIRECTION('center_axis',(0.864782134034651,-0.502147249972033,0.));
#16459=DIRECTION('ref_axis',(-0.502147249972033,-0.864782134034651,0.));
#16460=DIRECTION('',(0.502147249972033,0.864782134034651,0.));
#16461=DIRECTION('',(0.,0.,-1.));
#16462=DIRECTION('center_axis',(0.867263341933601,0.497849671826909,0.));
#16463=DIRECTION('ref_axis',(0.497849671826909,-0.867263341933601,0.));
#16464=DIRECTION('',(-0.497849671826909,0.867263341933601,0.));
#16465=DIRECTION('center_axis',(0.0024812078989509,0.999996921798944,0.));
#16466=DIRECTION('ref_axis',(0.999996921798944,-0.0024812078989509,0.));
#16467=DIRECTION('',(-0.999996921798944,0.0024812078989509,0.));
#16468=DIRECTION('',(0.,0.,-1.));
#16469=DIRECTION('',(0.,0.,-1.));
#16470=DIRECTION('center_axis',(-0.86478213403465,0.502147249972034,0.));
#16471=DIRECTION('ref_axis',(0.502147249972034,0.86478213403465,0.));
#16472=DIRECTION('',(-0.502147249972034,-0.86478213403465,0.));
#16473=DIRECTION('',(0.,0.,-1.));
#16474=DIRECTION('center_axis',(-0.867263341933601,-0.497849671826909,0.));
#16475=DIRECTION('ref_axis',(-0.497849671826909,0.867263341933601,0.));
#16476=DIRECTION('',(0.497849671826909,-0.867263341933601,0.));
#16477=DIRECTION('',(0.,0.,-1.));
#16478=DIRECTION('center_axis',(-0.0024812078989509,-0.999996921798944,
0.));
#16479=DIRECTION('ref_axis',(-0.999996921798944,0.0024812078989509,0.));
#16480=DIRECTION('',(0.999996921798944,-0.0024812078989509,0.));
#16481=DIRECTION('',(0.,0.,-1.));
#16482=DIRECTION('center_axis',(0.86478213403465,-0.502147249972034,0.));
#16483=DIRECTION('ref_axis',(-0.502147249972034,-0.86478213403465,0.));
#16484=DIRECTION('',(0.502147249972034,0.86478213403465,0.));
#16485=DIRECTION('',(0.,0.,-1.));
#16486=DIRECTION('center_axis',(0.867263341933601,0.497849671826909,0.));
#16487=DIRECTION('ref_axis',(0.497849671826909,-0.867263341933601,0.));
#16488=DIRECTION('',(-0.497849671826909,0.867263341933601,0.));
#16489=DIRECTION('center_axis',(0.00248120789894912,0.999996921798944,0.));
#16490=DIRECTION('ref_axis',(0.999996921798944,-0.00248120789894912,0.));
#16491=DIRECTION('',(-0.999996921798944,0.00248120789894912,0.));
#16492=DIRECTION('',(0.,0.,-1.));
#16493=DIRECTION('',(0.,0.,-1.));
#16494=DIRECTION('center_axis',(-0.86478213403465,0.502147249972034,0.));
#16495=DIRECTION('ref_axis',(0.502147249972034,0.86478213403465,0.));
#16496=DIRECTION('',(-0.502147249972034,-0.86478213403465,0.));
#16497=DIRECTION('',(0.,0.,-1.));
#16498=DIRECTION('center_axis',(-0.867263341933601,-0.497849671826909,0.));
#16499=DIRECTION('ref_axis',(-0.497849671826909,0.867263341933601,0.));
#16500=DIRECTION('',(0.497849671826909,-0.867263341933601,0.));
#16501=DIRECTION('',(0.,0.,-1.));
#16502=DIRECTION('center_axis',(-0.00248120789895268,-0.999996921798944,
0.));
#16503=DIRECTION('ref_axis',(-0.999996921798944,0.00248120789895268,0.));
#16504=DIRECTION('',(0.999996921798944,-0.00248120789895268,0.));
#16505=DIRECTION('',(0.,0.,-1.));
#16506=DIRECTION('center_axis',(0.864782134034651,-0.502147249972033,0.));
#16507=DIRECTION('ref_axis',(-0.502147249972033,-0.864782134034651,0.));
#16508=DIRECTION('',(0.502147249972033,0.864782134034651,0.));
#16509=DIRECTION('',(0.,0.,-1.));
#16510=DIRECTION('center_axis',(0.867263341933601,0.497849671826909,0.));
#16511=DIRECTION('ref_axis',(0.497849671826909,-0.867263341933601,0.));
#16512=DIRECTION('',(-0.497849671826909,0.867263341933601,0.));
#16513=DIRECTION('center_axis',(0.0024812078989509,0.999996921798944,0.));
#16514=DIRECTION('ref_axis',(0.999996921798944,-0.0024812078989509,0.));
#16515=DIRECTION('',(-0.999996921798944,0.0024812078989509,0.));
#16516=DIRECTION('',(0.,0.,-1.));
#16517=DIRECTION('',(0.,0.,-1.));
#16518=DIRECTION('center_axis',(-0.86478213403465,0.502147249972034,0.));
#16519=DIRECTION('ref_axis',(0.502147249972034,0.86478213403465,0.));
#16520=DIRECTION('',(-0.502147249972034,-0.86478213403465,0.));
#16521=DIRECTION('',(0.,0.,-1.));
#16522=DIRECTION('center_axis',(-0.867263341933601,-0.49784967182691,0.));
#16523=DIRECTION('ref_axis',(-0.49784967182691,0.867263341933601,0.));
#16524=DIRECTION('',(0.49784967182691,-0.867263341933601,0.));
#16525=DIRECTION('',(0.,0.,-1.));
#16526=DIRECTION('center_axis',(-0.0024812078989509,-0.999996921798944,
0.));
#16527=DIRECTION('ref_axis',(-0.999996921798944,0.0024812078989509,0.));
#16528=DIRECTION('',(0.999996921798944,-0.0024812078989509,0.));
#16529=DIRECTION('',(0.,0.,-1.));
#16530=DIRECTION('center_axis',(0.86478213403465,-0.502147249972034,0.));
#16531=DIRECTION('ref_axis',(-0.502147249972034,-0.86478213403465,0.));
#16532=DIRECTION('',(0.502147249972034,0.86478213403465,0.));
#16533=DIRECTION('',(0.,0.,-1.));
#16534=DIRECTION('center_axis',(0.867263341933601,0.497849671826909,0.));
#16535=DIRECTION('ref_axis',(0.497849671826909,-0.867263341933601,0.));
#16536=DIRECTION('',(-0.497849671826909,0.867263341933601,0.));
#16537=DIRECTION('center_axis',(0.0024812078989509,0.999996921798944,0.));
#16538=DIRECTION('ref_axis',(0.999996921798944,-0.0024812078989509,0.));
#16539=DIRECTION('',(-0.999996921798944,0.0024812078989509,0.));
#16540=DIRECTION('',(0.,0.,-1.));
#16541=DIRECTION('',(0.,0.,-1.));
#16542=DIRECTION('center_axis',(-0.86478213403465,0.502147249972034,0.));
#16543=DIRECTION('ref_axis',(0.502147249972034,0.86478213403465,0.));
#16544=DIRECTION('',(-0.502147249972034,-0.86478213403465,0.));
#16545=DIRECTION('',(0.,0.,-1.));
#16546=DIRECTION('center_axis',(-0.867263341933601,-0.497849671826909,0.));
#16547=DIRECTION('ref_axis',(-0.497849671826909,0.867263341933601,0.));
#16548=DIRECTION('',(0.497849671826909,-0.867263341933601,0.));
#16549=DIRECTION('',(0.,0.,-1.));
#16550=DIRECTION('center_axis',(-0.0024812078989509,-0.999996921798944,
0.));
#16551=DIRECTION('ref_axis',(-0.999996921798944,0.0024812078989509,0.));
#16552=DIRECTION('',(0.999996921798944,-0.0024812078989509,0.));
#16553=DIRECTION('',(0.,0.,-1.));
#16554=DIRECTION('center_axis',(0.86478213403465,-0.502147249972034,0.));
#16555=DIRECTION('ref_axis',(-0.502147249972034,-0.86478213403465,0.));
#16556=DIRECTION('',(0.502147249972034,0.86478213403465,0.));
#16557=DIRECTION('',(0.,0.,-1.));
#16558=DIRECTION('center_axis',(0.867263341933601,0.497849671826909,0.));
#16559=DIRECTION('ref_axis',(0.497849671826909,-0.867263341933601,0.));
#16560=DIRECTION('',(-0.497849671826909,0.867263341933601,0.));
#16561=DIRECTION('center_axis',(0.0024812078989509,0.999996921798944,0.));
#16562=DIRECTION('ref_axis',(0.999996921798944,-0.0024812078989509,0.));
#16563=DIRECTION('',(-0.999996921798944,0.0024812078989509,0.));
#16564=DIRECTION('',(0.,0.,-1.));
#16565=DIRECTION('',(0.,0.,-1.));
#16566=DIRECTION('center_axis',(-0.86478213403465,0.502147249972034,0.));
#16567=DIRECTION('ref_axis',(0.502147249972034,0.86478213403465,0.));
#16568=DIRECTION('',(-0.502147249972034,-0.86478213403465,0.));
#16569=DIRECTION('',(0.,0.,-1.));
#16570=DIRECTION('center_axis',(-0.867263341933601,-0.497849671826909,0.));
#16571=DIRECTION('ref_axis',(-0.497849671826909,0.867263341933601,0.));
#16572=DIRECTION('',(0.497849671826909,-0.867263341933601,0.));
#16573=DIRECTION('',(0.,0.,-1.));
#16574=DIRECTION('center_axis',(-0.0024812078989509,-0.999996921798944,
0.));
#16575=DIRECTION('ref_axis',(-0.999996921798944,0.0024812078989509,0.));
#16576=DIRECTION('',(0.999996921798944,-0.0024812078989509,0.));
#16577=DIRECTION('',(0.,0.,-1.));
#16578=DIRECTION('center_axis',(0.86478213403465,-0.502147249972034,0.));
#16579=DIRECTION('ref_axis',(-0.502147249972034,-0.86478213403465,0.));
#16580=DIRECTION('',(0.502147249972034,0.86478213403465,0.));
#16581=DIRECTION('',(0.,0.,-1.));
#16582=DIRECTION('center_axis',(0.867263341933601,0.497849671826909,0.));
#16583=DIRECTION('ref_axis',(0.497849671826909,-0.867263341933601,0.));
#16584=DIRECTION('',(-0.497849671826909,0.867263341933601,0.));
#16585=DIRECTION('center_axis',(-0.0024812078989509,-0.999996921798944,
0.));
#16586=DIRECTION('ref_axis',(-0.999996921798944,0.0024812078989509,0.));
#16587=DIRECTION('',(0.999996921798944,-0.0024812078989509,0.));
#16588=DIRECTION('',(0.,0.,-1.));
#16589=DIRECTION('',(0.,0.,-1.));
#16590=DIRECTION('center_axis',(0.867263341933601,0.497849671826909,0.));
#16591=DIRECTION('ref_axis',(0.497849671826909,-0.867263341933601,0.));
#16592=DIRECTION('',(-0.497849671826909,0.867263341933601,0.));
#16593=DIRECTION('',(0.,0.,-1.));
#16594=DIRECTION('',(0.,0.,-1.));
#16595=DIRECTION('center_axis',(0.0024812078989509,0.999996921798944,0.));
#16596=DIRECTION('ref_axis',(0.999996921798944,-0.0024812078989509,0.));
#16597=DIRECTION('',(-0.999996921798944,0.0024812078989509,0.));
#16598=DIRECTION('',(0.,0.,-1.));
#16599=DIRECTION('center_axis',(-0.86478213403465,0.502147249972034,0.));
#16600=DIRECTION('ref_axis',(0.502147249972034,0.86478213403465,0.));
#16601=DIRECTION('',(-0.502147249972034,-0.86478213403465,0.));
#16602=DIRECTION('',(0.,0.,-1.));
#16603=DIRECTION('center_axis',(-0.867263341933601,-0.497849671826909,0.));
#16604=DIRECTION('ref_axis',(-0.497849671826909,0.867263341933601,0.));
#16605=DIRECTION('',(0.497849671826909,-0.867263341933601,0.));
#16606=DIRECTION('center_axis',(0.0024812078989509,0.999996921798944,0.));
#16607=DIRECTION('ref_axis',(0.999996921798944,-0.0024812078989509,0.));
#16608=DIRECTION('',(-0.999996921798944,0.0024812078989509,0.));
#16609=DIRECTION('',(0.,0.,-1.));
#16610=DIRECTION('',(0.,0.,-1.));
#16611=DIRECTION('center_axis',(-0.86478213403465,0.502147249972034,0.));
#16612=DIRECTION('ref_axis',(0.502147249972034,0.86478213403465,0.));
#16613=DIRECTION('',(-0.502147249972034,-0.86478213403465,0.));
#16614=DIRECTION('',(0.,0.,-1.));
#16615=DIRECTION('center_axis',(-0.867263341933601,-0.497849671826909,0.));
#16616=DIRECTION('ref_axis',(-0.497849671826909,0.867263341933601,0.));
#16617=DIRECTION('',(0.497849671826909,-0.867263341933601,0.));
#16618=DIRECTION('',(0.,0.,-1.));
#16619=DIRECTION('center_axis',(-0.0024812078989509,-0.999996921798944,
0.));
#16620=DIRECTION('ref_axis',(-0.999996921798944,0.0024812078989509,0.));
#16621=DIRECTION('',(0.999996921798944,-0.0024812078989509,0.));
#16622=DIRECTION('',(0.,0.,-1.));
#16623=DIRECTION('center_axis',(0.86478213403465,-0.502147249972035,0.));
#16624=DIRECTION('ref_axis',(-0.502147249972035,-0.86478213403465,0.));
#16625=DIRECTION('',(0.502147249972035,0.86478213403465,0.));
#16626=DIRECTION('',(0.,0.,-1.));
#16627=DIRECTION('center_axis',(0.867263341933601,0.497849671826909,0.));
#16628=DIRECTION('ref_axis',(0.497849671826909,-0.867263341933601,0.));
#16629=DIRECTION('',(-0.497849671826909,0.867263341933601,0.));
#16630=DIRECTION('center_axis',(0.00248120789895089,0.999996921798944,0.));
#16631=DIRECTION('ref_axis',(0.999996921798944,-0.00248120789895089,0.));
#16632=DIRECTION('',(-0.999996921798944,0.00248120789895089,0.));
#16633=DIRECTION('',(0.,0.,-1.));
#16634=DIRECTION('',(0.,0.,-1.));
#16635=DIRECTION('center_axis',(-0.86478213403465,0.502147249972034,0.));
#16636=DIRECTION('ref_axis',(0.502147249972034,0.86478213403465,0.));
#16637=DIRECTION('',(-0.502147249972034,-0.86478213403465,0.));
#16638=DIRECTION('',(0.,0.,-1.));
#16639=DIRECTION('center_axis',(-0.867263341933601,-0.497849671826909,0.));
#16640=DIRECTION('ref_axis',(-0.497849671826909,0.867263341933601,0.));
#16641=DIRECTION('',(0.497849671826909,-0.867263341933601,0.));
#16642=DIRECTION('',(0.,0.,-1.));
#16643=DIRECTION('center_axis',(0.,-1.,0.));
#16644=DIRECTION('ref_axis',(-1.,0.,0.));
#16645=DIRECTION('',(1.,0.,0.));
#16646=DIRECTION('',(0.,0.,-1.));
#16647=DIRECTION('center_axis',(0.86478213403465,-0.502147249972035,0.));
#16648=DIRECTION('ref_axis',(-0.502147249972035,-0.86478213403465,0.));
#16649=DIRECTION('',(0.502147249972035,0.86478213403465,0.));
#16650=DIRECTION('',(0.,0.,-1.));
#16651=DIRECTION('center_axis',(0.867263341933601,0.497849671826909,0.));
#16652=DIRECTION('ref_axis',(0.497849671826909,-0.867263341933601,0.));
#16653=DIRECTION('',(-0.497849671826909,0.867263341933601,0.));
#16654=DIRECTION('center_axis',(0.0024812078989509,0.999996921798944,0.));
#16655=DIRECTION('ref_axis',(0.999996921798944,-0.0024812078989509,0.));
#16656=DIRECTION('',(-0.999996921798944,0.0024812078989509,0.));
#16657=DIRECTION('',(0.,0.,-1.));
#16658=DIRECTION('',(0.,0.,-1.));
#16659=DIRECTION('center_axis',(-0.86478213403465,0.502147249972034,0.));
#16660=DIRECTION('ref_axis',(0.502147249972034,0.86478213403465,0.));
#16661=DIRECTION('',(-0.502147249972034,-0.86478213403465,0.));
#16662=DIRECTION('',(0.,0.,-1.));
#16663=DIRECTION('center_axis',(-0.867263341933601,-0.497849671826909,0.));
#16664=DIRECTION('ref_axis',(-0.497849671826909,0.867263341933601,0.));
#16665=DIRECTION('',(0.497849671826909,-0.867263341933601,0.));
#16666=DIRECTION('',(0.,0.,-1.));
#16667=DIRECTION('center_axis',(-0.0024812078989509,-0.999996921798944,
0.));
#16668=DIRECTION('ref_axis',(-0.999996921798944,0.0024812078989509,0.));
#16669=DIRECTION('',(0.999996921798944,-0.0024812078989509,0.));
#16670=DIRECTION('',(0.,0.,-1.));
#16671=DIRECTION('center_axis',(0.86478213403465,-0.502147249972034,0.));
#16672=DIRECTION('ref_axis',(-0.502147249972034,-0.86478213403465,0.));
#16673=DIRECTION('',(0.502147249972034,0.86478213403465,0.));
#16674=DIRECTION('',(0.,0.,-1.));
#16675=DIRECTION('center_axis',(0.867263341933601,0.497849671826909,0.));
#16676=DIRECTION('ref_axis',(0.497849671826909,-0.867263341933601,0.));
#16677=DIRECTION('',(-0.497849671826909,0.867263341933601,0.));
#16678=DIRECTION('center_axis',(-0.86478213403465,0.502147249972034,0.));
#16679=DIRECTION('ref_axis',(0.502147249972034,0.86478213403465,0.));
#16680=DIRECTION('',(-0.502147249972034,-0.86478213403465,0.));
#16681=DIRECTION('',(0.,0.,-1.));
#16682=DIRECTION('',(0.,0.,-1.));
#16683=DIRECTION('center_axis',(-1.,0.,0.));
#16684=DIRECTION('ref_axis',(0.,1.,0.));
#16685=DIRECTION('',(0.,-1.,0.));
#16686=DIRECTION('',(0.,0.,-1.));
#16687=DIRECTION('center_axis',(0.,1.,0.));
#16688=DIRECTION('ref_axis',(1.,0.,0.));
#16689=DIRECTION('',(-1.,0.,0.));
#16690=DIRECTION('',(0.,0.,-1.));
#16691=DIRECTION('center_axis',(-0.86478213403465,0.502147249972034,0.));
#16692=DIRECTION('ref_axis',(0.502147249972034,0.86478213403465,0.));
#16693=DIRECTION('',(-0.502147249972034,-0.86478213403465,0.));
#16694=DIRECTION('',(0.,0.,-1.));
#16695=DIRECTION('center_axis',(-0.867263341933601,-0.497849671826909,0.));
#16696=DIRECTION('ref_axis',(-0.497849671826909,0.867263341933601,0.));
#16697=DIRECTION('',(0.497849671826909,-0.867263341933601,0.));
#16698=DIRECTION('',(0.,0.,-1.));
#16699=DIRECTION('center_axis',(-0.0024812078989509,-0.999996921798944,
0.));
#16700=DIRECTION('ref_axis',(-0.999996921798944,0.0024812078989509,0.));
#16701=DIRECTION('',(0.999996921798944,-0.0024812078989509,0.));
#16702=DIRECTION('',(0.,0.,-1.));
#16703=DIRECTION('center_axis',(0.86478213403465,-0.502147249972035,0.));
#16704=DIRECTION('ref_axis',(-0.502147249972035,-0.86478213403465,0.));
#16705=DIRECTION('',(0.502147249972035,0.86478213403465,0.));
#16706=DIRECTION('',(0.,0.,-1.));
#16707=DIRECTION('center_axis',(0.867263341933601,0.497849671826909,0.));
#16708=DIRECTION('ref_axis',(0.497849671826909,-0.867263341933601,0.));
#16709=DIRECTION('',(-0.497849671826909,0.867263341933601,0.));
#16710=DIRECTION('',(0.,0.,-1.));
#16711=DIRECTION('center_axis',(0.00248120789895089,0.999996921798944,0.));
#16712=DIRECTION('ref_axis',(0.999996921798944,-0.00248120789895089,0.));
#16713=DIRECTION('',(-0.999996921798944,0.00248120789895089,0.));
#16714=DIRECTION('center_axis',(0.0024812078989509,0.999996921798944,0.));
#16715=DIRECTION('ref_axis',(0.999996921798944,-0.0024812078989509,0.));
#16716=DIRECTION('',(-0.999996921798944,0.0024812078989509,0.));
#16717=DIRECTION('',(0.,0.,-1.));
#16718=DIRECTION('',(0.,0.,-1.));
#16719=DIRECTION('center_axis',(-0.86478213403465,0.502147249972034,0.));
#16720=DIRECTION('ref_axis',(0.502147249972034,0.86478213403465,0.));
#16721=DIRECTION('',(-0.502147249972034,-0.86478213403465,0.));
#16722=DIRECTION('',(0.,0.,-1.));
#16723=DIRECTION('center_axis',(-0.867263341933601,-0.497849671826909,0.));
#16724=DIRECTION('ref_axis',(-0.497849671826909,0.867263341933601,0.));
#16725=DIRECTION('',(0.497849671826909,-0.867263341933601,0.));
#16726=DIRECTION('',(0.,0.,-1.));
#16727=DIRECTION('center_axis',(-0.0024812078989509,-0.999996921798944,
0.));
#16728=DIRECTION('ref_axis',(-0.999996921798944,0.0024812078989509,0.));
#16729=DIRECTION('',(0.999996921798944,-0.0024812078989509,0.));
#16730=DIRECTION('',(0.,0.,-1.));
#16731=DIRECTION('center_axis',(0.86478213403465,-0.502147249972035,0.));
#16732=DIRECTION('ref_axis',(-0.502147249972035,-0.86478213403465,0.));
#16733=DIRECTION('',(0.502147249972035,0.86478213403465,0.));
#16734=DIRECTION('',(0.,0.,-1.));
#16735=DIRECTION('center_axis',(0.867263341933601,0.497849671826909,0.));
#16736=DIRECTION('ref_axis',(0.497849671826909,-0.867263341933601,0.));
#16737=DIRECTION('',(-0.497849671826909,0.867263341933601,0.));
#16738=DIRECTION('center_axis',(0.0024812078989509,0.999996921798944,0.));
#16739=DIRECTION('ref_axis',(0.999996921798944,-0.0024812078989509,0.));
#16740=DIRECTION('',(-0.999996921798944,0.0024812078989509,0.));
#16741=DIRECTION('',(0.,0.,-1.));
#16742=DIRECTION('',(0.,0.,-1.));
#16743=DIRECTION('center_axis',(-0.86478213403465,0.502147249972034,0.));
#16744=DIRECTION('ref_axis',(0.502147249972034,0.86478213403465,0.));
#16745=DIRECTION('',(-0.502147249972034,-0.86478213403465,0.));
#16746=DIRECTION('',(0.,0.,-1.));
#16747=DIRECTION('center_axis',(-0.867263341933601,-0.497849671826909,0.));
#16748=DIRECTION('ref_axis',(-0.497849671826909,0.867263341933601,0.));
#16749=DIRECTION('',(0.497849671826909,-0.867263341933601,0.));
#16750=DIRECTION('',(0.,0.,-1.));
#16751=DIRECTION('center_axis',(-0.0024812078989509,-0.999996921798944,
0.));
#16752=DIRECTION('ref_axis',(-0.999996921798944,0.0024812078989509,0.));
#16753=DIRECTION('',(0.999996921798944,-0.0024812078989509,0.));
#16754=DIRECTION('',(0.,0.,-1.));
#16755=DIRECTION('center_axis',(0.86478213403465,-0.502147249972035,0.));
#16756=DIRECTION('ref_axis',(-0.502147249972035,-0.86478213403465,0.));
#16757=DIRECTION('',(0.502147249972035,0.86478213403465,0.));
#16758=DIRECTION('',(0.,0.,-1.));
#16759=DIRECTION('center_axis',(0.867263341933601,0.497849671826909,0.));
#16760=DIRECTION('ref_axis',(0.497849671826909,-0.867263341933601,0.));
#16761=DIRECTION('',(-0.497849671826909,0.867263341933601,0.));
#16762=DIRECTION('center_axis',(0.0024812078989509,0.999996921798944,0.));
#16763=DIRECTION('ref_axis',(0.999996921798944,-0.0024812078989509,0.));
#16764=DIRECTION('',(-0.999996921798944,0.0024812078989509,0.));
#16765=DIRECTION('',(0.,0.,-1.));
#16766=DIRECTION('',(0.,0.,-1.));
#16767=DIRECTION('center_axis',(-0.86478213403465,0.502147249972034,0.));
#16768=DIRECTION('ref_axis',(0.502147249972034,0.86478213403465,0.));
#16769=DIRECTION('',(-0.502147249972034,-0.86478213403465,0.));
#16770=DIRECTION('',(0.,0.,-1.));
#16771=DIRECTION('center_axis',(-0.867263341933601,-0.497849671826909,0.));
#16772=DIRECTION('ref_axis',(-0.497849671826909,0.867263341933601,0.));
#16773=DIRECTION('',(0.497849671826909,-0.867263341933601,0.));
#16774=DIRECTION('',(0.,0.,-1.));
#16775=DIRECTION('center_axis',(-0.0024812078989509,-0.999996921798944,
0.));
#16776=DIRECTION('ref_axis',(-0.999996921798944,0.0024812078989509,0.));
#16777=DIRECTION('',(0.999996921798944,-0.0024812078989509,0.));
#16778=DIRECTION('',(0.,0.,-1.));
#16779=DIRECTION('center_axis',(0.86478213403465,-0.502147249972034,0.));
#16780=DIRECTION('ref_axis',(-0.502147249972034,-0.86478213403465,0.));
#16781=DIRECTION('',(0.502147249972034,0.86478213403465,0.));
#16782=DIRECTION('',(0.,0.,-1.));
#16783=DIRECTION('center_axis',(0.867263341933601,0.497849671826909,0.));
#16784=DIRECTION('ref_axis',(0.497849671826909,-0.867263341933601,0.));
#16785=DIRECTION('',(-0.497849671826909,0.867263341933601,0.));
#16786=DIRECTION('center_axis',(0.0024812078989509,0.999996921798944,0.));
#16787=DIRECTION('ref_axis',(0.999996921798944,-0.0024812078989509,0.));
#16788=DIRECTION('',(-0.999996921798944,0.0024812078989509,0.));
#16789=DIRECTION('',(0.,0.,-1.));
#16790=DIRECTION('',(0.,0.,-1.));
#16791=DIRECTION('center_axis',(-0.86478213403465,0.502147249972034,0.));
#16792=DIRECTION('ref_axis',(0.502147249972034,0.86478213403465,0.));
#16793=DIRECTION('',(-0.502147249972034,-0.86478213403465,0.));
#16794=DIRECTION('',(0.,0.,-1.));
#16795=DIRECTION('center_axis',(-0.867263341933601,-0.497849671826909,0.));
#16796=DIRECTION('ref_axis',(-0.497849671826909,0.867263341933601,0.));
#16797=DIRECTION('',(0.497849671826909,-0.867263341933601,0.));
#16798=DIRECTION('',(0.,0.,-1.));
#16799=DIRECTION('center_axis',(-0.0024812078989509,-0.999996921798944,
0.));
#16800=DIRECTION('ref_axis',(-0.999996921798944,0.0024812078989509,0.));
#16801=DIRECTION('',(0.999996921798944,-0.0024812078989509,0.));
#16802=DIRECTION('',(0.,0.,-1.));
#16803=DIRECTION('center_axis',(0.86478213403465,-0.502147249972034,0.));
#16804=DIRECTION('ref_axis',(-0.502147249972034,-0.86478213403465,0.));
#16805=DIRECTION('',(0.502147249972034,0.86478213403465,0.));
#16806=DIRECTION('',(0.,0.,-1.));
#16807=DIRECTION('center_axis',(0.867263341933601,0.497849671826909,0.));
#16808=DIRECTION('ref_axis',(0.497849671826909,-0.867263341933601,0.));
#16809=DIRECTION('',(-0.497849671826909,0.867263341933601,0.));
#16810=DIRECTION('center_axis',(-0.00248120789895268,-0.999996921798944,
0.));
#16811=DIRECTION('ref_axis',(-0.999996921798944,0.00248120789895268,0.));
#16812=DIRECTION('',(0.999996921798944,-0.00248120789895268,0.));
#16813=DIRECTION('',(0.,0.,-1.));
#16814=DIRECTION('',(0.,0.,-1.));
#16815=DIRECTION('center_axis',(0.864782134034651,-0.502147249972033,0.));
#16816=DIRECTION('ref_axis',(-0.502147249972033,-0.864782134034651,0.));
#16817=DIRECTION('',(0.502147249972033,0.864782134034651,0.));
#16818=DIRECTION('',(0.,0.,-1.));
#16819=DIRECTION('center_axis',(0.867263341933601,0.497849671826909,0.));
#16820=DIRECTION('ref_axis',(0.497849671826909,-0.867263341933601,0.));
#16821=DIRECTION('',(-0.497849671826909,0.867263341933601,0.));
#16822=DIRECTION('',(0.,0.,-1.));
#16823=DIRECTION('center_axis',(0.00248120789894913,0.999996921798944,0.));
#16824=DIRECTION('ref_axis',(0.999996921798944,-0.00248120789894913,0.));
#16825=DIRECTION('',(-0.999996921798944,0.00248120789894913,0.));
#16826=DIRECTION('',(0.,0.,-1.));
#16827=DIRECTION('center_axis',(-0.86478213403465,0.502147249972034,0.));
#16828=DIRECTION('ref_axis',(0.502147249972034,0.86478213403465,0.));
#16829=DIRECTION('',(-0.502147249972034,-0.86478213403465,0.));
#16830=DIRECTION('',(0.,0.,-1.));
#16831=DIRECTION('center_axis',(0.0024812078989509,0.999996921798944,0.));
#16832=DIRECTION('ref_axis',(0.999996921798944,-0.0024812078989509,0.));
#16833=DIRECTION('',(-0.999996921798944,0.0024812078989509,0.));
#16834=DIRECTION('',(0.,0.,-1.));
#16835=DIRECTION('',(0.,0.,-1.));
#16836=DIRECTION('center_axis',(-0.864782134034651,0.502147249972033,0.));
#16837=DIRECTION('ref_axis',(0.502147249972033,0.864782134034651,0.));
#16838=DIRECTION('',(-0.502147249972033,-0.864782134034651,0.));
#16839=DIRECTION('',(0.,0.,-1.));
#16840=DIRECTION('center_axis',(-0.867263341933601,-0.497849671826909,0.));
#16841=DIRECTION('ref_axis',(-0.497849671826909,0.867263341933601,0.));
#16842=DIRECTION('',(0.497849671826909,-0.867263341933601,0.));
#16843=DIRECTION('',(0.,0.,-1.));
#16844=DIRECTION('center_axis',(-0.0024812078989509,-0.999996921798944,
0.));
#16845=DIRECTION('ref_axis',(-0.999996921798944,0.0024812078989509,0.));
#16846=DIRECTION('',(0.999996921798944,-0.0024812078989509,0.));
#16847=DIRECTION('',(0.,0.,-1.));
#16848=DIRECTION('center_axis',(0.86478213403465,-0.502147249972034,0.));
#16849=DIRECTION('ref_axis',(-0.502147249972034,-0.86478213403465,0.));
#16850=DIRECTION('',(0.502147249972034,0.86478213403465,0.));
#16851=DIRECTION('',(0.,0.,-1.));
#16852=DIRECTION('center_axis',(0.867263341933601,0.497849671826909,0.));
#16853=DIRECTION('ref_axis',(0.497849671826909,-0.867263341933601,0.));
#16854=DIRECTION('',(-0.497849671826909,0.867263341933601,0.));
#16855=DIRECTION('center_axis',(0.0024812078989509,0.999996921798944,0.));
#16856=DIRECTION('ref_axis',(0.999996921798944,-0.0024812078989509,0.));
#16857=DIRECTION('',(-0.999996921798944,0.0024812078989509,0.));
#16858=DIRECTION('',(0.,0.,-1.));
#16859=DIRECTION('',(0.,0.,-1.));
#16860=DIRECTION('center_axis',(-0.86478213403465,0.502147249972034,0.));
#16861=DIRECTION('ref_axis',(0.502147249972034,0.86478213403465,0.));
#16862=DIRECTION('',(-0.502147249972034,-0.86478213403465,0.));
#16863=DIRECTION('',(0.,0.,-1.));
#16864=DIRECTION('center_axis',(-0.867263341933601,-0.497849671826909,0.));
#16865=DIRECTION('ref_axis',(-0.497849671826909,0.867263341933601,0.));
#16866=DIRECTION('',(0.497849671826909,-0.867263341933601,0.));
#16867=DIRECTION('',(0.,0.,-1.));
#16868=DIRECTION('center_axis',(-0.0024812078989509,-0.999996921798944,
0.));
#16869=DIRECTION('ref_axis',(-0.999996921798944,0.0024812078989509,0.));
#16870=DIRECTION('',(0.999996921798944,-0.0024812078989509,0.));
#16871=DIRECTION('',(0.,0.,-1.));
#16872=DIRECTION('center_axis',(0.86478213403465,-0.502147249972034,0.));
#16873=DIRECTION('ref_axis',(-0.502147249972034,-0.86478213403465,0.));
#16874=DIRECTION('',(0.502147249972034,0.86478213403465,0.));
#16875=DIRECTION('',(0.,0.,-1.));
#16876=DIRECTION('center_axis',(0.867263341933601,0.497849671826909,0.));
#16877=DIRECTION('ref_axis',(0.497849671826909,-0.867263341933601,0.));
#16878=DIRECTION('',(-0.497849671826909,0.867263341933601,0.));
#16879=DIRECTION('center_axis',(0.0024812078989509,0.999996921798944,0.));
#16880=DIRECTION('ref_axis',(0.999996921798944,-0.0024812078989509,0.));
#16881=DIRECTION('',(-0.999996921798944,0.0024812078989509,0.));
#16882=DIRECTION('',(0.,0.,-1.));
#16883=DIRECTION('',(0.,0.,-1.));
#16884=DIRECTION('center_axis',(-0.86478213403465,0.502147249972034,0.));
#16885=DIRECTION('ref_axis',(0.502147249972034,0.86478213403465,0.));
#16886=DIRECTION('',(-0.502147249972034,-0.86478213403465,0.));
#16887=DIRECTION('',(0.,0.,-1.));
#16888=DIRECTION('center_axis',(-0.867263341933601,-0.497849671826909,0.));
#16889=DIRECTION('ref_axis',(-0.497849671826909,0.867263341933601,0.));
#16890=DIRECTION('',(0.497849671826909,-0.867263341933601,0.));
#16891=DIRECTION('',(0.,0.,-1.));
#16892=DIRECTION('center_axis',(-0.0024812078989509,-0.999996921798944,
0.));
#16893=DIRECTION('ref_axis',(-0.999996921798944,0.0024812078989509,0.));
#16894=DIRECTION('',(0.999996921798944,-0.0024812078989509,0.));
#16895=DIRECTION('',(0.,0.,-1.));
#16896=DIRECTION('center_axis',(0.86478213403465,-0.502147249972034,0.));
#16897=DIRECTION('ref_axis',(-0.502147249972034,-0.86478213403465,0.));
#16898=DIRECTION('',(0.502147249972034,0.86478213403465,0.));
#16899=DIRECTION('',(0.,0.,-1.));
#16900=DIRECTION('center_axis',(0.867263341933601,0.497849671826909,0.));
#16901=DIRECTION('ref_axis',(0.497849671826909,-0.867263341933601,0.));
#16902=DIRECTION('',(-0.497849671826909,0.867263341933601,0.));
#16903=DIRECTION('center_axis',(0.00248120789894912,0.999996921798944,0.));
#16904=DIRECTION('ref_axis',(0.999996921798944,-0.00248120789894912,0.));
#16905=DIRECTION('',(-0.999996921798944,0.00248120789894912,0.));
#16906=DIRECTION('',(0.,0.,-1.));
#16907=DIRECTION('',(0.,0.,-1.));
#16908=DIRECTION('center_axis',(-0.864782134034651,0.502147249972033,0.));
#16909=DIRECTION('ref_axis',(0.502147249972033,0.864782134034651,0.));
#16910=DIRECTION('',(-0.502147249972033,-0.864782134034651,0.));
#16911=DIRECTION('',(0.,0.,-1.));
#16912=DIRECTION('center_axis',(-0.867263341933601,-0.49784967182691,0.));
#16913=DIRECTION('ref_axis',(-0.49784967182691,0.867263341933601,0.));
#16914=DIRECTION('',(0.49784967182691,-0.867263341933601,0.));
#16915=DIRECTION('',(0.,0.,-1.));
#16916=DIRECTION('center_axis',(-0.0024812078989509,-0.999996921798944,
0.));
#16917=DIRECTION('ref_axis',(-0.999996921798944,0.0024812078989509,0.));
#16918=DIRECTION('',(0.999996921798944,-0.0024812078989509,0.));
#16919=DIRECTION('',(0.,0.,-1.));
#16920=DIRECTION('center_axis',(0.864782134034651,-0.502147249972033,0.));
#16921=DIRECTION('ref_axis',(-0.502147249972033,-0.864782134034651,0.));
#16922=DIRECTION('',(0.502147249972033,0.864782134034651,0.));
#16923=DIRECTION('',(0.,0.,-1.));
#16924=DIRECTION('center_axis',(0.867263341933601,0.497849671826909,0.));
#16925=DIRECTION('ref_axis',(0.497849671826909,-0.867263341933601,0.));
#16926=DIRECTION('',(-0.497849671826909,0.867263341933601,0.));
#16927=DIRECTION('center_axis',(0.00248120789894912,0.999996921798944,0.));
#16928=DIRECTION('ref_axis',(0.999996921798944,-0.00248120789894912,0.));
#16929=DIRECTION('',(-0.999996921798944,0.00248120789894912,0.));
#16930=DIRECTION('',(0.,0.,-1.));
#16931=DIRECTION('',(0.,0.,-1.));
#16932=DIRECTION('center_axis',(-0.86478213403465,0.502147249972034,0.));
#16933=DIRECTION('ref_axis',(0.502147249972034,0.86478213403465,0.));
#16934=DIRECTION('',(-0.502147249972034,-0.86478213403465,0.));
#16935=DIRECTION('',(0.,0.,-1.));
#16936=DIRECTION('center_axis',(-0.867263341933601,-0.497849671826909,0.));
#16937=DIRECTION('ref_axis',(-0.497849671826909,0.867263341933601,0.));
#16938=DIRECTION('',(0.497849671826909,-0.867263341933601,0.));
#16939=DIRECTION('',(0.,0.,-1.));
#16940=DIRECTION('center_axis',(-0.0024812078989509,-0.999996921798944,
0.));
#16941=DIRECTION('ref_axis',(-0.999996921798944,0.0024812078989509,0.));
#16942=DIRECTION('',(0.999996921798944,-0.0024812078989509,0.));
#16943=DIRECTION('',(0.,0.,-1.));
#16944=DIRECTION('center_axis',(0.86478213403465,-0.502147249972034,0.));
#16945=DIRECTION('ref_axis',(-0.502147249972034,-0.86478213403465,0.));
#16946=DIRECTION('',(0.502147249972034,0.86478213403465,0.));
#16947=DIRECTION('',(0.,0.,-1.));
#16948=DIRECTION('center_axis',(0.867263341933601,0.497849671826909,0.));
#16949=DIRECTION('ref_axis',(0.497849671826909,-0.867263341933601,0.));
#16950=DIRECTION('',(-0.497849671826909,0.867263341933601,0.));
#16951=DIRECTION('center_axis',(0.00248120789894912,0.999996921798944,0.));
#16952=DIRECTION('ref_axis',(0.999996921798944,-0.00248120789894912,0.));
#16953=DIRECTION('',(-0.999996921798944,0.00248120789894912,0.));
#16954=DIRECTION('',(0.,0.,-1.));
#16955=DIRECTION('',(0.,0.,-1.));
#16956=DIRECTION('center_axis',(-0.864782134034651,0.502147249972033,0.));
#16957=DIRECTION('ref_axis',(0.502147249972033,0.864782134034651,0.));
#16958=DIRECTION('',(-0.502147249972033,-0.864782134034651,0.));
#16959=DIRECTION('',(0.,0.,-1.));
#16960=DIRECTION('center_axis',(-0.867263341933601,-0.49784967182691,0.));
#16961=DIRECTION('ref_axis',(-0.49784967182691,0.867263341933601,0.));
#16962=DIRECTION('',(0.49784967182691,-0.867263341933601,0.));
#16963=DIRECTION('',(0.,0.,-1.));
#16964=DIRECTION('center_axis',(-0.0024812078989509,-0.999996921798944,
0.));
#16965=DIRECTION('ref_axis',(-0.999996921798944,0.0024812078989509,0.));
#16966=DIRECTION('',(0.999996921798944,-0.0024812078989509,0.));
#16967=DIRECTION('',(0.,0.,-1.));
#16968=DIRECTION('center_axis',(0.864782134034651,-0.502147249972033,0.));
#16969=DIRECTION('ref_axis',(-0.502147249972033,-0.864782134034651,0.));
#16970=DIRECTION('',(0.502147249972033,0.864782134034651,0.));
#16971=DIRECTION('',(0.,0.,-1.));
#16972=DIRECTION('center_axis',(0.867263341933601,0.497849671826909,0.));
#16973=DIRECTION('ref_axis',(0.497849671826909,-0.867263341933601,0.));
#16974=DIRECTION('',(-0.497849671826909,0.867263341933601,0.));
#16975=DIRECTION('center_axis',(0.0024812078989509,0.999996921798944,0.));
#16976=DIRECTION('ref_axis',(0.999996921798944,-0.0024812078989509,0.));
#16977=DIRECTION('',(-0.999996921798944,0.0024812078989509,0.));
#16978=DIRECTION('',(0.,0.,-1.));
#16979=DIRECTION('',(0.,0.,-1.));
#16980=DIRECTION('center_axis',(-0.86478213403465,0.502147249972034,0.));
#16981=DIRECTION('ref_axis',(0.502147249972034,0.86478213403465,0.));
#16982=DIRECTION('',(-0.502147249972034,-0.86478213403465,0.));
#16983=DIRECTION('',(0.,0.,-1.));
#16984=DIRECTION('center_axis',(-0.867263341933601,-0.497849671826909,0.));
#16985=DIRECTION('ref_axis',(-0.497849671826909,0.867263341933601,0.));
#16986=DIRECTION('',(0.497849671826909,-0.867263341933601,0.));
#16987=DIRECTION('',(0.,0.,-1.));
#16988=DIRECTION('center_axis',(-0.0024812078989509,-0.999996921798944,
0.));
#16989=DIRECTION('ref_axis',(-0.999996921798944,0.0024812078989509,0.));
#16990=DIRECTION('',(0.999996921798944,-0.0024812078989509,0.));
#16991=DIRECTION('',(0.,0.,-1.));
#16992=DIRECTION('center_axis',(0.86478213403465,-0.502147249972034,0.));
#16993=DIRECTION('ref_axis',(-0.502147249972034,-0.86478213403465,0.));
#16994=DIRECTION('',(0.502147249972034,0.86478213403465,0.));
#16995=DIRECTION('',(0.,0.,-1.));
#16996=DIRECTION('center_axis',(0.867263341933601,0.497849671826909,0.));
#16997=DIRECTION('ref_axis',(0.497849671826909,-0.867263341933601,0.));
#16998=DIRECTION('',(-0.497849671826909,0.867263341933601,0.));
#16999=DIRECTION('center_axis',(0.00248120789895267,0.999996921798944,0.));
#17000=DIRECTION('ref_axis',(0.999996921798944,-0.00248120789895267,0.));
#17001=DIRECTION('',(-0.999996921798944,0.00248120789895267,0.));
#17002=DIRECTION('',(0.,0.,-1.));
#17003=DIRECTION('',(0.,0.,-1.));
#17004=DIRECTION('center_axis',(-0.864782134034651,0.502147249972033,0.));
#17005=DIRECTION('ref_axis',(0.502147249972033,0.864782134034651,0.));
#17006=DIRECTION('',(-0.502147249972033,-0.864782134034651,0.));
#17007=DIRECTION('',(0.,0.,-1.));
#17008=DIRECTION('center_axis',(-0.867263341933601,-0.497849671826909,0.));
#17009=DIRECTION('ref_axis',(-0.497849671826909,0.867263341933601,0.));
#17010=DIRECTION('',(0.497849671826909,-0.867263341933601,0.));
#17011=DIRECTION('',(0.,0.,-1.));
#17012=DIRECTION('center_axis',(-0.00248120789894913,-0.999996921798944,
0.));
#17013=DIRECTION('ref_axis',(-0.999996921798944,0.00248120789894913,0.));
#17014=DIRECTION('',(0.999996921798944,-0.00248120789894913,0.));
#17015=DIRECTION('',(0.,0.,-1.));
#17016=DIRECTION('center_axis',(0.864782134034649,-0.502147249972036,0.));
#17017=DIRECTION('ref_axis',(-0.502147249972036,-0.864782134034649,0.));
#17018=DIRECTION('',(0.502147249972036,0.864782134034649,0.));
#17019=DIRECTION('',(0.,0.,-1.));
#17020=DIRECTION('center_axis',(0.867263341933601,0.497849671826909,0.));
#17021=DIRECTION('ref_axis',(0.497849671826909,-0.867263341933601,0.));
#17022=DIRECTION('',(-0.497849671826909,0.867263341933601,0.));
#17023=DIRECTION('center_axis',(0.0024812078989509,0.999996921798944,0.));
#17024=DIRECTION('ref_axis',(0.999996921798944,-0.0024812078989509,0.));
#17025=DIRECTION('',(-0.999996921798944,0.0024812078989509,0.));
#17026=DIRECTION('',(0.,0.,-1.));
#17027=DIRECTION('',(0.,0.,-1.));
#17028=DIRECTION('center_axis',(-0.86478213403465,0.502147249972034,0.));
#17029=DIRECTION('ref_axis',(0.502147249972034,0.86478213403465,0.));
#17030=DIRECTION('',(-0.502147249972034,-0.86478213403465,0.));
#17031=DIRECTION('',(0.,0.,-1.));
#17032=DIRECTION('center_axis',(-0.867263341933601,-0.497849671826909,0.));
#17033=DIRECTION('ref_axis',(-0.497849671826909,0.867263341933601,0.));
#17034=DIRECTION('',(0.497849671826909,-0.867263341933601,0.));
#17035=DIRECTION('',(0.,0.,-1.));
#17036=DIRECTION('center_axis',(-0.0024812078989509,-0.999996921798944,
0.));
#17037=DIRECTION('ref_axis',(-0.999996921798944,0.0024812078989509,0.));
#17038=DIRECTION('',(0.999996921798944,-0.0024812078989509,0.));
#17039=DIRECTION('',(0.,0.,-1.));
#17040=DIRECTION('center_axis',(0.86478213403465,-0.502147249972034,0.));
#17041=DIRECTION('ref_axis',(-0.502147249972034,-0.86478213403465,0.));
#17042=DIRECTION('',(0.502147249972034,0.86478213403465,0.));
#17043=DIRECTION('',(0.,0.,-1.));
#17044=DIRECTION('center_axis',(0.867263341933601,0.497849671826909,0.));
#17045=DIRECTION('ref_axis',(0.497849671826909,-0.867263341933601,0.));
#17046=DIRECTION('',(-0.497849671826909,0.867263341933601,0.));
#17047=DIRECTION('center_axis',(0.00248120789895267,0.999996921798944,0.));
#17048=DIRECTION('ref_axis',(0.999996921798944,-0.00248120789895267,0.));
#17049=DIRECTION('',(-0.999996921798944,0.00248120789895267,0.));
#17050=DIRECTION('',(0.,0.,-1.));
#17051=DIRECTION('',(0.,0.,-1.));
#17052=DIRECTION('center_axis',(-0.864782134034651,0.502147249972033,0.));
#17053=DIRECTION('ref_axis',(0.502147249972033,0.864782134034651,0.));
#17054=DIRECTION('',(-0.502147249972033,-0.864782134034651,0.));
#17055=DIRECTION('',(0.,0.,-1.));
#17056=DIRECTION('center_axis',(-0.867263341933601,-0.497849671826909,0.));
#17057=DIRECTION('ref_axis',(-0.497849671826909,0.867263341933601,0.));
#17058=DIRECTION('',(0.497849671826909,-0.867263341933601,0.));
#17059=DIRECTION('',(0.,0.,-1.));
#17060=DIRECTION('center_axis',(-0.00248120789894912,-0.999996921798944,
0.));
#17061=DIRECTION('ref_axis',(-0.999996921798944,0.00248120789894912,0.));
#17062=DIRECTION('',(0.999996921798944,-0.00248120789894912,0.));
#17063=DIRECTION('',(0.,0.,-1.));
#17064=DIRECTION('center_axis',(0.86478213403465,-0.502147249972034,0.));
#17065=DIRECTION('ref_axis',(-0.502147249972034,-0.86478213403465,0.));
#17066=DIRECTION('',(0.502147249972034,0.86478213403465,0.));
#17067=DIRECTION('',(0.,0.,-1.));
#17068=DIRECTION('center_axis',(0.867263341933601,0.497849671826909,0.));
#17069=DIRECTION('ref_axis',(0.497849671826909,-0.867263341933601,0.));
#17070=DIRECTION('',(-0.497849671826909,0.867263341933601,0.));
#17071=DIRECTION('center_axis',(1.,0.,0.));
#17072=DIRECTION('ref_axis',(0.,-1.,0.));
#17073=DIRECTION('',(0.,1.,0.));
#17074=DIRECTION('',(0.,0.,-1.));
#17075=DIRECTION('',(0.,0.,-1.));
#17076=DIRECTION('center_axis',(0.,-1.,0.));
#17077=DIRECTION('ref_axis',(-1.,0.,0.));
#17078=DIRECTION('',(1.,0.,0.));
#17079=DIRECTION('',(0.,0.,-1.));
#17080=DIRECTION('center_axis',(0.0024812078989509,0.999996921798944,0.));
#17081=DIRECTION('ref_axis',(0.999996921798944,-0.0024812078989509,0.));
#17082=DIRECTION('',(-0.999996921798944,0.0024812078989509,0.));
#17083=DIRECTION('',(0.,0.,-1.));
#17084=DIRECTION('',(0.,0.,-1.));
#17085=DIRECTION('center_axis',(-0.86478213403465,0.502147249972034,0.));
#17086=DIRECTION('ref_axis',(0.502147249972034,0.86478213403465,0.));
#17087=DIRECTION('',(-0.502147249972034,-0.86478213403465,0.));
#17088=DIRECTION('',(0.,0.,-1.));
#17089=DIRECTION('center_axis',(-0.867263341933601,-0.497849671826909,0.));
#17090=DIRECTION('ref_axis',(-0.497849671826909,0.867263341933601,0.));
#17091=DIRECTION('',(0.497849671826909,-0.867263341933601,0.));
#17092=DIRECTION('',(0.,0.,-1.));
#17093=DIRECTION('center_axis',(-0.0024812078989509,-0.999996921798944,
0.));
#17094=DIRECTION('ref_axis',(-0.999996921798944,0.0024812078989509,0.));
#17095=DIRECTION('',(0.999996921798944,-0.0024812078989509,0.));
#17096=DIRECTION('',(0.,0.,-1.));
#17097=DIRECTION('center_axis',(0.86478213403465,-0.502147249972034,0.));
#17098=DIRECTION('ref_axis',(-0.502147249972034,-0.86478213403465,0.));
#17099=DIRECTION('',(0.502147249972034,0.86478213403465,0.));
#17100=DIRECTION('center_axis',(0.0024812078989509,0.999996921798944,0.));
#17101=DIRECTION('ref_axis',(0.999996921798944,-0.0024812078989509,0.));
#17102=DIRECTION('',(-0.999996921798944,0.0024812078989509,0.));
#17103=DIRECTION('',(0.,0.,-1.));
#17104=DIRECTION('',(0.,0.,-1.));
#17105=DIRECTION('center_axis',(-0.86478213403465,0.502147249972034,0.));
#17106=DIRECTION('ref_axis',(0.502147249972034,0.86478213403465,0.));
#17107=DIRECTION('',(-0.502147249972034,-0.86478213403465,0.));
#17108=DIRECTION('',(0.,0.,-1.));
#17109=DIRECTION('center_axis',(-0.867263341933601,-0.497849671826909,0.));
#17110=DIRECTION('ref_axis',(-0.497849671826909,0.867263341933601,0.));
#17111=DIRECTION('',(0.497849671826909,-0.867263341933601,0.));
#17112=DIRECTION('',(0.,0.,-1.));
#17113=DIRECTION('center_axis',(-0.0024812078989509,-0.999996921798944,
0.));
#17114=DIRECTION('ref_axis',(-0.999996921798944,0.0024812078989509,0.));
#17115=DIRECTION('',(0.999996921798944,-0.0024812078989509,0.));
#17116=DIRECTION('',(0.,0.,-1.));
#17117=DIRECTION('center_axis',(0.86478213403465,-0.502147249972035,0.));
#17118=DIRECTION('ref_axis',(-0.502147249972035,-0.86478213403465,0.));
#17119=DIRECTION('',(0.502147249972035,0.86478213403465,0.));
#17120=DIRECTION('',(0.,0.,-1.));
#17121=DIRECTION('center_axis',(0.867263341933601,0.497849671826909,0.));
#17122=DIRECTION('ref_axis',(0.497849671826909,-0.867263341933601,0.));
#17123=DIRECTION('',(-0.497849671826909,0.867263341933601,0.));
#17124=DIRECTION('center_axis',(0.0024812078989509,0.999996921798944,0.));
#17125=DIRECTION('ref_axis',(0.999996921798944,-0.0024812078989509,0.));
#17126=DIRECTION('',(-0.999996921798944,0.0024812078989509,0.));
#17127=DIRECTION('',(0.,0.,-1.));
#17128=DIRECTION('',(0.,0.,-1.));
#17129=DIRECTION('center_axis',(-0.86478213403465,0.502147249972034,0.));
#17130=DIRECTION('ref_axis',(0.502147249972034,0.86478213403465,0.));
#17131=DIRECTION('',(-0.502147249972034,-0.86478213403465,0.));
#17132=DIRECTION('',(0.,0.,-1.));
#17133=DIRECTION('center_axis',(-0.867263341933601,-0.497849671826909,0.));
#17134=DIRECTION('ref_axis',(-0.497849671826909,0.867263341933601,0.));
#17135=DIRECTION('',(0.497849671826909,-0.867263341933601,0.));
#17136=DIRECTION('',(0.,0.,-1.));
#17137=DIRECTION('center_axis',(-0.0024812078989509,-0.999996921798944,
0.));
#17138=DIRECTION('ref_axis',(-0.999996921798944,0.0024812078989509,0.));
#17139=DIRECTION('',(0.999996921798944,-0.0024812078989509,0.));
#17140=DIRECTION('',(0.,0.,-1.));
#17141=DIRECTION('center_axis',(0.86478213403465,-0.502147249972035,0.));
#17142=DIRECTION('ref_axis',(-0.502147249972035,-0.86478213403465,0.));
#17143=DIRECTION('',(0.502147249972035,0.86478213403465,0.));
#17144=DIRECTION('',(0.,0.,-1.));
#17145=DIRECTION('center_axis',(0.867263341933601,0.497849671826909,0.));
#17146=DIRECTION('ref_axis',(0.497849671826909,-0.867263341933601,0.));
#17147=DIRECTION('',(-0.497849671826909,0.867263341933601,0.));
#17148=DIRECTION('center_axis',(0.0024812078989509,0.999996921798944,0.));
#17149=DIRECTION('ref_axis',(0.999996921798944,-0.0024812078989509,0.));
#17150=DIRECTION('',(-0.999996921798944,0.0024812078989509,0.));
#17151=DIRECTION('',(0.,0.,-1.));
#17152=DIRECTION('',(0.,0.,-1.));
#17153=DIRECTION('center_axis',(-0.86478213403465,0.502147249972034,0.));
#17154=DIRECTION('ref_axis',(0.502147249972034,0.86478213403465,0.));
#17155=DIRECTION('',(-0.502147249972034,-0.86478213403465,0.));
#17156=DIRECTION('',(0.,0.,-1.));
#17157=DIRECTION('center_axis',(-0.867263341933601,-0.497849671826909,0.));
#17158=DIRECTION('ref_axis',(-0.497849671826909,0.867263341933601,0.));
#17159=DIRECTION('',(0.497849671826909,-0.867263341933601,0.));
#17160=DIRECTION('',(0.,0.,-1.));
#17161=DIRECTION('center_axis',(-0.0024812078989509,-0.999996921798944,
0.));
#17162=DIRECTION('ref_axis',(-0.999996921798944,0.0024812078989509,0.));
#17163=DIRECTION('',(0.999996921798944,-0.0024812078989509,0.));
#17164=DIRECTION('',(0.,0.,-1.));
#17165=DIRECTION('center_axis',(0.86478213403465,-0.502147249972035,0.));
#17166=DIRECTION('ref_axis',(-0.502147249972035,-0.86478213403465,0.));
#17167=DIRECTION('',(0.502147249972035,0.86478213403465,0.));
#17168=DIRECTION('',(0.,0.,-1.));
#17169=DIRECTION('center_axis',(0.867263341933601,0.497849671826909,0.));
#17170=DIRECTION('ref_axis',(0.497849671826909,-0.867263341933601,0.));
#17171=DIRECTION('',(-0.497849671826909,0.867263341933601,0.));
#17172=DIRECTION('center_axis',(0.0024812078989509,0.999996921798944,0.));
#17173=DIRECTION('ref_axis',(0.999996921798944,-0.0024812078989509,0.));
#17174=DIRECTION('',(-0.999996921798944,0.0024812078989509,0.));
#17175=DIRECTION('',(0.,0.,-1.));
#17176=DIRECTION('',(0.,0.,-1.));
#17177=DIRECTION('center_axis',(-0.86478213403465,0.502147249972034,0.));
#17178=DIRECTION('ref_axis',(0.502147249972034,0.86478213403465,0.));
#17179=DIRECTION('',(-0.502147249972034,-0.86478213403465,0.));
#17180=DIRECTION('',(0.,0.,-1.));
#17181=DIRECTION('center_axis',(-0.867263341933601,-0.497849671826909,0.));
#17182=DIRECTION('ref_axis',(-0.497849671826909,0.867263341933601,0.));
#17183=DIRECTION('',(0.497849671826909,-0.867263341933601,0.));
#17184=DIRECTION('',(0.,0.,-1.));
#17185=DIRECTION('center_axis',(-0.0024812078989509,-0.999996921798944,
0.));
#17186=DIRECTION('ref_axis',(-0.999996921798944,0.0024812078989509,0.));
#17187=DIRECTION('',(0.999996921798944,-0.0024812078989509,0.));
#17188=DIRECTION('',(0.,0.,-1.));
#17189=DIRECTION('center_axis',(0.86478213403465,-0.502147249972035,0.));
#17190=DIRECTION('ref_axis',(-0.502147249972035,-0.86478213403465,0.));
#17191=DIRECTION('',(0.502147249972035,0.86478213403465,0.));
#17192=DIRECTION('',(0.,0.,-1.));
#17193=DIRECTION('center_axis',(0.867263341933601,0.497849671826909,0.));
#17194=DIRECTION('ref_axis',(0.497849671826909,-0.867263341933601,0.));
#17195=DIRECTION('',(-0.497849671826909,0.867263341933601,0.));
#17196=DIRECTION('center_axis',(0.00248120789895267,0.999996921798944,0.));
#17197=DIRECTION('ref_axis',(0.999996921798944,-0.00248120789895267,0.));
#17198=DIRECTION('',(-0.999996921798944,0.00248120789895267,0.));
#17199=DIRECTION('',(0.,0.,-1.));
#17200=DIRECTION('',(0.,0.,-1.));
#17201=DIRECTION('center_axis',(-0.86478213403465,0.502147249972034,0.));
#17202=DIRECTION('ref_axis',(0.502147249972034,0.86478213403465,0.));
#17203=DIRECTION('',(-0.502147249972034,-0.86478213403465,0.));
#17204=DIRECTION('',(0.,0.,-1.));
#17205=DIRECTION('center_axis',(-0.867263341933601,-0.497849671826909,0.));
#17206=DIRECTION('ref_axis',(-0.497849671826909,0.867263341933601,0.));
#17207=DIRECTION('',(0.497849671826909,-0.867263341933601,0.));
#17208=DIRECTION('',(0.,0.,-1.));
#17209=DIRECTION('center_axis',(-0.00248120789895267,-0.999996921798944,
0.));
#17210=DIRECTION('ref_axis',(-0.999996921798944,0.00248120789895267,0.));
#17211=DIRECTION('',(0.999996921798944,-0.00248120789895267,0.));
#17212=DIRECTION('',(0.,0.,-1.));
#17213=DIRECTION('center_axis',(0.86478213403465,-0.502147249972034,0.));
#17214=DIRECTION('ref_axis',(-0.502147249972034,-0.86478213403465,0.));
#17215=DIRECTION('',(0.502147249972034,0.86478213403465,0.));
#17216=DIRECTION('',(0.,0.,-1.));
#17217=DIRECTION('center_axis',(0.0024812078989509,0.999996921798944,0.));
#17218=DIRECTION('ref_axis',(0.999996921798944,-0.0024812078989509,0.));
#17219=DIRECTION('',(-0.999996921798944,0.0024812078989509,0.));
#17220=DIRECTION('',(0.,0.,-1.));
#17221=DIRECTION('',(0.,0.,-1.));
#17222=DIRECTION('center_axis',(-0.86478213403465,0.502147249972034,0.));
#17223=DIRECTION('ref_axis',(0.502147249972034,0.86478213403465,0.));
#17224=DIRECTION('',(-0.502147249972034,-0.86478213403465,0.));
#17225=DIRECTION('',(0.,0.,-1.));
#17226=DIRECTION('center_axis',(-0.867263341933601,-0.497849671826909,0.));
#17227=DIRECTION('ref_axis',(-0.497849671826909,0.867263341933601,0.));
#17228=DIRECTION('',(0.497849671826909,-0.867263341933601,0.));
#17229=DIRECTION('',(0.,0.,-1.));
#17230=DIRECTION('center_axis',(-0.0024812078989509,-0.999996921798944,
0.));
#17231=DIRECTION('ref_axis',(-0.999996921798944,0.0024812078989509,0.));
#17232=DIRECTION('',(0.999996921798944,-0.0024812078989509,0.));
#17233=DIRECTION('',(0.,0.,-1.));
#17234=DIRECTION('center_axis',(0.86478213403465,-0.502147249972035,0.));
#17235=DIRECTION('ref_axis',(-0.502147249972035,-0.86478213403465,0.));
#17236=DIRECTION('',(0.502147249972035,0.86478213403465,0.));
#17237=DIRECTION('',(0.,0.,-1.));
#17238=DIRECTION('center_axis',(0.867263341933601,0.497849671826909,0.));
#17239=DIRECTION('ref_axis',(0.497849671826909,-0.867263341933601,0.));
#17240=DIRECTION('',(-0.497849671826909,0.867263341933601,0.));
#17241=DIRECTION('center_axis',(0.,0.,1.));
#17242=DIRECTION('ref_axis',(1.,0.,0.));
#17243=DIRECTION('center_axis',(0.,0.,-1.));
#17244=DIRECTION('ref_axis',(1.,0.,0.));
#17245=DIRECTION('',(0.,0.,-1.));
#17246=DIRECTION('center_axis',(0.,0.,1.));
#17247=DIRECTION('ref_axis',(1.,0.,0.));
#17248=DIRECTION('center_axis',(0.,0.,1.));
#17249=DIRECTION('ref_axis',(1.,0.,0.));
#17250=DIRECTION('center_axis',(0.,0.,-1.));
#17251=DIRECTION('ref_axis',(1.,0.,0.));
#17252=DIRECTION('',(0.,0.,-1.));
#17253=DIRECTION('center_axis',(0.,0.,1.));
#17254=DIRECTION('ref_axis',(1.,0.,0.));
#17255=DIRECTION('center_axis',(0.,0.,1.));
#17256=DIRECTION('ref_axis',(1.,0.,0.));
#17257=DIRECTION('center_axis',(0.,0.,-1.));
#17258=DIRECTION('ref_axis',(1.,0.,0.));
#17259=DIRECTION('',(0.,0.,-1.));
#17260=DIRECTION('center_axis',(0.,0.,1.));
#17261=DIRECTION('ref_axis',(1.,0.,0.));
#17262=DIRECTION('center_axis',(0.,0.,-1.));
#17263=DIRECTION('ref_axis',(-1.,0.,0.));
#17264=DIRECTION('',(0.,0.,-1.));
#17265=DIRECTION('center_axis',(0.,0.,1.));
#17266=DIRECTION('ref_axis',(-1.,0.,0.));
#17267=DIRECTION('center_axis',(0.,0.,-1.));
#17268=DIRECTION('ref_axis',(-1.,0.,0.));
#17269=DIRECTION('',(0.,0.,-1.));
#17270=DIRECTION('center_axis',(0.,0.,1.));
#17271=DIRECTION('ref_axis',(-1.,0.,0.));
#17272=DIRECTION('center_axis',(0.,0.,-1.));
#17273=DIRECTION('ref_axis',(-1.,0.,0.));
#17274=DIRECTION('',(0.,0.,-1.));
#17275=DIRECTION('center_axis',(0.,0.,1.));
#17276=DIRECTION('ref_axis',(-1.,0.,0.));
#17277=DIRECTION('center_axis',(0.,0.,-1.));
#17278=DIRECTION('ref_axis',(-1.,0.,0.));
#17279=DIRECTION('',(0.,0.,-1.));
#17280=DIRECTION('center_axis',(0.,0.,1.));
#17281=DIRECTION('ref_axis',(-1.,0.,0.));
#17282=DIRECTION('center_axis',(1.,0.,0.));
#17283=DIRECTION('ref_axis',(0.,-1.,0.));
#17284=DIRECTION('',(0.,0.,1.));
#17285=DIRECTION('',(0.,-1.,0.));
#17286=DIRECTION('',(0.,0.,1.));
#17287=DIRECTION('',(0.,0.,1.));
#17288=DIRECTION('',(0.,0.,1.));
#17289=DIRECTION('center_axis',(0.,-1.,0.));
#17290=DIRECTION('ref_axis',(-1.,0.,0.));
#17291=DIRECTION('',(0.,0.,1.));
#17292=DIRECTION('',(0.,0.,1.));
#17293=DIRECTION('',(0.,0.,1.));
#17294=DIRECTION('',(-1.,0.,0.));
#17295=DIRECTION('center_axis',(0.,0.,1.));
#17296=DIRECTION('ref_axis',(1.,0.,0.));
#17297=DIRECTION('center_axis',(0.,0.,1.));
#17298=DIRECTION('ref_axis',(1.,0.,0.));
#17299=DIRECTION('',(0.,0.,-1.));
#17300=DIRECTION('center_axis',(0.,0.,-1.));
#17301=DIRECTION('ref_axis',(1.,0.,0.));
#17302=DIRECTION('center_axis',(0.,0.,-1.));
#17303=DIRECTION('ref_axis',(1.,0.,0.));
#17304=DIRECTION('center_axis',(0.,0.,-1.));
#17305=DIRECTION('ref_axis',(1.,0.,0.));
#17306=DIRECTION('center_axis',(-1.,0.,0.));
#17307=DIRECTION('ref_axis',(0.,-1.,0.));
#17308=DIRECTION('',(0.,0.,-1.));
#17309=DIRECTION('',(0.,1.,0.));
#17310=DIRECTION('center_axis',(0.,1.,0.));
#17311=DIRECTION('ref_axis',(-1.,0.,0.));
#17312=DIRECTION('',(1.,0.,0.));
#17313=DIRECTION('center_axis',(0.,-1.,0.));
#17314=DIRECTION('ref_axis',(1.,0.,0.));
#17315=DIRECTION('',(0.,0.,-1.));
#17316=DIRECTION('',(-1.,0.,0.));
#17317=DIRECTION('center_axis',(-1.,0.,0.));
#17318=DIRECTION('ref_axis',(0.,-1.,0.));
#17319=DIRECTION('',(0.,0.,1.));
#17320=DIRECTION('',(0.,1.,0.));
#17321=DIRECTION('center_axis',(0.,1.,0.));
#17322=DIRECTION('ref_axis',(-1.,0.,0.));
#17323=DIRECTION('',(0.,0.,1.));
#17324=DIRECTION('',(0.,0.,1.));
#17325=DIRECTION('center_axis',(1.,0.,0.));
#17326=DIRECTION('ref_axis',(0.,1.,0.));
#17327=DIRECTION('center_axis',(1.,0.,0.));
#17328=DIRECTION('ref_axis',(0.,1.,0.));
#17329=DIRECTION('',(0.,0.,1.));
#17330=DIRECTION('',(0.,0.,-1.));
#17331=DIRECTION('',(0.,-1.,0.));
#17332=DIRECTION('center_axis',(0.,-1.,0.));
#17333=DIRECTION('ref_axis',(1.,0.,0.));
#17334=DIRECTION('',(0.,0.,1.));
#17335=DIRECTION('',(-1.,0.,0.));
#17336=DIRECTION('center_axis',(0.,0.,1.));
#17337=DIRECTION('ref_axis',(1.,0.,0.));
#17338=DIRECTION('center_axis',(0.,0.,1.));
#17339=DIRECTION('ref_axis',(1.,0.,0.));
#17340=DIRECTION('',(0.,0.,-1.));
#17341=DIRECTION('center_axis',(0.,0.,-1.));
#17342=DIRECTION('ref_axis',(1.,0.,0.));
#17343=DIRECTION('center_axis',(0.,0.,1.));
#17344=DIRECTION('ref_axis',(1.,0.,0.));
#17345=DIRECTION('center_axis',(0.,0.,1.));
#17346=DIRECTION('ref_axis',(1.,0.,0.));
#17347=DIRECTION('center_axis',(0.,0.,1.));
#17348=DIRECTION('ref_axis',(1.,0.,0.));
#17349=DIRECTION('center_axis',(0.,0.,1.));
#17350=DIRECTION('ref_axis',(1.,0.,0.));
#17351=DIRECTION('center_axis',(0.,0.,1.));
#17352=DIRECTION('ref_axis',(1.,0.,0.));
#17353=DIRECTION('',(0.,0.,-1.));
#17354=DIRECTION('center_axis',(0.,0.,-1.));
#17355=DIRECTION('ref_axis',(1.,0.,0.));
#17356=DIRECTION('center_axis',(0.,0.,-1.));
#17357=DIRECTION('ref_axis',(1.,0.,0.));
#17358=DIRECTION('center_axis',(0.,0.,-1.));
#17359=DIRECTION('ref_axis',(1.,0.,0.));
#17360=DIRECTION('center_axis',(0.,0.,1.));
#17361=DIRECTION('ref_axis',(1.,0.,0.));
#17362=DIRECTION('center_axis',(0.,0.,1.));
#17363=DIRECTION('ref_axis',(1.,0.,0.));
#17364=DIRECTION('center_axis',(0.,1.,0.));
#17365=DIRECTION('ref_axis',(1.,0.,0.));
#17366=DIRECTION('',(1.,0.,0.));
#17367=DIRECTION('',(0.,0.,1.));
#17368=DIRECTION('center_axis',(-1.,0.,0.));
#17369=DIRECTION('ref_axis',(0.,1.,0.));
#17370=DIRECTION('',(0.,1.,0.));
#17371=DIRECTION('center_axis',(0.,0.,1.));
#17372=DIRECTION('ref_axis',(1.,0.,0.));
#17373=DIRECTION('center_axis',(0.,0.,-1.));
#17374=DIRECTION('ref_axis',(-1.,0.,0.));
#17375=DIRECTION('',(0.,0.,1.));
#17376=DIRECTION('',(1.,0.,0.));
#17377=DIRECTION('',(0.,0.,1.));
#17378=DIRECTION('',(1.,0.,0.));
#17379=DIRECTION('',(0.,0.,1.));
#17380=DIRECTION('',(1.,0.,0.));
#17381=DIRECTION('',(0.,0.,1.));
#17382=DIRECTION('',(1.,0.,0.));
#17383=CARTESIAN_POINT('',(0.,0.,0.));
#17384=CARTESIAN_POINT('',(0.,0.,0.));
#17385=CARTESIAN_POINT('Origin',(-4.99999988824129,87.4999980442226,36.));
#17386=CARTESIAN_POINT('',(-6.36469518781682,86.8774173351443,41.6225826648557));
#17387=CARTESIAN_POINT('',(-3.63530458866576,86.8774173351443,41.6225826648557));
#17388=CARTESIAN_POINT('Origin',(-4.99999988824129,87.4999980442226,42.245163373934));
#17389=CARTESIAN_POINT('Origin',(-4.99999988824129,87.4999980442226,41.0000019557774));
#17390=CARTESIAN_POINT('Origin',(-4.99999988824129,87.4999980442226,36.));
#17391=CARTESIAN_POINT('',(-3.63530457424505,86.8774173667545,37.3799419461263));
#17392=CARTESIAN_POINT('',(-3.70523971402501,88.2573593128807,36.));
#17393=CARTESIAN_POINT('Origin',(-4.99999988824129,87.4999980442226,36.7573612686581));
#17394=CARTESIAN_POINT('',(-4.9385229552993,88.9987377103141,39.5012622896859));
#17395=CARTESIAN_POINT('Origin',(-4.99999988824129,87.4999980442226,38.0025226235944));
#17396=CARTESIAN_POINT('',(-5.06147682118328,88.9987377103141,39.5012622896859));
#17397=CARTESIAN_POINT('Origin',(-4.99999988824129,87.4999980442226,41.0000019557774));
#17398=CARTESIAN_POINT('',(-6.36469520223754,86.8774173667545,37.3799419461263));
#17399=CARTESIAN_POINT('Origin',(-4.99999988824129,87.4999980442226,38.0025226235944));
#17400=CARTESIAN_POINT('',(-6.29476006245757,88.2573593128807,36.));
#17401=CARTESIAN_POINT('Origin',(-4.99999988824129,87.4999980442226,36.7573612686581));
#17402=CARTESIAN_POINT('',(-6.25215071196771,88.3259025875212,36.));
#17403=CARTESIAN_POINT('Origin',(-4.99999988824129,87.4999980442226,36.));
#17404=CARTESIAN_POINT('',(-3.74784906451487,88.3259025875212,36.));
#17405=CARTESIAN_POINT('Origin',(-4.99999988824129,87.4999980442226,35.1740954567014));
#17406=CARTESIAN_POINT('Origin',(-4.99999988824129,87.4999980442226,36.));
#17407=CARTESIAN_POINT('Origin',(-8.00000011920929,88.9987377103141,39.5012622896859));
#17408=CARTESIAN_POINT('',(-8.00000011920929,88.9987377103141,39.5012622896859));
#17409=CARTESIAN_POINT('',(-9.00000005960464,88.9987377103141,39.5012622896859));
#17410=CARTESIAN_POINT('',(-8.00000011920929,86.8774173667545,37.3799419461263));
#17411=CARTESIAN_POINT('',(-8.00000011920929,88.9987377103141,39.5012622896859));
#17412=CARTESIAN_POINT('',(-9.00000005960464,86.8774173667545,37.3799419461263));
#17413=CARTESIAN_POINT('Origin',(-8.00000011920929,88.9987377103141,39.5012622896859));
#17414=CARTESIAN_POINT('',(3.00000004470348,86.8774173667545,37.3799419461263));
#17415=CARTESIAN_POINT('',(-9.00000005960464,86.8774173667545,37.3799419461263));
#17416=CARTESIAN_POINT('',(3.00000004470348,88.9987377103141,39.5012622896859));
#17417=CARTESIAN_POINT('',(3.00000004470348,88.9987377103141,39.5012622896859));
#17418=CARTESIAN_POINT('',(-9.00000005960464,88.9987377103141,39.5012622896859));
#17419=CARTESIAN_POINT('Origin',(-10.,88.2573593128807,36.));
#17420=CARTESIAN_POINT('',(6.6,88.2573593128807,36.));
#17421=CARTESIAN_POINT('',(-10.,88.2573593128807,36.));
#17422=CARTESIAN_POINT('',(9.4,88.2573593128807,36.));
#17423=CARTESIAN_POINT('Origin',(8.,88.2573593128807,36.));
#17424=CARTESIAN_POINT('',(12.788897449072,88.2573593128807,36.));
#17425=CARTESIAN_POINT('',(-10.,88.2573593128807,36.));
#17426=CARTESIAN_POINT('',(8.3456713410483,74.2867965644036,49.9705627484771));
#17427=CARTESIAN_POINT('Origin',(20.,79.7720779386421,44.4852813742386));
#17428=CARTESIAN_POINT('',(3.00000004470348,74.2867965644036,49.9705627484771));
#17429=CARTESIAN_POINT('',(-10.,74.2867965644036,49.9705627484771));
#17430=CARTESIAN_POINT('',(3.00000004470348,76.2708154909055,47.9865438219752));
#17431=CARTESIAN_POINT('',(3.00000004470348,82.2640874018931,41.9932719109876));
#17432=CARTESIAN_POINT('',(-8.00000011920929,76.2708154909055,47.9865438219752));
#17433=CARTESIAN_POINT('',(-9.00000005960464,76.2708154909055,47.9865438219752));
#17434=CARTESIAN_POINT('',(-8.00000011920929,74.2867965644036,49.9705627484771));
#17435=CARTESIAN_POINT('',(-8.00000011920929,81.2034272143082,43.0539320985725));
#17436=CARTESIAN_POINT('',(-10.,74.2867965644036,49.9705627484771));
#17437=CARTESIAN_POINT('',(-10.,74.2867965644036,49.9705627484771));
#17438=CARTESIAN_POINT('',(-10.,88.2573593128807,36.));
#17439=CARTESIAN_POINT('',(-10.,84.0147186257614,40.2426406871193));
#17440=CARTESIAN_POINT('',(-10.,88.2573593128807,36.));
#17441=CARTESIAN_POINT('',(-8.00000011920929,84.7560969915847,39.5012623212961));
#17442=CARTESIAN_POINT('',(-8.00000011920929,86.5067281522327,37.750631160648));
#17443=CARTESIAN_POINT('',(3.00000004470348,84.7560969915847,39.5012623212961));
#17444=CARTESIAN_POINT('',(-3.49999997764826,84.7560969915847,39.501262321296));
#17445=CARTESIAN_POINT('',(3.00000004470348,87.5673883398176,36.6899709730631));
#17446=CARTESIAN_POINT('',(-8.00000011920929,77.6850290743521,46.5723302385287));
#17447=CARTESIAN_POINT('',(3.00000004470348,77.6850290743521,46.5723302385287));
#17448=CARTESIAN_POINT('',(-3.49999997764826,77.6850290743521,46.5723302385287));
#17449=CARTESIAN_POINT('',(3.00000004470348,79.8063494495218,44.4510098633589));
#17450=CARTESIAN_POINT('',(3.00000004470348,84.0318543812013,40.2255049316794));
#17451=CARTESIAN_POINT('',(-8.00000011920929,79.8063494495218,44.4510098633589));
#17452=CARTESIAN_POINT('',(-9.00000005960464,79.8063494495218,44.4510098633589));
#17453=CARTESIAN_POINT('',(-8.00000011920929,82.9711941936164,41.2861651192643));
#17454=CARTESIAN_POINT('',(-8.00000011920929,81.2205630329684,43.0367962799124));
#17455=CARTESIAN_POINT('',(3.00000004470348,81.2205630329684,43.0367962799124));
#17456=CARTESIAN_POINT('',(-3.49999997764826,81.2205630329684,43.0367962799124));
#17457=CARTESIAN_POINT('',(3.00000004470348,83.3418834081381,40.9154759047426));
#17458=CARTESIAN_POINT('',(3.00000004470348,85.7996213605094,38.4577379523713));
#17459=CARTESIAN_POINT('',(-8.00000011920929,83.3418834081381,40.9154759047426));
#17460=CARTESIAN_POINT('',(-9.00000005960464,83.3418834081381,40.9154759047426));
#17461=CARTESIAN_POINT('',(-8.00000011920929,84.7389611729245,39.5183981399562));
#17462=CARTESIAN_POINT('Origin',(3.00000004470348,90.4129512937606,38.0870487062394));
#17463=CARTESIAN_POINT('',(-8.00000011920929,88.3259025875212,36.));
#17464=CARTESIAN_POINT('',(-3.49999997764826,88.3259025875212,36.));
#17465=CARTESIAN_POINT('',(-8.00000011920929,90.4129512937606,38.0870487062394));
#17466=CARTESIAN_POINT('',(-8.00000011920929,90.4129512937606,38.0870487062394));
#17467=CARTESIAN_POINT('',(3.00000004470348,90.4129512937606,38.0870487062394));
#17468=CARTESIAN_POINT('',(-3.49999997764826,90.4129512937606,38.0870487062394));
#17469=CARTESIAN_POINT('',(3.00000004470348,88.3259025875212,36.));
#17470=CARTESIAN_POINT('',(3.00000004470348,90.4129512937606,38.0870487062394));
#17471=CARTESIAN_POINT('',(-3.49999997764826,88.3259025875212,36.));
#17472=CARTESIAN_POINT('Origin',(-10.,71.2867965644036,36.));
#17473=CARTESIAN_POINT('',(3.00000004470348,89.7401161709677,36.));
#17474=CARTESIAN_POINT('',(3.00000004470348,81.2034273249437,36.));
#17475=CARTESIAN_POINT('',(-8.00000011920929,89.7401161709677,36.));
#17476=CARTESIAN_POINT('',(-9.00000005960464,89.7401161709677,36.));
#17477=CARTESIAN_POINT('',(-8.00000011920929,80.8498739290821,36.));
#17478=CARTESIAN_POINT('',(-10.,92.5,36.));
#17479=CARTESIAN_POINT('',(-10.,-10.,36.));
#17480=CARTESIAN_POINT('',(80.,92.5,36.));
#17481=CARTESIAN_POINT('',(-10.,92.5,36.));
#17482=CARTESIAN_POINT('',(80.,88.2573593128807,36.));
#17483=CARTESIAN_POINT('',(80.,-10.,36.));
#17484=CARTESIAN_POINT('',(76.2947584978357,88.2573593128807,36.));
#17485=CARTESIAN_POINT('',(-10.,88.2573593128807,36.));
#17486=CARTESIAN_POINT('',(76.2521491473458,88.3259025875212,36.));
#17487=CARTESIAN_POINT('Origin',(74.9999983236194,87.4999980442226,36.));
#17488=CARTESIAN_POINT('',(78.0000011622906,88.3259025875212,36.));
#17489=CARTESIAN_POINT('',(34.0000005811453,88.3259025875212,36.));
#17490=CARTESIAN_POINT('',(78.0000011622906,89.7401161709677,36.));
#17491=CARTESIAN_POINT('',(78.0000011622906,81.2034273249437,36.));
#17492=CARTESIAN_POINT('',(67.0000009983778,89.7401161709677,36.));
#17493=CARTESIAN_POINT('',(28.5000004991889,89.7401161709677,36.));
#17494=CARTESIAN_POINT('',(67.0000009983778,88.3259025875212,36.));
#17495=CARTESIAN_POINT('',(67.0000009983778,80.8498739290821,36.));
#17496=CARTESIAN_POINT('',(73.7478474998929,88.3259025875212,36.));
#17497=CARTESIAN_POINT('',(34.0000005811453,88.3259025875212,36.));
#17498=CARTESIAN_POINT('',(73.7052381494031,88.2573593128807,36.));
#17499=CARTESIAN_POINT('Origin',(74.9999983236194,87.4999980442226,36.));
#17500=CARTESIAN_POINT('',(63.4,88.2573593128807,36.));
#17501=CARTESIAN_POINT('',(-10.,88.2573593128807,36.));
#17502=CARTESIAN_POINT('',(60.6,88.2573593128807,36.));
#17503=CARTESIAN_POINT('Origin',(62.,88.2573593128807,36.));
#17504=CARTESIAN_POINT('',(57.211102550928,88.2573593128807,36.));
#17505=CARTESIAN_POINT('',(-10.,88.2573593128807,36.));
#17506=CARTESIAN_POINT('',(42.788897449072,88.2573593128807,36.));
#17507=CARTESIAN_POINT('Origin',(50.,71.2867965644036,36.));
#17508=CARTESIAN_POINT('',(39.4,88.2573593128807,36.));
#17509=CARTESIAN_POINT('',(-10.,88.2573593128807,36.));
#17510=CARTESIAN_POINT('',(36.6,88.2573593128807,36.));
#17511=CARTESIAN_POINT('Origin',(38.,88.2573593128807,36.));
#17512=CARTESIAN_POINT('',(33.4,88.2573593128807,36.));
#17513=CARTESIAN_POINT('',(-10.,88.2573593128807,36.));
#17514=CARTESIAN_POINT('',(30.6,88.2573593128807,36.));
#17515=CARTESIAN_POINT('Origin',(32.,88.2573593128807,36.));
#17516=CARTESIAN_POINT('',(27.211102550928,88.2573593128807,36.));
#17517=CARTESIAN_POINT('',(-10.,88.2573593128807,36.));
#17518=CARTESIAN_POINT('Origin',(20.,71.2867965644036,36.));
#17519=CARTESIAN_POINT('Origin',(8.,88.2573593128807,36.));
#17520=CARTESIAN_POINT('Origin',(74.9999983236194,87.4999980442226,36.));
#17521=CARTESIAN_POINT('',(73.6353030240438,86.8774173351443,41.6225826648557));
#17522=CARTESIAN_POINT('',(76.3646936231949,86.8774173351443,41.6225826648557));
#17523=CARTESIAN_POINT('Origin',(74.9999983236194,87.4999980442226,42.245163373934));
#17524=CARTESIAN_POINT('Origin',(74.9999983236194,87.4999980442226,41.0000019557774));
#17525=CARTESIAN_POINT('Origin',(74.9999983236194,87.4999980442226,36.));
#17526=CARTESIAN_POINT('Origin',(74.9999983236194,87.4999980442226,35.1740954567014));
#17527=CARTESIAN_POINT('',(76.3646936376156,86.8774173667545,37.3799419461263));
#17528=CARTESIAN_POINT('Origin',(74.9999983236194,87.4999980442226,36.7573612686581));
#17529=CARTESIAN_POINT('',(75.0614752565614,88.9987377103141,39.5012622896859));
#17530=CARTESIAN_POINT('Origin',(74.9999983236194,87.4999980442226,38.0025226235944));
#17531=CARTESIAN_POINT('',(74.9385213906773,88.9987377103141,39.5012622896859));
#17532=CARTESIAN_POINT('Origin',(74.9999983236194,87.4999980442226,41.0000019557774));
#17533=CARTESIAN_POINT('',(73.6353030096231,86.8774173667545,37.3799419461263));
#17534=CARTESIAN_POINT('Origin',(74.9999983236194,87.4999980442226,38.0025226235944));
#17535=CARTESIAN_POINT('Origin',(74.9999983236194,87.4999980442226,36.7573612686581));
#17536=CARTESIAN_POINT('Origin',(78.0000011622906,90.4129512937606,38.0870487062394));
#17537=CARTESIAN_POINT('',(67.0000009983778,90.4129512937606,38.0870487062394));
#17538=CARTESIAN_POINT('',(67.0000009983778,90.4129512937606,38.0870487062394));
#17539=CARTESIAN_POINT('',(78.0000011622906,90.4129512937606,38.0870487062394));
#17540=CARTESIAN_POINT('',(34.0000005811453,90.4129512937606,38.0870487062394));
#17541=CARTESIAN_POINT('',(78.0000011622906,90.4129512937606,38.0870487062394));
#17542=CARTESIAN_POINT('Origin',(-10.,88.2573593128807,36.));
#17543=CARTESIAN_POINT('',(80.,74.2867965644036,49.9705627484771));
#17544=CARTESIAN_POINT('',(80.,84.0147186257614,40.2426406871193));
#17545=CARTESIAN_POINT('',(78.0000011622906,74.2867965644036,49.9705627484771));
#17546=CARTESIAN_POINT('',(-10.,74.2867965644036,49.9705627484771));
#17547=CARTESIAN_POINT('',(78.0000011622906,76.2708154909055,47.9865438219752));
#17548=CARTESIAN_POINT('',(78.0000011622906,82.2640874018931,41.9932719109876));
#17549=CARTESIAN_POINT('',(67.0000009983778,76.2708154909055,47.9865438219752));
#17550=CARTESIAN_POINT('',(28.5000004991889,76.2708154909055,47.9865438219752));
#17551=CARTESIAN_POINT('',(67.0000009983778,74.2867965644036,49.9705627484771));
#17552=CARTESIAN_POINT('',(67.0000009983778,81.2034272143082,43.0539320985725));
#17553=CARTESIAN_POINT('',(61.6543286589517,74.2867965644036,49.9705627484771));
#17554=CARTESIAN_POINT('',(-10.,74.2867965644036,49.9705627484771));
#17555=CARTESIAN_POINT('',(64.,79.7720779386421,44.4852813742385));
#17556=CARTESIAN_POINT('Origin',(50.,79.7720779386421,44.4852813742386));
#17557=CARTESIAN_POINT('Origin',(50.,79.7720779386421,44.4852813742386));
#17558=CARTESIAN_POINT('Origin',(62.,88.2573593128807,36.));
#17559=CARTESIAN_POINT('',(67.0000009983778,86.8774173667545,37.3799419461263));
#17560=CARTESIAN_POINT('',(28.5000004991889,86.8774173667545,37.3799419461263));
#17561=CARTESIAN_POINT('',(67.0000009983778,84.7560969915847,39.5012623212961));
#17562=CARTESIAN_POINT('',(67.0000009983778,86.5067281522327,37.750631160648));
#17563=CARTESIAN_POINT('',(78.0000011622906,84.7560969915847,39.5012623212961));
#17564=CARTESIAN_POINT('',(34.0000005811453,84.7560969915847,39.501262321296));
#17565=CARTESIAN_POINT('',(78.0000011622906,86.8774173667545,37.3799419461263));
#17566=CARTESIAN_POINT('',(78.0000011622906,87.5673883398176,36.6899709730631));
#17567=CARTESIAN_POINT('',(28.5000004991889,86.8774173667545,37.3799419461263));
#17568=CARTESIAN_POINT('',(78.0000011622906,77.6850290743521,46.5723302385287));
#17569=CARTESIAN_POINT('',(78.0000011622906,79.8063494495218,44.4510098633589));
#17570=CARTESIAN_POINT('',(78.0000011622906,84.0318543812013,40.2255049316794));
#17571=CARTESIAN_POINT('',(67.0000009983778,79.8063494495218,44.4510098633589));
#17572=CARTESIAN_POINT('',(28.5000004991889,79.8063494495218,44.4510098633589));
#17573=CARTESIAN_POINT('',(67.0000009983778,77.6850290743521,46.5723302385287));
#17574=CARTESIAN_POINT('',(67.0000009983778,82.9711941936164,41.2861651192643));
#17575=CARTESIAN_POINT('',(34.0000005811453,77.6850290743521,46.5723302385287));
#17576=CARTESIAN_POINT('',(78.0000011622906,81.2205630329684,43.0367962799124));
#17577=CARTESIAN_POINT('',(78.0000011622906,83.3418834081381,40.9154759047426));
#17578=CARTESIAN_POINT('',(78.0000011622906,85.7996213605094,38.4577379523713));
#17579=CARTESIAN_POINT('',(67.0000009983778,83.3418834081381,40.9154759047426));
#17580=CARTESIAN_POINT('',(28.5000004991889,83.3418834081381,40.9154759047426));
#17581=CARTESIAN_POINT('',(67.0000009983778,81.2205630329684,43.0367962799124));
#17582=CARTESIAN_POINT('',(67.0000009983778,84.7389611729245,39.5183981399562));
#17583=CARTESIAN_POINT('',(34.0000005811453,81.2205630329684,43.0367962799124));
#17584=CARTESIAN_POINT('Origin',(67.0000009983778,88.9987377103141,39.5012622896859));
#17585=CARTESIAN_POINT('',(67.0000009983778,88.9987377103141,39.5012622896859));
#17586=CARTESIAN_POINT('',(28.5000004991889,88.9987377103141,39.5012622896859));
#17587=CARTESIAN_POINT('',(67.0000009983778,88.9987377103141,39.5012622896859));
#17588=CARTESIAN_POINT('Origin',(38.,90.3786796564404,38.1213203435596));
#17589=CARTESIAN_POINT('',(39.4,90.3786796564404,38.1213203435596));
#17590=CARTESIAN_POINT('Origin',(38.,90.3786796564404,38.1213203435596));
#17591=CARTESIAN_POINT('',(39.4,90.3786796564404,38.1213203435596));
#17592=CARTESIAN_POINT('Origin',(38.,88.2573593128807,36.));
#17593=CARTESIAN_POINT('Origin',(38.,73.4081169079632,55.0918830920368));
#17594=CARTESIAN_POINT('',(39.4,73.4081169079632,55.0918830920368));
#17595=CARTESIAN_POINT('Origin',(38.,73.4081169079632,55.0918830920368));
#17596=CARTESIAN_POINT('',(39.4,71.7154585904677,53.3992247745413));
#17597=CARTESIAN_POINT('',(39.4,73.4081169079632,55.0918830920368));
#17598=CARTESIAN_POINT('',(39.2082025220914,71.2867965644036,53.9708093836746));
#17599=CARTESIAN_POINT('Origin',(38.,71.7154585904677,53.3992247745413));
#17600=CARTESIAN_POINT('',(36.7917974779086,71.2867965644036,53.9708093836746));
#17601=CARTESIAN_POINT('Origin',(38.,71.2867965644036,52.9705627484771));
#17602=CARTESIAN_POINT('Origin',(38.,71.7154585904677,53.3992247745413));
#17603=CARTESIAN_POINT('Origin',(62.,90.3786796564404,38.1213203435596));
#17604=CARTESIAN_POINT('',(63.4,90.3786796564404,38.1213203435596));
#17605=CARTESIAN_POINT('Origin',(62.,90.3786796564404,38.1213203435596));
#17606=CARTESIAN_POINT('',(63.4,90.3786796564404,38.1213203435596));
#17607=CARTESIAN_POINT('Origin',(62.,73.4081169079632,55.0918830920368));
#17608=CARTESIAN_POINT('',(63.4,73.4081169079632,55.0918830920368));
#17609=CARTESIAN_POINT('Origin',(62.,73.4081169079632,55.0918830920368));
#17610=CARTESIAN_POINT('',(63.4,71.7154585904677,53.3992247745413));
#17611=CARTESIAN_POINT('',(63.4,73.4081169079632,55.0918830920368));
#17612=CARTESIAN_POINT('',(63.2082025220914,71.2867965644036,53.9708093836746));
#17613=CARTESIAN_POINT('Origin',(62.,71.7154585904677,53.3992247745413));
#17614=CARTESIAN_POINT('',(60.7917974779086,71.2867965644036,53.9708093836746));
#17615=CARTESIAN_POINT('Origin',(62.,71.2867965644036,52.9705627484771));
#17616=CARTESIAN_POINT('Origin',(62.,71.7154585904677,53.3992247745413));
#17617=CARTESIAN_POINT('Origin',(77.,74.2867965644036,49.9705627484771));
#17618=CARTESIAN_POINT('',(55.8757982477121,71.2867965644036,53.9708093836746));
#17619=CARTESIAN_POINT('',(-8.5,71.2867965644036,53.9708093836746));
#17620=CARTESIAN_POINT('Origin',(50.,78.9883006628378,43.7015040984343));
#17621=CARTESIAN_POINT('',(67.0000009983778,74.1691137547916,50.1274828362008));
#17622=CARTESIAN_POINT('',(67.0000009983778,74.1018319104757,50.2171974933123));
#17623=CARTESIAN_POINT('',(77.,74.1691137547916,50.1274828362008));
#17624=CARTESIAN_POINT('',(77.5000005811453,74.1691137547916,50.1274828362008));
#17625=CARTESIAN_POINT('',(77.,72.9569733913343,51.7437696396365));
#17626=CARTESIAN_POINT('',(77.,74.7067634145777,49.4105724220426));
#17627=CARTESIAN_POINT('',(67.0000009983778,72.9569733913343,51.7437696396365));
#17628=CARTESIAN_POINT('',(72.0000004991889,72.9569733913343,51.7437696396365));
#17629=CARTESIAN_POINT('',(67.0000009983778,71.2867965644036,53.9708093836746));
#17630=CARTESIAN_POINT('',(67.0000009983778,72.6169725221911,52.1971320838879));
#17631=CARTESIAN_POINT('',(-8.5,71.2867965644036,53.9708093836746));
#17632=CARTESIAN_POINT('Origin',(-10.,71.2867965644036,57.2132034355964));
#17633=CARTESIAN_POINT('',(44.1242017522879,71.2867965644036,53.9708093836746));
#17634=CARTESIAN_POINT('',(-8.5,71.2867965644036,53.9708093836746));
#17635=CARTESIAN_POINT('Origin',(50.,71.2867965644036,36.));
#17636=CARTESIAN_POINT('',(67.0000009983778,71.2867965644036,54.3162335630453));
#17637=CARTESIAN_POINT('',(67.0000009983778,71.2867965644036,56.4889609674587));
#17638=CARTESIAN_POINT('',(78.0000011622906,71.2867965644036,54.3162335630453));
#17639=CARTESIAN_POINT('',(34.0000005811453,71.2867965644036,54.3162335630453));
#17640=CARTESIAN_POINT('',(78.0000011622906,71.2867965644036,52.9705627484771));
#17641=CARTESIAN_POINT('',(78.0000011622906,71.2867965644036,55.4283007798738));
#17642=CARTESIAN_POINT('',(77.,71.2867965644036,52.9705627484771));
#17643=CARTESIAN_POINT('',(31.2500005401671,71.2867965644036,52.9705627484771));
#17644=CARTESIAN_POINT('',(77.,71.2867965644036,36.));
#17645=CARTESIAN_POINT('',(77.,71.2867965644036,51.5920064096355));
#17646=CARTESIAN_POINT('',(80.,71.2867965644036,36.));
#17647=CARTESIAN_POINT('',(-10.,71.2867965644036,36.));
#17648=CARTESIAN_POINT('',(80.,71.2867965644036,57.2132034355964));
#17649=CARTESIAN_POINT('',(80.,71.2867965644036,57.2132034355964));
#17650=CARTESIAN_POINT('',(-10.,71.2867965644036,57.2132034355964));
#17651=CARTESIAN_POINT('',(-10.,71.2867965644036,57.2132034355964));
#17652=CARTESIAN_POINT('',(-10.,71.2867965644036,36.));
#17653=CARTESIAN_POINT('',(-10.,71.2867965644036,57.2132034355964));
#17654=CARTESIAN_POINT('',(-6.99999999999999,71.2867965644036,36.));
#17655=CARTESIAN_POINT('',(-10.,71.2867965644036,36.));
#17656=CARTESIAN_POINT('',(-6.99999999999999,71.2867965644036,52.9705627484771));
#17657=CARTESIAN_POINT('',(-6.99999999999999,71.2867965644036,51.5920064096355));
#17658=CARTESIAN_POINT('',(-8.00000011920929,71.2867965644036,52.9705627484771));
#17659=CARTESIAN_POINT('',(-6.25000001862645,71.2867965644036,52.9705627484771));
#17660=CARTESIAN_POINT('',(-8.00000011920929,71.2867965644036,54.3162335630453));
#17661=CARTESIAN_POINT('',(-8.00000011920929,71.2867965644036,56.4889609674587));
#17662=CARTESIAN_POINT('',(3.00000004470348,71.2867965644036,54.3162335630453));
#17663=CARTESIAN_POINT('',(-3.49999997764826,71.2867965644036,54.3162335630453));
#17664=CARTESIAN_POINT('',(3.00000004470348,71.2867965644036,53.9708093836746));
#17665=CARTESIAN_POINT('',(3.00000004470348,71.2867965644036,55.4283007798738));
#17666=CARTESIAN_POINT('',(6.79179747790857,71.2867965644036,53.9708093836746));
#17667=CARTESIAN_POINT('',(-8.5,71.2867965644036,53.9708093836746));
#17668=CARTESIAN_POINT('',(9.20820252209143,71.2867965644036,53.9708093836746));
#17669=CARTESIAN_POINT('Origin',(8.,71.2867965644036,52.9705627484771));
#17670=CARTESIAN_POINT('',(14.1242017522879,71.2867965644036,53.9708093836746));
#17671=CARTESIAN_POINT('',(-8.5,71.2867965644036,53.9708093836746));
#17672=CARTESIAN_POINT('',(25.8757982477121,71.2867965644036,53.9708093836746));
#17673=CARTESIAN_POINT('Origin',(20.,71.2867965644036,36.));
#17674=CARTESIAN_POINT('',(30.7917974779086,71.2867965644036,53.9708093836746));
#17675=CARTESIAN_POINT('',(-8.5,71.2867965644036,53.9708093836746));
#17676=CARTESIAN_POINT('',(33.2082025220914,71.2867965644036,53.9708093836746));
#17677=CARTESIAN_POINT('Origin',(32.,71.2867965644036,52.9705627484771));
#17678=CARTESIAN_POINT('',(-8.5,71.2867965644036,53.9708093836746));
#17679=CARTESIAN_POINT('Origin',(8.,90.3786796564404,38.1213203435596));
#17680=CARTESIAN_POINT('',(9.4,90.3786796564404,38.1213203435596));
#17681=CARTESIAN_POINT('Origin',(8.,90.3786796564404,38.1213203435596));
#17682=CARTESIAN_POINT('',(9.4,90.3786796564404,38.1213203435596));
#17683=CARTESIAN_POINT('Origin',(32.,90.3786796564404,38.1213203435596));
#17684=CARTESIAN_POINT('',(33.4,90.3786796564404,38.1213203435596));
#17685=CARTESIAN_POINT('Origin',(32.,90.3786796564404,38.1213203435596));
#17686=CARTESIAN_POINT('',(33.4,90.3786796564404,38.1213203435596));
#17687=CARTESIAN_POINT('Origin',(32.,88.2573593128807,36.));
#17688=CARTESIAN_POINT('Origin',(32.,73.4081169079632,55.0918830920368));
#17689=CARTESIAN_POINT('',(33.4,73.4081169079632,55.0918830920368));
#17690=CARTESIAN_POINT('Origin',(32.,73.4081169079632,55.0918830920368));
#17691=CARTESIAN_POINT('',(33.4,71.7154585904677,53.3992247745413));
#17692=CARTESIAN_POINT('',(33.4,73.4081169079632,55.0918830920368));
#17693=CARTESIAN_POINT('Origin',(32.,71.7154585904677,53.3992247745413));
#17694=CARTESIAN_POINT('Origin',(32.,71.7154585904677,53.3992247745413));
#17695=CARTESIAN_POINT('Origin',(77.,74.2867965644036,49.9705627484771));
#17696=CARTESIAN_POINT('',(31.6543286589517,74.2867965644036,49.9705627484771));
#17697=CARTESIAN_POINT('Origin',(20.,78.9883006628378,43.7015040984343));
#17698=CARTESIAN_POINT('',(38.3456713410483,74.2867965644036,49.9705627484771));
#17699=CARTESIAN_POINT('',(-10.,74.2867965644036,49.9705627484771));
#17700=CARTESIAN_POINT('Origin',(50.,78.9883006628378,43.7015040984343));
#17701=CARTESIAN_POINT('Origin',(8.,73.4081169079632,55.0918830920368));
#17702=CARTESIAN_POINT('',(9.4,73.4081169079632,55.0918830920368));
#17703=CARTESIAN_POINT('Origin',(8.,73.4081169079632,55.0918830920368));
#17704=CARTESIAN_POINT('',(9.4,71.7154585904677,53.3992247745413));
#17705=CARTESIAN_POINT('',(9.4,73.4081169079632,55.0918830920368));
#17706=CARTESIAN_POINT('Origin',(8.,71.7154585904677,53.3992247745413));
#17707=CARTESIAN_POINT('Origin',(8.,71.7154585904677,53.3992247745413));
#17708=CARTESIAN_POINT('Origin',(77.,74.2867965644036,49.9705627484771));
#17709=CARTESIAN_POINT('',(3.00000004470348,72.9569733913343,51.7437696396365));
#17710=CARTESIAN_POINT('',(3.00000004470348,73.5078881551619,51.0091713295425));
#17711=CARTESIAN_POINT('',(-6.99999999999999,72.9569733913343,51.7437696396365));
#17712=CARTESIAN_POINT('',(34.4999999403954,72.9569733913343,51.7437696396365));
#17713=CARTESIAN_POINT('',(-6.99999999999999,74.1691137547916,50.1274828362008));
#17714=CARTESIAN_POINT('',(-6.99999999999999,77.0997163503353,46.2197717788925));
#17715=CARTESIAN_POINT('',(3.00000004470348,74.1691137547916,50.1274828362008));
#17716=CARTESIAN_POINT('',(40.0000000223517,74.1691137547916,50.1274828362008));
#17717=CARTESIAN_POINT('',(3.00000004470348,74.9927475434465,49.0292367389669));
#17718=CARTESIAN_POINT('Origin',(20.,78.9883006628378,43.7015040984343));
#17719=CARTESIAN_POINT('Origin',(78.0000011622906,81.9276697930815,46.5723302069185));
#17720=CARTESIAN_POINT('',(78.0000011622906,81.9276697930815,46.5723302069185));
#17721=CARTESIAN_POINT('',(78.0000011622906,79.8063494179117,48.6936505820883));
#17722=CARTESIAN_POINT('',(78.0000011622906,87.2138348965407,41.2861651034593));
#17723=CARTESIAN_POINT('',(78.0000011622906,81.9276697930815,46.5723302069185));
#17724=CARTESIAN_POINT('',(78.0000011622906,79.8063494179117,48.6936505820883));
#17725=CARTESIAN_POINT('Origin',(67.0000009983778,81.9276697930815,46.5723302069185));
#17726=CARTESIAN_POINT('',(67.0000009983778,81.9276697930815,46.5723302069185));
#17727=CARTESIAN_POINT('',(28.5000004991889,81.9276697930815,46.5723302069185));
#17728=CARTESIAN_POINT('',(67.0000009983778,81.9276697930815,46.5723302069185));
#17729=CARTESIAN_POINT('Origin',(67.0000009983778,79.8063494179117,48.6936505820883));
#17730=CARTESIAN_POINT('',(67.0000009983778,79.8063494179117,48.6936505820883));
#17731=CARTESIAN_POINT('',(67.0000009983778,86.1531747089558,42.3468252910441));
#17732=CARTESIAN_POINT('',(67.0000009983778,79.8063494179117,48.6936505820883));
#17733=CARTESIAN_POINT('Origin',(78.0000011622906,79.8063494179117,48.6936505820883));
#17734=CARTESIAN_POINT('',(34.0000005811453,79.8063494179117,48.6936505820883));
#17735=CARTESIAN_POINT('Origin',(78.0000011622906,91.1200580854839,37.3799419145161));
#17736=CARTESIAN_POINT('',(78.0000011622906,91.1200580854839,37.3799419145161));
#17737=CARTESIAN_POINT('',(78.0000011622906,91.8100290427419,36.6899709572581));
#17738=CARTESIAN_POINT('',(78.0000011622906,91.1200580854839,37.3799419145161));
#17739=CARTESIAN_POINT('Origin',(67.0000009983778,91.1200580854839,37.3799419145161));
#17740=CARTESIAN_POINT('',(67.0000009983778,91.1200580854839,37.3799419145161));
#17741=CARTESIAN_POINT('',(28.5000004991889,91.1200580854839,37.3799419145161));
#17742=CARTESIAN_POINT('',(67.0000009983778,91.1200580854839,37.3799419145161));
#17743=CARTESIAN_POINT('Origin',(67.0000009983778,90.4129512937606,38.0870487062394));
#17744=CARTESIAN_POINT('',(67.0000009983778,91.4564756468803,37.0435243531197));
#17745=CARTESIAN_POINT('Origin',(78.0000011622906,78.3921358344652,50.1078641655348));
#17746=CARTESIAN_POINT('',(78.0000011622906,78.3921358344652,50.1078641655348));
#17747=CARTESIAN_POINT('',(78.0000011622906,76.2708154592954,52.2291845407046));
#17748=CARTESIAN_POINT('',(78.0000011622906,85.4460679172326,43.0539320827674));
#17749=CARTESIAN_POINT('',(78.0000011622906,78.3921358344652,50.1078641655348));
#17750=CARTESIAN_POINT('',(78.0000011622906,74.1494951157358,50.1078641971449));
#17751=CARTESIAN_POINT('',(78.0000011622906,74.1494951157358,50.1078641971449));
#17752=CARTESIAN_POINT('',(78.0000011622906,76.2708154592954,52.2291845407046));
#17753=CARTESIAN_POINT('Origin',(67.0000009983778,78.3921358344652,50.1078641655348));
#17754=CARTESIAN_POINT('',(67.0000009983778,78.3921358344652,50.1078641655348));
#17755=CARTESIAN_POINT('',(28.5000004991889,78.3921358344652,50.1078641655348));
#17756=CARTESIAN_POINT('',(67.0000009983778,78.3921358344652,50.1078641655348));
#17757=CARTESIAN_POINT('Origin',(67.0000009983778,76.2708154592954,52.2291845407046));
#17758=CARTESIAN_POINT('',(67.0000009983778,76.2708154592954,52.2291845407046));
#17759=CARTESIAN_POINT('',(67.0000009983778,84.3854077296477,44.1145922703523));
#17760=CARTESIAN_POINT('',(67.0000009983778,76.2708154592954,52.2291845407046));
#17761=CARTESIAN_POINT('Origin',(78.0000011622906,76.2708154592954,52.2291845407046));
#17762=CARTESIAN_POINT('',(77.,74.1494951157358,50.1078641971449));
#17763=CARTESIAN_POINT('',(77.,73.4602169463149,49.4185860277241));
#17764=CARTESIAN_POINT('',(34.0000005811453,76.2708154592954,52.2291845407046));
#17765=CARTESIAN_POINT('',(67.0000009983778,74.1494951157358,50.1078641971449));
#17766=CARTESIAN_POINT('Origin',(72.5000010803342,75.2101553033207,49.0472040095601));
#17767=CARTESIAN_POINT('',(77.,74.2867965644036,49.9705627484771));
#17768=CARTESIAN_POINT('',(-10.,74.2867965644036,49.9705627484771));
#17769=CARTESIAN_POINT('',(77.,74.9984142750627,49.258945037818));
#17770=CARTESIAN_POINT('Origin',(78.0000011622906,85.4632037516978,43.0367962483022));
#17771=CARTESIAN_POINT('',(78.0000011622906,85.4632037516978,43.0367962483022));
#17772=CARTESIAN_POINT('',(78.0000011622906,83.341883376528,45.158116623472));
#17773=CARTESIAN_POINT('',(78.0000011622906,88.9816018758489,39.5183981241511));
#17774=CARTESIAN_POINT('',(78.0000011622906,85.4632037516978,43.0367962483022));
#17775=CARTESIAN_POINT('',(78.0000011622906,83.341883376528,45.158116623472));
#17776=CARTESIAN_POINT('Origin',(67.0000009983778,85.4632037516978,43.0367962483022));
#17777=CARTESIAN_POINT('',(67.0000009983778,85.4632037516978,43.0367962483022));
#17778=CARTESIAN_POINT('',(28.5000004991889,85.4632037516978,43.0367962483022));
#17779=CARTESIAN_POINT('',(67.0000009983778,85.4632037516978,43.0367962483022));
#17780=CARTESIAN_POINT('Origin',(67.0000009983778,83.341883376528,45.158116623472));
#17781=CARTESIAN_POINT('',(67.0000009983778,83.341883376528,45.158116623472));
#17782=CARTESIAN_POINT('',(67.0000009983778,87.920941688264,40.579058311736));
#17783=CARTESIAN_POINT('',(67.0000009983778,83.341883376528,45.158116623472));
#17784=CARTESIAN_POINT('Origin',(78.0000011622906,83.341883376528,45.158116623472));
#17785=CARTESIAN_POINT('',(34.0000005811453,83.341883376528,45.158116623472));
#17786=CARTESIAN_POINT('Origin',(78.0000011622906,88.9987377103141,39.5012622896859));
#17787=CARTESIAN_POINT('',(78.0000011622906,88.9987377103141,39.5012622896859));
#17788=CARTESIAN_POINT('',(78.0000011622906,86.8774173351443,41.6225826648557));
#17789=CARTESIAN_POINT('',(78.0000011622906,90.749368855157,37.750631144843));
#17790=CARTESIAN_POINT('',(78.0000011622906,88.9987377103141,39.5012622896859));
#17791=CARTESIAN_POINT('',(78.0000011622906,86.8774173351443,41.6225826648557));
#17792=CARTESIAN_POINT('Origin',(67.0000009983778,88.9987377103141,39.5012622896859));
#17793=CARTESIAN_POINT('',(28.5000004991889,88.9987377103141,39.5012622896859));
#17794=CARTESIAN_POINT('Origin',(67.0000009983778,86.8774173351443,41.6225826648557));
#17795=CARTESIAN_POINT('',(67.0000009983778,86.8774173351443,41.6225826648557));
#17796=CARTESIAN_POINT('',(67.0000009983778,89.6887086675721,38.8112913324279));
#17797=CARTESIAN_POINT('',(67.0000009983778,86.8774173351443,41.6225826648557));
#17798=CARTESIAN_POINT('Origin',(78.0000011622906,86.8774173351443,41.6225826648557));
#17799=CARTESIAN_POINT('',(34.0000005811453,86.8774173351443,41.6225826648557));
#17800=CARTESIAN_POINT('',(34.0000005811453,86.8774173351443,41.6225826648557));
#17801=CARTESIAN_POINT('Origin',(67.0000009983778,74.8566018758489,53.6433981241511));
#17802=CARTESIAN_POINT('',(77.,72.7352815322892,51.5220777805915));
#17803=CARTESIAN_POINT('',(77.,72.0460033628684,50.8327996111706));
#17804=CARTESIAN_POINT('',(78.0000011622906,72.7352815322892,51.5220777805915));
#17805=CARTESIAN_POINT('',(67.0000009983778,72.7352815322892,51.5220777805915));
#17806=CARTESIAN_POINT('',(78.0000011622906,74.8566018758489,53.6433981241511));
#17807=CARTESIAN_POINT('',(78.0000011622906,74.8566018758489,53.6433981241511));
#17808=CARTESIAN_POINT('',(67.0000009983778,74.8566018758489,53.6433981241511));
#17809=CARTESIAN_POINT('',(28.5000004991889,74.8566018758489,53.6433981241511));
#17810=CARTESIAN_POINT('',(67.0000009983778,74.8566018758489,53.6433981241511));
#17811=CARTESIAN_POINT('Origin',(67.0000009983778,72.7352815006791,55.7647184993209));
#17812=CARTESIAN_POINT('',(67.0000009983778,72.7352815006791,55.7647184993209));
#17813=CARTESIAN_POINT('',(67.0000009983778,82.6176407503395,45.8823592496604));
#17814=CARTESIAN_POINT('',(67.0000009983778,72.7352815006791,55.7647184993209));
#17815=CARTESIAN_POINT('Origin',(78.0000011622906,74.8566018758489,53.6433981241511));
#17816=CARTESIAN_POINT('',(78.0000011622906,72.7352815006791,55.7647184993209));
#17817=CARTESIAN_POINT('',(78.0000011622906,72.7352815006791,55.7647184993209));
#17818=CARTESIAN_POINT('',(78.0000011622906,83.6783009379244,44.8216990620756));
#17819=CARTESIAN_POINT('',(78.0000011622906,70.6139611571195,53.6433981557612));
#17820=CARTESIAN_POINT('Origin',(78.0000011622906,72.7352815006791,55.7647184993209));
#17821=CARTESIAN_POINT('',(34.0000005811453,72.7352815006791,55.7647184993209));
#17822=CARTESIAN_POINT('Origin',(72.5000010803342,71.6746213447043,52.5827379681764));
#17823=CARTESIAN_POINT('',(77.,73.2306472957546,51.0267120171261));
#17824=CARTESIAN_POINT('Origin',(3.00000004470348,79.8063494179117,48.6936505820883));
#17825=CARTESIAN_POINT('',(3.00000004470348,79.8063494179117,48.6936505820883));
#17826=CARTESIAN_POINT('',(-8.00000011920929,79.8063494179117,48.6936505820883));
#17827=CARTESIAN_POINT('',(-3.49999997764826,79.8063494179117,48.6936505820883));
#17828=CARTESIAN_POINT('',(3.00000004470348,79.8063494179117,48.6936505820883));
#17829=CARTESIAN_POINT('',(-8.00000011920929,79.8063494179117,48.6936505820883));
#17830=CARTESIAN_POINT('Origin',(3.00000004470348,81.9276697930815,46.5723302069185));
#17831=CARTESIAN_POINT('',(3.00000004470348,81.9276697930815,46.5723302069185));
#17832=CARTESIAN_POINT('',(3.00000004470348,87.2138348965407,41.2861651034593));
#17833=CARTESIAN_POINT('',(3.00000004470348,81.9276697930815,46.5723302069185));
#17834=CARTESIAN_POINT('Origin',(-8.00000011920929,81.9276697930815,46.5723302069185));
#17835=CARTESIAN_POINT('',(-8.00000011920929,81.9276697930815,46.5723302069185));
#17836=CARTESIAN_POINT('',(-9.00000005960464,81.9276697930815,46.5723302069185));
#17837=CARTESIAN_POINT('',(-8.00000011920929,81.9276697930815,46.5723302069185));
#17838=CARTESIAN_POINT('Origin',(-8.00000011920929,79.8063494179117,48.6936505820883));
#17839=CARTESIAN_POINT('',(-8.00000011920929,86.1531747089558,42.3468252910441));
#17840=CARTESIAN_POINT('Origin',(3.00000004470348,91.1200580854839,37.3799419145161));
#17841=CARTESIAN_POINT('',(3.00000004470348,91.1200580854839,37.3799419145161));
#17842=CARTESIAN_POINT('',(3.00000004470348,91.8100290427419,36.6899709572581));
#17843=CARTESIAN_POINT('',(3.00000004470348,91.1200580854839,37.3799419145161));
#17844=CARTESIAN_POINT('Origin',(-8.00000011920929,91.1200580854839,37.3799419145161));
#17845=CARTESIAN_POINT('',(-8.00000011920929,91.1200580854839,37.3799419145161));
#17846=CARTESIAN_POINT('',(-9.00000005960464,91.1200580854839,37.3799419145161));
#17847=CARTESIAN_POINT('',(-8.00000011920929,91.1200580854839,37.3799419145161));
#17848=CARTESIAN_POINT('Origin',(-8.00000011920929,90.4129512937606,38.0870487062394));
#17849=CARTESIAN_POINT('',(-8.00000011920929,91.4564756468803,37.0435243531197));
#17850=CARTESIAN_POINT('Origin',(-2.5000000372529,75.2101553033207,49.0472040095601));
#17851=CARTESIAN_POINT('',(-6.99999999999999,74.2867965644036,49.9705627484771));
#17852=CARTESIAN_POINT('',(-10.,74.2867965644036,49.9705627484771));
#17853=CARTESIAN_POINT('',(-8.00000011920929,74.1494951157358,50.1078641971449));
#17854=CARTESIAN_POINT('',(-8.00000011920929,74.1494951157358,50.1078641971449));
#17855=CARTESIAN_POINT('',(-6.99999999999999,74.1494951157358,50.1078641971449));
#17856=CARTESIAN_POINT('',(3.00000004470348,74.1494951157358,50.1078641971449));
#17857=CARTESIAN_POINT('',(-6.99999999999999,77.4911166209814,46.7662426918993));
#17858=CARTESIAN_POINT('Origin',(3.00000004470348,76.2708154592954,52.2291845407046));
#17859=CARTESIAN_POINT('',(-6.99999999999999,70.9675146003963,46.9258836818055));
#17860=CARTESIAN_POINT('',(-8.00000011920929,76.2708154592954,52.2291845407046));
#17861=CARTESIAN_POINT('',(-8.00000011920929,76.2708154592954,52.2291845407046));
#17862=CARTESIAN_POINT('',(3.00000004470348,76.2708154592954,52.2291845407046));
#17863=CARTESIAN_POINT('',(-3.49999997764826,76.2708154592954,52.2291845407046));
#17864=CARTESIAN_POINT('',(3.00000004470348,76.2708154592954,52.2291845407046));
#17865=CARTESIAN_POINT('Origin',(3.00000004470348,78.3921358344652,50.1078641655348));
#17866=CARTESIAN_POINT('',(3.00000004470348,78.3921358344652,50.1078641655348));
#17867=CARTESIAN_POINT('',(3.00000004470348,85.4460679172326,43.0539320827674));
#17868=CARTESIAN_POINT('',(3.00000004470348,78.3921358344652,50.1078641655348));
#17869=CARTESIAN_POINT('Origin',(-8.00000011920929,78.3921358344652,50.1078641655348));
#17870=CARTESIAN_POINT('',(-8.00000011920929,78.3921358344652,50.1078641655348));
#17871=CARTESIAN_POINT('',(-9.00000005960464,78.3921358344652,50.1078641655348));
#17872=CARTESIAN_POINT('',(-8.00000011920929,78.3921358344652,50.1078641655348));
#17873=CARTESIAN_POINT('Origin',(-8.00000011920929,76.2708154592954,52.2291845407046));
#17874=CARTESIAN_POINT('',(-8.00000011920929,84.3854077296477,44.1145922703523));
#17875=CARTESIAN_POINT('Origin',(3.00000004470348,83.341883376528,45.158116623472));
#17876=CARTESIAN_POINT('',(3.00000004470348,83.341883376528,45.158116623472));
#17877=CARTESIAN_POINT('',(-8.00000011920929,83.341883376528,45.158116623472));
#17878=CARTESIAN_POINT('',(-3.49999997764826,83.341883376528,45.158116623472));
#17879=CARTESIAN_POINT('',(3.00000004470348,83.341883376528,45.158116623472));
#17880=CARTESIAN_POINT('',(-8.00000011920929,83.341883376528,45.158116623472));
#17881=CARTESIAN_POINT('Origin',(3.00000004470348,85.4632037516978,43.0367962483022));
#17882=CARTESIAN_POINT('',(3.00000004470348,85.4632037516978,43.0367962483022));
#17883=CARTESIAN_POINT('',(3.00000004470348,88.9816018758489,39.5183981241511));
#17884=CARTESIAN_POINT('',(3.00000004470348,85.4632037516978,43.0367962483022));
#17885=CARTESIAN_POINT('Origin',(-8.00000011920929,85.4632037516978,43.0367962483022));
#17886=CARTESIAN_POINT('',(-8.00000011920929,85.4632037516978,43.0367962483022));
#17887=CARTESIAN_POINT('',(-9.00000005960464,85.4632037516978,43.0367962483022));
#17888=CARTESIAN_POINT('',(-8.00000011920929,85.4632037516978,43.0367962483022));
#17889=CARTESIAN_POINT('Origin',(-8.00000011920929,83.341883376528,45.158116623472));
#17890=CARTESIAN_POINT('',(-8.00000011920929,87.920941688264,40.579058311736));
#17891=CARTESIAN_POINT('Origin',(3.00000004470348,86.8774173351443,41.6225826648557));
#17892=CARTESIAN_POINT('',(3.00000004470348,86.8774173351443,41.6225826648557));
#17893=CARTESIAN_POINT('',(-3.49999997764826,86.8774173351443,41.6225826648557));
#17894=CARTESIAN_POINT('',(3.00000004470348,86.8774173351443,41.6225826648557));
#17895=CARTESIAN_POINT('',(-8.00000011920929,86.8774173351443,41.6225826648557));
#17896=CARTESIAN_POINT('',(-8.00000011920929,86.8774173351443,41.6225826648557));
#17897=CARTESIAN_POINT('',(-3.49999997764826,86.8774173351443,41.6225826648557));
#17898=CARTESIAN_POINT('Origin',(3.00000004470348,88.9987377103141,39.5012622896859));
#17899=CARTESIAN_POINT('',(3.00000004470348,90.749368855157,37.750631144843));
#17900=CARTESIAN_POINT('Origin',(-8.00000011920929,86.8774173351443,41.6225826648557));
#17901=CARTESIAN_POINT('',(-8.00000011920929,89.6887086675721,38.8112913324279));
#17902=CARTESIAN_POINT('Origin',(-8.00000011920929,72.7352815006791,55.7647184993209));
#17903=CARTESIAN_POINT('',(-8.00000011920929,72.7352815322892,51.5220777805915));
#17904=CARTESIAN_POINT('',(-8.00000011920929,70.6139611571195,53.6433981557612));
#17905=CARTESIAN_POINT('',(-8.00000011920929,74.8566018758489,53.6433981241511));
#17906=CARTESIAN_POINT('',(-8.00000011920929,74.8566018758489,53.6433981241511));
#17907=CARTESIAN_POINT('',(-8.00000011920929,72.7352815006791,55.7647184993209));
#17908=CARTESIAN_POINT('',(-8.00000011920929,82.6176407503395,45.8823592496604));
#17909=CARTESIAN_POINT('',(-8.00000011920929,72.7352815006791,55.7647184993209));
#17910=CARTESIAN_POINT('Origin',(3.00000004470348,72.7352815006791,55.7647184993209));
#17911=CARTESIAN_POINT('',(3.00000004470348,72.7352815006791,55.7647184993209));
#17912=CARTESIAN_POINT('',(-3.49999997764826,72.7352815006791,55.7647184993209));
#17913=CARTESIAN_POINT('',(3.00000004470348,72.7352815006791,55.7647184993209));
#17914=CARTESIAN_POINT('Origin',(3.00000004470348,74.8566018758489,53.6433981241511));
#17915=CARTESIAN_POINT('',(3.00000004470348,74.8566018758489,53.6433981241511));
#17916=CARTESIAN_POINT('',(3.00000004470348,83.6783009379244,44.8216990620756));
#17917=CARTESIAN_POINT('',(3.00000004470348,74.8566018758489,53.6433981241511));
#17918=CARTESIAN_POINT('Origin',(-8.00000011920929,74.8566018758489,53.6433981241511));
#17919=CARTESIAN_POINT('',(-6.99999999999999,72.7352815322892,51.5220777805915));
#17920=CARTESIAN_POINT('',(-6.99999999999999,69.5533010169498,48.340097265252));
#17921=CARTESIAN_POINT('',(-9.00000005960464,74.8566018758489,53.6433981241511));
#17922=CARTESIAN_POINT('',(-8.00000011920929,72.7352815322892,51.5220777805915));
#17923=CARTESIAN_POINT('Origin',(-2.5000000372529,71.6746213447043,52.5827379681764));
#17924=CARTESIAN_POINT('',(-6.99999999999999,75.7233496416732,48.5340096712075));
#17925=CARTESIAN_POINT('Origin',(-6.99999999999999,71.2867965644036,36.));
#17926=CARTESIAN_POINT('',(-6.99999999999999,74.2867965644036,36.));
#17927=CARTESIAN_POINT('',(-6.99999999999999,71.2867965644036,36.));
#17928=CARTESIAN_POINT('',(-6.99999999999999,74.2867965644036,47.9706860660759));
#17929=CARTESIAN_POINT('Origin',(50.,81.8933982822018,46.6066017177982));
#17930=CARTESIAN_POINT('',(64.,81.8933982822018,46.6066017177982));
#17931=CARTESIAN_POINT('Origin',(50.,81.8933982822018,46.6066017177982));
#17932=CARTESIAN_POINT('',(64.,81.8933982822018,46.6066017177982));
#17933=CARTESIAN_POINT('Origin',(50.,79.7720779386421,44.4852813742386));
#17934=CARTESIAN_POINT('Origin',(-10.,88.2573593128807,36.));
#17935=CARTESIAN_POINT('',(34.,79.7720779386421,44.4852813742385));
#17936=CARTESIAN_POINT('Origin',(20.,79.7720779386421,44.4852813742386));
#17937=CARTESIAN_POINT('Origin',(20.,79.7720779386421,44.4852813742386));
#17938=CARTESIAN_POINT('Origin',(20.,81.8933982822018,46.6066017177982));
#17939=CARTESIAN_POINT('',(34.,81.8933982822018,46.6066017177982));
#17940=CARTESIAN_POINT('Origin',(20.,81.8933982822018,46.6066017177982));
#17941=CARTESIAN_POINT('',(34.,81.8933982822018,46.6066017177982));
#17942=CARTESIAN_POINT('Origin',(77.,71.2867965644036,45.9708093836746));
#17943=CARTESIAN_POINT('',(77.,74.2867965644036,36.));
#17944=CARTESIAN_POINT('',(77.,74.2867965644036,47.9706860660759));
#17945=CARTESIAN_POINT('',(77.,71.2867965644036,36.));
#17946=CARTESIAN_POINT('Origin',(-10.,74.2867965644036,49.9705627484771));
#17947=CARTESIAN_POINT('',(-10.,74.2867965644036,36.));
#17948=CARTESIAN_POINT('',(-10.,74.2867965644036,36.));
#17949=CARTESIAN_POINT('',(-10.,74.2867965644035,48.2885822331377));
#17950=CARTESIAN_POINT('Origin',(-10.,71.2867965644036,36.));
#17951=CARTESIAN_POINT('',(80.,74.2867965644036,36.));
#17952=CARTESIAN_POINT('',(-10.,74.2867965644036,36.));
#17953=CARTESIAN_POINT('',(80.,-10.,36.));
#17954=CARTESIAN_POINT('Origin',(-10.,74.2867965644036,49.9705627484771));
#17955=CARTESIAN_POINT('',(80.,74.2867965644035,48.2885822331377));
#17956=CARTESIAN_POINT('Origin',(-10.,71.2867965644036,36.));
#17957=CARTESIAN_POINT('',(-10.,-10.,36.));
#17958=CARTESIAN_POINT('Origin',(80.,81.8933982822018,46.6066017177982));
#17959=CARTESIAN_POINT('',(80.,92.5,36.));
#17960=CARTESIAN_POINT('Origin',(-10.,92.5,36.));
#17961=CARTESIAN_POINT('',(-10.,92.5,36.));
#17962=CARTESIAN_POINT('Origin',(-10.,81.8933982822018,46.6066017177982));
#17963=CARTESIAN_POINT('',(0.,0.,0.));
#17964=CARTESIAN_POINT('Origin',(38.,90.3786796564404,38.1213203435596));
#17965=CARTESIAN_POINT('',(39.0899183737133,89.5,36.));
#17966=CARTESIAN_POINT('',(36.9100816262867,89.5,36.));
#17967=CARTESIAN_POINT('Origin',(38.,89.5,37.2426406871193));
#17968=CARTESIAN_POINT('Origin',(38.,88.2573593128807,36.));
#17969=CARTESIAN_POINT('Origin',(62.,90.3786796564404,38.1213203435596));
#17970=CARTESIAN_POINT('',(63.0899183737133,89.5,36.));
#17971=CARTESIAN_POINT('',(60.9100816262867,89.5,36.));
#17972=CARTESIAN_POINT('Origin',(62.,89.5,37.2426406871193));
#17973=CARTESIAN_POINT('Origin',(62.,88.2573593128807,36.));
#17974=CARTESIAN_POINT('Origin',(35.,41.25,36.));
#17975=CARTESIAN_POINT('',(-10.,92.5,36.));
#17976=CARTESIAN_POINT('',(-10.,-10.,36.));
#17977=CARTESIAN_POINT('',(-10.,92.5,36.));
#17978=CARTESIAN_POINT('',(80.,-10.,36.));
#17979=CARTESIAN_POINT('',(-10.,-10.,36.));
#17980=CARTESIAN_POINT('',(80.,92.5,36.));
#17981=CARTESIAN_POINT('',(80.,-10.,36.));
#17982=CARTESIAN_POINT('',(80.,92.5,36.));
#17983=CARTESIAN_POINT('',(2.,2.,36.));
#17984=CARTESIAN_POINT('',(2.,50.5,36.));
#17985=CARTESIAN_POINT('',(2.,45.875,36.));
#17986=CARTESIAN_POINT('',(13.,50.5,36.));
#17987=CARTESIAN_POINT('',(24.,50.5,36.));
#17988=CARTESIAN_POINT('',(13.,2.,36.));
#17989=CARTESIAN_POINT('',(13.,21.625,36.));
#17990=CARTESIAN_POINT('',(18.5,2.,36.));
#17991=CARTESIAN_POINT('',(57.,50.5,36.));
#17992=CARTESIAN_POINT('',(57.03,50.5,36.));
#17993=CARTESIAN_POINT('',(46.015,50.5,36.));
#17994=CARTESIAN_POINT('',(61.23,50.5,36.));
#17995=CARTESIAN_POINT('Origin',(59.13,53.3,36.));
#17996=CARTESIAN_POINT('',(68.,50.5,36.));
#17997=CARTESIAN_POINT('',(51.5,50.5,36.));
#17998=CARTESIAN_POINT('',(68.,2.,36.));
#17999=CARTESIAN_POINT('',(68.,21.625,36.));
#18000=CARTESIAN_POINT('',(57.,2.,36.));
#18001=CARTESIAN_POINT('',(46.,2.,36.));
#18002=CARTESIAN_POINT('',(57.,45.875,36.));
#18003=CARTESIAN_POINT('',(2.,75.,36.));
#18004=CARTESIAN_POINT('',(2.,80.,36.));
#18005=CARTESIAN_POINT('',(2.,60.625,36.));
#18006=CARTESIAN_POINT('',(4.5,80.,36.));
#18007=CARTESIAN_POINT('',(19.75,80.,36.));
#18008=CARTESIAN_POINT('',(4.5,75.,36.));
#18009=CARTESIAN_POINT('',(4.5,58.125,36.));
#18010=CARTESIAN_POINT('',(18.5,75.,36.));
#18011=CARTESIAN_POINT('',(68.,75.,36.));
#18012=CARTESIAN_POINT('',(65.5,75.,36.));
#18013=CARTESIAN_POINT('',(50.25,75.,36.));
#18014=CARTESIAN_POINT('',(65.5,80.,36.));
#18015=CARTESIAN_POINT('',(65.5,60.625,36.));
#18016=CARTESIAN_POINT('',(68.,80.,36.));
#18017=CARTESIAN_POINT('',(51.5,80.,36.));
#18018=CARTESIAN_POINT('',(68.,58.125,36.));
#18019=CARTESIAN_POINT('',(17.0000002533197,2.00000002980232,36.));
#18020=CARTESIAN_POINT('',(17.0000002533197,6.00000008940697,36.));
#18021=CARTESIAN_POINT('',(17.0000002533197,21.6250000149012,36.));
#18022=CARTESIAN_POINT('',(53.0000007897615,6.00000008940697,36.));
#18023=CARTESIAN_POINT('',(26.0000001266599,6.00000008940697,36.));
#18024=CARTESIAN_POINT('',(53.0000007897615,2.00000002980232,36.));
#18025=CARTESIAN_POINT('',(53.0000007897615,23.6250000447035,36.));
#18026=CARTESIAN_POINT('',(44.0000003948808,2.00000002980232,36.));
#18027=CARTESIAN_POINT('',(17.0000002533197,30.0000003576279,36.));
#18028=CARTESIAN_POINT('',(17.0000002533197,34.0000004172325,36.));
#18029=CARTESIAN_POINT('',(17.0000002533197,35.6250001788139,36.));
#18030=CARTESIAN_POINT('',(53.0000007897615,34.0000004172325,36.));
#18031=CARTESIAN_POINT('',(26.0000001266599,34.0000004172325,36.));
#18032=CARTESIAN_POINT('',(53.0000007897615,30.0000003576279,36.));
#18033=CARTESIAN_POINT('',(53.0000007897615,37.6250002086163,36.));
#18034=CARTESIAN_POINT('',(44.0000003948808,30.0000003576279,36.));
#18035=CARTESIAN_POINT('',(2.00000002980232,60.0000008940697,36.));
#18036=CARTESIAN_POINT('',(2.00000002980232,64.0000009536743,36.));
#18037=CARTESIAN_POINT('',(2.00000002980232,50.6250004470348,36.));
#18038=CARTESIAN_POINT('',(68.000001013279,64.0000009536743,36.));
#18039=CARTESIAN_POINT('',(18.5000000149012,64.0000009536743,36.));
#18040=CARTESIAN_POINT('',(68.000001013279,60.0000008940697,36.));
#18041=CARTESIAN_POINT('',(68.000001013279,52.6250004768372,36.));
#18042=CARTESIAN_POINT('',(51.5000005066395,60.0000008940697,36.));
#18043=CARTESIAN_POINT('',(1.523652065368,67.0000009983778,36.));
#18044=CARTESIAN_POINT('',(1.523652065368,71.0000009983778,36.));
#18045=CARTESIAN_POINT('',(1.523652065368,54.1250004991889,36.));
#18046=CARTESIAN_POINT('',(68.000001013279,71.0000009983778,36.));
#18047=CARTESIAN_POINT('',(18.261826032684,71.0000009983778,36.));
#18048=CARTESIAN_POINT('',(68.000001013279,67.0000009983778,36.));
#18049=CARTESIAN_POINT('',(68.000001013279,56.1250004991889,36.));
#18050=CARTESIAN_POINT('',(51.5000005066395,67.0000009983778,36.));
#18051=CARTESIAN_POINT('',(17.0000002533197,37.0000004172325,36.));
#18052=CARTESIAN_POINT('',(17.0000002533197,41.0000004768372,36.));
#18053=CARTESIAN_POINT('',(17.0000002533197,39.1250002086163,36.));
#18054=CARTESIAN_POINT('',(53.0000007897615,41.0000004768372,36.));
#18055=CARTESIAN_POINT('',(26.0000001266599,41.0000004768371,36.));
#18056=CARTESIAN_POINT('',(53.0000007897615,37.0000004172325,36.));
#18057=CARTESIAN_POINT('',(53.0000007897615,41.1250002384186,36.));
#18058=CARTESIAN_POINT('',(44.0000003948808,37.0000004172325,36.));
#18059=CARTESIAN_POINT('',(17.0000002533197,9.00000013411045,36.));
#18060=CARTESIAN_POINT('',(17.0000002533197,13.0000001937151,36.));
#18061=CARTESIAN_POINT('',(17.0000002533197,25.1250000670552,36.));
#18062=CARTESIAN_POINT('',(53.0000007897615,13.0000001937151,36.));
#18063=CARTESIAN_POINT('',(26.0000001266599,13.0000001937151,36.));
#18064=CARTESIAN_POINT('',(53.0000007897615,9.00000013411045,36.));
#18065=CARTESIAN_POINT('',(53.0000007897615,27.1250000968575,36.));
#18066=CARTESIAN_POINT('',(44.0000003948808,9.00000013411045,36.));
#18067=CARTESIAN_POINT('',(17.0000002533197,23.0000002980232,36.));
#18068=CARTESIAN_POINT('',(17.0000002533197,27.0000003576279,36.));
#18069=CARTESIAN_POINT('',(17.0000002533197,32.1250001490116,36.));
#18070=CARTESIAN_POINT('',(53.0000007897615,27.0000003576279,36.));
#18071=CARTESIAN_POINT('',(26.0000001266599,27.0000003576279,36.));
#18072=CARTESIAN_POINT('',(53.0000007897615,23.0000002980232,36.));
#18073=CARTESIAN_POINT('',(53.0000007897615,34.1250001788139,36.));
#18074=CARTESIAN_POINT('',(44.0000003948808,23.0000002980232,36.));
#18075=CARTESIAN_POINT('',(2.00000002980232,53.0000007897615,36.));
#18076=CARTESIAN_POINT('',(2.00000002980232,57.0000008493662,36.));
#18077=CARTESIAN_POINT('',(2.00000002980232,47.1250003948808,36.));
#18078=CARTESIAN_POINT('',(68.000001013279,57.0000008493662,36.));
#18079=CARTESIAN_POINT('',(18.5000000149012,57.0000008493662,36.));
#18080=CARTESIAN_POINT('',(68.000001013279,53.0000007897615,36.));
#18081=CARTESIAN_POINT('',(68.000001013279,49.1250004246831,36.));
#18082=CARTESIAN_POINT('',(51.5000005066395,53.0000007897615,36.));
#18083=CARTESIAN_POINT('',(7.00000010430813,75.0000011175871,36.));
#18084=CARTESIAN_POINT('',(7.00000010430813,79.0000011771917,36.));
#18085=CARTESIAN_POINT('',(7.00000010430813,58.1250005587935,36.));
#18086=CARTESIAN_POINT('',(63.0000009387732,79.0000011771917,36.));
#18087=CARTESIAN_POINT('',(21.0000000521541,79.0000011771917,36.));
#18088=CARTESIAN_POINT('',(63.0000009387732,75.0000011175871,36.));
#18089=CARTESIAN_POINT('',(63.0000009387732,60.1250005885959,36.));
#18090=CARTESIAN_POINT('',(49.0000004693866,75.0000011175871,36.));
#18091=CARTESIAN_POINT('',(17.0000002533197,48.0000004768372,36.));
#18092=CARTESIAN_POINT('',(53.0000007897615,48.0000004768372,36.));
#18093=CARTESIAN_POINT('',(26.0000001266599,48.0000004768372,36.));
#18094=CARTESIAN_POINT('',(53.0000007897615,44.0000004768372,36.));
#18095=CARTESIAN_POINT('',(53.0000007897615,44.6250002384186,36.));
#18096=CARTESIAN_POINT('',(17.0000002533197,44.0000004768372,36.));
#18097=CARTESIAN_POINT('',(44.0000003948808,44.0000004768372,36.));
#18098=CARTESIAN_POINT('',(17.0000002533197,42.6250002384186,36.));
#18099=CARTESIAN_POINT('',(17.0000002533197,16.0000002384186,36.));
#18100=CARTESIAN_POINT('',(17.0000002533197,20.0000002980232,36.));
#18101=CARTESIAN_POINT('',(17.0000002533197,28.6250001192093,36.));
#18102=CARTESIAN_POINT('',(53.0000007897615,20.0000002980232,36.));
#18103=CARTESIAN_POINT('',(26.0000001266599,20.0000002980232,36.));
#18104=CARTESIAN_POINT('',(53.0000007897615,16.0000002384186,36.));
#18105=CARTESIAN_POINT('',(53.0000007897615,30.6250001490116,36.));
#18106=CARTESIAN_POINT('',(44.0000003948808,16.0000002384186,36.));
#18107=CARTESIAN_POINT('',(3.00000004470348,-7.,36.));
#18108=CARTESIAN_POINT('',(3.00000004470348,-1.99999992549419,36.));
#18109=CARTESIAN_POINT('',(3.00000004470348,17.125,36.));
#18110=CARTESIAN_POINT('',(67.0000009983778,-1.99999992549419,36.));
#18111=CARTESIAN_POINT('',(19.0000000223517,-1.9999999254942,36.));
#18112=CARTESIAN_POINT('',(67.0000009983778,-7.,36.));
#18113=CARTESIAN_POINT('',(67.0000009983778,19.6250000372529,36.));
#18114=CARTESIAN_POINT('',(51.0000004991889,-7.,36.));
#18115=CARTESIAN_POINT('',(-8.,2.,36.));
#18116=CARTESIAN_POINT('',(-8.,80.0000011622906,36.));
#18117=CARTESIAN_POINT('',(-8.,21.625,36.));
#18118=CARTESIAN_POINT('',(-0.999999895691872,80.0000011622906,36.));
#18119=CARTESIAN_POINT('',(13.5,80.0000011622906,36.));
#18120=CARTESIAN_POINT('',(-0.999999895691872,2.,36.));
#18121=CARTESIAN_POINT('',(-0.99999989569187,60.6250005811453,36.));
#18122=CARTESIAN_POINT('',(17.0000000521541,2.,36.));
#18123=CARTESIAN_POINT('',(71.0000011622906,2.,36.));
#18124=CARTESIAN_POINT('',(71.0000011622906,80.,36.));
#18125=CARTESIAN_POINT('',(71.0000011622906,21.625,36.));
#18126=CARTESIAN_POINT('',(78.0000011622906,80.,36.));
#18127=CARTESIAN_POINT('',(53.0000005811453,80.,36.));
#18128=CARTESIAN_POINT('',(78.0000011622906,2.,36.));
#18129=CARTESIAN_POINT('',(78.0000011622906,60.625,36.));
#18130=CARTESIAN_POINT('',(56.5000005811453,2.,36.));
#18131=CARTESIAN_POINT('',(76.5000011175871,-5.00000007450581,36.));
#18132=CARTESIAN_POINT('Origin',(75.0000011175871,-5.00000007450581,36.));
#18133=CARTESIAN_POINT('',(-3.50000007450581,-5.00000007450581,36.));
#18134=CARTESIAN_POINT('Origin',(-5.00000007450581,-5.00000007450581,36.));
#18135=CARTESIAN_POINT('',(44.5100445988342,89.5,36.));
#18136=CARTESIAN_POINT('',(19.0000004991889,89.5,36.));
#18137=CARTESIAN_POINT('',(55.4899554011658,89.5,36.));
#18138=CARTESIAN_POINT('Origin',(50.,71.2867965644036,36.));
#18139=CARTESIAN_POINT('',(19.0000004991889,89.5,36.));
#18140=CARTESIAN_POINT('',(67.0000009983778,89.5,36.));
#18141=CARTESIAN_POINT('',(19.0000004991889,89.5,36.));
#18142=CARTESIAN_POINT('',(67.0000009983778,89.7401161709677,36.));
#18143=CARTESIAN_POINT('',(67.0000009983778,65.8314756468803,36.));
#18144=CARTESIAN_POINT('',(78.0000011622906,89.7401161709677,36.));
#18145=CARTESIAN_POINT('',(51.0000004991889,89.7401161709677,36.));
#18146=CARTESIAN_POINT('',(78.0000011622906,88.3259025875212,36.));
#18147=CARTESIAN_POINT('',(78.0000011622906,66.1850290427419,36.));
#18148=CARTESIAN_POINT('',(76.2521491473458,88.3259025875212,36.));
#18149=CARTESIAN_POINT('',(56.5000005811453,88.3259025875212,36.));
#18150=CARTESIAN_POINT('',(76.4999983236194,87.4999980442226,36.));
#18151=CARTESIAN_POINT('Origin',(74.9999983236194,87.4999980442226,36.));
#18152=CARTESIAN_POINT('',(73.747847499893,88.3259025875212,36.));
#18153=CARTESIAN_POINT('Origin',(74.9999983236194,87.4999980442226,36.));
#18154=CARTESIAN_POINT('',(67.0000009983778,88.3259025875212,36.));
#18155=CARTESIAN_POINT('',(56.5000005811453,88.3259025875212,36.));
#18156=CARTESIAN_POINT('',(67.0000009983778,84.4999999254942,36.));
#18157=CARTESIAN_POINT('',(67.0000009983778,65.375,36.));
#18158=CARTESIAN_POINT('',(3.0000009983778,84.4999999254942,36.));
#18159=CARTESIAN_POINT('',(51.0000004991889,84.4999999254942,36.));
#18160=CARTESIAN_POINT('',(3.0000009983778,88.3259025875212,36.));
#18161=CARTESIAN_POINT('',(3.0000009983778,62.8749999627471,36.));
#18162=CARTESIAN_POINT('',(-3.74784906451488,88.3259025875212,36.));
#18163=CARTESIAN_POINT('',(19.0000000223517,88.3259025875212,36.));
#18164=CARTESIAN_POINT('',(-3.49999988824129,87.4999980442226,36.));
#18165=CARTESIAN_POINT('Origin',(-4.99999988824129,87.4999980442226,36.));
#18166=CARTESIAN_POINT('',(-6.2521507119677,88.3259025875212,36.));
#18167=CARTESIAN_POINT('Origin',(-4.99999988824129,87.4999980442226,36.));
#18168=CARTESIAN_POINT('',(-8.00000011920929,88.3259025875212,36.));
#18169=CARTESIAN_POINT('',(19.0000000223517,88.3259025875212,36.));
#18170=CARTESIAN_POINT('',(-8.00000011920929,89.7401161709677,36.));
#18171=CARTESIAN_POINT('',(-8.00000011920929,65.8314756468803,36.));
#18172=CARTESIAN_POINT('',(3.00000004470348,89.7401161709677,36.));
#18173=CARTESIAN_POINT('',(13.4999999403954,89.7401161709677,36.));
#18174=CARTESIAN_POINT('',(3.0000009983778,89.5,36.));
#18175=CARTESIAN_POINT('',(3.00000004470348,66.1850290427419,36.));
#18176=CARTESIAN_POINT('',(6.91008162628668,89.5,36.));
#18177=CARTESIAN_POINT('',(19.0000004991889,89.5,36.));
#18178=CARTESIAN_POINT('',(9.08991837371331,89.5,36.));
#18179=CARTESIAN_POINT('Origin',(8.,88.2573593128807,36.));
#18180=CARTESIAN_POINT('',(14.5100445988343,89.5,36.));
#18181=CARTESIAN_POINT('',(19.0000004991889,89.5,36.));
#18182=CARTESIAN_POINT('',(25.4899554011658,89.5,36.));
#18183=CARTESIAN_POINT('Origin',(20.,71.2867965644036,36.));
#18184=CARTESIAN_POINT('',(30.9100816262867,89.5,36.));
#18185=CARTESIAN_POINT('',(19.0000004991889,89.5,36.));
#18186=CARTESIAN_POINT('',(33.0899183737133,89.5,36.));
#18187=CARTESIAN_POINT('Origin',(32.,88.2573593128807,36.));
#18188=CARTESIAN_POINT('',(19.0000004991889,89.5,36.));
#18189=CARTESIAN_POINT('Origin',(8.,90.3786796564404,38.1213203435596));
#18190=CARTESIAN_POINT('Origin',(8.,89.5,37.2426406871193));
#18191=CARTESIAN_POINT('Origin',(32.,90.3786796564404,38.1213203435596));
#18192=CARTESIAN_POINT('Origin',(32.,89.5,37.2426406871193));
#18193=CARTESIAN_POINT('Origin',(3.0000009983778,89.5,36.));
#18194=CARTESIAN_POINT('',(22.5952003268137,89.5,34.7573593128807));
#18195=CARTESIAN_POINT('Origin',(20.,89.5,54.2132034355965));
#18196=CARTESIAN_POINT('',(17.4047996731863,89.5,34.7573593128807));
#18197=CARTESIAN_POINT('',(11.5000004991889,89.5,34.7573593128807));
#18198=CARTESIAN_POINT('Origin',(20.,89.5,54.2132034355965));
#18199=CARTESIAN_POINT('',(3.00000004470348,89.5,35.7598838290323));
#18200=CARTESIAN_POINT('',(3.0000009983778,89.5,36.));
#18201=CARTESIAN_POINT('',(3.0000009983778,89.5,33.));
#18202=CARTESIAN_POINT('',(3.0000009983778,89.5,36.));
#18203=CARTESIAN_POINT('',(67.0000009983778,89.5,33.));
#18204=CARTESIAN_POINT('',(19.0000004991889,89.5,33.));
#18205=CARTESIAN_POINT('',(67.0000009983778,89.5,35.7598838290323));
#18206=CARTESIAN_POINT('',(67.0000009983778,89.5,36.));
#18207=CARTESIAN_POINT('',(67.0000009983778,89.5,36.));
#18208=CARTESIAN_POINT('',(52.5952003268137,89.5,34.7573593128807));
#18209=CARTESIAN_POINT('Origin',(50.,89.5,54.2132034355965));
#18210=CARTESIAN_POINT('',(47.4047996731863,89.5,34.7573593128807));
#18211=CARTESIAN_POINT('',(26.5000004991889,89.5,34.7573593128807));
#18212=CARTESIAN_POINT('Origin',(50.,89.5,54.2132034355965));
#18213=CARTESIAN_POINT('Origin',(67.0000009983778,90.4129512937606,38.0870487062394));
#18214=CARTESIAN_POINT('',(67.0000009983778,91.1200580854839,37.3799419145161));
#18215=CARTESIAN_POINT('Origin',(78.0000011622906,91.1200580854839,37.3799419145161));
#18216=CARTESIAN_POINT('',(78.0000011622906,88.9987377419242,35.2586215709565));
#18217=CARTESIAN_POINT('',(78.0000011622906,91.1200580854839,37.3799419145161));
#18218=CARTESIAN_POINT('',(78.0000011622906,88.291630950201,35.9657283626798));
#18219=CARTESIAN_POINT('',(78.0000011622906,70.6139611571195,53.6433981557612));
#18220=CARTESIAN_POINT('',(78.0000011622906,90.4129512937606,38.0870487062394));
#18221=CARTESIAN_POINT('Origin',(78.0000011622906,90.4129512937606,38.0870487062394));
#18222=CARTESIAN_POINT('',(76.2740930383766,88.291630950201,35.9657283626797));
#18223=CARTESIAN_POINT('',(78.0000011622906,88.291630950201,35.9657283626797));
#18224=CARTESIAN_POINT('Origin',(74.9999983236194,87.4999980442226,35.1740954567014));
#18225=CARTESIAN_POINT('Origin',(72.5000010803342,88.6451843460626,35.6121749668181));
#18226=CARTESIAN_POINT('',(75.0614744859366,88.9987377419242,35.2586215709565));
#18227=CARTESIAN_POINT('Origin',(74.9999983236194,87.4999980442226,36.7573612686581));
#18228=CARTESIAN_POINT('',(78.0000011622906,88.9987377419242,35.2586215709565));
#18229=CARTESIAN_POINT('Origin',(67.0000009983778,91.1200580854839,37.3799419145161));
#18230=CARTESIAN_POINT('',(67.0000009983778,88.9987377419242,35.2586215709565));
#18231=CARTESIAN_POINT('',(67.0000009983778,90.3700580854839,36.6299419145161));
#18232=CARTESIAN_POINT('',(74.9385221613021,88.9987377419242,35.2586215709565));
#18233=CARTESIAN_POINT('',(78.0000011622906,88.9987377419242,35.2586215709565));
#18234=CARTESIAN_POINT('Origin',(74.9999983236194,87.4999980442226,33.7598818732549));
#18235=CARTESIAN_POINT('Origin',(78.0000011622906,90.4129512937606,38.0870487062394));
#18236=CARTESIAN_POINT('',(73.7259036088622,88.291630950201,35.9657283626797));
#18237=CARTESIAN_POINT('Origin',(74.9999983236194,87.4999980442226,35.1740954567014));
#18238=CARTESIAN_POINT('',(67.0000009983778,88.291630950201,35.9657283626798));
#18239=CARTESIAN_POINT('',(78.0000011622906,88.291630950201,35.9657283626797));
#18240=CARTESIAN_POINT('',(67.0000009983778,89.6629512937606,37.3370487062394));
#18241=CARTESIAN_POINT('Origin',(72.5000010803342,88.6451843460626,35.6121749668181));
#18242=CARTESIAN_POINT('Origin',(74.9999983236194,87.4999980442226,36.7573612686581));
#18243=CARTESIAN_POINT('',(67.0000009983778,88.7619320012515,35.4954273116292));
#18244=CARTESIAN_POINT('Origin',(-8.00000011920929,90.4129512937606,38.0870487062394));
#18245=CARTESIAN_POINT('',(-8.00000011920929,88.291630950201,35.9657283626798));
#18246=CARTESIAN_POINT('',(-8.00000011920929,90.4129512937606,38.0870487062394));
#18247=CARTESIAN_POINT('',(-8.00000011920929,88.9987377419242,35.2586215709565));
#18248=CARTESIAN_POINT('',(-8.00000011920929,70.6139611571195,53.6433981557612));
#18249=CARTESIAN_POINT('',(-8.00000011920929,91.1200580854839,37.3799419145161));
#18250=CARTESIAN_POINT('Origin',(-2.5000000372529,88.6451843460626,35.6121749668181));
#18251=CARTESIAN_POINT('',(-3.72590517348409,88.291630950201,35.9657283626797));
#18252=CARTESIAN_POINT('',(-4.93852372592412,88.9987377419242,35.2586215709565));
#18253=CARTESIAN_POINT('Origin',(-4.99999988824129,87.4999980442226,36.7573612686581));
#18254=CARTESIAN_POINT('',(3.00000004470348,88.291630950201,35.9657283626798));
#18255=CARTESIAN_POINT('',(3.00000004470348,88.291630950201,35.9657283626797));
#18256=CARTESIAN_POINT('',(3.00000004470348,88.9987377419242,35.2586215709565));
#18257=CARTESIAN_POINT('',(3.0000009983778,87.511931982625,36.7454273302557));
#18258=CARTESIAN_POINT('',(-8.00000011920929,88.9987377419242,35.2586215709565));
#18259=CARTESIAN_POINT('Origin',(3.00000004470348,90.4129512937606,38.0870487062394));
#18260=CARTESIAN_POINT('Origin',(-4.99999988824129,87.4999980442226,35.1740954567014));
#18261=CARTESIAN_POINT('',(3.0000009983778,88.4129512751342,36.0870486876129));
#18262=CARTESIAN_POINT('Origin',(3.00000004470348,90.4129512937606,38.0870487062394));
#18263=CARTESIAN_POINT('',(-6.2740946029985,88.291630950201,35.9657283626797));
#18264=CARTESIAN_POINT('Origin',(-4.99999988824129,87.4999980442226,35.1740954567014));
#18265=CARTESIAN_POINT('',(3.00000004470348,88.291630950201,35.9657283626797));
#18266=CARTESIAN_POINT('Origin',(3.00000004470348,91.1200580854839,37.3799419145161));
#18267=CARTESIAN_POINT('',(3.00000004470348,91.1200580854839,37.3799419145161));
#18268=CARTESIAN_POINT('Origin',(-8.00000011920929,91.1200580854839,37.3799419145161));
#18269=CARTESIAN_POINT('',(-5.06147605055847,88.9987377419242,35.2586215709565));
#18270=CARTESIAN_POINT('Origin',(-4.99999988824129,87.4999980442226,33.7598818732549));
#18271=CARTESIAN_POINT('',(3.0000009983778,89.1200580668574,35.3799418958897));
#18272=CARTESIAN_POINT('',(-8.00000011920929,88.9987377419242,35.2586215709565));
#18273=CARTESIAN_POINT('Origin',(-2.5000000372529,88.6451843460626,35.6121749668181));
#18274=CARTESIAN_POINT('Origin',(-4.99999988824129,87.4999980442226,36.7573612686581));
#18275=CARTESIAN_POINT('Origin',(3.0000009983778,84.4999999254942,36.));
#18276=CARTESIAN_POINT('',(3.0000009983778,84.4999999254942,33.));
#18277=CARTESIAN_POINT('',(3.0000009983778,84.4999999254942,36.));
#18278=CARTESIAN_POINT('',(3.0000009983778,62.8749999627471,33.));
#18279=CARTESIAN_POINT('Origin',(50.,79.7720779386421,44.4852813742386));
#18280=CARTESIAN_POINT('Origin',(50.,79.7720779386421,44.4852813742386));
#18281=CARTESIAN_POINT('Origin',(50.,81.8933982822018,46.6066017177982));
#18282=CARTESIAN_POINT('Origin',(20.,79.7720779386421,44.4852813742386));
#18283=CARTESIAN_POINT('Origin',(20.,79.7720779386421,44.4852813742386));
#18284=CARTESIAN_POINT('Origin',(20.,81.8933982822018,46.6066017177982));
#18285=CARTESIAN_POINT('Origin',(-5.00000007450581,-5.00000007450581,36.));
#18286=CARTESIAN_POINT('',(-3.50000007450581,-5.00000007450581,33.));
#18287=CARTESIAN_POINT('',(-3.50000007450581,-5.00000007450581,36.));
#18288=CARTESIAN_POINT('Origin',(-5.00000007450581,-5.00000007450581,33.));
#18289=CARTESIAN_POINT('Origin',(75.0000011175871,-5.00000007450581,36.));
#18290=CARTESIAN_POINT('',(76.5000011175871,-5.00000007450581,33.));
#18291=CARTESIAN_POINT('',(76.5000011175871,-5.00000007450581,36.));
#18292=CARTESIAN_POINT('Origin',(75.0000011175871,-5.00000007450581,33.));
#18293=CARTESIAN_POINT('Origin',(-4.99999988824129,87.4999980442226,36.));
#18294=CARTESIAN_POINT('',(-3.49999988824129,87.4999980442226,33.));
#18295=CARTESIAN_POINT('',(-3.49999988824129,87.4999980442226,36.));
#18296=CARTESIAN_POINT('Origin',(-4.99999988824129,87.4999980442226,33.));
#18297=CARTESIAN_POINT('Origin',(74.9999983236194,87.4999980442226,36.));
#18298=CARTESIAN_POINT('',(76.4999983236194,87.4999980442226,33.));
#18299=CARTESIAN_POINT('',(76.4999983236194,87.4999980442226,36.));
#18300=CARTESIAN_POINT('Origin',(74.9999983236194,87.4999980442226,33.));
#18301=CARTESIAN_POINT('Origin',(67.0000009983778,84.4999999254942,36.));
#18302=CARTESIAN_POINT('',(67.0000009983778,84.4999999254942,33.));
#18303=CARTESIAN_POINT('',(51.0000004991889,84.4999999254942,33.));
#18304=CARTESIAN_POINT('',(67.0000009983778,84.4999999254942,36.));
#18305=CARTESIAN_POINT('Origin',(67.0000009983778,89.5,36.));
#18306=CARTESIAN_POINT('',(67.0000009983778,65.375,33.));
#18307=CARTESIAN_POINT('Origin',(78.0000011622906,80.,36.));
#18308=CARTESIAN_POINT('',(78.0000011622906,2.,33.));
#18309=CARTESIAN_POINT('',(78.0000011622906,80.,33.));
#18310=CARTESIAN_POINT('',(78.0000011622906,60.625,33.));
#18311=CARTESIAN_POINT('',(78.0000011622906,2.,36.));
#18312=CARTESIAN_POINT('',(78.0000011622906,80.,36.));
#18313=CARTESIAN_POINT('Origin',(71.0000011622906,80.,36.));
#18314=CARTESIAN_POINT('',(71.0000011622906,80.,33.));
#18315=CARTESIAN_POINT('',(53.0000005811453,80.,33.));
#18316=CARTESIAN_POINT('',(71.0000011622906,80.,36.));
#18317=CARTESIAN_POINT('Origin',(71.0000011622906,2.,36.));
#18318=CARTESIAN_POINT('',(71.0000011622906,2.,33.));
#18319=CARTESIAN_POINT('',(71.0000011622906,21.625,33.));
#18320=CARTESIAN_POINT('',(71.0000011622906,2.,36.));
#18321=CARTESIAN_POINT('Origin',(78.0000011622906,2.,36.));
#18322=CARTESIAN_POINT('',(56.5000005811453,2.,33.));
#18323=CARTESIAN_POINT('Origin',(-0.999999895691872,80.0000011622906,36.));
#18324=CARTESIAN_POINT('',(-0.999999895691872,2.,33.));
#18325=CARTESIAN_POINT('',(-0.999999895691872,80.0000011622906,33.));
#18326=CARTESIAN_POINT('',(-0.99999989569187,60.6250005811453,33.));
#18327=CARTESIAN_POINT('',(-0.999999895691872,2.,36.));
#18328=CARTESIAN_POINT('',(-0.999999895691872,80.0000011622906,36.));
#18329=CARTESIAN_POINT('Origin',(-8.,80.0000011622906,36.));
#18330=CARTESIAN_POINT('',(-8.,80.0000011622906,33.));
#18331=CARTESIAN_POINT('',(13.5,80.0000011622906,33.));
#18332=CARTESIAN_POINT('',(-8.,80.0000011622906,36.));
#18333=CARTESIAN_POINT('Origin',(-8.,2.,36.));
#18334=CARTESIAN_POINT('',(-8.,2.,33.));
#18335=CARTESIAN_POINT('',(-8.,21.625,33.));
#18336=CARTESIAN_POINT('',(-8.,2.,36.));
#18337=CARTESIAN_POINT('Origin',(-0.999999895691872,2.,36.));
#18338=CARTESIAN_POINT('',(17.0000000521541,2.,33.));
#18339=CARTESIAN_POINT('Origin',(67.0000009983778,-1.99999992549419,36.));
#18340=CARTESIAN_POINT('',(67.0000009983778,-7.,33.));
#18341=CARTESIAN_POINT('',(67.0000009983778,-1.99999992549419,33.));
#18342=CARTESIAN_POINT('',(67.0000009983778,19.6250000372529,33.));
#18343=CARTESIAN_POINT('',(67.0000009983778,-7.,36.));
#18344=CARTESIAN_POINT('',(67.0000009983778,-1.99999992549419,36.));
#18345=CARTESIAN_POINT('Origin',(3.00000004470348,-1.99999992549419,36.));
#18346=CARTESIAN_POINT('',(3.00000004470348,-1.99999992549419,33.));
#18347=CARTESIAN_POINT('',(19.0000000223517,-1.9999999254942,33.));
#18348=CARTESIAN_POINT('',(3.00000004470348,-1.99999992549419,36.));
#18349=CARTESIAN_POINT('Origin',(3.00000004470348,-7.,36.));
#18350=CARTESIAN_POINT('',(3.00000004470348,-7.,33.));
#18351=CARTESIAN_POINT('',(3.00000004470348,17.125,33.));
#18352=CARTESIAN_POINT('',(3.00000004470348,-7.,36.));
#18353=CARTESIAN_POINT('Origin',(67.0000009983778,-7.,36.));
#18354=CARTESIAN_POINT('',(51.0000004991889,-7.,33.));
#18355=CARTESIAN_POINT('Origin',(53.0000007897615,20.0000002980232,36.));
#18356=CARTESIAN_POINT('',(53.0000007897615,16.0000002384186,33.));
#18357=CARTESIAN_POINT('',(53.0000007897615,20.0000002980232,33.));
#18358=CARTESIAN_POINT('',(53.0000007897615,30.6250001490116,33.));
#18359=CARTESIAN_POINT('',(53.0000007897615,16.0000002384186,36.));
#18360=CARTESIAN_POINT('',(53.0000007897615,20.0000002980232,36.));
#18361=CARTESIAN_POINT('Origin',(17.0000002533197,20.0000002980232,36.));
#18362=CARTESIAN_POINT('',(17.0000002533197,20.0000002980232,33.));
#18363=CARTESIAN_POINT('',(26.0000001266599,20.0000002980232,33.));
#18364=CARTESIAN_POINT('',(17.0000002533197,20.0000002980232,36.));
#18365=CARTESIAN_POINT('Origin',(17.0000002533197,16.0000002384186,36.));
#18366=CARTESIAN_POINT('',(17.0000002533197,16.0000002384186,33.));
#18367=CARTESIAN_POINT('',(17.0000002533197,28.6250001192093,33.));
#18368=CARTESIAN_POINT('',(17.0000002533197,16.0000002384186,36.));
#18369=CARTESIAN_POINT('Origin',(53.0000007897615,16.0000002384186,36.));
#18370=CARTESIAN_POINT('',(44.0000003948808,16.0000002384186,33.));
#18371=CARTESIAN_POINT('Origin',(53.0000007897615,44.0000004768372,36.));
#18372=CARTESIAN_POINT('',(17.0000002533197,44.0000004768372,33.));
#18373=CARTESIAN_POINT('',(53.0000007897615,44.0000004768372,33.));
#18374=CARTESIAN_POINT('',(44.0000003948808,44.0000004768372,33.));
#18375=CARTESIAN_POINT('',(17.0000002533197,44.0000004768372,36.));
#18376=CARTESIAN_POINT('',(53.0000007897615,44.0000004768372,36.));
#18377=CARTESIAN_POINT('Origin',(53.0000007897615,48.0000004768372,36.));
#18378=CARTESIAN_POINT('',(53.0000007897615,48.0000004768372,33.));
#18379=CARTESIAN_POINT('',(53.0000007897615,44.6250002384186,33.));
#18380=CARTESIAN_POINT('',(53.0000007897615,48.0000004768372,36.));
#18381=CARTESIAN_POINT('Origin',(17.0000002533197,48.0000004768372,36.));
#18382=CARTESIAN_POINT('',(17.0000002533197,48.0000004768372,33.));
#18383=CARTESIAN_POINT('',(26.0000001266599,48.0000004768372,33.));
#18384=CARTESIAN_POINT('',(17.0000002533197,48.0000004768372,36.));
#18385=CARTESIAN_POINT('Origin',(17.0000002533197,44.0000004768372,36.));
#18386=CARTESIAN_POINT('',(17.0000002533197,42.6250002384186,33.));
#18387=CARTESIAN_POINT('Origin',(63.0000009387732,79.0000011771917,36.));
#18388=CARTESIAN_POINT('',(63.0000009387732,75.0000011175871,33.));
#18389=CARTESIAN_POINT('',(63.0000009387732,79.0000011771917,33.));
#18390=CARTESIAN_POINT('',(63.0000009387732,60.1250005885959,33.));
#18391=CARTESIAN_POINT('',(63.0000009387732,75.0000011175871,36.));
#18392=CARTESIAN_POINT('',(63.0000009387732,79.0000011771917,36.));
#18393=CARTESIAN_POINT('Origin',(7.00000010430813,79.0000011771917,36.));
#18394=CARTESIAN_POINT('',(7.00000010430813,79.0000011771917,33.));
#18395=CARTESIAN_POINT('',(21.0000000521541,79.0000011771917,33.));
#18396=CARTESIAN_POINT('',(7.00000010430813,79.0000011771917,36.));
#18397=CARTESIAN_POINT('Origin',(7.00000010430813,75.0000011175871,36.));
#18398=CARTESIAN_POINT('',(7.00000010430813,75.0000011175871,33.));
#18399=CARTESIAN_POINT('',(7.00000010430813,58.1250005587935,33.));
#18400=CARTESIAN_POINT('',(7.00000010430813,75.0000011175871,36.));
#18401=CARTESIAN_POINT('Origin',(63.0000009387732,75.0000011175871,36.));
#18402=CARTESIAN_POINT('',(49.0000004693866,75.0000011175871,33.));
#18403=CARTESIAN_POINT('Origin',(68.000001013279,57.0000008493662,36.));
#18404=CARTESIAN_POINT('',(68.000001013279,53.0000007897615,33.));
#18405=CARTESIAN_POINT('',(68.000001013279,57.0000008493662,33.));
#18406=CARTESIAN_POINT('',(68.000001013279,49.1250004246831,33.));
#18407=CARTESIAN_POINT('',(68.000001013279,53.0000007897615,36.));
#18408=CARTESIAN_POINT('',(68.000001013279,57.0000008493662,36.));
#18409=CARTESIAN_POINT('Origin',(2.00000002980232,57.0000008493662,36.));
#18410=CARTESIAN_POINT('',(2.00000002980232,57.0000008493662,33.));
#18411=CARTESIAN_POINT('',(18.5000000149012,57.0000008493662,33.));
#18412=CARTESIAN_POINT('',(2.00000002980232,57.0000008493662,36.));
#18413=CARTESIAN_POINT('Origin',(2.00000002980232,53.0000007897615,36.));
#18414=CARTESIAN_POINT('',(2.00000002980232,53.0000007897615,33.));
#18415=CARTESIAN_POINT('',(2.00000002980232,47.1250003948808,33.));
#18416=CARTESIAN_POINT('',(2.00000002980232,53.0000007897615,36.));
#18417=CARTESIAN_POINT('Origin',(68.000001013279,53.0000007897615,36.));
#18418=CARTESIAN_POINT('',(51.5000005066395,53.0000007897615,33.));
#18419=CARTESIAN_POINT('Origin',(53.0000007897615,27.0000003576279,36.));
#18420=CARTESIAN_POINT('',(53.0000007897615,23.0000002980232,33.));
#18421=CARTESIAN_POINT('',(53.0000007897615,27.0000003576279,33.));
#18422=CARTESIAN_POINT('',(53.0000007897615,34.1250001788139,33.));
#18423=CARTESIAN_POINT('',(53.0000007897615,23.0000002980232,36.));
#18424=CARTESIAN_POINT('',(53.0000007897615,27.0000003576279,36.));
#18425=CARTESIAN_POINT('Origin',(17.0000002533197,27.0000003576279,36.));
#18426=CARTESIAN_POINT('',(17.0000002533197,27.0000003576279,33.));
#18427=CARTESIAN_POINT('',(26.0000001266599,27.0000003576279,33.));
#18428=CARTESIAN_POINT('',(17.0000002533197,27.0000003576279,36.));
#18429=CARTESIAN_POINT('Origin',(17.0000002533197,23.0000002980232,36.));
#18430=CARTESIAN_POINT('',(17.0000002533197,23.0000002980232,33.));
#18431=CARTESIAN_POINT('',(17.0000002533197,32.1250001490116,33.));
#18432=CARTESIAN_POINT('',(17.0000002533197,23.0000002980232,36.));
#18433=CARTESIAN_POINT('Origin',(53.0000007897615,23.0000002980232,36.));
#18434=CARTESIAN_POINT('',(44.0000003948808,23.0000002980232,33.));
#18435=CARTESIAN_POINT('Origin',(53.0000007897615,13.0000001937151,36.));
#18436=CARTESIAN_POINT('',(53.0000007897615,9.00000013411045,33.));
#18437=CARTESIAN_POINT('',(53.0000007897615,13.0000001937151,33.));
#18438=CARTESIAN_POINT('',(53.0000007897615,27.1250000968575,33.));
#18439=CARTESIAN_POINT('',(53.0000007897615,9.00000013411045,36.));
#18440=CARTESIAN_POINT('',(53.0000007897615,13.0000001937151,36.));
#18441=CARTESIAN_POINT('Origin',(17.0000002533197,13.0000001937151,36.));
#18442=CARTESIAN_POINT('',(17.0000002533197,13.0000001937151,33.));
#18443=CARTESIAN_POINT('',(26.0000001266599,13.0000001937151,33.));
#18444=CARTESIAN_POINT('',(17.0000002533197,13.0000001937151,36.));
#18445=CARTESIAN_POINT('Origin',(17.0000002533197,9.00000013411045,36.));
#18446=CARTESIAN_POINT('',(17.0000002533197,9.00000013411045,33.));
#18447=CARTESIAN_POINT('',(17.0000002533197,25.1250000670552,33.));
#18448=CARTESIAN_POINT('',(17.0000002533197,9.00000013411045,36.));
#18449=CARTESIAN_POINT('Origin',(53.0000007897615,9.00000013411045,36.));
#18450=CARTESIAN_POINT('',(44.0000003948808,9.00000013411045,33.));
#18451=CARTESIAN_POINT('Origin',(53.0000007897615,41.0000004768372,36.));
#18452=CARTESIAN_POINT('',(53.0000007897615,37.0000004172325,33.));
#18453=CARTESIAN_POINT('',(53.0000007897615,41.0000004768372,33.));
#18454=CARTESIAN_POINT('',(53.0000007897615,41.1250002384186,33.));
#18455=CARTESIAN_POINT('',(53.0000007897615,37.0000004172325,36.));
#18456=CARTESIAN_POINT('',(53.0000007897615,41.0000004768372,36.));
#18457=CARTESIAN_POINT('Origin',(17.0000002533197,41.0000004768372,36.));
#18458=CARTESIAN_POINT('',(17.0000002533197,41.0000004768372,33.));
#18459=CARTESIAN_POINT('',(26.0000001266599,41.0000004768371,33.));
#18460=CARTESIAN_POINT('',(17.0000002533197,41.0000004768372,36.));
#18461=CARTESIAN_POINT('Origin',(17.0000002533197,37.0000004172325,36.));
#18462=CARTESIAN_POINT('',(17.0000002533197,37.0000004172325,33.));
#18463=CARTESIAN_POINT('',(17.0000002533197,39.1250002086163,33.));
#18464=CARTESIAN_POINT('',(17.0000002533197,37.0000004172325,36.));
#18465=CARTESIAN_POINT('Origin',(53.0000007897615,37.0000004172325,36.));
#18466=CARTESIAN_POINT('',(44.0000003948808,37.0000004172325,33.));
#18467=CARTESIAN_POINT('Origin',(68.000001013279,71.0000009983778,36.));
#18468=CARTESIAN_POINT('',(68.000001013279,67.0000009983778,33.));
#18469=CARTESIAN_POINT('',(68.000001013279,71.0000009983778,33.));
#18470=CARTESIAN_POINT('',(68.000001013279,56.1250004991889,33.));
#18471=CARTESIAN_POINT('',(68.000001013279,67.0000009983778,36.));
#18472=CARTESIAN_POINT('',(68.000001013279,71.0000009983778,36.));
#18473=CARTESIAN_POINT('Origin',(1.523652065368,71.0000009983778,36.));
#18474=CARTESIAN_POINT('',(1.523652065368,71.0000009983778,33.));
#18475=CARTESIAN_POINT('',(18.261826032684,71.0000009983778,33.));
#18476=CARTESIAN_POINT('',(1.523652065368,71.0000009983778,36.));
#18477=CARTESIAN_POINT('Origin',(1.523652065368,67.0000009983778,36.));
#18478=CARTESIAN_POINT('',(1.523652065368,67.0000009983778,33.));
#18479=CARTESIAN_POINT('',(1.523652065368,54.1250004991889,33.));
#18480=CARTESIAN_POINT('',(1.523652065368,67.0000009983778,36.));
#18481=CARTESIAN_POINT('Origin',(68.000001013279,67.0000009983778,36.));
#18482=CARTESIAN_POINT('',(51.5000005066395,67.0000009983778,33.));
#18483=CARTESIAN_POINT('Origin',(68.000001013279,64.0000009536743,36.));
#18484=CARTESIAN_POINT('',(68.000001013279,60.0000008940697,33.));
#18485=CARTESIAN_POINT('',(68.000001013279,64.0000009536743,33.));
#18486=CARTESIAN_POINT('',(68.000001013279,52.6250004768372,33.));
#18487=CARTESIAN_POINT('',(68.000001013279,60.0000008940697,36.));
#18488=CARTESIAN_POINT('',(68.000001013279,64.0000009536743,36.));
#18489=CARTESIAN_POINT('Origin',(2.00000002980232,64.0000009536743,36.));
#18490=CARTESIAN_POINT('',(2.00000002980232,64.0000009536743,33.));
#18491=CARTESIAN_POINT('',(18.5000000149012,64.0000009536743,33.));
#18492=CARTESIAN_POINT('',(2.00000002980232,64.0000009536743,36.));
#18493=CARTESIAN_POINT('Origin',(2.00000002980232,60.0000008940697,36.));
#18494=CARTESIAN_POINT('',(2.00000002980232,60.0000008940697,33.));
#18495=CARTESIAN_POINT('',(2.00000002980232,50.6250004470348,33.));
#18496=CARTESIAN_POINT('',(2.00000002980232,60.0000008940697,36.));
#18497=CARTESIAN_POINT('Origin',(68.000001013279,60.0000008940697,36.));
#18498=CARTESIAN_POINT('',(51.5000005066395,60.0000008940697,33.));
#18499=CARTESIAN_POINT('Origin',(53.0000007897615,34.0000004172325,36.));
#18500=CARTESIAN_POINT('',(53.0000007897615,30.0000003576279,33.));
#18501=CARTESIAN_POINT('',(53.0000007897615,34.0000004172325,33.));
#18502=CARTESIAN_POINT('',(53.0000007897615,37.6250002086163,33.));
#18503=CARTESIAN_POINT('',(53.0000007897615,30.0000003576279,36.));
#18504=CARTESIAN_POINT('',(53.0000007897615,34.0000004172325,36.));
#18505=CARTESIAN_POINT('Origin',(17.0000002533197,34.0000004172325,36.));
#18506=CARTESIAN_POINT('',(17.0000002533197,34.0000004172325,33.));
#18507=CARTESIAN_POINT('',(26.0000001266599,34.0000004172325,33.));
#18508=CARTESIAN_POINT('',(17.0000002533197,34.0000004172325,36.));
#18509=CARTESIAN_POINT('Origin',(17.0000002533197,30.0000003576279,36.));
#18510=CARTESIAN_POINT('',(17.0000002533197,30.0000003576279,33.));
#18511=CARTESIAN_POINT('',(17.0000002533197,35.6250001788139,33.));
#18512=CARTESIAN_POINT('',(17.0000002533197,30.0000003576279,36.));
#18513=CARTESIAN_POINT('Origin',(53.0000007897615,30.0000003576279,36.));
#18514=CARTESIAN_POINT('',(44.0000003948808,30.0000003576279,33.));
#18515=CARTESIAN_POINT('Origin',(53.0000007897615,6.00000008940697,36.));
#18516=CARTESIAN_POINT('',(53.0000007897615,2.00000002980232,33.));
#18517=CARTESIAN_POINT('',(53.0000007897615,6.00000008940697,33.));
#18518=CARTESIAN_POINT('',(53.0000007897615,23.6250000447035,33.));
#18519=CARTESIAN_POINT('',(53.0000007897615,2.00000002980232,36.));
#18520=CARTESIAN_POINT('',(53.0000007897615,6.00000008940697,36.));
#18521=CARTESIAN_POINT('Origin',(17.0000002533197,6.00000008940697,36.));
#18522=CARTESIAN_POINT('',(17.0000002533197,6.00000008940697,33.));
#18523=CARTESIAN_POINT('',(26.0000001266599,6.00000008940697,33.));
#18524=CARTESIAN_POINT('',(17.0000002533197,6.00000008940697,36.));
#18525=CARTESIAN_POINT('Origin',(17.0000002533197,2.00000002980232,36.));
#18526=CARTESIAN_POINT('',(17.0000002533197,2.00000002980232,33.));
#18527=CARTESIAN_POINT('',(17.0000002533197,21.6250000149012,33.));
#18528=CARTESIAN_POINT('',(17.0000002533197,2.00000002980232,36.));
#18529=CARTESIAN_POINT('Origin',(53.0000007897615,2.00000002980232,36.));
#18530=CARTESIAN_POINT('',(44.0000003948808,2.00000002980232,33.));
#18531=CARTESIAN_POINT('Origin',(68.,80.,0.));
#18532=CARTESIAN_POINT('',(65.5,80.,33.));
#18533=CARTESIAN_POINT('',(65.5,80.,0.));
#18534=CARTESIAN_POINT('',(68.,80.,33.));
#18535=CARTESIAN_POINT('',(51.5,80.,33.));
#18536=CARTESIAN_POINT('',(68.,80.,0.));
#18537=CARTESIAN_POINT('Origin',(68.,75.,0.));
#18538=CARTESIAN_POINT('',(68.,75.,33.));
#18539=CARTESIAN_POINT('',(68.,58.125,33.));
#18540=CARTESIAN_POINT('',(68.,75.,0.));
#18541=CARTESIAN_POINT('Origin',(65.5,75.,0.));
#18542=CARTESIAN_POINT('',(65.5,75.,33.));
#18543=CARTESIAN_POINT('',(50.25,75.,33.));
#18544=CARTESIAN_POINT('',(65.5,75.,0.));
#18545=CARTESIAN_POINT('Origin',(65.5,80.,0.));
#18546=CARTESIAN_POINT('',(65.5,60.625,33.));
#18547=CARTESIAN_POINT('Origin',(4.5,75.,0.));
#18548=CARTESIAN_POINT('',(4.5,80.,33.));
#18549=CARTESIAN_POINT('',(4.5,80.,0.));
#18550=CARTESIAN_POINT('',(4.5,75.,33.));
#18551=CARTESIAN_POINT('',(4.5,58.125,33.));
#18552=CARTESIAN_POINT('',(4.5,75.,0.));
#18553=CARTESIAN_POINT('Origin',(2.,75.,0.));
#18554=CARTESIAN_POINT('',(2.,75.,33.));
#18555=CARTESIAN_POINT('',(18.5,75.,33.));
#18556=CARTESIAN_POINT('',(2.,75.,0.));
#18557=CARTESIAN_POINT('Origin',(2.,80.,0.));
#18558=CARTESIAN_POINT('',(2.,80.,33.));
#18559=CARTESIAN_POINT('',(2.,60.625,33.));
#18560=CARTESIAN_POINT('',(2.,80.,0.));
#18561=CARTESIAN_POINT('Origin',(4.5,80.,0.));
#18562=CARTESIAN_POINT('',(19.75,80.,33.));
#18563=CARTESIAN_POINT('Origin',(68.,2.,0.));
#18564=CARTESIAN_POINT('',(68.,50.5,33.));
#18565=CARTESIAN_POINT('',(68.,50.5,0.));
#18566=CARTESIAN_POINT('',(68.,2.,33.));
#18567=CARTESIAN_POINT('',(68.,21.625,33.));
#18568=CARTESIAN_POINT('',(68.,2.,0.));
#18569=CARTESIAN_POINT('Origin',(57.,2.,0.));
#18570=CARTESIAN_POINT('',(57.,2.,33.));
#18571=CARTESIAN_POINT('',(46.,2.,33.));
#18572=CARTESIAN_POINT('',(57.,2.,0.));
#18573=CARTESIAN_POINT('Origin',(57.,50.5,0.));
#18574=CARTESIAN_POINT('',(57.,50.5,33.));
#18575=CARTESIAN_POINT('',(57.,45.875,33.));
#18576=CARTESIAN_POINT('',(57.,50.5,0.));
#18577=CARTESIAN_POINT('Origin',(57.03,50.5,0.));
#18578=CARTESIAN_POINT('',(57.03,50.5,33.));
#18579=CARTESIAN_POINT('',(46.015,50.5,33.));
#18580=CARTESIAN_POINT('',(57.03,50.5,0.));
#18581=CARTESIAN_POINT('Origin',(59.13,53.3,0.));
#18582=CARTESIAN_POINT('',(61.23,50.5,33.));
#18583=CARTESIAN_POINT('Origin',(59.13,53.3,33.));
#18584=CARTESIAN_POINT('',(61.23,50.5,0.));
#18585=CARTESIAN_POINT('Origin',(68.,50.5,0.));
#18586=CARTESIAN_POINT('',(51.5,50.5,33.));
#18587=CARTESIAN_POINT('Origin',(13.,2.,0.));
#18588=CARTESIAN_POINT('',(13.,50.5,33.));
#18589=CARTESIAN_POINT('',(13.,50.5,0.));
#18590=CARTESIAN_POINT('',(13.,2.,33.));
#18591=CARTESIAN_POINT('',(13.,21.625,33.));
#18592=CARTESIAN_POINT('',(13.,2.,0.));
#18593=CARTESIAN_POINT('Origin',(2.,2.,0.));
#18594=CARTESIAN_POINT('',(2.,2.,33.));
#18595=CARTESIAN_POINT('',(18.5,2.,33.));
#18596=CARTESIAN_POINT('',(2.,2.,0.));
#18597=CARTESIAN_POINT('Origin',(2.,50.5,0.));
#18598=CARTESIAN_POINT('',(2.,50.5,33.));
#18599=CARTESIAN_POINT('',(2.,45.875,33.));
#18600=CARTESIAN_POINT('',(2.,50.5,0.));
#18601=CARTESIAN_POINT('Origin',(13.,50.5,0.));
#18602=CARTESIAN_POINT('',(24.,50.5,33.));
#18603=CARTESIAN_POINT('Origin',(80.,92.5,33.));
#18604=CARTESIAN_POINT('',(80.,92.5,33.));
#18605=CARTESIAN_POINT('',(-10.,92.5,33.));
#18606=CARTESIAN_POINT('',(80.,92.5,33.));
#18607=CARTESIAN_POINT('',(-10.,92.5,33.));
#18608=CARTESIAN_POINT('',(80.,92.5,33.));
#18609=CARTESIAN_POINT('Origin',(80.,-10.,33.));
#18610=CARTESIAN_POINT('',(80.,-10.,33.));
#18611=CARTESIAN_POINT('',(80.,-10.,33.));
#18612=CARTESIAN_POINT('',(80.,-10.,33.));
#18613=CARTESIAN_POINT('Origin',(-10.,-10.,33.));
#18614=CARTESIAN_POINT('',(-10.,-10.,33.));
#18615=CARTESIAN_POINT('',(-10.,-10.,33.));
#18616=CARTESIAN_POINT('',(-10.,-10.,33.));
#18617=CARTESIAN_POINT('Origin',(-10.,92.5,33.));
#18618=CARTESIAN_POINT('',(-10.,92.5,33.));
#18619=CARTESIAN_POINT('Origin',(35.,41.25,33.));
#18620=CARTESIAN_POINT('Origin',(35.,41.25,32.));
#18621=CARTESIAN_POINT('',(80.,0.,32.));
#18622=CARTESIAN_POINT('',(70.,0.,32.));
#18623=CARTESIAN_POINT('',(70.,0.,32.));
#18624=CARTESIAN_POINT('',(70.,-10.,32.));
#18625=CARTESIAN_POINT('',(70.,-10.,32.));
#18626=CARTESIAN_POINT('',(80.,-10.,32.));
#18627=CARTESIAN_POINT('',(57.5,-10.,32.));
#18628=CARTESIAN_POINT('',(80.,66.875,32.));
#18629=CARTESIAN_POINT('',(76.4000011175871,-5.00000007450581,32.));
#18630=CARTESIAN_POINT('Origin',(75.0000011175871,-5.00000007450581,32.));
#18631=CARTESIAN_POINT('Origin',(35.,41.25,32.));
#18632=CARTESIAN_POINT('',(0.,82.5,32.));
#18633=CARTESIAN_POINT('',(0.,92.5,32.));
#18634=CARTESIAN_POINT('',(0.,92.5,32.));
#18635=CARTESIAN_POINT('',(-10.,92.5,32.));
#18636=CARTESIAN_POINT('',(12.5,92.5,32.));
#18637=CARTESIAN_POINT('',(-9.99999999999999,82.5,32.));
#18638=CARTESIAN_POINT('',(-9.99999999999999,15.625,32.));
#18639=CARTESIAN_POINT('',(0.,82.5,32.));
#18640=CARTESIAN_POINT('',(-3.5999998882413,87.4999980442226,32.));
#18641=CARTESIAN_POINT('Origin',(-4.99999988824129,87.4999980442226,32.));
#18642=CARTESIAN_POINT('Origin',(35.,41.25,32.));
#18643=CARTESIAN_POINT('',(0.,-10.,32.));
#18644=CARTESIAN_POINT('',(0.,0.,32.));
#18645=CARTESIAN_POINT('',(0.,-10.,32.));
#18646=CARTESIAN_POINT('',(-9.99999999999999,0.,32.));
#18647=CARTESIAN_POINT('',(0.,0.,32.));
#18648=CARTESIAN_POINT('',(-10.,-10.,32.));
#18649=CARTESIAN_POINT('',(-9.99999999999999,15.625,32.));
#18650=CARTESIAN_POINT('',(57.5,-10.,32.));
#18651=CARTESIAN_POINT('',(-3.60000007450581,-5.00000007450581,32.));
#18652=CARTESIAN_POINT('Origin',(-5.00000007450581,-5.00000007450581,32.));
#18653=CARTESIAN_POINT('Origin',(35.,41.25,32.));
#18654=CARTESIAN_POINT('',(70.,82.5,32.));
#18655=CARTESIAN_POINT('',(80.,82.5,32.));
#18656=CARTESIAN_POINT('',(70.,82.5,32.));
#18657=CARTESIAN_POINT('',(80.,92.5,32.));
#18658=CARTESIAN_POINT('',(80.,66.875,32.));
#18659=CARTESIAN_POINT('',(70.,92.5,32.));
#18660=CARTESIAN_POINT('',(12.5,92.5,32.));
#18661=CARTESIAN_POINT('',(70.,92.5,32.));
#18662=CARTESIAN_POINT('',(76.4,87.5,32.));
#18663=CARTESIAN_POINT('Origin',(75.,87.5,32.));
#18664=CARTESIAN_POINT('Origin',(-5.0706593213833,22.7628315265484,0.));
#18665=CARTESIAN_POINT('',(-0.0706747123885831,22.7504254870536,-4.));
#18666=CARTESIAN_POINT('',(-5.0706593213833,22.7628315265484,-4.));
#18667=CARTESIAN_POINT('',(14.9416118103289,22.7131767684931,-4.));
#18668=CARTESIAN_POINT('',(-0.0706747123885831,22.7504254870536,0.));
#18669=CARTESIAN_POINT('',(-0.0706747123885831,22.7504254870536,0.));
#18670=CARTESIAN_POINT('',(-5.0706593213833,22.7628315265484,0.));
#18671=CARTESIAN_POINT('',(14.9416118103289,22.7131767684931,0.));
#18672=CARTESIAN_POINT('',(-5.0706593213833,22.7628315265484,0.));
#18673=CARTESIAN_POINT('Origin',(-7.58139557124347,18.4389208563751,0.));
#18674=CARTESIAN_POINT('',(-7.58139557124347,18.4389208563751,-4.));
#18675=CARTESIAN_POINT('',(2.73992590075687,36.213974705841,-4.));
#18676=CARTESIAN_POINT('',(-7.58139557124347,18.4389208563751,0.));
#18677=CARTESIAN_POINT('',(2.73992590075687,36.213974705841,0.));
#18678=CARTESIAN_POINT('',(-7.58139557124347,18.4389208563751,0.));
#18679=CARTESIAN_POINT('Origin',(-5.09214721210892,14.1026041467071,0.));
#18680=CARTESIAN_POINT('',(-5.09214721210892,14.1026041467071,-4.));
#18681=CARTESIAN_POINT('',(-5.9843134692048,15.6567742777228,-4.));
#18682=CARTESIAN_POINT('',(-5.09214721210892,14.1026041467071,0.));
#18683=CARTESIAN_POINT('',(-5.98431346920481,15.6567742777228,0.));
#18684=CARTESIAN_POINT('',(-5.09214721210892,14.1026041467071,0.));
#18685=CARTESIAN_POINT('Origin',(-0.0921626031142075,14.0901981072124,0.));
#18686=CARTESIAN_POINT('',(-0.0921626031142075,14.0901981072124,-4.));
#18687=CARTESIAN_POINT('',(17.4201162241006,14.0467463689045,-4.));
#18688=CARTESIAN_POINT('',(-0.0921626031142075,14.0901981072124,0.));
#18689=CARTESIAN_POINT('',(17.4201162241006,14.0467463689045,0.));
#18690=CARTESIAN_POINT('',(-0.0921626031142075,14.0901981072124,0.));
#18691=CARTESIAN_POINT('Origin',(2.41857364674596,18.4141087773856,0.));
#18692=CARTESIAN_POINT('',(2.41857364674596,18.4141087773856,-4.));
#18693=CARTESIAN_POINT('',(11.4845269938162,34.0272072917649,-4.));
#18694=CARTESIAN_POINT('',(2.41857364674596,18.4141087773856,0.));
#18695=CARTESIAN_POINT('',(11.4845269938162,34.0272072917649,0.));
#18696=CARTESIAN_POINT('',(2.41857364674596,18.4141087773856,0.));
#18697=CARTESIAN_POINT('Origin',(-0.0706747123885831,22.7504254870536,0.));
#18698=CARTESIAN_POINT('',(0.281783210082813,22.1364372632353,-4.));
#18699=CARTESIAN_POINT('',(0.281783210082811,22.1364372632353,0.));
#18700=CARTESIAN_POINT('Origin',(1.4958459405925,51.4966271102238,0.));
#18701=CARTESIAN_POINT('',(6.49583054958722,51.484221070729,-4.));
#18702=CARTESIAN_POINT('',(1.4958459405925,51.4966271102238,-4.));
#18703=CARTESIAN_POINT('',(18.2605318048642,51.4550303111906,-4.));
#18704=CARTESIAN_POINT('',(6.49583054958722,51.484221070729,0.));
#18705=CARTESIAN_POINT('',(6.49583054958722,51.484221070729,0.));
#18706=CARTESIAN_POINT('',(1.4958459405925,51.4966271102238,0.));
#18707=CARTESIAN_POINT('',(18.2605318048642,51.4550303111906,0.));
#18708=CARTESIAN_POINT('',(1.4958459405925,51.4966271102238,0.));
#18709=CARTESIAN_POINT('Origin',(-1.38777878078145E-15,48.9205284762779,
0.));
#18710=CARTESIAN_POINT('',(-1.38777878078145E-15,48.9205284762779,-4.));
#18711=CARTESIAN_POINT('',(2.74720184997703,53.6516727344201,-4.));
#18712=CARTESIAN_POINT('',(-1.38777878078145E-15,48.9205284762779,0.));
#18713=CARTESIAN_POINT('',(2.74720184997703,53.6516727344201,0.));
#18714=CARTESIAN_POINT('',(-1.38777878078145E-15,48.9205284762779,0.));
#18715=CARTESIAN_POINT('Origin',(0.,45.4047587389204,0.));
#18716=CARTESIAN_POINT('',(0.,45.4047587389204,-4.));
#18717=CARTESIAN_POINT('',(0.,43.3273793694602,-4.));
#18718=CARTESIAN_POINT('',(0.,45.4047587389204,0.));
#18719=CARTESIAN_POINT('',(0.,43.3273793694602,0.));
#18720=CARTESIAN_POINT('',(0.,45.4047587389204,0.));
#18721=CARTESIAN_POINT('Origin',(1.47435804986688,42.8363997303825,0.));
#18722=CARTESIAN_POINT('',(1.47435804986688,42.8363997303825,-4.));
#18723=CARTESIAN_POINT('',(5.97157258111912,35.0021687878296,-4.));
#18724=CARTESIAN_POINT('',(1.47435804986688,42.8363997303825,0.));
#18725=CARTESIAN_POINT('',(5.97157258111912,35.0021687878296,0.));
#18726=CARTESIAN_POINT('',(1.47435804986688,42.8363997303825,0.));
#18727=CARTESIAN_POINT('Origin',(6.47434265886159,42.8239936908878,0.));
#18728=CARTESIAN_POINT('',(6.47434265886159,42.8239936908878,-4.));
#18729=CARTESIAN_POINT('',(20.7390362186359,42.788599911602,-4.));
#18730=CARTESIAN_POINT('',(6.47434265886159,42.8239936908878,0.));
#18731=CARTESIAN_POINT('',(20.7390362186359,42.788599911602,0.));
#18732=CARTESIAN_POINT('',(6.47434265886159,42.8239936908878,0.));
#18733=CARTESIAN_POINT('Origin',(8.98507890872176,47.147904361061,0.));
#18734=CARTESIAN_POINT('',(8.98507890872176,47.147904361061,-4.));
#18735=CARTESIAN_POINT('',(10.9843577884025,50.5909993022303,-4.));
#18736=CARTESIAN_POINT('',(8.98507890872176,47.147904361061,0.));
#18737=CARTESIAN_POINT('',(10.9843577884025,50.5909993022303,0.));
#18738=CARTESIAN_POINT('',(8.98507890872176,47.147904361061,0.));
#18739=CARTESIAN_POINT('Origin',(6.49583054958722,51.484221070729,0.));
#18740=CARTESIAN_POINT('',(12.2376692604067,41.4818317733421,-4.));
#18741=CARTESIAN_POINT('',(12.2376692604067,41.4818317733421,0.));
#18742=CARTESIAN_POINT('Origin',(27.3586707049161,3.93230965259709,0.));
#18743=CARTESIAN_POINT('',(32.3586553139108,3.91990361310234,-4.));
#18744=CARTESIAN_POINT('',(27.3586707049161,3.93230965259709,-4.));
#18745=CARTESIAN_POINT('',(31.1330154994259,3.92294468965235,-4.));
#18746=CARTESIAN_POINT('',(32.3586553139108,3.91990361310234,0.));
#18747=CARTESIAN_POINT('',(32.3586553139108,3.91990361310234,0.));
#18748=CARTESIAN_POINT('',(27.3586707049161,3.93230965259709,0.));
#18749=CARTESIAN_POINT('',(31.1330154994259,3.92294468965235,0.));
#18750=CARTESIAN_POINT('',(27.3586707049161,3.93230965259709,0.));
#18751=CARTESIAN_POINT('Origin',(24.8479344550559,-0.391601017576155,0.));
#18752=CARTESIAN_POINT('',(24.8479344550559,-0.391601017576155,-4.));
#18753=CARTESIAN_POINT('',(35.1692559270562,17.3834528318898,-4.));
#18754=CARTESIAN_POINT('',(24.8479344550559,-0.391601017576155,0.));
#18755=CARTESIAN_POINT('',(35.1692559270562,17.3834528318898,0.));
#18756=CARTESIAN_POINT('',(24.8479344550559,-0.391601017576155,0.));
#18757=CARTESIAN_POINT('Origin',(27.3371828141904,-4.72791772724416,0.));
#18758=CARTESIAN_POINT('',(27.3371828141904,-4.72791772724416,-4.));
#18759=CARTESIAN_POINT('',(18.3609453745724,10.9088540141245,-4.));
#18760=CARTESIAN_POINT('',(27.3371828141904,-4.72791772724416,0.));
#18761=CARTESIAN_POINT('',(18.3609453745724,10.9088540141245,0.));
#18762=CARTESIAN_POINT('',(27.3371828141904,-4.72791772724416,0.));
#18763=CARTESIAN_POINT('Origin',(32.3371674231852,-4.74032376673891,0.));
#18764=CARTESIAN_POINT('',(32.3371674231852,-4.74032376673891,-4.));
#18765=CARTESIAN_POINT('',(33.6115199131976,-4.74348570993628,-4.));
#18766=CARTESIAN_POINT('',(32.3371674231852,-4.74032376673891,0.));
#18767=CARTESIAN_POINT('',(33.6115199131976,-4.74348570993628,0.));
#18768=CARTESIAN_POINT('',(32.3371674231852,-4.74032376673891,0.));
#18769=CARTESIAN_POINT('Origin',(34.8479036730453,-0.416413096565664,0.));
#18770=CARTESIAN_POINT('',(34.8479036730453,-0.416413096565664,-4.));
#18771=CARTESIAN_POINT('',(43.9138570201156,15.1966854178136,-4.));
#18772=CARTESIAN_POINT('',(34.8479036730453,-0.416413096565664,0.));
#18773=CARTESIAN_POINT('',(43.9138570201156,15.1966854178136,0.));
#18774=CARTESIAN_POINT('',(34.8479036730453,-0.416413096565664,0.));
#18775=CARTESIAN_POINT('Origin',(32.3586553139108,3.91990361310234,0.));
#18776=CARTESIAN_POINT('',(24.62704205386,17.388516999637,-4.));
#18777=CARTESIAN_POINT('',(24.62704205386,17.388516999637,0.));
#18778=CARTESIAN_POINT('Origin',(64.9400821887055,25.5057954317632,0.));
#18779=CARTESIAN_POINT('',(69.9400667977002,25.4933893922684,-4.));
#18780=CARTESIAN_POINT('',(64.9400821887055,25.5057954317632,-4.));
#18781=CARTESIAN_POINT('',(49.9506009935592,25.5429875653906,-4.));
#18782=CARTESIAN_POINT('',(69.9400667977002,25.4933893922684,0.));
#18783=CARTESIAN_POINT('',(69.9400667977002,25.4933893922684,0.));
#18784=CARTESIAN_POINT('',(64.9400821887055,25.5057954317632,0.));
#18785=CARTESIAN_POINT('',(49.9506009935592,25.5429875653906,0.));
#18786=CARTESIAN_POINT('',(64.9400821887055,25.5057954317632,0.));
#18787=CARTESIAN_POINT('Origin',(62.4293459388453,21.1818847615899,0.));
#18788=CARTESIAN_POINT('',(62.4293459388453,21.1818847615899,-4.));
#18789=CARTESIAN_POINT('',(63.3284347876597,22.7302671801091,-4.));
#18790=CARTESIAN_POINT('',(62.4293459388453,21.1818847615899,0.));
#18791=CARTESIAN_POINT('',(63.3284347876597,22.7302671801091,0.));
#18792=CARTESIAN_POINT('',(62.4293459388453,21.1818847615899,0.));
#18793=CARTESIAN_POINT('Origin',(64.9185942979798,16.8455680519219,0.));
#18794=CARTESIAN_POINT('',(64.9185942979798,16.8455680519219,-4.));
#18795=CARTESIAN_POINT('',(55.9423568583618,32.4823397932905,-4.));
#18796=CARTESIAN_POINT('',(64.9185942979798,16.8455680519219,0.));
#18797=CARTESIAN_POINT('',(55.9423568583618,32.4823397932905,0.));
#18798=CARTESIAN_POINT('',(64.9185942979798,16.8455680519219,0.));
#18799=CARTESIAN_POINT('Origin',(69.9185789069745,16.8331620124272,0.));
#18800=CARTESIAN_POINT('',(69.9185789069745,16.8331620124272,-4.));
#18801=CARTESIAN_POINT('',(52.429105407331,16.876557165802,-4.));
#18802=CARTESIAN_POINT('',(69.9185789069745,16.8331620124272,0.));
#18803=CARTESIAN_POINT('',(52.429105407331,16.876557165802,0.));
#18804=CARTESIAN_POINT('',(69.9185789069745,16.8331620124272,0.));
#18805=CARTESIAN_POINT('Origin',(72.4293151568347,21.1570726826004,0.));
#18806=CARTESIAN_POINT('',(72.4293151568347,21.1570726826004,-4.));
#18807=CARTESIAN_POINT('',(72.073035880719,20.5434997660329,-4.));
#18808=CARTESIAN_POINT('',(72.4293151568347,21.1570726826004,0.));
#18809=CARTESIAN_POINT('',(72.073035880719,20.5434997660329,0.));
#18810=CARTESIAN_POINT('',(72.4293151568347,21.1570726826004,0.));
#18811=CARTESIAN_POINT('Origin',(69.9400667977002,25.4933893922684,0.));
#18812=CARTESIAN_POINT('',(62.2084535376494,38.962002778803,-4.));
#18813=CARTESIAN_POINT('',(62.2084535376494,38.962002778803,0.));
#18814=CARTESIAN_POINT('Origin',(47.5638002512965,3.04884047273818,0.));
#18815=CARTESIAN_POINT('',(52.5637848602913,3.03643443324343,-4.));
#18816=CARTESIAN_POINT('',(47.5638002512965,3.04884047273818,-4.));
#18817=CARTESIAN_POINT('',(41.2345464359916,3.06454471564,-4.));
#18818=CARTESIAN_POINT('',(52.5637848602913,3.03643443324343,0.));
#18819=CARTESIAN_POINT('',(52.5637848602913,3.03643443324343,0.));
#18820=CARTESIAN_POINT('',(47.5638002512965,3.04884047273818,0.));
#18821=CARTESIAN_POINT('',(41.2345464359916,3.06454471564,0.));
#18822=CARTESIAN_POINT('',(47.5638002512965,3.04884047273818,0.));
#18823=CARTESIAN_POINT('Origin',(47.3820459226531,2.73582890849471,0.));
#18824=CARTESIAN_POINT('',(47.3820459226531,2.73582890849471,-4.));
#18825=CARTESIAN_POINT('',(54.1833182782486,14.4487653472591,-4.));
#18826=CARTESIAN_POINT('',(47.3820459226531,2.73582890849471,0.));
#18827=CARTESIAN_POINT('',(54.1833182782486,14.4487653472591,0.));
#18828=CARTESIAN_POINT('',(47.3820459226531,2.73582890849471,0.));
#18829=CARTESIAN_POINT('Origin',(45.0530640014364,-1.27507019743507,0.));
#18830=CARTESIAN_POINT('',(45.4161777191121,-0.64972722147265,-4.));
#18831=CARTESIAN_POINT('',(45.0530640014364,-1.27507019743507,-4.));
#18832=CARTESIAN_POINT('',(53.0188273176402,12.4433157942942,-4.));
#18833=CARTESIAN_POINT('',(45.4161777191121,-0.64972722147265,0.));
#18834=CARTESIAN_POINT('',(45.4161777191121,-0.64972722147265,0.));
#18835=CARTESIAN_POINT('',(45.0530640014364,-1.27507019743507,0.));
#18836=CARTESIAN_POINT('',(53.0188273176402,12.4433157942942,0.));
#18837=CARTESIAN_POINT('',(45.0530640014364,-1.27507019743507,0.));
#18838=CARTESIAN_POINT('Origin',(47.5423123605709,-5.61138690710307,0.));
#18839=CARTESIAN_POINT('',(47.5423123605709,-5.61138690710307,-4.));
#18840=CARTESIAN_POINT('',(35.8713845267788,14.7195853710499,-4.));
#18841=CARTESIAN_POINT('',(47.5423123605709,-5.61138690710307,0.));
#18842=CARTESIAN_POINT('',(35.8713845267788,14.7195853710499,0.));
#18843=CARTESIAN_POINT('',(47.5423123605709,-5.61138690710307,0.));
#18844=CARTESIAN_POINT('Origin',(52.5422969695656,-5.62379294659783,0.));
#18845=CARTESIAN_POINT('',(52.5422969695656,-5.62379294659783,-4.));
#18846=CARTESIAN_POINT('',(43.7130508497633,-5.60188568394864,-4.));
#18847=CARTESIAN_POINT('',(52.5422969695656,-5.62379294659783,0.));
#18848=CARTESIAN_POINT('',(43.7130508497633,-5.60188568394864,0.));
#18849=CARTESIAN_POINT('',(52.5422969695656,-5.62379294659783,0.));
#18850=CARTESIAN_POINT('Origin',(55.0530332194258,-1.29988227642458,0.));
#18851=CARTESIAN_POINT('',(55.0530332194258,-1.29988227642458,-4.));
#18852=CARTESIAN_POINT('',(61.7634284106996,10.256548380218,-4.));
#18853=CARTESIAN_POINT('',(55.0530332194258,-1.29988227642458,0.));
#18854=CARTESIAN_POINT('',(61.7634284106996,10.256548380218,0.));
#18855=CARTESIAN_POINT('',(55.0530332194258,-1.29988227642458,0.));
#18856=CARTESIAN_POINT('Origin',(52.5637848602913,3.03643443324343,0.));
#18857=CARTESIAN_POINT('',(42.1374812060664,21.1992483565624,-4.));
#18858=CARTESIAN_POINT('',(42.1374812060664,21.1992483565624,0.));
#18859=CARTESIAN_POINT('Origin',(0.0814221361067258,63.1668391796657,0.));
#18860=CARTESIAN_POINT('',(5.08140674510145,63.154433140171,-4.));
#18861=CARTESIAN_POINT('',(0.0814221361067258,63.1668391796657,-4.));
#18862=CARTESIAN_POINT('',(17.5677936153652,63.1234517230721,-4.));
#18863=CARTESIAN_POINT('',(5.08140674510145,63.154433140171,0.));
#18864=CARTESIAN_POINT('',(5.08140674510145,63.154433140171,0.));
#18865=CARTESIAN_POINT('',(0.0814221361067258,63.1668391796657,0.));
#18866=CARTESIAN_POINT('',(17.5677936153652,63.1234517230721,0.));
#18867=CARTESIAN_POINT('',(0.0814221361067258,63.1668391796657,0.));
#18868=CARTESIAN_POINT('Origin',(-2.42931411375344,58.8429285094925,0.));
#18869=CARTESIAN_POINT('',(-2.42931411375344,58.8429285094925,-4.));
#18870=CARTESIAN_POINT('',(-1.53022526493908,60.3913109280116,-4.));
#18871=CARTESIAN_POINT('',(-2.42931411375344,58.8429285094925,0.));
#18872=CARTESIAN_POINT('',(-1.53022526493908,60.3913109280116,0.));
#18873=CARTESIAN_POINT('',(-2.42931411375344,58.8429285094925,0.));
#18874=CARTESIAN_POINT('Origin',(0.0599342453811058,54.5066117998245,0.));
#18875=CARTESIAN_POINT('',(0.0599342453811058,54.5066117998245,-4.));
#18876=CARTESIAN_POINT('',(7.25183917080741,41.9781803204873,-4.));
#18877=CARTESIAN_POINT('',(0.0599342453811058,54.5066117998245,0.));
#18878=CARTESIAN_POINT('',(7.25183917080741,41.9781803204873,0.));
#18879=CARTESIAN_POINT('',(0.0599342453811058,54.5066117998245,0.));
#18880=CARTESIAN_POINT('Origin',(5.05991885437582,54.4942057603297,0.));
#18881=CARTESIAN_POINT('',(5.05991885437582,54.4942057603297,-4.));
#18882=CARTESIAN_POINT('',(20.0462980291369,54.4570213234835,-4.));
#18883=CARTESIAN_POINT('',(5.05991885437582,54.4942057603297,0.));
#18884=CARTESIAN_POINT('',(20.0462980291369,54.4570213234835,0.));
#18885=CARTESIAN_POINT('',(5.05991885437582,54.4942057603297,0.));
#18886=CARTESIAN_POINT('Origin',(7.57065510423599,58.818116430503,0.));
#18887=CARTESIAN_POINT('',(7.57065510423599,58.818116430503,-4.));
#18888=CARTESIAN_POINT('',(7.21437582812028,58.2045435139355,-4.));
#18889=CARTESIAN_POINT('',(7.57065510423599,58.818116430503,0.));
#18890=CARTESIAN_POINT('',(7.21437582812027,58.2045435139355,0.));
#18891=CARTESIAN_POINT('',(7.57065510423599,58.818116430503,0.));
#18892=CARTESIAN_POINT('Origin',(5.08140674510145,63.154433140171,0.));
#18893=CARTESIAN_POINT('',(13.517935850095,48.4578433059998,-4.));
#18894=CARTESIAN_POINT('',(13.517935850095,48.4578433059998,0.));
#18895=CARTESIAN_POINT('Origin',(-3.33066907387547E-15,28.3550057036525,
0.));
#18896=CARTESIAN_POINT('',(-1.50658640759998,25.7604101766543,-4.));
#18897=CARTESIAN_POINT('',(-2.4980018054066E-15,28.3550057036525,-4.));
#18898=CARTESIAN_POINT('',(7.21247011240387,40.7760939318826,-4.));
#18899=CARTESIAN_POINT('',(-1.50658640759998,25.7604101766543,0.));
#18900=CARTESIAN_POINT('',(-1.50658640759998,25.7604101766543,0.));
#18901=CARTESIAN_POINT('',(-2.4980018054066E-15,28.3550057036525,0.));
#18902=CARTESIAN_POINT('',(7.21247011240387,40.7760939318826,0.));
#18903=CARTESIAN_POINT('',(-2.4980018054066E-15,28.3550057036525,0.));
#18904=CARTESIAN_POINT('Origin',(0.,31.8335684556589,0.));
#18905=CARTESIAN_POINT('',(-3.60822483003176E-15,31.8335684556589,-4.));
#18906=CARTESIAN_POINT('',(0.,36.5417842278294,-4.));
#18907=CARTESIAN_POINT('',(-3.60822483003176E-15,31.8335684556589,0.));
#18908=CARTESIAN_POINT('',(0.,36.5417842278294,0.));
#18909=CARTESIAN_POINT('',(-3.60822483003176E-15,31.8335684556589,0.));
#18910=CARTESIAN_POINT('Origin',(-1.48509851687435,34.4206375564956,0.));
#18911=CARTESIAN_POINT('',(-1.48509851687435,34.4206375564956,-4.));
#18912=CARTESIAN_POINT('',(1.5620497997711,29.112448795893,-4.));
#18913=CARTESIAN_POINT('',(-1.48509851687435,34.4206375564956,0.));
#18914=CARTESIAN_POINT('',(1.5620497997711,29.112448795893,0.));
#18915=CARTESIAN_POINT('',(-1.48509851687435,34.4206375564956,0.));
#18916=CARTESIAN_POINT('Origin',(-6.48508312586908,34.4330435959903,0.));
#18917=CARTESIAN_POINT('',(-6.48508312586908,34.4330435959903,-4.));
#18918=CARTESIAN_POINT('',(14.2488736208299,34.3815981803746,-4.));
#18919=CARTESIAN_POINT('',(-6.48508312586908,34.4330435959903,0.));
#18920=CARTESIAN_POINT('',(14.2488736208299,34.3815981803746,0.));
#18921=CARTESIAN_POINT('',(-6.48508312586908,34.4330435959903,0.));
#18922=CARTESIAN_POINT('Origin',(-8.99581937572924,30.1091329258171,0.));
#18923=CARTESIAN_POINT('',(-8.99581937572924,30.1091329258171,-4.));
#18924=CARTESIAN_POINT('',(-1.0300560595254,43.8275189175463,-4.));
#18925=CARTESIAN_POINT('',(-8.99581937572924,30.1091329258171,0.));
#18926=CARTESIAN_POINT('',(-1.03005605952539,43.8275189175463,0.));
#18927=CARTESIAN_POINT('',(-8.99581937572924,30.1091329258171,0.));
#18928=CARTESIAN_POINT('Origin',(-6.5065710165947,25.7728162161491,0.));
#18929=CARTESIAN_POINT('',(-6.5065710165947,25.7728162161491,-4.));
#18930=CARTESIAN_POINT('',(-4.70404687951652,22.6327858103805,-4.));
#18931=CARTESIAN_POINT('',(-6.5065710165947,25.7728162161491,0.));
#18932=CARTESIAN_POINT('',(-4.70404687951652,22.6327858103805,0.));
#18933=CARTESIAN_POINT('',(-6.5065710165947,25.7728162161491,0.));
#18934=CARTESIAN_POINT('Origin',(-1.50658640759998,25.7604101766543,0.));
#18935=CARTESIAN_POINT('',(16.7273780346016,25.7151677807859,-4.));
#18936=CARTESIAN_POINT('',(16.7273780346016,25.7151677807859,0.));
#18937=CARTESIAN_POINT('Origin',(-3.65623551689754,11.0926194571064,0.));
#18938=CARTESIAN_POINT('',(1.34374909209718,11.0802134176117,-4.));
#18939=CARTESIAN_POINT('',(-3.65623551689754,11.0926194571064,-4.));
#18940=CARTESIAN_POINT('',(15.6343499998279,11.0447553566116,-4.));
#18941=CARTESIAN_POINT('',(1.34374909209718,11.0802134176117,0.));
#18942=CARTESIAN_POINT('',(1.34374909209718,11.0802134176117,0.));
#18943=CARTESIAN_POINT('',(-3.65623551689754,11.0926194571064,0.));
#18944=CARTESIAN_POINT('',(15.6343499998279,11.0447553566116,0.));
#18945=CARTESIAN_POINT('',(-3.65623551689754,11.0926194571064,0.));
#18946=CARTESIAN_POINT('Origin',(-6.16697176675771,6.76870878693317,0.));
#18947=CARTESIAN_POINT('',(-6.16697176675771,6.76870878693317,-4.));
#18948=CARTESIAN_POINT('',(6.50990786103914,28.6004304941358,-4.));
#18949=CARTESIAN_POINT('',(-6.16697176675771,6.76870878693317,0.));
#18950=CARTESIAN_POINT('',(6.50990786103913,28.6004304941358,0.));
#18951=CARTESIAN_POINT('',(-6.16697176675771,6.76870878693317,0.));
#18952=CARTESIAN_POINT('Origin',(-3.67772340762316,2.43239207726517,0.));
#18953=CARTESIAN_POINT('',(-3.67772340762316,2.43239207726517,-4.));
#18954=CARTESIAN_POINT('',(-7.2645800588931,8.68076274506519,-4.));
#18955=CARTESIAN_POINT('',(-3.67772340762316,2.43239207726517,0.));
#18956=CARTESIAN_POINT('',(-7.2645800588931,8.68076274506519,0.));
#18957=CARTESIAN_POINT('',(-3.67772340762316,2.43239207726517,0.));
#18958=CARTESIAN_POINT('Origin',(1.32226120137156,2.41998603777041,0.));
#18959=CARTESIAN_POINT('',(1.32226120137156,2.41998603777041,-4.));
#18960=CARTESIAN_POINT('',(18.1128544135996,2.37832495702298,-4.));
#18961=CARTESIAN_POINT('',(1.32226120137156,2.41998603777041,0.));
#18962=CARTESIAN_POINT('',(18.1128544135996,2.37832495702298,0.));
#18963=CARTESIAN_POINT('',(1.32226120137156,2.41998603777041,0.));
#18964=CARTESIAN_POINT('Origin',(3.83299745123173,6.74389670794366,0.));
#18965=CARTESIAN_POINT('',(3.83299745123173,6.74389670794366,-4.));
#18966=CARTESIAN_POINT('',(15.2545089540985,26.4136630800596,-4.));
#18967=CARTESIAN_POINT('',(3.83299745123173,6.74389670794366,0.));
#18968=CARTESIAN_POINT('',(15.2545089540985,26.4136630800596,0.));
#18969=CARTESIAN_POINT('',(3.83299745123173,6.74389670794366,0.));
#18970=CARTESIAN_POINT('Origin',(1.34374909209718,11.0802134176117,0.));
#18971=CARTESIAN_POINT('',(-0.998483379605482,15.1604257305777,-4.));
#18972=CARTESIAN_POINT('',(-0.998483379605484,15.1604257305777,0.));
#18973=CARTESIAN_POINT('Origin',(4.32469354956404,28.1562029713399,0.));
#18974=CARTESIAN_POINT('',(9.32467815855876,28.1437969318451,-4.));
#18975=CARTESIAN_POINT('',(4.32469354956404,28.1562029713399,-4.));
#18976=CARTESIAN_POINT('',(19.6460081838622,28.1181874874277,-4.));
#18977=CARTESIAN_POINT('',(9.32467815855876,28.1437969318451,0.));
#18978=CARTESIAN_POINT('',(9.32467815855876,28.1437969318451,0.));
#18979=CARTESIAN_POINT('',(4.32469354956404,28.1562029713399,0.));
#18980=CARTESIAN_POINT('',(19.6460081838622,28.1181874874277,0.));
#18981=CARTESIAN_POINT('',(4.32469354956404,28.1562029713399,0.));
#18982=CARTESIAN_POINT('Origin',(1.81395729970388,23.8322923011666,0.));
#18983=CARTESIAN_POINT('',(1.81395729970388,23.8322923011666,-4.));
#18984=CARTESIAN_POINT('',(9.77972061590773,37.5506782928959,-4.));
#18985=CARTESIAN_POINT('',(1.81395729970388,23.8322923011666,0.));
#18986=CARTESIAN_POINT('',(9.77972061590773,37.5506782928959,0.));
#18987=CARTESIAN_POINT('',(1.81395729970388,23.8322923011666,0.));
#18988=CARTESIAN_POINT('Origin',(4.30320565883842,19.4959755914986,0.));
#18989=CARTESIAN_POINT('',(4.30320565883842,19.4959755914986,-4.));
#18990=CARTESIAN_POINT('',(3.41103940174255,21.0501457225144,-4.));
#18991=CARTESIAN_POINT('',(4.30320565883842,19.4959755914986,0.));
#18992=CARTESIAN_POINT('',(3.41103940174254,21.0501457225144,0.));
#18993=CARTESIAN_POINT('',(4.30320565883842,19.4959755914986,0.));
#18994=CARTESIAN_POINT('Origin',(9.30319026783314,19.4835695520039,0.));
#18995=CARTESIAN_POINT('',(9.30319026783314,19.4835695520039,-4.));
#18996=CARTESIAN_POINT('',(22.1245125976339,19.451757087839,-4.));
#18997=CARTESIAN_POINT('',(9.30319026783314,19.4835695520039,0.));
#18998=CARTESIAN_POINT('',(22.1245125976339,19.451757087839,0.));
#18999=CARTESIAN_POINT('',(9.30319026783314,19.4835695520039,0.));
#19000=CARTESIAN_POINT('Origin',(11.8139265176933,23.8074802221771,0.));
#19001=CARTESIAN_POINT('',(11.8139265176933,23.8074802221771,-4.));
#19002=CARTESIAN_POINT('',(18.5243217089671,35.3639108788197,-4.));
#19003=CARTESIAN_POINT('',(11.8139265176933,23.8074802221771,0.));
#19004=CARTESIAN_POINT('',(18.5243217089671,35.3639108788197,0.));
#19005=CARTESIAN_POINT('',(11.8139265176933,23.8074802221771,0.));
#19006=CARTESIAN_POINT('Origin',(9.32467815855876,28.1437969318451,0.));
#19007=CARTESIAN_POINT('',(9.67713608103016,27.5298087080268,-4.));
#19008=CARTESIAN_POINT('',(9.67713608103016,27.5298087080268,0.));
#19009=CARTESIAN_POINT('Origin',(10.8697109208142,48.2297711751741,0.));
#19010=CARTESIAN_POINT('',(8.88485035335052,51.6874350171406,-4.));
#19011=CARTESIAN_POINT('',(10.8697109208142,48.2297711751741,-4.));
#19012=CARTESIAN_POINT('',(15.3669254520665,40.3955402326212,-4.));
#19013=CARTESIAN_POINT('',(8.88485035335052,51.6874350171406,0.));
#19014=CARTESIAN_POINT('',(8.88485035335052,51.6874350171406,0.));
#19015=CARTESIAN_POINT('',(10.8697109208142,48.2297711751741,0.));
#19016=CARTESIAN_POINT('',(15.3669254520665,40.3955402326212,0.));
#19017=CARTESIAN_POINT('',(10.8697109208142,48.2297711751741,0.));
#19018=CARTESIAN_POINT('Origin',(15.8696955298089,48.2173651356793,0.));
#19019=CARTESIAN_POINT('',(15.8696955298089,48.2173651356793,-4.));
#19020=CARTESIAN_POINT('',(25.4434325921693,48.1936106305365,-4.));
#19021=CARTESIAN_POINT('',(15.8696955298089,48.2173651356793,0.));
#19022=CARTESIAN_POINT('',(25.4434325921693,48.1936106305365,0.));
#19023=CARTESIAN_POINT('',(15.8696955298089,48.2173651356793,0.));
#19024=CARTESIAN_POINT('Origin',(18.3804317796691,52.5412758058525,0.));
#19025=CARTESIAN_POINT('',(18.3804317796691,52.5412758058525,-4.));
#19026=CARTESIAN_POINT('',(18.0241525035534,51.9277028892851,-4.));
#19027=CARTESIAN_POINT('',(18.3804317796691,52.5412758058525,0.));
#19028=CARTESIAN_POINT('',(18.0241525035534,51.9277028892851,0.));
#19029=CARTESIAN_POINT('',(18.3804317796691,52.5412758058525,0.));
#19030=CARTESIAN_POINT('Origin',(15.8911834205346,56.8775925155206,0.));
#19031=CARTESIAN_POINT('',(15.8911834205346,56.8775925155206,-4.));
#19032=CARTESIAN_POINT('',(21.6330221313541,46.8752032181337,-4.));
#19033=CARTESIAN_POINT('',(15.8911834205346,56.8775925155206,0.));
#19034=CARTESIAN_POINT('',(21.6330221313541,46.8752032181337,0.));
#19035=CARTESIAN_POINT('',(15.8911834205346,56.8775925155206,0.));
#19036=CARTESIAN_POINT('Origin',(13.4963200964911,56.8835346876083,0.));
#19037=CARTESIAN_POINT('',(13.4963200964911,56.8835346876083,-4.));
#19038=CARTESIAN_POINT('',(24.2674888208732,56.8568090964217,-4.));
#19039=CARTESIAN_POINT('',(13.4963200964911,56.8835346876083,0.));
#19040=CARTESIAN_POINT('',(24.2674888208732,56.8568090964217,0.));
#19041=CARTESIAN_POINT('',(13.4963200964911,56.8835346876083,0.));
#19042=CARTESIAN_POINT('Origin',(-5.258161722725,82.1833526483764,0.));
#19043=CARTESIAN_POINT('',(-5.07429622577388,82.5,-4.));
#19044=CARTESIAN_POINT('',(-5.258161722725,82.1833526483764,-4.));
#19045=CARTESIAN_POINT('',(-9.07018918550362,75.6183993514222,-4.));
#19046=CARTESIAN_POINT('',(-5.07429622577388,82.5,0.));
#19047=CARTESIAN_POINT('',(-5.07429622577388,82.5,0.));
#19048=CARTESIAN_POINT('',(-5.258161722725,82.1833526483764,0.));
#19049=CARTESIAN_POINT('',(-9.07018918550362,75.6183993514222,0.));
#19050=CARTESIAN_POINT('',(-5.258161722725,82.1833526483764,0.));
#19051=CARTESIAN_POINT('Origin',(-2.76891336359045,77.8470359387084,0.));
#19052=CARTESIAN_POINT('',(-2.76891336359045,77.8470359387084,-4.));
#19053=CARTESIAN_POINT('',(9.81237235018397,55.9302033858026,-4.));
#19054=CARTESIAN_POINT('',(-2.76891336359045,77.8470359387084,0.));
#19055=CARTESIAN_POINT('',(9.81237235018397,55.9302033858026,0.));
#19056=CARTESIAN_POINT('',(-2.76891336359045,77.8470359387084,0.));
#19057=CARTESIAN_POINT('Origin',(2.23107124540427,77.8346298992136,0.));
#19058=CARTESIAN_POINT('',(2.23107124540427,77.8346298992136,-4.));
#19059=CARTESIAN_POINT('',(18.6608216501389,77.7938641472464,-4.));
#19060=CARTESIAN_POINT('',(2.23107124540427,77.8346298992136,0.));
#19061=CARTESIAN_POINT('',(18.6608216501389,77.7938641472464,0.));
#19062=CARTESIAN_POINT('',(2.23107124540427,77.8346298992136,0.));
#19063=CARTESIAN_POINT('Origin',(4.74180749526444,82.1585405693869,0.));
#19064=CARTESIAN_POINT('',(4.74180749526444,82.1585405693869,-4.));
#19065=CARTESIAN_POINT('',(-0.325588092444276,73.431631937346,-4.));
#19066=CARTESIAN_POINT('',(4.74180749526444,82.1585405693869,0.));
#19067=CARTESIAN_POINT('',(-0.325588092444278,73.431631937346,0.));
#19068=CARTESIAN_POINT('',(4.74180749526444,82.1585405693869,0.));
#19069=CARTESIAN_POINT('Origin',(2.25255913612989,86.4948572790549,0.));
#19070=CARTESIAN_POINT('',(2.25255913612989,86.4948572790549,-4.));
#19071=CARTESIAN_POINT('',(16.0784690294716,62.4098663713151,-4.));
#19072=CARTESIAN_POINT('',(2.25255913612989,86.4948572790549,0.));
#19073=CARTESIAN_POINT('',(16.0784690294716,62.4098663713151,0.));
#19074=CARTESIAN_POINT('',(2.25255913612989,86.4948572790549,0.));
#19075=CARTESIAN_POINT('Origin',(2.77555756156289E-16,86.5004463637806,
0.));
#19076=CARTESIAN_POINT('',(2.77555756156289E-16,86.5004463637806,-4.));
#19077=CARTESIAN_POINT('',(17.5560299727995,86.4568860694506,-4.));
#19078=CARTESIAN_POINT('',(2.77555756156289E-16,86.5004463637806,0.));
#19079=CARTESIAN_POINT('',(17.5560299727995,86.4568860694506,0.));
#19080=CARTESIAN_POINT('',(2.77555756156289E-16,86.5004463637806,0.));
#19081=CARTESIAN_POINT('Origin',(66.3545059931912,13.8355833623212,0.));
#19082=CARTESIAN_POINT('',(71.354490602186,13.8231773228265,-4.));
#19083=CARTESIAN_POINT('',(66.3545059931912,13.8355833623212,-4.));
#19084=CARTESIAN_POINT('',(50.6433391830582,13.8745661535091,-4.));
#19085=CARTESIAN_POINT('',(71.354490602186,13.8231773228265,0.));
#19086=CARTESIAN_POINT('',(71.354490602186,13.8231773228265,0.));
#19087=CARTESIAN_POINT('',(66.3545059931912,13.8355833623212,0.));
#19088=CARTESIAN_POINT('',(50.6433391830582,13.8745661535091,0.));
#19089=CARTESIAN_POINT('',(66.3545059931912,13.8355833623212,0.));
#19090=CARTESIAN_POINT('Origin',(63.8437697433311,9.51167269214798,0.));
#19091=CARTESIAN_POINT('',(63.8437697433311,9.51167269214798,-4.));
#19092=CARTESIAN_POINT('',(67.0984167479419,15.1167229684039,-4.));
#19093=CARTESIAN_POINT('',(63.8437697433311,9.51167269214798,0.));
#19094=CARTESIAN_POINT('',(67.0984167479419,15.1167229684039,0.));
#19095=CARTESIAN_POINT('',(63.8437697433311,9.51167269214798,0.));
#19096=CARTESIAN_POINT('Origin',(66.3330181024656,5.17535598247997,0.));
#19097=CARTESIAN_POINT('',(66.3330181024656,5.17535598247997,-4.));
#19098=CARTESIAN_POINT('',(54.6620902686735,25.5063282606329,-4.));
#19099=CARTESIAN_POINT('',(66.3330181024656,5.17535598247997,0.));
#19100=CARTESIAN_POINT('',(54.6620902686735,25.5063282606329,0.));
#19101=CARTESIAN_POINT('',(66.3330181024656,5.17535598247997,0.));
#19102=CARTESIAN_POINT('Origin',(71.3330027114603,5.16294994298522,0.));
#19103=CARTESIAN_POINT('',(71.3330027114603,5.16294994298522,-4.));
#19104=CARTESIAN_POINT('',(53.12184359683,5.2081357539205,-4.));
#19105=CARTESIAN_POINT('',(71.3330027114603,5.16294994298522,0.));
#19106=CARTESIAN_POINT('',(53.12184359683,5.2081357539205,0.));
#19107=CARTESIAN_POINT('',(71.3330027114603,5.16294994298522,0.));
#19108=CARTESIAN_POINT('Origin',(73.8437389613205,9.48686061315847,0.));
#19109=CARTESIAN_POINT('',(73.8437389613205,9.48686061315847,-4.));
#19110=CARTESIAN_POINT('',(75.8430178410013,12.9299555543277,-4.));
#19111=CARTESIAN_POINT('',(73.8437389613205,9.48686061315847,0.));
#19112=CARTESIAN_POINT('',(75.8430178410013,12.9299555543277,0.));
#19113=CARTESIAN_POINT('',(73.8437389613205,9.48686061315847,0.));
#19114=CARTESIAN_POINT('Origin',(71.354490602186,13.8231773228265,0.));
#19115=CARTESIAN_POINT('',(60.9281869479611,31.9859912461454,-4.));
#19116=CARTESIAN_POINT('',(60.9281869479611,31.9859912461454,0.));
#19117=CARTESIAN_POINT('Origin',(68.,2.,0.));
#19118=CARTESIAN_POINT('',(68.,2.16479795790322,-4.));
#19119=CARTESIAN_POINT('',(68.,2.,-4.));
#19120=CARTESIAN_POINT('',(68.,21.625,-4.));
#19121=CARTESIAN_POINT('',(68.,2.16479795790322,0.));
#19122=CARTESIAN_POINT('',(68.,2.16479795790322,0.));
#19123=CARTESIAN_POINT('',(68.,2.,0.));
#19124=CARTESIAN_POINT('',(68.,21.625,0.));
#19125=CARTESIAN_POINT('',(68.,2.,0.));
#19126=CARTESIAN_POINT('Origin',(67.6729047565996,2.,0.));
#19127=CARTESIAN_POINT('',(67.6729047565996,2.,-4.));
#19128=CARTESIAN_POINT('',(51.3364523782998,2.,-4.));
#19129=CARTESIAN_POINT('',(67.6729047565996,2.,0.));
#19130=CARTESIAN_POINT('',(51.3364523782998,2.,0.));
#19131=CARTESIAN_POINT('',(67.6729047565996,2.,0.));
#19132=CARTESIAN_POINT('Origin',(65.2581935478169,-2.15853937729397,0.));
#19133=CARTESIAN_POINT('',(65.2581935478169,-2.15853937729397,-4.));
#19134=CARTESIAN_POINT('',(70.8683987082242,7.50317875669859,-4.));
#19135=CARTESIAN_POINT('',(65.2581935478169,-2.15853937729397,0.));
#19136=CARTESIAN_POINT('',(70.8683987082242,7.50317875669859,0.));
#19137=CARTESIAN_POINT('',(65.2581935478169,-2.15853937729397,0.));
#19138=CARTESIAN_POINT('Origin',(67.7474419069514,-6.49485608696198,0.));
#19139=CARTESIAN_POINT('',(67.7474419069514,-6.49485608696198,-4.));
#19140=CARTESIAN_POINT('',(53.3818236789852,18.5303167279753,-4.));
#19141=CARTESIAN_POINT('',(67.7474419069514,-6.49485608696198,0.));
#19142=CARTESIAN_POINT('',(53.3818236789852,18.5303167279753,0.));
#19143=CARTESIAN_POINT('',(67.7474419069514,-6.49485608696198,0.));
#19144=CARTESIAN_POINT('Origin',(70.,-6.50044516909961,0.));
#19145=CARTESIAN_POINT('',(70.,-6.50044516909961,-4.));
#19146=CARTESIAN_POINT('',(52.4408685283559,-6.45687717928243,-4.));
#19147=CARTESIAN_POINT('',(70.,-6.50044516909961,0.));
#19148=CARTESIAN_POINT('',(52.4408685283559,-6.45687717928243,0.));
#19149=CARTESIAN_POINT('',(70.,-6.50044516909961,0.));
#19150=CARTESIAN_POINT('Origin',(72.7689144066717,2.15296525338452,0.));
#19151=CARTESIAN_POINT('',(74.0048170362727,1.94289029309402E-15,-4.));
#19152=CARTESIAN_POINT('',(72.7689144066717,2.15296525338452,-4.));
#19153=CARTESIAN_POINT('',(59.6479203582728,25.0099797134878,-4.));
#19154=CARTESIAN_POINT('',(74.0048170362727,1.94289029309402E-15,0.));
#19155=CARTESIAN_POINT('',(74.0048170362727,1.94289029309402E-15,0.));
#19156=CARTESIAN_POINT('',(72.7689144066717,2.15296525338452,0.));
#19157=CARTESIAN_POINT('',(59.6479203582728,25.0099797134878,0.));
#19158=CARTESIAN_POINT('',(72.7689144066717,2.15296525338452,0.));
#19159=CARTESIAN_POINT('Origin',(68.,2.16479795790322,0.));
#19160=CARTESIAN_POINT('',(51.4516124737187,2.20585807413962,-4.));
#19161=CARTESIAN_POINT('',(51.4516124737187,2.20585807413962,0.));
#19162=CARTESIAN_POINT('Origin',(-1.33300166837905,74.8370512491077,0.));
#19163=CARTESIAN_POINT('',(3.66698294061567,74.8246452096129,-4.));
#19164=CARTESIAN_POINT('',(-1.33300166837905,74.8370512491077,-4.));
#19165=CARTESIAN_POINT('',(16.8750554258662,74.7918731349536,-4.));
#19166=CARTESIAN_POINT('',(3.66698294061567,74.8246452096129,0.));
#19167=CARTESIAN_POINT('',(3.66698294061567,74.8246452096129,0.));
#19168=CARTESIAN_POINT('',(-1.33300166837905,74.8370512491077,0.));
#19169=CARTESIAN_POINT('',(16.8750554258662,74.7918731349536,0.));
#19170=CARTESIAN_POINT('',(-1.33300166837905,74.8370512491077,0.));
#19171=CARTESIAN_POINT('Origin',(-3.84373791823922,70.5131405789344,0.));
#19172=CARTESIAN_POINT('',(-3.84373791823922,70.5131405789344,-4.));
#19173=CARTESIAN_POINT('',(-5.30020722522135,68.0048551397169,-4.));
#19174=CARTESIAN_POINT('',(-3.84373791823922,70.5131405789344,0.));
#19175=CARTESIAN_POINT('',(-5.30020722522135,68.0048551397169,0.));
#19176=CARTESIAN_POINT('',(-3.84373791823922,70.5131405789344,0.));
#19177=CARTESIAN_POINT('Origin',(-1.35448955910467,66.1768238692664,0.));
#19178=CARTESIAN_POINT('',(-1.35448955910467,66.1768238692664,-4.));
#19179=CARTESIAN_POINT('',(8.53210576049569,48.9541918531449,-4.));
#19180=CARTESIAN_POINT('',(-1.35448955910467,66.1768238692664,0.));
#19181=CARTESIAN_POINT('',(8.53210576049569,48.9541918531449,0.));
#19182=CARTESIAN_POINT('',(-1.35448955910467,66.1768238692664,0.));
#19183=CARTESIAN_POINT('Origin',(3.64549504989005,66.1644178297717,0.));
#19184=CARTESIAN_POINT('',(3.64549504989005,66.1644178297717,-4.));
#19185=CARTESIAN_POINT('',(19.3535598396379,66.1254427353649,-4.));
#19186=CARTESIAN_POINT('',(3.64549504989005,66.1644178297717,0.));
#19187=CARTESIAN_POINT('',(19.3535598396379,66.1254427353649,0.));
#19188=CARTESIAN_POINT('',(3.64549504989005,66.1644178297717,0.));
#19189=CARTESIAN_POINT('Origin',(6.15623129975022,70.4883284999449,0.));
#19190=CARTESIAN_POINT('',(6.15623129975022,70.4883284999449,-4.));
#19191=CARTESIAN_POINT('',(3.444393867838,65.8180877256408,-4.));
#19192=CARTESIAN_POINT('',(6.15623129975022,70.4883284999449,0.));
#19193=CARTESIAN_POINT('',(3.444393867838,65.8180877256408,0.));
#19194=CARTESIAN_POINT('',(6.15623129975022,70.4883284999449,0.));
#19195=CARTESIAN_POINT('Origin',(3.66698294061567,74.8246452096129,0.));
#19196=CARTESIAN_POINT('',(14.7982024397833,55.4338548386574,-4.));
#19197=CARTESIAN_POINT('',(14.7982024397833,55.4338548386574,0.));
#19198=CARTESIAN_POINT('Origin',(2.91026974507827,39.8264150407818,0.));
#19199=CARTESIAN_POINT('',(7.91025435407299,39.8140090012871,-4.));
#19200=CARTESIAN_POINT('',(2.91026974507827,39.8264150407818,-4.));
#19201=CARTESIAN_POINT('',(18.9532699943632,39.7866088993091,-4.));
#19202=CARTESIAN_POINT('',(7.91025435407299,39.8140090012871,0.));
#19203=CARTESIAN_POINT('',(7.91025435407299,39.8140090012871,0.));
#19204=CARTESIAN_POINT('',(2.91026974507827,39.8264150407818,0.));
#19205=CARTESIAN_POINT('',(18.9532699943632,39.7866088993091,0.));
#19206=CARTESIAN_POINT('',(2.91026974507827,39.8264150407818,0.));
#19207=CARTESIAN_POINT('Origin',(0.399533495218107,35.5025043706086,0.));
#19208=CARTESIAN_POINT('',(0.399533495218107,35.5025043706086,-4.));
#19209=CARTESIAN_POINT('',(6.00973865562546,45.1642225046011,-4.));
#19210=CARTESIAN_POINT('',(0.399533495218107,35.5025043706086,0.));
#19211=CARTESIAN_POINT('',(6.00973865562546,45.1642225046011,0.));
#19212=CARTESIAN_POINT('',(0.399533495218107,35.5025043706086,0.));
#19213=CARTESIAN_POINT('Origin',(2.88878185435265,31.1661876609406,0.));
#19214=CARTESIAN_POINT('',(2.88878185435265,31.1661876609406,-4.));
#19215=CARTESIAN_POINT('',(4.69130599143083,28.026157255172,-4.));
#19216=CARTESIAN_POINT('',(2.88878185435265,31.1661876609406,0.));
#19217=CARTESIAN_POINT('',(4.69130599143083,28.026157255172,0.));
#19218=CARTESIAN_POINT('',(2.88878185435265,31.1661876609406,0.));
#19219=CARTESIAN_POINT('Origin',(7.88876646334737,31.1537816214458,0.));
#19220=CARTESIAN_POINT('',(7.88876646334737,31.1537816214458,-4.));
#19221=CARTESIAN_POINT('',(21.4317744081349,31.1201784997205,-4.));
#19222=CARTESIAN_POINT('',(7.88876646334737,31.1537816214458,0.));
#19223=CARTESIAN_POINT('',(21.4317744081349,31.1201784997205,0.));
#19224=CARTESIAN_POINT('',(7.88876646334737,31.1537816214458,0.));
#19225=CARTESIAN_POINT('Origin',(10.3995027132075,35.4776922916191,0.));
#19226=CARTESIAN_POINT('',(10.3995027132075,35.4776922916191,-4.));
#19227=CARTESIAN_POINT('',(14.7543397486848,42.977455090525,-4.));
#19228=CARTESIAN_POINT('',(10.3995027132075,35.4776922916191,0.));
#19229=CARTESIAN_POINT('',(14.7543397486848,42.977455090525,0.));
#19230=CARTESIAN_POINT('',(10.3995027132075,35.4776922916191,0.));
#19231=CARTESIAN_POINT('Origin',(7.91025435407299,39.8140090012871,0.));
#19232=CARTESIAN_POINT('',(10.9574026707185,34.5058202406845,-4.));
#19233=CARTESIAN_POINT('',(10.9574026707184,34.5058202406845,0.));
#19234=CARTESIAN_POINT('Origin',(5.73911735404982,16.4859909018979,0.));
#19235=CARTESIAN_POINT('',(10.7391019630445,16.4735848624032,-4.));
#19236=CARTESIAN_POINT('',(5.73911735404982,16.4859909018979,-4.));
#19237=CARTESIAN_POINT('',(20.3387463733612,16.4497660755462,-4.));
#19238=CARTESIAN_POINT('',(10.7391019630445,16.4735848624032,0.));
#19239=CARTESIAN_POINT('',(10.7391019630445,16.4735848624032,0.));
#19240=CARTESIAN_POINT('',(5.73911735404982,16.4859909018979,0.));
#19241=CARTESIAN_POINT('',(20.3387463733612,16.4497660755462,0.));
#19242=CARTESIAN_POINT('',(5.73911735404982,16.4859909018979,0.));
#19243=CARTESIAN_POINT('Origin',(3.22838110418965,12.1620802317247,0.));
#19244=CARTESIAN_POINT('',(3.22838110418965,12.1620802317247,-4.));
#19245=CARTESIAN_POINT('',(13.54970257619,29.9371340811906,-4.));
#19246=CARTESIAN_POINT('',(3.22838110418965,12.1620802317247,0.));
#19247=CARTESIAN_POINT('',(13.54970257619,29.9371340811906,0.));
#19248=CARTESIAN_POINT('',(3.22838110418965,12.1620802317247,0.));
#19249=CARTESIAN_POINT('Origin',(5.7176294633242,7.82576352205669,0.));
#19250=CARTESIAN_POINT('',(5.7176294633242,7.82576352205669,-4.));
#19251=CARTESIAN_POINT('',(2.13077281205425,14.0741341898567,-4.));
#19252=CARTESIAN_POINT('',(5.7176294633242,7.82576352205669,0.));
#19253=CARTESIAN_POINT('',(2.13077281205426,14.0741341898567,0.));
#19254=CARTESIAN_POINT('',(5.7176294633242,7.82576352205669,0.));
#19255=CARTESIAN_POINT('Origin',(10.7176140723189,7.81335748256193,0.));
#19256=CARTESIAN_POINT('',(10.7176140723189,7.81335748256193,-4.));
#19257=CARTESIAN_POINT('',(22.817250787133,7.78333567595754,-4.));
#19258=CARTESIAN_POINT('',(10.7176140723189,7.81335748256193,0.));
#19259=CARTESIAN_POINT('',(22.8172507871329,7.78333567595754,0.));
#19260=CARTESIAN_POINT('',(10.7176140723189,7.81335748256193,0.));
#19261=CARTESIAN_POINT('Origin',(13.2283503221791,12.1372681527352,0.));
#19262=CARTESIAN_POINT('',(13.2283503221791,12.1372681527352,-4.));
#19263=CARTESIAN_POINT('',(22.2943036692494,27.7503666671145,-4.));
#19264=CARTESIAN_POINT('',(13.2283503221791,12.1372681527352,0.));
#19265=CARTESIAN_POINT('',(22.2943036692494,27.7503666671145,0.));
#19266=CARTESIAN_POINT('',(13.2283503221791,12.1372681527352,0.));
#19267=CARTESIAN_POINT('Origin',(10.7391019630445,16.4735848624032,0.));
#19268=CARTESIAN_POINT('',(8.39686949134187,20.5537971753692,-4.));
#19269=CARTESIAN_POINT('',(8.39686949134187,20.5537971753692,0.));
#19270=CARTESIAN_POINT('Origin',(7.15354115853558,4.81577883245599,0.));
#19271=CARTESIAN_POINT('',(12.1535257675303,4.80337279296124,-4.));
#19272=CARTESIAN_POINT('',(7.15354115853558,4.81577883245599,-4.));
#19273=CARTESIAN_POINT('',(21.0314845628602,4.78134466366469,-4.));
#19274=CARTESIAN_POINT('',(12.1535257675303,4.80337279296124,0.));
#19275=CARTESIAN_POINT('',(12.1535257675303,4.80337279296124,0.));
#19276=CARTESIAN_POINT('',(7.15354115853558,4.81577883245599,0.));
#19277=CARTESIAN_POINT('',(21.0314845628602,4.78134466366469,0.));
#19278=CARTESIAN_POINT('',(7.15354115853558,4.81577883245599,0.));
#19279=CARTESIAN_POINT('Origin',(4.64280490867542,0.491868162282745,0.));
#19280=CARTESIAN_POINT('',(4.64280490867542,0.491868162282745,-4.));
#19281=CARTESIAN_POINT('',(17.3196845364723,22.3235898694854,-4.));
#19282=CARTESIAN_POINT('',(4.64280490867542,0.491868162282745,0.));
#19283=CARTESIAN_POINT('',(17.3196845364723,22.3235898694854,0.));
#19284=CARTESIAN_POINT('',(4.64280490867542,0.491868162282745,0.));
#19285=CARTESIAN_POINT('Origin',(7.13205326780996,-3.84444854738526,0.));
#19286=CARTESIAN_POINT('',(7.13205326780996,-3.84444854738526,-4.));
#19287=CARTESIAN_POINT('',(0.850506222365968,7.09812265719907,-4.));
#19288=CARTESIAN_POINT('',(7.13205326780996,-3.84444854738526,0.));
#19289=CARTESIAN_POINT('',(0.850506222365968,7.09812265719907,0.));
#19290=CARTESIAN_POINT('',(7.13205326780996,-3.84444854738526,0.));
#19291=CARTESIAN_POINT('Origin',(12.1320378768047,-3.85685458688001,0.));
#19292=CARTESIAN_POINT('',(12.1320378768047,-3.85685458688001,-4.));
#19293=CARTESIAN_POINT('',(23.509988976632,-3.88508573592394,-4.));
#19294=CARTESIAN_POINT('',(12.1320378768047,-3.85685458688001,0.));
#19295=CARTESIAN_POINT('',(23.509988976632,-3.88508573592394,0.));
#19296=CARTESIAN_POINT('',(12.1320378768047,-3.85685458688001,0.));
#19297=CARTESIAN_POINT('Origin',(14.6427741266649,0.467056083293236,0.));
#19298=CARTESIAN_POINT('',(14.6427741266649,0.467056083293236,-4.));
#19299=CARTESIAN_POINT('',(26.0642856295316,20.1368224554092,-4.));
#19300=CARTESIAN_POINT('',(14.6427741266649,0.467056083293236,0.));
#19301=CARTESIAN_POINT('',(26.0642856295316,20.1368224554092,0.));
#19302=CARTESIAN_POINT('',(14.6427741266649,0.467056083293236,0.));
#19303=CARTESIAN_POINT('Origin',(12.1535257675303,4.80337279296124,0.));
#19304=CARTESIAN_POINT('',(7.11660290165358,13.5777856427116,-4.));
#19305=CARTESIAN_POINT('',(7.11660290165358,13.5777856427116,0.));
#19306=CARTESIAN_POINT('Origin',(35.,41.25,0.));
#19307=CARTESIAN_POINT('',(-9.99999999999999,82.5,0.));
#19308=CARTESIAN_POINT('',(12.5,82.5,0.));
#19309=CARTESIAN_POINT('',(-9.99999999999999,0.,0.));
#19310=CARTESIAN_POINT('',(-9.99999999999999,92.5,0.));
#19311=CARTESIAN_POINT('',(0.,0.,0.));
#19312=CARTESIAN_POINT('',(17.5,0.,0.));
#19313=CARTESIAN_POINT('',(0.,-10.,0.));
#19314=CARTESIAN_POINT('',(0.,15.625,0.));
#19315=CARTESIAN_POINT('',(70.,-10.,0.));
#19316=CARTESIAN_POINT('',(-9.99999999999999,-10.,0.));
#19317=CARTESIAN_POINT('',(70.,20.625,0.));
#19318=CARTESIAN_POINT('',(80.,0.,0.));
#19319=CARTESIAN_POINT('',(57.5,0.,0.));
#19320=CARTESIAN_POINT('',(80.,82.5,0.));
#19321=CARTESIAN_POINT('',(80.,0.,0.));
#19322=CARTESIAN_POINT('',(73.358083485939,82.5,0.));
#19323=CARTESIAN_POINT('',(52.5,82.5,0.));
#19324=CARTESIAN_POINT('',(72.241812755493,80.5775938044284,0.));
#19325=CARTESIAN_POINT('',(59.5656880347514,58.7471721743133,0.));
#19326=CARTESIAN_POINT('',(67.2418281464983,80.5899998439232,0.));
#19327=CARTESIAN_POINT('',(53.6698108333693,80.623674944144,0.));
#19328=CARTESIAN_POINT('',(64.7525797873638,84.9263165535912,0.));
#19329=CARTESIAN_POINT('',(71.7390426777506,72.7557689013703,0.));
#19330=CARTESIAN_POINT('',(67.2633160372239,89.2502272237644,0.));
#19331=CARTESIAN_POINT('',(51.5183197013992,62.1346918256902,0.));
#19332=CARTESIAN_POINT('',(70.,89.2434369209971,0.));
#19333=CARTESIAN_POINT('',(51.1913064195976,89.2901053437326,0.));
#19334=CARTESIAN_POINT('',(70.,92.5,0.));
#19335=CARTESIAN_POINT('',(70.,66.875,0.));
#19336=CARTESIAN_POINT('',(0.,92.5,0.));
#19337=CARTESIAN_POINT('',(80.,92.5,0.));
#19338=CARTESIAN_POINT('',(0.,61.875,0.));
#19339=CARTESIAN_POINT('',(7.37,54.57,0.));
#19340=CARTESIAN_POINT('Origin',(10.87,54.57,0.));
#19341=CARTESIAN_POINT('Origin',(10.87,54.57,0.));
#19342=CARTESIAN_POINT('',(65.6753074935172,51.843798220753,0.));
#19343=CARTESIAN_POINT('',(62.3164837665132,51.8521321863693,0.));
#19344=CARTESIAN_POINT('',(50.3508908388339,51.8818214014464,0.));
#19345=CARTESIAN_POINT('',(57.03,50.5,0.));
#19346=CARTESIAN_POINT('Origin',(59.13,53.3,0.));
#19347=CARTESIAN_POINT('',(57.,50.5,0.));
#19348=CARTESIAN_POINT('',(46.015,50.5,0.));
#19349=CARTESIAN_POINT('',(57.,47.690466182989,0.));
#19350=CARTESIAN_POINT('',(57.,45.875,0.));
#19351=CARTESIAN_POINT('',(56.2799546225699,46.4504267759615,0.));
#19352=CARTESIAN_POINT('',(52.8279498485063,40.505493182521,0.));
#19353=CARTESIAN_POINT('',(51.2799700135752,46.4628328154562,0.));
#19354=CARTESIAN_POINT('',(45.6464944653006,46.4768106825118,0.));
#19355=CARTESIAN_POINT('',(48.7907216544406,50.7991495251242,0.));
#19356=CARTESIAN_POINT('',(50.3878037564793,48.017002946472,0.));
#19357=CARTESIAN_POINT('',(51.3014579043008,55.1230601952975,0.));
#19358=CARTESIAN_POINT('',(44.978694191662,44.23419622817,0.));
#19359=CARTESIAN_POINT('',(56.134998194609,55.1110671400322,0.));
#19360=CARTESIAN_POINT('',(43.1679900515289,55.1432410821005,0.));
#19361=CARTESIAN_POINT('',(58.5062849726537,56.7439772886392,0.));
#19362=CARTESIAN_POINT('Origin',(59.13,53.3,0.));
#19363=CARTESIAN_POINT('',(60.6968107752481,60.516431640089,0.));
#19364=CARTESIAN_POINT('',(52.1785941304457,45.8466279745866,0.));
#19365=CARTESIAN_POINT('',(65.6967953842428,60.5040256005943,0.));
#19366=CARTESIAN_POINT('',(47.8723864250622,60.548251801035,0.));
#19367=CARTESIAN_POINT('',(68.1860437433774,56.1677088909263,0.));
#19368=CARTESIAN_POINT('',(66.0492533067142,59.890037376776,0.));
#19369=CARTESIAN_POINT('',(60.7630899998722,43.3841324011487,0.));
#19370=CARTESIAN_POINT('',(75.0706603644646,57.2371696655445,0.));
#19371=CARTESIAN_POINT('',(70.0706757554699,57.2495757050393,0.));
#19372=CARTESIAN_POINT('',(55.0552872123673,57.286832120381,0.));
#19373=CARTESIAN_POINT('',(67.5814273963353,61.5858924147073,0.));
#19374=CARTESIAN_POINT('',(69.178509498374,58.803745836055,0.));
#19375=CARTESIAN_POINT('',(70.0921636461955,65.9098030848805,0.));
#19376=CARTESIAN_POINT('',(59.0582836219637,46.9076034022797,0.));
#19377=CARTESIAN_POINT('',(75.0921482551902,65.8973970453858,0.));
#19378=CARTESIAN_POINT('',(52.5767827985955,65.9532625199696,0.));
#19379=CARTESIAN_POINT('',(77.5813966143247,61.5610803357178,0.));
#19380=CARTESIAN_POINT('',(75.4446061776616,65.2834088215675,0.));
#19381=CARTESIAN_POINT('',(67.8028847150231,44.7208359882036,0.));
#19382=CARTESIAN_POINT('',(51.1278731650798,6.04641912284412,0.));
#19383=CARTESIAN_POINT('',(46.1278885560851,6.05882516233888,0.));
#19384=CARTESIAN_POINT('',(43.0203126602643,6.06653572793285,0.));
#19385=CARTESIAN_POINT('',(43.6386401969506,10.3951418720069,0.));
#19386=CARTESIAN_POINT('',(37.1516511164671,21.6955969037075,0.));
#19387=CARTESIAN_POINT('',(46.1493764468108,14.7190525421801,0.));
#19388=CARTESIAN_POINT('',(49.248845357358,20.0568600059994,0.));
#19389=CARTESIAN_POINT('',(51.1493610558055,14.7066465026854,0.));
#19390=CARTESIAN_POINT('',(40.5418082464926,14.7329661275215,0.));
#19391=CARTESIAN_POINT('',(53.63860941494,10.3703297930174,0.));
#19392=CARTESIAN_POINT('',(43.4177477957547,28.17525988922,0.));
#19393=CARTESIAN_POINT('',(57.9934464504173,17.8700925919233,0.));
#19394=CARTESIAN_POINT('',(29.5083198142136,18.600100372145,0.));
#19395=CARTESIAN_POINT('',(24.5083352052189,18.6125064116397,0.));
#19396=CARTESIAN_POINT('',(32.2260435341996,18.5933571138267,0.));
#19397=CARTESIAN_POINT('',(22.0190868460844,22.9488231213077,0.));
#19398=CARTESIAN_POINT('',(20.921478553949,24.8608770794398,0.));
#19399=CARTESIAN_POINT('',(24.5298230959445,27.272733791481,0.));
#19400=CARTESIAN_POINT('',(27.6292920064917,32.6105412553003,0.));
#19401=CARTESIAN_POINT('',(29.5298077049392,27.2603277519862,0.));
#19402=CARTESIAN_POINT('',(29.7475391204279,27.2597875134153,0.));
#19403=CARTESIAN_POINT('',(32.0190560640738,22.9240110423182,0.));
#19404=CARTESIAN_POINT('',(27.1875752332366,31.3405400649523,0.));
#19405=CARTESIAN_POINT('',(36.3738930995511,30.4237738412241,0.));
#19406=CARTESIAN_POINT('',(30.9227436186994,6.92988830270303,0.));
#19407=CARTESIAN_POINT('',(25.9227590097047,6.94229434219778,0.));
#19408=CARTESIAN_POINT('',(32.9187817236986,6.92493570194519,0.));
#19409=CARTESIAN_POINT('',(23.4335106505701,11.2786110518658,0.));
#19410=CARTESIAN_POINT('',(19.6412119642607,17.8848655467821,0.));
#19411=CARTESIAN_POINT('',(25.9442469004303,15.602521722039,0.));
#19412=CARTESIAN_POINT('',(31.399273966774,24.996997043595,0.));
#19413=CARTESIAN_POINT('',(30.944231509425,15.5901156825443,0.));
#19414=CARTESIAN_POINT('',(30.4402773099269,15.5913661015338,0.));
#19415=CARTESIAN_POINT('',(33.4334798685596,11.2537989728763,0.));
#19416=CARTESIAN_POINT('',(25.9073086435483,24.3645285322946,0.));
#19417=CARTESIAN_POINT('',(40.1438750598333,22.8102296295189,0.));
#19418=CARTESIAN_POINT('',(17.2841193342947,36.5471530662373,0.));
#19419=CARTESIAN_POINT('',(12.2841347253,36.5595591057321,0.));
#19420=CARTESIAN_POINT('',(26.1361707816683,36.5251892186551,0.));
#19421=CARTESIAN_POINT('',(9.79488636616546,40.8958758154001,0.));
#19422=CARTESIAN_POINT('',(14.0866588623782,33.4195286999635,0.));
#19423=CARTESIAN_POINT('',(12.3056226160256,45.2197864855734,0.));
#19424=CARTESIAN_POINT('',(13.0495333707763,46.500926091656,0.));
#19425=CARTESIAN_POINT('',(17.3056072250203,45.2073804460786,0.));
#19426=CARTESIAN_POINT('',(23.6576663678965,45.1916196182437,0.));
#19427=CARTESIAN_POINT('',(19.7948555841549,40.8710637364106,0.));
#19428=CARTESIAN_POINT('',(20.3527555416658,39.899191685476,0.));
#19429=CARTESIAN_POINT('',(21.7941344638357,44.3141586775798,0.));
#19430=CARTESIAN_POINT('',(67.089731298003,40.1735861513111,0.));
#19431=CARTESIAN_POINT('',(62.0897466890083,40.1859921908058,0.));
#19432=CARTESIAN_POINT('',(51.0436290283329,40.2133999895649,0.));
#19433=CARTESIAN_POINT('',(59.6004983298737,44.5223089004738,0.));
#19434=CARTESIAN_POINT('',(58.5028900377384,46.4343628586058,0.));
#19435=CARTESIAN_POINT('',(62.1112345797339,48.8462195706471,0.));
#19436=CARTESIAN_POINT('',(55.7884708670951,37.9573556035196,0.));
#19437=CARTESIAN_POINT('',(67.1112191887286,48.8338135311523,0.));
#19438=CARTESIAN_POINT('',(48.5651246145612,48.8798303891536,0.));
#19439=CARTESIAN_POINT('',(69.6004675478632,44.4974968214843,0.));
#19440=CARTESIAN_POINT('',(64.768986717026,52.9140258441183,0.));
#19441=CARTESIAN_POINT('',(64.5330719601545,35.7705881894435,0.));
#19442=CARTESIAN_POINT('',(30.0000159125459,40.0124066355412,0.));
#19443=CARTESIAN_POINT('',(32.5107521624061,44.3363173057145,0.));
#19444=CARTESIAN_POINT('',(30.8991047613603,41.5607890540604,0.));
#19445=CARTESIAN_POINT('',(37.5107367714008,44.3239112662197,0.));
#19446=CARTESIAN_POINT('',(33.7591973044622,44.3332196442314,0.));
#19447=CARTESIAN_POINT('',(39.9999851305354,39.9875945565517,0.));
#19448=CARTESIAN_POINT('',(37.8631946938722,43.7099230424014,0.));
#19449=CARTESIAN_POINT('',(37.4892488806752,35.6636838863784,0.));
#19450=CARTESIAN_POINT('',(39.6437058544196,39.3740216399842,0.));
#19451=CARTESIAN_POINT('',(32.4892642716805,35.6760899258732,0.));
#19452=CARTESIAN_POINT('',(36.2377017182339,35.6667892446427,0.));
#19453=CARTESIAN_POINT('',(31.5970980145846,37.2302600568889,0.));
#19454=CARTESIAN_POINT('',(45.4701779471368,52.7272674006119,0.));
#19455=CARTESIAN_POINT('',(40.470193338142,52.7396734401067,0.));
#19456=CARTESIAN_POINT('',(40.2493599022683,52.7402213754588,0.));
#19457=CARTESIAN_POINT('',(37.9809449790075,57.0759901497747,0.));
#19458=CARTESIAN_POINT('',(42.2727174752202,49.5996430343381,0.));
#19459=CARTESIAN_POINT('',(40.4916812288677,61.3999008199479,0.));
#19460=CARTESIAN_POINT('',(34.1689175162289,50.5110368528205,0.));
#19461=CARTESIAN_POINT('',(45.4916658378624,61.3874947804532,0.));
#19462=CARTESIAN_POINT('',(37.7708554884966,61.4066517750474,0.));
#19463=CARTESIAN_POINT('',(47.9809141969969,57.0511780707852,0.));
#19464=CARTESIAN_POINT('',(48.5388141545078,56.0793060198506,0.));
#19465=CARTESIAN_POINT('',(42.9135186092882,48.3242694387443,0.));
#19466=CARTESIAN_POINT('',(44.055754142651,64.3974794700539,0.));
#19467=CARTESIAN_POINT('',(39.0557695336563,64.4098855095486,0.));
#19468=CARTESIAN_POINT('',(39.5566217127693,64.4086427873402,0.));
#19469=CARTESIAN_POINT('',(36.5665211745217,68.7462022192166,0.));
#19470=CARTESIAN_POINT('',(43.5529840649085,56.5756545669957,0.));
#19471=CARTESIAN_POINT('',(39.0772574243819,73.0701128893899,0.));
#19472=CARTESIAN_POINT('',(30.3989355559466,58.1245810645257,0.));
#19473=CARTESIAN_POINT('',(44.0772420333766,73.0577068498951,0.));
#19474=CARTESIAN_POINT('',(37.0781172989975,73.0750731869289,0.));
#19475=CARTESIAN_POINT('',(46.5664903925112,68.7213901402271,0.));
#19476=CARTESIAN_POINT('',(49.8190807441961,63.0553175525082,0.));
#19477=CARTESIAN_POINT('',(39.143536649006,55.9378136504496,0.));
#19478=CARTESIAN_POINT('',(52.0366832091126,81.4610629842873,0.));
#19479=CARTESIAN_POINT('',(47.0366986001179,81.4734690237821,0.));
#19480=CARTESIAN_POINT('',(43.5682798968036,81.4820749181563,0.));
#19481=CARTESIAN_POINT('',(44.5474502409833,85.8097857334501,0.));
#19482=CARTESIAN_POINT('',(54.2286035255442,68.9450375444449,0.));
#19483=CARTESIAN_POINT('',(47.0581864908435,90.1336964036233,0.));
#19484=CARTESIAN_POINT('',(33.6687483108152,67.0748288632858,0.));
#19485=CARTESIAN_POINT('',(52.0581710998382,90.1212903641286,0.));
#19486=CARTESIAN_POINT('',(41.0897754830319,90.1485053177449,0.));
#19487=CARTESIAN_POINT('',(54.5474194589727,85.7849736544606,0.));
#19488=CARTESIAN_POINT('',(60.4947002048318,75.4247005299574,0.));
#19489=CARTESIAN_POINT('',(42.4133494038745,64.8880614492097,0.));
#19490=CARTESIAN_POINT('',(14.4552717253232,59.8875772051212,0.));
#19491=CARTESIAN_POINT('',(9.45528711632845,59.899983244616,0.));
#19492=CARTESIAN_POINT('',(24.7506944026703,59.862032042418,0.));
#19493=CARTESIAN_POINT('',(6.96603875719391,64.236299954284,0.));
#19494=CARTESIAN_POINT('',(16.6471920417548,47.3715517652788,0.));
#19495=CARTESIAN_POINT('',(9.47677500705407,68.5602106244573,0.));
#19496=CARTESIAN_POINT('',(5.50956945021178,61.7280145150665,0.));
#19497=CARTESIAN_POINT('',(14.4767596160488,68.5478045849625,0.));
#19498=CARTESIAN_POINT('',(22.2721899888985,68.5284624420067,0.));
#19499=CARTESIAN_POINT('',(16.9660079751833,64.2114878752945,0.));
#19500=CARTESIAN_POINT('',(22.9132887210424,53.8512147507913,0.));
#19501=CARTESIAN_POINT('',(14.2541705432711,59.5412471009904,0.));
#19502=CARTESIAN_POINT('',(31.8530415534577,91.0047595439875,0.));
#19503=CARTESIAN_POINT('',(34.3422899125923,86.6684428343195,0.));
#19504=CARTESIAN_POINT('',(42.9842610526254,71.613969173032,0.));
#19505=CARTESIAN_POINT('',(31.9218281297459,82.5,0.));
#19506=CARTESIAN_POINT('',(24.5637780132906,69.8281984868053,0.));
#19507=CARTESIAN_POINT('',(26.7494448996027,82.5,0.));
#19508=CARTESIAN_POINT('',(33.460914064873,82.5,0.));
#19509=CARTESIAN_POINT('',(24.3423206946028,86.693254913309,0.));
#19510=CARTESIAN_POINT('',(36.6771022962704,65.205837085699,0.));
#19511=CARTESIAN_POINT('',(26.853056944463,91.0171655834822,0.));
#19512=CARTESIAN_POINT('',(15.8191769202312,72.0149659008814,0.));
#19513=CARTESIAN_POINT('',(30.9882445464661,91.0069052917573,0.));
#19514=CARTESIAN_POINT('',(23.8506245962705,65.2809486499128,0.));
#19515=CARTESIAN_POINT('',(18.8506399872758,65.2933546894075,0.));
#19516=CARTESIAN_POINT('',(29.4550907762036,65.2670427613526,0.));
#19517=CARTESIAN_POINT('',(16.3613916281413,69.6296713990755,0.));
#19518=CARTESIAN_POINT('',(26.0425449127021,52.7649232100703,0.));
#19519=CARTESIAN_POINT('',(18.8721278780014,73.9535820692488,0.));
#19520=CARTESIAN_POINT('',(12.5493641653626,63.0647181021213,0.));
#19521=CARTESIAN_POINT('',(23.8721124869961,73.941176029754,0.));
#19522=CARTESIAN_POINT('',(26.9765863624319,73.9334731609412,0.));
#19523=CARTESIAN_POINT('',(26.3613608461307,69.604859320086,0.));
#19524=CARTESIAN_POINT('',(32.3086415919897,59.2445861955828,0.));
#19525=CARTESIAN_POINT('',(21.293965258422,60.8779506880452,0.));
#19526=CARTESIAN_POINT('',(11.6264241163516,83.2280013440051,0.));
#19527=CARTESIAN_POINT('',(6.6264395073569,83.2404073834999,0.));
#19528=CARTESIAN_POINT('',(23.3652180236723,83.198874866181,0.));
#19529=CARTESIAN_POINT('',(4.13719114822235,87.5767240931679,0.));
#19530=CARTESIAN_POINT('',(19.2077252211313,61.3235748305941,0.));
#19531=CARTESIAN_POINT('',(6.64792739808252,91.9006347633411,0.));
#19532=CARTESIAN_POINT('',(-2.03039447035277,76.955102938477,0.));
#19533=CARTESIAN_POINT('',(11.6479120070772,91.8882287238464,0.));
#19534=CARTESIAN_POINT('',(20.8867136099005,91.8653052657696,0.));
#19535=CARTESIAN_POINT('',(14.1371603662118,87.5519120141784,0.));
#19536=CARTESIAN_POINT('',(25.4738219004189,67.8032378161066,0.));
#19537=CARTESIAN_POINT('',(6.71420662270658,74.7683355244009,0.));
#19538=CARTESIAN_POINT('',(54.8655308180841,58.1206388454034,0.));
#19539=CARTESIAN_POINT('',(49.8655462090894,58.1330448848982,0.));
#19540=CARTESIAN_POINT('',(44.9537562758016,58.1452320943933,0.));
#19541=CARTESIAN_POINT('',(47.3762978499548,62.4693615945662,0.));
#19542=CARTESIAN_POINT('',(51.6680703461676,54.9930144791296,0.));
#19543=CARTESIAN_POINT('',(49.887034099815,66.7932722647394,0.));
#19544=CARTESIAN_POINT('',(41.2087122313797,51.8477404398753,0.));
#19545=CARTESIAN_POINT('',(54.8870187088097,66.7808662252447,0.));
#19546=CARTESIAN_POINT('',(42.4752518620299,66.811662493982,0.));
#19547=CARTESIAN_POINT('',(57.3762670679443,62.4445495155767,0.));
#19548=CARTESIAN_POINT('',(57.9341670254552,61.4726774646421,0.));
#19549=CARTESIAN_POINT('',(49.9533133244391,49.6609730257992,0.));
#19550=CARTESIAN_POINT('',(25.2650484007563,53.6107365804708,0.));
#19551=CARTESIAN_POINT('',(20.2650637917616,53.6231426199656,0.));
#19552=CARTESIAN_POINT('',(30.1478289657026,53.5986213494711,0.));
#19553=CARTESIAN_POINT('',(17.775815432627,57.9594593296336,0.));
#19554=CARTESIAN_POINT('',(24.7622783230138,45.7889116774127,0.));
#19555=CARTESIAN_POINT('',(20.2865516824872,62.2833699998068,0.));
#19556=CARTESIAN_POINT('',(16.3193461256449,55.4511738904161,0.));
#19557=CARTESIAN_POINT('',(25.2865362914819,62.2709639603121,0.));
#19558=CARTESIAN_POINT('',(27.6693245519308,62.2650517490598,0.));
#19559=CARTESIAN_POINT('',(27.7757846506165,57.9346472506441,0.));
#19560=CARTESIAN_POINT('',(31.0283750023014,52.2685746629252,0.));
#19561=CARTESIAN_POINT('',(25.0639472187042,53.2644064763399,0.));
#19562=CARTESIAN_POINT('',(46.8846017516225,41.05705533117,0.));
#19563=CARTESIAN_POINT('',(41.8846171426278,41.0694613706647,0.));
#19564=CARTESIAN_POINT('',(40.9420980917673,41.0717999635773,0.));
#19565=CARTESIAN_POINT('',(39.3953687834933,45.4057780803327,0.));
#19566=CARTESIAN_POINT('',(40.992450885532,42.6236315016804,0.));
#19567=CARTESIAN_POINT('',(41.9061050333534,49.729688750506,0.));
#19568=CARTESIAN_POINT('',(37.9388994765112,42.8974926411152,0.));
#19569=CARTESIAN_POINT('',(46.9060896423482,49.7172827110112,0.));
#19570=CARTESIAN_POINT('',(38.4635936779955,49.7382303631659,0.));
#19571=CARTESIAN_POINT('',(49.3953380014827,45.3809660013432,0.));
#19572=CARTESIAN_POINT('',(47.2585475648196,49.1032944871929,0.));
#19573=CARTESIAN_POINT('',(46.6835005695705,40.7107252270391,0.));
#19574=CARTESIAN_POINT('',(57.6943784270557,34.7802147065195,0.));
#19575=CARTESIAN_POINT('',(52.6943938180609,34.7926207460143,0.));
#19576=CARTESIAN_POINT('',(46.3392326547996,34.8083892706304,0.));
#19577=CARTESIAN_POINT('',(50.2051454589264,39.1289374556823,0.));
#19578=CARTESIAN_POINT('',(49.107537166791,41.0409914138143,0.));
#19579=CARTESIAN_POINT('',(52.7158817087866,43.4528481258555,0.));
#19580=CARTESIAN_POINT('',(48.7486761519443,36.6206520164648,0.));
#19581=CARTESIAN_POINT('',(57.7158663177813,43.4404420863608,0.));
#19582=CARTESIAN_POINT('',(43.8607282410279,43.474819670219,0.));
#19583=CARTESIAN_POINT('',(60.2051146769158,39.1041253766928,0.));
#19584=CARTESIAN_POINT('',(55.3736338460786,47.5206543993268,0.));
#19585=CARTESIAN_POINT('',(57.4932772450036,34.4338846023887,0.));
#19586=CARTESIAN_POINT('',(13.6985585297858,24.8893470362902,0.));
#19587=CARTESIAN_POINT('',(11.2093101706512,29.2256637459582,0.));
#19588=CARTESIAN_POINT('',(12.8063922726899,26.4435171673059,0.));
#19589=CARTESIAN_POINT('',(13.7200464205114,33.5495744161314,0.));
#19590=CARTESIAN_POINT('',(17.714860245733,40.4293166133428,0.));
#19591=CARTESIAN_POINT('',(18.7200310295061,33.5371683766367,0.));
#19592=CARTESIAN_POINT('',(24.3504045573955,33.5231982063622,0.));
#19593=CARTESIAN_POINT('',(21.2092793886407,29.2008516669687,0.));
#19594=CARTESIAN_POINT('',(19.0724889519775,32.9231801528184,0.));
#19595=CARTESIAN_POINT('',(18.6985431387805,24.8769409967954,0.));
#19596=CARTESIAN_POINT('',(25.5641164241179,36.7006144658746,0.));
#19597=CARTESIAN_POINT('',(26.8289089711673,24.8567678067736,0.));
#19598=CARTESIAN_POINT('',(49.7134493605941,17.7166311922861,0.));
#19599=CARTESIAN_POINT('',(44.7134647515994,17.7290372317808,0.));
#19600=CARTESIAN_POINT('',(42.3275744707653,17.7349571398143,0.));
#19601=CARTESIAN_POINT('',(42.2242163924648,22.0653539414488,0.));
#19602=CARTESIAN_POINT('',(38.4319177061554,28.6716084363652,0.));
#19603=CARTESIAN_POINT('',(44.734952642325,26.3892646116221,0.));
#19604=CARTESIAN_POINT('',(45.4788633970757,27.6704042177047,0.));
#19605=CARTESIAN_POINT('',(49.7349372513197,26.3768585721273,0.));
#19606=CARTESIAN_POINT('',(39.8490700569935,26.401387539403,0.));
#19607=CARTESIAN_POINT('',(52.2241856104543,22.0405418624593,0.));
#19608=CARTESIAN_POINT('',(44.698014385443,35.1512714218777,0.));
#19609=CARTESIAN_POINT('',(54.223464490135,25.4836368036285,0.));
#19610=CARTESIAN_POINT('',(62.0714471507403,-3.64291929955129E-15,0.));
#19611=CARTESIAN_POINT('',(56.8125141717225,-4.44089209850063E-15,0.));
#19612=CARTESIAN_POINT('',(48.5357235753701,0.,0.));
#19613=CARTESIAN_POINT('',(54.4484168723837,4.11830124735646,0.));
#19614=CARTESIAN_POINT('',(45.2041618678283,20.2219645469972,0.));
#19615=CARTESIAN_POINT('',(56.9591531222439,8.44221191752971,0.));
#19616=CARTESIAN_POINT('',(60.0586220327911,13.780019381349,0.));
#19617=CARTESIAN_POINT('',(61.9591377312386,8.42980587803495,0.));
#19618=CARTESIAN_POINT('',(45.9389428095249,8.46955543457457,0.));
#19619=CARTESIAN_POINT('',(64.4483860903732,4.09348916836695,0.));
#19620=CARTESIAN_POINT('',(51.5328340770138,26.5926198013539,0.));
#19621=CARTESIAN_POINT('',(68.8032231258504,11.5932519672728,0.));
#19622=CARTESIAN_POINT('',(76.4850841689504,45.5669575961026,0.));
#19623=CARTESIAN_POINT('',(71.4850995599556,45.5793636355973,0.));
#19624=CARTESIAN_POINT('',(55.7480254018663,45.6184107084995,0.));
#19625=CARTESIAN_POINT('',(68.9958512008211,49.9156803452653,0.));
#19626=CARTESIAN_POINT('',(67.8982429086857,51.8277343033974,0.));
#19627=CARTESIAN_POINT('',(71.5065874506813,54.2395910154386,0.));
#19628=CARTESIAN_POINT('',(62.828265582246,39.2940591905745,0.));
#19629=CARTESIAN_POINT('',(76.506572059676,54.2271849759438,0.));
#19630=CARTESIAN_POINT('',(53.2695209880945,54.2848411080881,0.));
#19631=CARTESIAN_POINT('',(78.9958204188105,49.8908682662758,0.));
#19632=CARTESIAN_POINT('',(74.1643395879733,58.3073972889099,0.));
#19633=CARTESIAN_POINT('',(71.5728666753053,37.1072917764983,0.));
#19634=CARTESIAN_POINT('',(68.6562519509841,68.9197877744812,0.));
#19635=CARTESIAN_POINT('',(66.1670035918496,73.2561044841492,0.));
#19636=CARTESIAN_POINT('',(70.4587760880623,65.7797573687127,0.));
#19637=CARTESIAN_POINT('',(67.1796197214607,75.,0.));
#19638=CARTESIAN_POINT('',(55.2883016616815,54.521147613985,0.));
#19639=CARTESIAN_POINT('',(68.,75.,0.));
#19640=CARTESIAN_POINT('',(51.0898098607303,75.,0.));
#19641=CARTESIAN_POINT('',(68.,76.4128330047305,0.));
#19642=CARTESIAN_POINT('',(68.,58.125,0.));
#19643=CARTESIAN_POINT('',(68.6777398417097,77.5800151543225,0.));
#19644=CARTESIAN_POINT('',(56.2047998657567,56.0995118742756,0.));
#19645=CARTESIAN_POINT('',(73.6777244507044,77.5676091148277,0.));
#19646=CARTESIAN_POINT('',(51.8840446090965,77.6216839318511,0.));
#19647=CARTESIAN_POINT('',(76.166972809839,73.2312924051597,0.));
#19648=CARTESIAN_POINT('',(76.7248727673499,72.2594203542251,0.));
#19649=CARTESIAN_POINT('',(73.6562365599788,68.9073817349865,0.));
#19650=CARTESIAN_POINT('',(64.0329027547408,52.3343801999088,0.));
#19651=CARTESIAN_POINT('',(54.3625490228683,68.9552535322625,0.));
#19652=CARTESIAN_POINT('',(60.5232260360272,11.4397905676356,0.));
#19653=CARTESIAN_POINT('',(55.5232414270325,11.4521966071304,0.));
#19654=CARTESIAN_POINT('',(47.7247090337976,11.4715464468674,0.));
#19655=CARTESIAN_POINT('',(53.0339930678979,15.7885133167984,0.));
#19656=CARTESIAN_POINT('',(46.5470039874144,27.088968348499,0.));
#19657=CARTESIAN_POINT('',(55.5447293177581,20.1124239869717,0.));
#19658=CARTESIAN_POINT('',(56.2886400725088,21.3935635930543,0.));
#19659=CARTESIAN_POINT('',(60.5447139267528,20.1000179474769,0.));
#19660=CARTESIAN_POINT('',(45.2462046200259,20.137976846456,0.));
#19661=CARTESIAN_POINT('',(63.0339622858874,15.7637012378089,0.));
#19662=CARTESIAN_POINT('',(52.813100666702,33.5686313340115,0.));
#19663=CARTESIAN_POINT('',(65.0332411655682,19.2067961789781,0.));
#19664=CARTESIAN_POINT('',(38.903672685161,23.9934718169365,0.));
#19665=CARTESIAN_POINT('',(33.9036880761662,24.0058778564313,0.));
#19666=CARTESIAN_POINT('',(36.9304399077329,23.9983678327612,0.));
#19667=CARTESIAN_POINT('',(31.4144397170317,28.3421945660993,0.));
#19668=CARTESIAN_POINT('',(30.3168314248963,30.2542485242313,0.));
#19669=CARTESIAN_POINT('',(33.9251759668919,32.6661052362725,0.));
#19670=CARTESIAN_POINT('',(34.6690867216426,33.9472448423551,0.));
#19671=CARTESIAN_POINT('',(38.9251605758866,32.6536991967778,0.));
#19672=CARTESIAN_POINT('',(34.4519354939612,32.6647982323499,0.));
#19673=CARTESIAN_POINT('',(41.4144089350211,28.3173824871097,0.));
#19674=CARTESIAN_POINT('',(36.5829281041839,36.7339115097438,0.));
#19675=CARTESIAN_POINT('',(43.4136878147019,31.760477428279,0.));
#19676=CARTESIAN_POINT('',(21.527390747752,1.53651685791151,0.));
#19677=CARTESIAN_POINT('',(16.5274061387573,1.54892289740626,0.));
#19678=CARTESIAN_POINT('',(28.2143853501653,1.51992498301063,0.));
#19679=CARTESIAN_POINT('',(14.0381577796228,5.88523960707427,0.));
#19680=CARTESIAN_POINT('',(10.2458590933133,12.4914941019906,0.));
#19681=CARTESIAN_POINT('',(16.5488940294829,10.2091502772475,0.));
#19682=CARTESIAN_POINT('',(24.3594792516231,23.6602934565402,0.));
#19683=CARTESIAN_POINT('',(21.5488786384777,10.1967442377528,0.));
#19684=CARTESIAN_POINT('',(25.7358809363935,10.1863553825993,0.));
#19685=CARTESIAN_POINT('',(24.0381269976122,5.86042752808476,0.));
#19686=CARTESIAN_POINT('',(16.5119557726009,18.9711570875031,0.));
#19687=CARTESIAN_POINT('',(33.1040803446825,21.473526042464,0.));
#19688=CARTESIAN_POINT('',(28.0938960097278,30.2703124415869,0.));
#19689=CARTESIAN_POINT('',(23.0939114007331,30.2827184810817,0.));
#19690=CARTESIAN_POINT('',(31.5333053447006,30.2617785257082,0.));
#19691=CARTESIAN_POINT('',(20.6046630415986,34.6190351907497,0.));
#19692=CARTESIAN_POINT('',(22.2017451436372,31.8368886120974,0.));
#19693=CARTESIAN_POINT('',(23.1153992914587,38.9429458609229,0.));
#19694=CARTESIAN_POINT('',(23.8593100462094,40.2240854670055,0.));
#19695=CARTESIAN_POINT('',(28.1153839004535,38.9305398214282,0.));
#19696=CARTESIAN_POINT('',(29.0548009309289,38.9282089252968,0.));
#19697=CARTESIAN_POINT('',(30.604632259588,34.5942231117602,0.));
#19698=CARTESIAN_POINT('',(28.4678418229249,38.3165515976099,0.));
#19699=CARTESIAN_POINT('',(32.6039111392688,38.0373180529294,0.));
#19700=CARTESIAN_POINT('',(26.6794722052421,41.9405245110289,0.));
#19701=CARTESIAN_POINT('',(21.6794875962473,41.9529305505236,0.));
#19702=CARTESIAN_POINT('',(30.8405671552016,41.9301999375896,0.));
#19703=CARTESIAN_POINT('',(19.1902392371128,46.2892472601916,0.));
#19704=CARTESIAN_POINT('',(23.4820117333255,38.812900144755,0.));
#19705=CARTESIAN_POINT('',(21.700975486973,50.6131579303649,0.));
#19706=CARTESIAN_POINT('',(20.0893280859272,47.8376296787108,0.));
#19707=CARTESIAN_POINT('',(26.7009600959677,50.6007518908701,0.));
#19708=CARTESIAN_POINT('',(28.3620627414299,50.5966303371783,0.));
#19709=CARTESIAN_POINT('',(29.1902084551022,46.2644351812021,0.));
#19710=CARTESIAN_POINT('',(29.7481084126131,45.2925631302675,0.));
#19711=CARTESIAN_POINT('',(28.8339291789865,45.6508622646347,0.));
#19712=CARTESIAN_POINT('',(34.6604012717036,59.0041080252623,0.));
#19713=CARTESIAN_POINT('',(29.6604166627089,59.0165140647571,0.));
#19714=CARTESIAN_POINT('',(34.8522253392359,59.0036320684057,0.));
#19715=CARTESIAN_POINT('',(27.1711683035744,63.3528307744251,0.));
#19716=CARTESIAN_POINT('',(34.1576311939612,51.1822831222042,0.));
#19717=CARTESIAN_POINT('',(29.6819045534345,67.6767414445983,0.));
#19718=CARTESIAN_POINT('',(23.3591408407958,56.7878774774709,0.));
#19719=CARTESIAN_POINT('',(34.6818891624293,67.6643354051036,0.));
#19720=CARTESIAN_POINT('',(32.3737209254642,67.6700624679943,0.));
#19721=CARTESIAN_POINT('',(37.1711375215638,63.3280186954356,0.));
#19722=CARTESIAN_POINT('',(40.4237278732488,57.6619461077167,0.));
#19723=CARTESIAN_POINT('',(32.1037419338551,54.6011100633948,0.));
#19724=CARTESIAN_POINT('',(53.4511070135983,69.7908509148454,0.));
#19725=CARTESIAN_POINT('',(48.4511224046036,69.8032569543401,0.));
#19726=CARTESIAN_POINT('',(44.2610180863026,69.8136535062748,0.));
#19727=CARTESIAN_POINT('',(45.9618740454691,74.1395736640081,0.));
#19728=CARTESIAN_POINT('',(52.9483369358559,61.9690260117872,0.));
#19729=CARTESIAN_POINT('',(48.4726102953292,78.4634843341814,0.));
#19730=CARTESIAN_POINT('',(37.4387302710975,59.4612846515805,0.));
#19731=CARTESIAN_POINT('',(53.472594904324,78.4510782946866,0.));
#19732=CARTESIAN_POINT('',(41.7825136725309,78.4800839058635,0.));
#19733=CARTESIAN_POINT('',(55.9618432634585,74.1147615850186,0.));
#19734=CARTESIAN_POINT('',(59.2144336151435,68.4486889972997,0.));
#19735=CARTESIAN_POINT('',(46.1833313641568,57.2745172375044,0.));
#19736=CARTESIAN_POINT('',(42.6413303381652,76.0676915394958,0.));
#19737=CARTESIAN_POINT('',(37.6413457291705,76.0800975789906,0.));
#19738=CARTESIAN_POINT('',(38.8638835232703,76.0770641992217,0.));
#19739=CARTESIAN_POINT('',(35.152097370036,80.4164142886586,0.));
#19740=CARTESIAN_POINT('',(44.8332506545968,63.5516660996534,0.));
#19741=CARTESIAN_POINT('',(37.6628336198961,84.7403249588318,0.));
#19742=CARTESIAN_POINT('',(26.6289535956644,65.738125276231,0.));
#19743=CARTESIAN_POINT('',(42.6628182288908,84.7279189193371,0.));
#19744=CARTESIAN_POINT('',(36.3853791094985,84.7434945988103,0.));
#19745=CARTESIAN_POINT('',(45.1520665880254,80.3916022096691,0.));
#19746=CARTESIAN_POINT('',(51.0993473338844,70.0313290851659,0.));
#19747=CARTESIAN_POINT('',(35.3735546887237,63.5513578621548,0.));
#19748=CARTESIAN_POINT('',(13.0408479208374,71.5577892745632,0.));
#19749=CARTESIAN_POINT('',(8.04086331184268,71.5701953140579,0.));
#19750=CARTESIAN_POINT('',(24.0579562131713,71.5304534542995,0.));
#19751=CARTESIAN_POINT('',(5.55161495270813,75.906512023726,0.));
#19752=CARTESIAN_POINT('',(17.927458631443,54.3475632979364,0.));
#19753=CARTESIAN_POINT('',(8.0623512025683,80.2304226938992,0.));
#19754=CARTESIAN_POINT('',(1.73958748992951,69.3415587267718,0.));
#19755=CARTESIAN_POINT('',(13.062335811563,80.2180166544044,0.));
#19756=CARTESIAN_POINT('',(21.5794517993995,80.1968838538882,0.));
#19757=CARTESIAN_POINT('',(15.5515841706976,75.8816999447364,0.));
#19758=CARTESIAN_POINT('',(24.1935553107307,60.827226283449,0.));
#19759=CARTESIAN_POINT('',(10.4841885829889,67.1547913126956,0.));
#19760=CARTESIAN_POINT('',(22.4362007917847,76.9511607193547,0.));
#19761=CARTESIAN_POINT('',(17.43621618279,76.9635667588495,0.));
#19762=CARTESIAN_POINT('',(28.7623525867046,76.9354641732341,0.));
#19763=CARTESIAN_POINT('',(14.9469678236555,81.2998834685175,0.));
#19764=CARTESIAN_POINT('',(27.3228115023904,59.740934742728,0.));
#19765=CARTESIAN_POINT('',(17.4577040735156,85.6237941386907,0.));
#19766=CARTESIAN_POINT('',(8.77938220508036,70.6782623138265,0.));
#19767=CARTESIAN_POINT('',(22.4576886825104,85.611388099196,0.));
#19768=CARTESIAN_POINT('',(26.2838481729328,85.6018945728227,0.));
#19769=CARTESIAN_POINT('',(24.9469370416449,81.275071389528,0.));
#19770=CARTESIAN_POINT('',(33.588908181678,66.2205977282405,0.));
#19771=CARTESIAN_POINT('',(17.5239832981397,68.4914948997504,0.));
#19772=CARTESIAN_POINT('',(33.2459774672179,70.6743200947043,0.));
#19773=CARTESIAN_POINT('',(28.2459928582232,70.686726134199,0.));
#19774=CARTESIAN_POINT('',(34.1594871497369,70.6720534802872,0.));
#19775=CARTESIAN_POINT('',(25.7567444990886,75.023042843867,0.));
#19776=CARTESIAN_POINT('',(35.4378977836495,58.1582946548618,0.));
#19777=CARTESIAN_POINT('',(28.2674807489488,79.3469535140403,0.));
#19778=CARTESIAN_POINT('',(19.5891588805135,64.4014216891761,0.));
#19779=CARTESIAN_POINT('',(33.2674653579435,79.3345474745455,0.));
#19780=CARTESIAN_POINT('',(31.6809827359652,79.3384838798758,0.));
#19781=CARTESIAN_POINT('',(35.756713717078,74.9982307648775,0.));
#19782=CARTESIAN_POINT('',(41.7039944629371,64.6379576403743,0.));
#19783=CARTESIAN_POINT('',(28.3337599735728,62.2146542751,0.));
#19784=CARTESIAN_POINT('',(62.8464598845457,75.1842223596369,0.));
#19785=CARTESIAN_POINT('',(57.846475275551,75.1966283991317,0.));
#19786=CARTESIAN_POINT('',(48.9654144598359,75.2186642252094,0.));
#19787=CARTESIAN_POINT('',(55.3572269164164,79.5329451087997,0.));
#19788=CARTESIAN_POINT('',(62.3436898068032,67.3623974565788,0.));
#19789=CARTESIAN_POINT('',(57.8679631662766,83.8568557789729,0.));
#19790=CARTESIAN_POINT('',(44.4785249862483,60.7979882386354,0.));
#19791=CARTESIAN_POINT('',(62.8679477752713,83.8444497394782,0.));
#19792=CARTESIAN_POINT('',(46.4869100460642,83.885094624798,0.));
#19793=CARTESIAN_POINT('',(65.3571961344059,79.5081330298102,0.));
#19794=CARTESIAN_POINT('',(68.6097864860908,73.8420604420913,0.));
#19795=CARTESIAN_POINT('',(53.2231260793076,58.6112208245593,0.));
#19796=CARTESIAN_POINT('',(64.2608836890315,63.514010290195,0.));
#19797=CARTESIAN_POINT('',(59.2608990800368,63.5264163296897,0.));
#19798=CARTESIAN_POINT('',(49.6581526493349,63.5502428133279,0.));
#19799=CARTESIAN_POINT('',(56.7716507209022,67.8627330393577,0.));
#19800=CARTESIAN_POINT('',(61.0634232171149,60.3863859239211,0.));
#19801=CARTESIAN_POINT('',(59.2823869707624,72.186643709531,0.));
#19802=CARTESIAN_POINT('',(48.2485069465306,53.1844440269301,0.));
#19803=CARTESIAN_POINT('',(64.2823715797571,72.1742376700362,0.));
#19804=CARTESIAN_POINT('',(47.1796482355632,72.2166732129165,0.));
#19805=CARTESIAN_POINT('',(66.7716199388916,67.8379209603682,0.));
#19806=CARTESIAN_POINT('',(67.3295198964025,66.8660489094336,0.));
#19807=CARTESIAN_POINT('',(56.9931080395899,50.997676612854,0.));
#19808=CARTESIAN_POINT('',(36.0748250761894,47.3338959558204,0.));
#19809=CARTESIAN_POINT('',(31.0748404671947,47.3463019953151,0.));
#19810=CARTESIAN_POINT('',(35.5449635287349,47.3352106565242,0.));
#19811=CARTESIAN_POINT('',(28.5855921080601,51.6826187049831,0.));
#19812=CARTESIAN_POINT('',(32.8773646042729,44.2062715895466,0.));
#19813=CARTESIAN_POINT('',(31.0963283579203,56.0065293751564,0.));
#19814=CARTESIAN_POINT('',(27.129122801078,49.1743332657656,0.));
#19815=CARTESIAN_POINT('',(36.096312966915,55.9941233356616,0.));
#19816=CARTESIAN_POINT('',(33.0664591149632,56.0016410561128,0.));
#19817=CARTESIAN_POINT('',(38.5855613260496,51.6578066259936,0.));
#19818=CARTESIAN_POINT('',(39.1434612835605,50.6859345750591,0.));
#19819=CARTESIAN_POINT('',(35.8737238941374,46.9875658516895,0.));
#19820=CARTESIAN_POINT('',(48.2990255561083,29.386843261728,0.));
#19821=CARTESIAN_POINT('',(43.2990409471136,29.3992493012228,0.));
#19822=CARTESIAN_POINT('',(41.6348362812663,29.4033785516958,0.));
#19823=CARTESIAN_POINT('',(40.809792587979,33.7355660108908,0.));
#19824=CARTESIAN_POINT('',(39.7121842958437,35.6476199690228,0.));
#19825=CARTESIAN_POINT('',(43.3205288378392,38.059476681064,0.));
#19826=CARTESIAN_POINT('',(41.7088814367934,35.28394842941,0.));
#19827=CARTESIAN_POINT('',(48.3205134468339,38.0470706415693,0.));
#19828=CARTESIAN_POINT('',(39.1563318674945,38.0698089512844,0.));
#19829=CARTESIAN_POINT('',(50.8097618059685,33.7107539319013,0.));
#19830=CARTESIAN_POINT('',(45.9782809751313,42.1272829545353,0.));
#19831=CARTESIAN_POINT('',(50.4534825298528,33.0971810153338,0.));
#19832=CARTESIAN_POINT('',(15.1129823342715,13.2191349668482,0.));
#19833=CARTESIAN_POINT('',(12.623733975137,17.5554516765162,0.));
#19834=CARTESIAN_POINT('',(11.5261256830016,19.4675056346482,0.));
#19835=CARTESIAN_POINT('',(15.1344702249972,21.8793623466895,0.));
#19836=CARTESIAN_POINT('',(20.7776303037724,31.5978344002438,0.));
#19837=CARTESIAN_POINT('',(20.1344548339919,21.8669563071947,0.));
#19838=CARTESIAN_POINT('',(25.0431427468945,21.8547767944807,0.));
#19839=CARTESIAN_POINT('',(22.6237031931264,17.5306395975267,0.));
#19840=CARTESIAN_POINT('',(17.7922223622892,25.9471686201607,0.));
#19841=CARTESIAN_POINT('',(20.1129669432663,13.2067289273535,0.));
#19842=CARTESIAN_POINT('',(29.3340983844002,29.0870702541693,0.));
#19843=CARTESIAN_POINT('',(27.5216471606663,13.1883463948921,0.));
#19844=CARTESIAN_POINT('',(40.3180964896467,12.3232597474945,0.));
#19845=CARTESIAN_POINT('',(35.318111880652,12.3356657869893,0.));
#19846=CARTESIAN_POINT('',(37.6231780972319,12.3299464208798,0.));
#19847=CARTESIAN_POINT('',(32.8288635215175,16.6719824966573,0.));
#19848=CARTESIAN_POINT('',(29.036564835208,23.2782369915736,0.));
#19849=CARTESIAN_POINT('',(35.3395997713776,20.9958931668306,0.));
#19850=CARTESIAN_POINT('',(38.4390686819248,26.3337006306499,0.));
#19851=CARTESIAN_POINT('',(40.3395843803724,20.9834871273358,0.));
#19852=CARTESIAN_POINT('',(35.1446736834602,20.9963768204684,0.));
#19853=CARTESIAN_POINT('',(42.8288327395069,16.6471704176678,0.));
#19854=CARTESIAN_POINT('',(35.3026615144956,29.7578999770861,0.));
#19855=CARTESIAN_POINT('',(47.1836697749842,24.1469332165737,0.));
#19856=CARTESIAN_POINT('',(59.1088022315414,23.1100026370776,0.));
#19857=CARTESIAN_POINT('',(54.1088176225467,23.1224086765723,0.));
#19858=CARTESIAN_POINT('',(47.0319708442986,23.1399678587489,0.));
#19859=CARTESIAN_POINT('',(51.6195692634122,27.4587253862403,0.));
#19860=CARTESIAN_POINT('',(47.8272705771027,34.0649798811567,0.));
#19861=CARTESIAN_POINT('',(54.1303055132723,31.7826360564136,0.));
#19862=CARTESIAN_POINT('',(52.5186581122265,29.0071078047595,0.));
#19863=CARTESIAN_POINT('',(59.1302901222671,31.7702300169188,0.));
#19864=CARTESIAN_POINT('',(44.5534664305269,31.8063982583375,0.));
#19865=CARTESIAN_POINT('',(61.6195384814016,27.4339133072508,0.));
#19866=CARTESIAN_POINT('',(54.0933672563903,40.5446428666692,0.));
#19867=CARTESIAN_POINT('',(61.2632592052859,26.8203403906834,0.));
#19868=CARTESIAN_POINT('',(68.5041551024888,28.5033740818691,0.));
#19869=CARTESIAN_POINT('',(63.5041704934941,28.5157801213639,0.));
#19870=CARTESIAN_POINT('',(51.736367217832,28.5449785776835,0.));
#19871=CARTESIAN_POINT('',(61.0149221343595,32.8520968310319,0.));
#19872=CARTESIAN_POINT('',(57.2226234480501,39.4583513259482,0.));
#19873=CARTESIAN_POINT('',(63.5256583842197,37.1760075012051,0.));
#19874=CARTESIAN_POINT('',(59.5584528273774,30.3438113918144,0.));
#19875=CARTESIAN_POINT('',(68.5256429932144,37.1636014617104,0.));
#19876=CARTESIAN_POINT('',(49.2578628040602,37.2114089772721,0.));
#19877=CARTESIAN_POINT('',(71.014891352349,32.8272847520424,0.));
#19878=CARTESIAN_POINT('',(63.4887201273377,45.9380143114607,0.));
#19879=CARTESIAN_POINT('',(68.3030539204367,28.1570439777382,0.));
#19880=CARTESIAN_POINT('',(40.9157355277653,0.655074297104999,0.));
#19881=CARTESIAN_POINT('Origin',(43.89,2.5,0.));
#19882=CARTESIAN_POINT('',(36.7325356851378,0.66545371754736,0.));
#19883=CARTESIAN_POINT('',(37.9075239035474,0.662538318524479,0.));
#19884=CARTESIAN_POINT('',(34.2432873260032,5.00177042721536,0.));
#19885=CARTESIAN_POINT('',(27.7562982455197,16.302225458916,0.));
#19886=CARTESIAN_POINT('',(36.7540235758634,9.32568109738861,0.));
#19887=CARTESIAN_POINT('',(42.2090506422071,18.7201564189446,0.));
#19888=CARTESIAN_POINT('',(41.7540081848581,9.31327505789386,0.));
#19889=CARTESIAN_POINT('',(35.8374118729592,9.32795540858691,0.));
#19890=CARTESIAN_POINT('',(43.6603138354969,5.99245533483763,0.));
#19891=CARTESIAN_POINT('',(34.0223949248074,22.7818884444285,0.));
#19892=CARTESIAN_POINT('Origin',(43.89,2.5,0.));
#19893=CARTESIAN_POINT('Origin',(70.0921636461955,65.9098030848805,0.));
#19894=CARTESIAN_POINT('',(75.0921482551902,65.8973970453858,-4.));
#19895=CARTESIAN_POINT('',(70.0921636461955,65.9098030848805,-4.));
#19896=CARTESIAN_POINT('',(52.5767827985955,65.9532625199696,-4.));
#19897=CARTESIAN_POINT('',(75.0921482551902,65.8973970453858,0.));
#19898=CARTESIAN_POINT('',(70.0921636461955,65.9098030848805,0.));
#19899=CARTESIAN_POINT('Origin',(67.5814273963353,61.5858924147073,0.));
#19900=CARTESIAN_POINT('',(67.5814273963353,61.5858924147073,-4.));
#19901=CARTESIAN_POINT('',(59.0582836219637,46.9076034022797,-4.));
#19902=CARTESIAN_POINT('',(67.5814273963353,61.5858924147073,0.));
#19903=CARTESIAN_POINT('Origin',(70.0706757554699,57.2495757050393,0.));
#19904=CARTESIAN_POINT('',(70.0706757554699,57.2495757050393,-4.));
#19905=CARTESIAN_POINT('',(69.178509498374,58.803745836055,-4.));
#19906=CARTESIAN_POINT('',(70.0706757554699,57.2495757050393,0.));
#19907=CARTESIAN_POINT('Origin',(75.0706603644646,57.2371696655445,0.));
#19908=CARTESIAN_POINT('',(75.0706603644646,57.2371696655445,-4.));
#19909=CARTESIAN_POINT('',(55.0552872123673,57.286832120381,-4.));
#19910=CARTESIAN_POINT('',(75.0706603644646,57.2371696655445,0.));
#19911=CARTESIAN_POINT('Origin',(77.5813966143247,61.5610803357178,0.));
#19912=CARTESIAN_POINT('',(77.5813966143247,61.5610803357178,-4.));
#19913=CARTESIAN_POINT('',(67.8028847150231,44.7208359882036,-4.));
#19914=CARTESIAN_POINT('',(77.5813966143247,61.5610803357178,0.));
#19915=CARTESIAN_POINT('Origin',(75.0921482551902,65.8973970453858,0.));
#19916=CARTESIAN_POINT('',(75.4446061776616,65.2834088215675,-4.));
#19917=CARTESIAN_POINT('Origin',(46.1493764468108,14.7190525421801,0.));
#19918=CARTESIAN_POINT('',(51.1493610558055,14.7066465026854,-4.));
#19919=CARTESIAN_POINT('',(46.1493764468108,14.7190525421801,-4.));
#19920=CARTESIAN_POINT('',(40.5418082464926,14.7329661275215,-4.));
#19921=CARTESIAN_POINT('',(51.1493610558055,14.7066465026854,0.));
#19922=CARTESIAN_POINT('',(46.1493764468108,14.7190525421801,0.));
#19923=CARTESIAN_POINT('Origin',(43.6386401969506,10.3951418720069,0.));
#19924=CARTESIAN_POINT('',(43.6386401969506,10.3951418720069,-4.));
#19925=CARTESIAN_POINT('',(49.248845357358,20.0568600059994,-4.));
#19926=CARTESIAN_POINT('',(43.6386401969506,10.3951418720069,0.));
#19927=CARTESIAN_POINT('Origin',(46.1278885560851,6.05882516233888,0.));
#19928=CARTESIAN_POINT('',(46.1278885560851,6.05882516233888,-4.));
#19929=CARTESIAN_POINT('',(37.1516511164671,21.6955969037075,-4.));
#19930=CARTESIAN_POINT('',(46.1278885560851,6.05882516233888,0.));
#19931=CARTESIAN_POINT('Origin',(51.1278731650798,6.04641912284412,0.));
#19932=CARTESIAN_POINT('',(51.1278731650798,6.04641912284412,-4.));
#19933=CARTESIAN_POINT('',(43.0203126602643,6.06653572793285,-4.));
#19934=CARTESIAN_POINT('',(51.1278731650798,6.04641912284412,0.));
#19935=CARTESIAN_POINT('Origin',(53.63860941494,10.3703297930174,0.));
#19936=CARTESIAN_POINT('',(53.63860941494,10.3703297930174,-4.));
#19937=CARTESIAN_POINT('',(57.9934464504173,17.8700925919233,-4.));
#19938=CARTESIAN_POINT('',(53.63860941494,10.3703297930174,0.));
#19939=CARTESIAN_POINT('Origin',(51.1493610558055,14.7066465026854,0.));
#19940=CARTESIAN_POINT('',(43.4177477957547,28.17525988922,-4.));
#19941=CARTESIAN_POINT('Origin',(24.5298230959445,27.272733791481,0.));
#19942=CARTESIAN_POINT('',(29.5298077049392,27.2603277519862,-4.));
#19943=CARTESIAN_POINT('',(24.5298230959445,27.272733791481,-4.));
#19944=CARTESIAN_POINT('',(29.7475391204279,27.2597875134153,-4.));
#19945=CARTESIAN_POINT('',(29.5298077049392,27.2603277519862,0.));
#19946=CARTESIAN_POINT('',(24.5298230959445,27.272733791481,0.));
#19947=CARTESIAN_POINT('Origin',(22.0190868460844,22.9488231213077,0.));
#19948=CARTESIAN_POINT('',(22.0190868460844,22.9488231213077,-4.));
#19949=CARTESIAN_POINT('',(27.6292920064917,32.6105412553003,-4.));
#19950=CARTESIAN_POINT('',(22.0190868460844,22.9488231213077,0.));
#19951=CARTESIAN_POINT('Origin',(24.5083352052189,18.6125064116397,0.));
#19952=CARTESIAN_POINT('',(24.5083352052189,18.6125064116397,-4.));
#19953=CARTESIAN_POINT('',(20.921478553949,24.8608770794398,-4.));
#19954=CARTESIAN_POINT('',(24.5083352052189,18.6125064116397,0.));
#19955=CARTESIAN_POINT('Origin',(29.5083198142136,18.600100372145,0.));
#19956=CARTESIAN_POINT('',(29.5083198142136,18.600100372145,-4.));
#19957=CARTESIAN_POINT('',(32.2260435341996,18.5933571138267,-4.));
#19958=CARTESIAN_POINT('',(29.5083198142136,18.600100372145,0.));
#19959=CARTESIAN_POINT('Origin',(32.0190560640738,22.9240110423182,0.));
#19960=CARTESIAN_POINT('',(32.0190560640738,22.9240110423182,-4.));
#19961=CARTESIAN_POINT('',(36.3738930995511,30.4237738412241,-4.));
#19962=CARTESIAN_POINT('',(32.0190560640738,22.9240110423182,0.));
#19963=CARTESIAN_POINT('Origin',(29.5298077049392,27.2603277519862,0.));
#19964=CARTESIAN_POINT('',(27.1875752332366,31.3405400649523,-4.));
#19965=CARTESIAN_POINT('Origin',(25.9442469004303,15.602521722039,0.));
#19966=CARTESIAN_POINT('',(30.944231509425,15.5901156825443,-4.));
#19967=CARTESIAN_POINT('',(25.9442469004303,15.602521722039,-4.));
#19968=CARTESIAN_POINT('',(30.4402773099269,15.5913661015338,-4.));
#19969=CARTESIAN_POINT('',(30.944231509425,15.5901156825443,0.));
#19970=CARTESIAN_POINT('',(25.9442469004303,15.602521722039,0.));
#19971=CARTESIAN_POINT('Origin',(23.4335106505701,11.2786110518658,0.));
#19972=CARTESIAN_POINT('',(23.4335106505701,11.2786110518658,-4.));
#19973=CARTESIAN_POINT('',(31.399273966774,24.996997043595,-4.));
#19974=CARTESIAN_POINT('',(23.4335106505701,11.2786110518658,0.));
#19975=CARTESIAN_POINT('Origin',(25.9227590097047,6.94229434219778,0.));
#19976=CARTESIAN_POINT('',(25.9227590097047,6.94229434219778,-4.));
#19977=CARTESIAN_POINT('',(19.6412119642607,17.8848655467821,-4.));
#19978=CARTESIAN_POINT('',(25.9227590097047,6.94229434219778,0.));
#19979=CARTESIAN_POINT('Origin',(30.9227436186994,6.92988830270303,0.));
#19980=CARTESIAN_POINT('',(30.9227436186994,6.92988830270303,-4.));
#19981=CARTESIAN_POINT('',(32.9187817236986,6.92493570194519,-4.));
#19982=CARTESIAN_POINT('',(30.9227436186994,6.92988830270303,0.));
#19983=CARTESIAN_POINT('Origin',(33.4334798685596,11.2537989728763,0.));
#19984=CARTESIAN_POINT('',(33.4334798685596,11.2537989728763,-4.));
#19985=CARTESIAN_POINT('',(40.1438750598333,22.8102296295189,-4.));
#19986=CARTESIAN_POINT('',(33.4334798685596,11.2537989728763,0.));
#19987=CARTESIAN_POINT('Origin',(30.944231509425,15.5901156825443,0.));
#19988=CARTESIAN_POINT('',(25.9073086435483,24.3645285322946,-4.));
#19989=CARTESIAN_POINT('Origin',(12.3056226160256,45.2197864855734,0.));
#19990=CARTESIAN_POINT('',(17.3056072250203,45.2073804460786,-4.));
#19991=CARTESIAN_POINT('',(12.3056226160256,45.2197864855734,-4.));
#19992=CARTESIAN_POINT('',(23.6576663678965,45.1916196182437,-4.));
#19993=CARTESIAN_POINT('',(17.3056072250203,45.2073804460786,0.));
#19994=CARTESIAN_POINT('',(12.3056226160256,45.2197864855734,0.));
#19995=CARTESIAN_POINT('Origin',(9.79488636616546,40.8958758154001,0.));
#19996=CARTESIAN_POINT('',(9.79488636616546,40.8958758154001,-4.));
#19997=CARTESIAN_POINT('',(13.0495333707763,46.500926091656,-4.));
#19998=CARTESIAN_POINT('',(9.79488636616546,40.8958758154001,0.));
#19999=CARTESIAN_POINT('Origin',(12.2841347253,36.5595591057321,0.));
#20000=CARTESIAN_POINT('',(12.2841347253,36.5595591057321,-4.));
#20001=CARTESIAN_POINT('',(14.0866588623782,33.4195286999635,-4.));
#20002=CARTESIAN_POINT('',(12.2841347253,36.5595591057321,0.));
#20003=CARTESIAN_POINT('Origin',(17.2841193342947,36.5471530662373,0.));
#20004=CARTESIAN_POINT('',(17.2841193342947,36.5471530662373,-4.));
#20005=CARTESIAN_POINT('',(26.1361707816683,36.5251892186551,-4.));
#20006=CARTESIAN_POINT('',(17.2841193342947,36.5471530662373,0.));
#20007=CARTESIAN_POINT('Origin',(19.7948555841549,40.8710637364106,0.));
#20008=CARTESIAN_POINT('',(19.7948555841549,40.8710637364106,-4.));
#20009=CARTESIAN_POINT('',(21.7941344638357,44.3141586775798,-4.));
#20010=CARTESIAN_POINT('',(19.7948555841549,40.8710637364106,0.));
#20011=CARTESIAN_POINT('Origin',(17.3056072250203,45.2073804460786,0.));
#20012=CARTESIAN_POINT('',(20.3527555416658,39.899191685476,-4.));
#20013=CARTESIAN_POINT('Origin',(62.1112345797339,48.8462195706471,0.));
#20014=CARTESIAN_POINT('',(67.1112191887286,48.8338135311523,-4.));
#20015=CARTESIAN_POINT('',(62.1112345797339,48.8462195706471,-4.));
#20016=CARTESIAN_POINT('',(48.5651246145612,48.8798303891536,-4.));
#20017=CARTESIAN_POINT('',(67.1112191887286,48.8338135311523,0.));
#20018=CARTESIAN_POINT('',(62.1112345797339,48.8462195706471,0.));
#20019=CARTESIAN_POINT('Origin',(59.6004983298737,44.5223089004738,0.));
#20020=CARTESIAN_POINT('',(59.6004983298737,44.5223089004738,-4.));
#20021=CARTESIAN_POINT('',(55.7884708670951,37.9573556035196,-4.));
#20022=CARTESIAN_POINT('',(59.6004983298737,44.5223089004738,0.));
#20023=CARTESIAN_POINT('Origin',(62.0897466890083,40.1859921908058,0.));
#20024=CARTESIAN_POINT('',(62.0897466890083,40.1859921908058,-4.));
#20025=CARTESIAN_POINT('',(58.5028900377384,46.4343628586058,-4.));
#20026=CARTESIAN_POINT('',(62.0897466890083,40.1859921908058,0.));
#20027=CARTESIAN_POINT('Origin',(67.089731298003,40.1735861513111,0.));
#20028=CARTESIAN_POINT('',(67.089731298003,40.1735861513111,-4.));
#20029=CARTESIAN_POINT('',(51.043629028333,40.2133999895649,-4.));
#20030=CARTESIAN_POINT('',(67.089731298003,40.1735861513111,0.));
#20031=CARTESIAN_POINT('Origin',(69.6004675478632,44.4974968214843,0.));
#20032=CARTESIAN_POINT('',(69.6004675478632,44.4974968214843,-4.));
#20033=CARTESIAN_POINT('',(64.5330719601545,35.7705881894435,-4.));
#20034=CARTESIAN_POINT('',(69.6004675478632,44.4974968214843,0.));
#20035=CARTESIAN_POINT('Origin',(67.1112191887286,48.8338135311523,0.));
#20036=CARTESIAN_POINT('',(64.768986717026,52.9140258441183,-4.));
#20037=CARTESIAN_POINT('Origin',(39.9999851305354,39.9875945565517,0.));
#20038=CARTESIAN_POINT('',(37.4892488806752,35.6636838863784,-4.));
#20039=CARTESIAN_POINT('',(39.9999851305354,39.9875945565517,-4.));
#20040=CARTESIAN_POINT('',(39.6437058544196,39.3740216399842,-4.));
#20041=CARTESIAN_POINT('',(37.4892488806752,35.6636838863784,0.));
#20042=CARTESIAN_POINT('',(39.9999851305354,39.9875945565517,0.));
#20043=CARTESIAN_POINT('Origin',(37.5107367714008,44.3239112662197,0.));
#20044=CARTESIAN_POINT('',(37.5107367714008,44.3239112662197,-4.));
#20045=CARTESIAN_POINT('',(37.8631946938722,43.7099230424014,-4.));
#20046=CARTESIAN_POINT('',(37.5107367714008,44.3239112662197,0.));
#20047=CARTESIAN_POINT('Origin',(32.5107521624061,44.3363173057145,0.));
#20048=CARTESIAN_POINT('',(32.5107521624061,44.3363173057145,-4.));
#20049=CARTESIAN_POINT('',(33.7591973044622,44.3332196442314,-4.));
#20050=CARTESIAN_POINT('',(32.5107521624061,44.3363173057145,0.));
#20051=CARTESIAN_POINT('Origin',(30.0000159125459,40.0124066355412,0.));
#20052=CARTESIAN_POINT('',(30.0000159125459,40.0124066355412,-4.));
#20053=CARTESIAN_POINT('',(30.8991047613603,41.5607890540604,-4.));
#20054=CARTESIAN_POINT('',(30.0000159125459,40.0124066355412,0.));
#20055=CARTESIAN_POINT('Origin',(32.4892642716805,35.6760899258732,0.));
#20056=CARTESIAN_POINT('',(32.4892642716805,35.6760899258732,-4.));
#20057=CARTESIAN_POINT('',(31.5970980145846,37.2302600568889,-4.));
#20058=CARTESIAN_POINT('',(32.4892642716805,35.6760899258732,0.));
#20059=CARTESIAN_POINT('Origin',(37.4892488806752,35.6636838863784,0.));
#20060=CARTESIAN_POINT('',(36.2377017182339,35.6667892446427,-4.));
#20061=CARTESIAN_POINT('Origin',(40.4916812288677,61.3999008199479,0.));
#20062=CARTESIAN_POINT('',(45.4916658378624,61.3874947804532,-4.));
#20063=CARTESIAN_POINT('',(40.4916812288677,61.3999008199479,-4.));
#20064=CARTESIAN_POINT('',(37.7708554884966,61.4066517750474,-4.));
#20065=CARTESIAN_POINT('',(45.4916658378624,61.3874947804532,0.));
#20066=CARTESIAN_POINT('',(40.4916812288677,61.3999008199479,0.));
#20067=CARTESIAN_POINT('Origin',(37.9809449790075,57.0759901497747,0.));
#20068=CARTESIAN_POINT('',(37.9809449790075,57.0759901497747,-4.));
#20069=CARTESIAN_POINT('',(34.1689175162289,50.5110368528205,-4.));
#20070=CARTESIAN_POINT('',(37.9809449790075,57.0759901497747,0.));
#20071=CARTESIAN_POINT('Origin',(40.470193338142,52.7396734401067,0.));
#20072=CARTESIAN_POINT('',(40.470193338142,52.7396734401067,-4.));
#20073=CARTESIAN_POINT('',(42.2727174752202,49.5996430343381,-4.));
#20074=CARTESIAN_POINT('',(40.470193338142,52.7396734401067,0.));
#20075=CARTESIAN_POINT('Origin',(45.4701779471368,52.7272674006119,0.));
#20076=CARTESIAN_POINT('',(45.4701779471368,52.7272674006119,-4.));
#20077=CARTESIAN_POINT('',(40.2493599022683,52.7402213754588,-4.));
#20078=CARTESIAN_POINT('',(45.4701779471368,52.7272674006119,0.));
#20079=CARTESIAN_POINT('Origin',(47.9809141969969,57.0511780707852,0.));
#20080=CARTESIAN_POINT('',(47.9809141969969,57.0511780707852,-4.));
#20081=CARTESIAN_POINT('',(42.9135186092882,48.3242694387443,-4.));
#20082=CARTESIAN_POINT('',(47.9809141969969,57.0511780707852,0.));
#20083=CARTESIAN_POINT('Origin',(45.4916658378624,61.3874947804532,0.));
#20084=CARTESIAN_POINT('',(48.5388141545078,56.0793060198506,-4.));
#20085=CARTESIAN_POINT('Origin',(39.0772574243819,73.0701128893899,0.));
#20086=CARTESIAN_POINT('',(44.0772420333766,73.0577068498951,-4.));
#20087=CARTESIAN_POINT('',(39.0772574243819,73.0701128893899,-4.));
#20088=CARTESIAN_POINT('',(37.0781172989975,73.0750731869289,-4.));
#20089=CARTESIAN_POINT('',(44.0772420333766,73.0577068498951,0.));
#20090=CARTESIAN_POINT('',(39.0772574243819,73.0701128893899,0.));
#20091=CARTESIAN_POINT('Origin',(36.5665211745217,68.7462022192166,0.));
#20092=CARTESIAN_POINT('',(36.5665211745217,68.7462022192166,-4.));
#20093=CARTESIAN_POINT('',(30.3989355559466,58.1245810645257,-4.));
#20094=CARTESIAN_POINT('',(36.5665211745217,68.7462022192166,0.));
#20095=CARTESIAN_POINT('Origin',(39.0557695336563,64.4098855095486,0.));
#20096=CARTESIAN_POINT('',(39.0557695336563,64.4098855095486,-4.));
#20097=CARTESIAN_POINT('',(43.5529840649085,56.5756545669957,-4.));
#20098=CARTESIAN_POINT('',(39.0557695336563,64.4098855095486,0.));
#20099=CARTESIAN_POINT('Origin',(44.055754142651,64.3974794700539,0.));
#20100=CARTESIAN_POINT('',(44.055754142651,64.3974794700539,-4.));
#20101=CARTESIAN_POINT('',(39.5566217127693,64.4086427873402,-4.));
#20102=CARTESIAN_POINT('',(44.055754142651,64.3974794700539,0.));
#20103=CARTESIAN_POINT('Origin',(46.5664903925112,68.7213901402271,0.));
#20104=CARTESIAN_POINT('',(46.5664903925112,68.7213901402271,-4.));
#20105=CARTESIAN_POINT('',(39.143536649006,55.9378136504496,-4.));
#20106=CARTESIAN_POINT('',(46.5664903925112,68.7213901402271,0.));
#20107=CARTESIAN_POINT('Origin',(44.0772420333766,73.0577068498951,0.));
#20108=CARTESIAN_POINT('',(49.8190807441961,63.0553175525082,-4.));
#20109=CARTESIAN_POINT('Origin',(47.0581864908435,90.1336964036233,0.));
#20110=CARTESIAN_POINT('',(52.0581710998382,90.1212903641286,-4.));
#20111=CARTESIAN_POINT('',(47.0581864908435,90.1336964036233,-4.));
#20112=CARTESIAN_POINT('',(41.0897754830319,90.1485053177449,-4.));
#20113=CARTESIAN_POINT('',(52.0581710998382,90.1212903641286,0.));
#20114=CARTESIAN_POINT('',(47.0581864908435,90.1336964036233,0.));
#20115=CARTESIAN_POINT('Origin',(44.5474502409833,85.8097857334501,0.));
#20116=CARTESIAN_POINT('',(44.5474502409833,85.8097857334501,-4.));
#20117=CARTESIAN_POINT('',(33.6687483108152,67.0748288632858,-4.));
#20118=CARTESIAN_POINT('',(44.5474502409833,85.8097857334501,0.));
#20119=CARTESIAN_POINT('Origin',(47.0366986001179,81.4734690237821,0.));
#20120=CARTESIAN_POINT('',(47.0366986001179,81.4734690237821,-4.));
#20121=CARTESIAN_POINT('',(54.2286035255442,68.9450375444449,-4.));
#20122=CARTESIAN_POINT('',(47.0366986001179,81.4734690237821,0.));
#20123=CARTESIAN_POINT('Origin',(52.0366832091126,81.4610629842873,0.));
#20124=CARTESIAN_POINT('',(52.0366832091126,81.4610629842873,-4.));
#20125=CARTESIAN_POINT('',(43.5682798968036,81.4820749181563,-4.));
#20126=CARTESIAN_POINT('',(52.0366832091126,81.4610629842873,0.));
#20127=CARTESIAN_POINT('Origin',(54.5474194589727,85.7849736544606,0.));
#20128=CARTESIAN_POINT('',(54.5474194589727,85.7849736544606,-4.));
#20129=CARTESIAN_POINT('',(42.4133494038745,64.8880614492097,-4.));
#20130=CARTESIAN_POINT('',(54.5474194589727,85.7849736544606,0.));
#20131=CARTESIAN_POINT('Origin',(52.0581710998382,90.1212903641286,0.));
#20132=CARTESIAN_POINT('',(60.4947002048318,75.4247005299574,-4.));
#20133=CARTESIAN_POINT('Origin',(9.47677500705407,68.5602106244573,0.));
#20134=CARTESIAN_POINT('',(14.4767596160488,68.5478045849625,-4.));
#20135=CARTESIAN_POINT('',(9.47677500705407,68.5602106244573,-4.));
#20136=CARTESIAN_POINT('',(22.2721899888985,68.5284624420067,-4.));
#20137=CARTESIAN_POINT('',(14.4767596160488,68.5478045849625,0.));
#20138=CARTESIAN_POINT('',(9.47677500705407,68.5602106244573,0.));
#20139=CARTESIAN_POINT('Origin',(6.96603875719391,64.236299954284,0.));
#20140=CARTESIAN_POINT('',(6.96603875719391,64.236299954284,-4.));
#20141=CARTESIAN_POINT('',(5.50956945021178,61.7280145150665,-4.));
#20142=CARTESIAN_POINT('',(6.96603875719391,64.236299954284,0.));
#20143=CARTESIAN_POINT('Origin',(9.45528711632845,59.899983244616,0.));
#20144=CARTESIAN_POINT('',(9.45528711632845,59.899983244616,-4.));
#20145=CARTESIAN_POINT('',(16.6471920417548,47.3715517652788,-4.));
#20146=CARTESIAN_POINT('',(9.45528711632845,59.899983244616,0.));
#20147=CARTESIAN_POINT('Origin',(14.4552717253232,59.8875772051212,0.));
#20148=CARTESIAN_POINT('',(14.4552717253232,59.8875772051212,-4.));
#20149=CARTESIAN_POINT('',(24.7506944026703,59.862032042418,-4.));
#20150=CARTESIAN_POINT('',(14.4552717253232,59.8875772051212,0.));
#20151=CARTESIAN_POINT('Origin',(16.9660079751833,64.2114878752945,0.));
#20152=CARTESIAN_POINT('',(16.9660079751833,64.2114878752945,-4.));
#20153=CARTESIAN_POINT('',(14.2541705432711,59.5412471009904,-4.));
#20154=CARTESIAN_POINT('',(16.9660079751833,64.2114878752945,0.));
#20155=CARTESIAN_POINT('Origin',(14.4767596160488,68.5478045849625,0.));
#20156=CARTESIAN_POINT('',(22.9132887210424,53.8512147507913,-4.));
#20157=CARTESIAN_POINT('Origin',(26.7494448996027,82.5,0.));
#20158=CARTESIAN_POINT('',(24.3423206946028,86.693254913309,-4.));
#20159=CARTESIAN_POINT('',(26.7494448996027,82.5,-4.));
#20160=CARTESIAN_POINT('',(36.6771022962704,65.205837085699,-4.));
#20161=CARTESIAN_POINT('',(24.3423206946028,86.693254913309,0.));
#20162=CARTESIAN_POINT('',(26.7494448996027,82.5,0.));
#20163=CARTESIAN_POINT('Origin',(31.9218281297459,82.5,0.));
#20164=CARTESIAN_POINT('',(31.9218281297459,82.5,-4.));
#20165=CARTESIAN_POINT('',(33.460914064873,82.5,-4.));
#20166=CARTESIAN_POINT('',(31.9218281297459,82.5,0.));
#20167=CARTESIAN_POINT('Origin',(34.3422899125923,86.6684428343195,0.));
#20168=CARTESIAN_POINT('',(34.3422899125923,86.6684428343195,-4.));
#20169=CARTESIAN_POINT('',(24.5637780132906,69.8281984868053,-4.));
#20170=CARTESIAN_POINT('',(34.3422899125923,86.6684428343195,0.));
#20171=CARTESIAN_POINT('Origin',(31.8530415534577,91.0047595439875,0.));
#20172=CARTESIAN_POINT('',(31.8530415534577,91.0047595439875,-4.));
#20173=CARTESIAN_POINT('',(42.9842610526254,71.613969173032,-4.));
#20174=CARTESIAN_POINT('',(31.8530415534577,91.0047595439875,0.));
#20175=CARTESIAN_POINT('Origin',(26.853056944463,91.0171655834822,0.));
#20176=CARTESIAN_POINT('',(26.853056944463,91.0171655834822,-4.));
#20177=CARTESIAN_POINT('',(30.9882445464661,91.0069052917573,-4.));
#20178=CARTESIAN_POINT('',(26.853056944463,91.0171655834822,0.));
#20179=CARTESIAN_POINT('Origin',(24.3423206946028,86.693254913309,0.));
#20180=CARTESIAN_POINT('',(15.8191769202312,72.0149659008814,-4.));
#20181=CARTESIAN_POINT('Origin',(18.8721278780014,73.9535820692488,0.));
#20182=CARTESIAN_POINT('',(23.8721124869961,73.941176029754,-4.));
#20183=CARTESIAN_POINT('',(18.8721278780014,73.9535820692488,-4.));
#20184=CARTESIAN_POINT('',(26.9765863624319,73.9334731609412,-4.));
#20185=CARTESIAN_POINT('',(23.8721124869961,73.941176029754,0.));
#20186=CARTESIAN_POINT('',(18.8721278780014,73.9535820692488,0.));
#20187=CARTESIAN_POINT('Origin',(16.3613916281413,69.6296713990755,0.));
#20188=CARTESIAN_POINT('',(16.3613916281413,69.6296713990755,-4.));
#20189=CARTESIAN_POINT('',(12.5493641653626,63.0647181021213,-4.));
#20190=CARTESIAN_POINT('',(16.3613916281413,69.6296713990755,0.));
#20191=CARTESIAN_POINT('Origin',(18.8506399872758,65.2933546894075,0.));
#20192=CARTESIAN_POINT('',(18.8506399872758,65.2933546894075,-4.));
#20193=CARTESIAN_POINT('',(26.0425449127021,52.7649232100703,-4.));
#20194=CARTESIAN_POINT('',(18.8506399872758,65.2933546894075,0.));
#20195=CARTESIAN_POINT('Origin',(23.8506245962705,65.2809486499128,0.));
#20196=CARTESIAN_POINT('',(23.8506245962705,65.2809486499128,-4.));
#20197=CARTESIAN_POINT('',(29.4550907762036,65.2670427613526,-4.));
#20198=CARTESIAN_POINT('',(23.8506245962705,65.2809486499128,0.));
#20199=CARTESIAN_POINT('Origin',(26.3613608461307,69.604859320086,0.));
#20200=CARTESIAN_POINT('',(26.3613608461307,69.604859320086,-4.));
#20201=CARTESIAN_POINT('',(21.293965258422,60.8779506880452,-4.));
#20202=CARTESIAN_POINT('',(26.3613608461307,69.604859320086,0.));
#20203=CARTESIAN_POINT('Origin',(23.8721124869961,73.941176029754,0.));
#20204=CARTESIAN_POINT('',(32.3086415919897,59.2445861955828,-4.));
#20205=CARTESIAN_POINT('Origin',(6.64792739808252,91.9006347633411,0.));
#20206=CARTESIAN_POINT('',(11.6479120070772,91.8882287238464,-4.));
#20207=CARTESIAN_POINT('',(6.64792739808252,91.9006347633411,-4.));
#20208=CARTESIAN_POINT('',(20.8867136099005,91.8653052657696,-4.));
#20209=CARTESIAN_POINT('',(11.6479120070772,91.8882287238464,0.));
#20210=CARTESIAN_POINT('',(6.64792739808252,91.9006347633411,0.));
#20211=CARTESIAN_POINT('Origin',(4.13719114822235,87.5767240931679,0.));
#20212=CARTESIAN_POINT('',(4.13719114822235,87.5767240931679,-4.));
#20213=CARTESIAN_POINT('',(-2.03039447035277,76.955102938477,-4.));
#20214=CARTESIAN_POINT('',(4.13719114822235,87.5767240931679,0.));
#20215=CARTESIAN_POINT('Origin',(6.6264395073569,83.2404073834999,0.));
#20216=CARTESIAN_POINT('',(6.6264395073569,83.2404073834999,-4.));
#20217=CARTESIAN_POINT('',(19.2077252211313,61.3235748305941,-4.));
#20218=CARTESIAN_POINT('',(6.6264395073569,83.2404073834999,0.));
#20219=CARTESIAN_POINT('Origin',(11.6264241163516,83.2280013440051,0.));
#20220=CARTESIAN_POINT('',(11.6264241163516,83.2280013440051,-4.));
#20221=CARTESIAN_POINT('',(23.3652180236723,83.198874866181,-4.));
#20222=CARTESIAN_POINT('',(11.6264241163516,83.2280013440051,0.));
#20223=CARTESIAN_POINT('Origin',(14.1371603662118,87.5519120141784,0.));
#20224=CARTESIAN_POINT('',(14.1371603662118,87.5519120141784,-4.));
#20225=CARTESIAN_POINT('',(6.71420662270658,74.7683355244009,-4.));
#20226=CARTESIAN_POINT('',(14.1371603662118,87.5519120141784,0.));
#20227=CARTESIAN_POINT('Origin',(11.6479120070772,91.8882287238464,0.));
#20228=CARTESIAN_POINT('',(25.4738219004189,67.8032378161066,-4.));
#20229=CARTESIAN_POINT('Origin',(49.887034099815,66.7932722647394,0.));
#20230=CARTESIAN_POINT('',(54.8870187088097,66.7808662252447,-4.));
#20231=CARTESIAN_POINT('',(49.887034099815,66.7932722647394,-4.));
#20232=CARTESIAN_POINT('',(42.4752518620299,66.811662493982,-4.));
#20233=CARTESIAN_POINT('',(54.8870187088097,66.7808662252447,0.));
#20234=CARTESIAN_POINT('',(49.887034099815,66.7932722647394,0.));
#20235=CARTESIAN_POINT('Origin',(47.3762978499548,62.4693615945662,0.));
#20236=CARTESIAN_POINT('',(47.3762978499548,62.4693615945662,-4.));
#20237=CARTESIAN_POINT('',(41.2087122313797,51.8477404398753,-4.));
#20238=CARTESIAN_POINT('',(47.3762978499548,62.4693615945662,0.));
#20239=CARTESIAN_POINT('Origin',(49.8655462090894,58.1330448848982,0.));
#20240=CARTESIAN_POINT('',(49.8655462090894,58.1330448848982,-4.));
#20241=CARTESIAN_POINT('',(51.6680703461676,54.9930144791296,-4.));
#20242=CARTESIAN_POINT('',(49.8655462090894,58.1330448848982,0.));
#20243=CARTESIAN_POINT('Origin',(54.8655308180841,58.1206388454034,0.));
#20244=CARTESIAN_POINT('',(54.8655308180841,58.1206388454034,-4.));
#20245=CARTESIAN_POINT('',(44.9537562758016,58.1452320943933,-4.));
#20246=CARTESIAN_POINT('',(54.8655308180841,58.1206388454034,0.));
#20247=CARTESIAN_POINT('Origin',(57.3762670679443,62.4445495155767,0.));
#20248=CARTESIAN_POINT('',(57.3762670679443,62.4445495155767,-4.));
#20249=CARTESIAN_POINT('',(49.9533133244391,49.6609730257992,-4.));
#20250=CARTESIAN_POINT('',(57.3762670679443,62.4445495155767,0.));
#20251=CARTESIAN_POINT('Origin',(54.8870187088097,66.7808662252447,0.));
#20252=CARTESIAN_POINT('',(57.9341670254552,61.4726774646421,-4.));
#20253=CARTESIAN_POINT('Origin',(20.2865516824872,62.2833699998068,0.));
#20254=CARTESIAN_POINT('',(25.2865362914819,62.2709639603121,-4.));
#20255=CARTESIAN_POINT('',(20.2865516824872,62.2833699998068,-4.));
#20256=CARTESIAN_POINT('',(27.6693245519308,62.2650517490598,-4.));
#20257=CARTESIAN_POINT('',(25.2865362914819,62.2709639603121,0.));
#20258=CARTESIAN_POINT('',(20.2865516824872,62.2833699998068,0.));
#20259=CARTESIAN_POINT('Origin',(17.775815432627,57.9594593296336,0.));
#20260=CARTESIAN_POINT('',(17.775815432627,57.9594593296336,-4.));
#20261=CARTESIAN_POINT('',(16.3193461256449,55.4511738904161,-4.));
#20262=CARTESIAN_POINT('',(17.775815432627,57.9594593296336,0.));
#20263=CARTESIAN_POINT('Origin',(20.2650637917616,53.6231426199656,0.));
#20264=CARTESIAN_POINT('',(20.2650637917616,53.6231426199656,-4.));
#20265=CARTESIAN_POINT('',(24.7622783230138,45.7889116774127,-4.));
#20266=CARTESIAN_POINT('',(20.2650637917616,53.6231426199656,0.));
#20267=CARTESIAN_POINT('Origin',(25.2650484007563,53.6107365804708,0.));
#20268=CARTESIAN_POINT('',(25.2650484007563,53.6107365804708,-4.));
#20269=CARTESIAN_POINT('',(30.1478289657026,53.5986213494711,-4.));
#20270=CARTESIAN_POINT('',(25.2650484007563,53.6107365804708,0.));
#20271=CARTESIAN_POINT('Origin',(27.7757846506165,57.9346472506441,0.));
#20272=CARTESIAN_POINT('',(27.7757846506165,57.9346472506441,-4.));
#20273=CARTESIAN_POINT('',(25.0639472187043,53.2644064763399,-4.));
#20274=CARTESIAN_POINT('',(27.7757846506165,57.9346472506441,0.));
#20275=CARTESIAN_POINT('Origin',(25.2865362914819,62.2709639603121,0.));
#20276=CARTESIAN_POINT('',(31.0283750023014,52.2685746629252,-4.));
#20277=CARTESIAN_POINT('Origin',(41.9061050333534,49.729688750506,0.));
#20278=CARTESIAN_POINT('',(46.9060896423482,49.7172827110112,-4.));
#20279=CARTESIAN_POINT('',(41.9061050333534,49.729688750506,-4.));
#20280=CARTESIAN_POINT('',(38.4635936779955,49.7382303631659,-4.));
#20281=CARTESIAN_POINT('',(46.9060896423482,49.7172827110112,0.));
#20282=CARTESIAN_POINT('',(41.9061050333534,49.729688750506,0.));
#20283=CARTESIAN_POINT('Origin',(39.3953687834933,45.4057780803327,0.));
#20284=CARTESIAN_POINT('',(39.3953687834933,45.4057780803327,-4.));
#20285=CARTESIAN_POINT('',(37.9388994765111,42.8974926411152,-4.));
#20286=CARTESIAN_POINT('',(39.3953687834933,45.4057780803327,0.));
#20287=CARTESIAN_POINT('Origin',(41.8846171426278,41.0694613706647,0.));
#20288=CARTESIAN_POINT('',(41.8846171426278,41.0694613706647,-4.));
#20289=CARTESIAN_POINT('',(40.992450885532,42.6236315016804,-4.));
#20290=CARTESIAN_POINT('',(41.8846171426278,41.0694613706647,0.));
#20291=CARTESIAN_POINT('Origin',(46.8846017516225,41.05705533117,0.));
#20292=CARTESIAN_POINT('',(46.8846017516225,41.05705533117,-4.));
#20293=CARTESIAN_POINT('',(40.9420980917673,41.0717999635773,-4.));
#20294=CARTESIAN_POINT('',(46.8846017516225,41.05705533117,0.));
#20295=CARTESIAN_POINT('Origin',(49.3953380014827,45.3809660013432,0.));
#20296=CARTESIAN_POINT('',(49.3953380014827,45.3809660013432,-4.));
#20297=CARTESIAN_POINT('',(46.6835005695705,40.7107252270391,-4.));
#20298=CARTESIAN_POINT('',(49.3953380014827,45.3809660013432,0.));
#20299=CARTESIAN_POINT('Origin',(46.9060896423482,49.7172827110112,0.));
#20300=CARTESIAN_POINT('',(47.2585475648196,49.1032944871929,-4.));
#20301=CARTESIAN_POINT('Origin',(52.7158817087866,43.4528481258555,0.));
#20302=CARTESIAN_POINT('',(57.7158663177813,43.4404420863608,-4.));
#20303=CARTESIAN_POINT('',(52.7158817087866,43.4528481258555,-4.));
#20304=CARTESIAN_POINT('',(43.8607282410279,43.474819670219,-4.));
#20305=CARTESIAN_POINT('',(57.7158663177813,43.4404420863608,0.));
#20306=CARTESIAN_POINT('',(52.7158817087866,43.4528481258555,0.));
#20307=CARTESIAN_POINT('Origin',(50.2051454589264,39.1289374556823,0.));
#20308=CARTESIAN_POINT('',(50.2051454589264,39.1289374556823,-4.));
#20309=CARTESIAN_POINT('',(48.7486761519443,36.6206520164648,-4.));
#20310=CARTESIAN_POINT('',(50.2051454589264,39.1289374556823,0.));
#20311=CARTESIAN_POINT('Origin',(52.6943938180609,34.7926207460143,0.));
#20312=CARTESIAN_POINT('',(52.6943938180609,34.7926207460143,-4.));
#20313=CARTESIAN_POINT('',(49.107537166791,41.0409914138143,-4.));
#20314=CARTESIAN_POINT('',(52.6943938180609,34.7926207460143,0.));
#20315=CARTESIAN_POINT('Origin',(57.6943784270557,34.7802147065195,0.));
#20316=CARTESIAN_POINT('',(57.6943784270557,34.7802147065195,-4.));
#20317=CARTESIAN_POINT('',(46.3392326547996,34.8083892706304,-4.));
#20318=CARTESIAN_POINT('',(57.6943784270557,34.7802147065195,0.));
#20319=CARTESIAN_POINT('Origin',(60.2051146769158,39.1041253766928,0.));
#20320=CARTESIAN_POINT('',(60.2051146769158,39.1041253766928,-4.));
#20321=CARTESIAN_POINT('',(57.4932772450036,34.4338846023887,-4.));
#20322=CARTESIAN_POINT('',(60.2051146769158,39.1041253766928,0.));
#20323=CARTESIAN_POINT('Origin',(57.7158663177813,43.4404420863608,0.));
#20324=CARTESIAN_POINT('',(55.3736338460786,47.5206543993268,-4.));
#20325=CARTESIAN_POINT('Origin',(13.7200464205114,33.5495744161314,0.));
#20326=CARTESIAN_POINT('',(18.7200310295061,33.5371683766367,-4.));
#20327=CARTESIAN_POINT('',(13.7200464205114,33.5495744161314,-4.));
#20328=CARTESIAN_POINT('',(24.3504045573955,33.5231982063622,-4.));
#20329=CARTESIAN_POINT('',(18.7200310295061,33.5371683766367,0.));
#20330=CARTESIAN_POINT('',(13.7200464205114,33.5495744161314,0.));
#20331=CARTESIAN_POINT('Origin',(13.,32.3095332127423,0.));
#20332=CARTESIAN_POINT('',(11.2093101706512,29.2256637459582,-4.));
#20333=CARTESIAN_POINT('',(17.714860245733,40.4293166133428,-4.));
#20334=CARTESIAN_POINT('',(11.2093101706512,29.2256637459582,0.));
#20335=CARTESIAN_POINT('Origin',(13.6985585297858,24.8893470362902,0.));
#20336=CARTESIAN_POINT('',(13.6985585297858,24.8893470362902,-4.));
#20337=CARTESIAN_POINT('',(12.8063922726899,26.4435171673059,-4.));
#20338=CARTESIAN_POINT('',(13.6985585297858,24.8893470362902,0.));
#20339=CARTESIAN_POINT('Origin',(18.6985431387805,24.8769409967954,0.));
#20340=CARTESIAN_POINT('',(18.6985431387805,24.8769409967954,-4.));
#20341=CARTESIAN_POINT('',(26.8289089711673,24.8567678067736,-4.));
#20342=CARTESIAN_POINT('',(18.6985431387805,24.8769409967954,0.));
#20343=CARTESIAN_POINT('Origin',(21.2092793886407,29.2008516669687,0.));
#20344=CARTESIAN_POINT('',(21.2092793886407,29.2008516669687,-4.));
#20345=CARTESIAN_POINT('',(25.5641164241179,36.7006144658746,-4.));
#20346=CARTESIAN_POINT('',(21.2092793886407,29.2008516669687,0.));
#20347=CARTESIAN_POINT('Origin',(18.7200310295061,33.5371683766367,0.));
#20348=CARTESIAN_POINT('',(19.0724889519775,32.9231801528184,-4.));
#20349=CARTESIAN_POINT('Origin',(40.9157355277653,0.655074297104999,0.));
#20350=CARTESIAN_POINT('',(36.7325356851378,0.66545371754736,-4.));
#20351=CARTESIAN_POINT('',(40.9157355277653,0.655074297104999,-4.));
#20352=CARTESIAN_POINT('',(37.9075239035474,0.662538318524479,-4.));
#20353=CARTESIAN_POINT('',(36.7325356851378,0.66545371754736,0.));
#20354=CARTESIAN_POINT('',(40.9157355277653,0.655074297104999,0.));
#20355=CARTESIAN_POINT('Origin',(41.7540081848581,9.31327505789386,0.));
#20356=CARTESIAN_POINT('',(43.6603138354969,5.99245533483763,-4.));
#20357=CARTESIAN_POINT('',(41.7540081848581,9.31327505789386,-4.));
#20358=CARTESIAN_POINT('',(34.0223949248074,22.7818884444285,-4.));
#20359=CARTESIAN_POINT('',(43.6603138354969,5.99245533483763,0.));
#20360=CARTESIAN_POINT('',(41.7540081848581,9.31327505789386,0.));
#20361=CARTESIAN_POINT('Origin',(36.7540235758634,9.32568109738861,0.));
#20362=CARTESIAN_POINT('',(36.7540235758634,9.32568109738861,-4.));
#20363=CARTESIAN_POINT('',(35.8374118729592,9.32795540858691,-4.));
#20364=CARTESIAN_POINT('',(36.7540235758634,9.32568109738861,0.));
#20365=CARTESIAN_POINT('Origin',(34.2432873260032,5.00177042721536,0.));
#20366=CARTESIAN_POINT('',(34.2432873260032,5.00177042721536,-4.));
#20367=CARTESIAN_POINT('',(42.2090506422071,18.7201564189446,-4.));
#20368=CARTESIAN_POINT('',(34.2432873260032,5.00177042721536,0.));
#20369=CARTESIAN_POINT('Origin',(36.7325356851378,0.66545371754736,0.));
#20370=CARTESIAN_POINT('',(27.7562982455197,16.302225458916,-4.));
#20371=CARTESIAN_POINT('Origin',(44.734952642325,26.3892646116221,0.));
#20372=CARTESIAN_POINT('',(49.7349372513197,26.3768585721273,-4.));
#20373=CARTESIAN_POINT('',(44.734952642325,26.3892646116221,-4.));
#20374=CARTESIAN_POINT('',(39.8490700569936,26.401387539403,-4.));
#20375=CARTESIAN_POINT('',(49.7349372513197,26.3768585721273,0.));
#20376=CARTESIAN_POINT('',(44.734952642325,26.3892646116221,0.));
#20377=CARTESIAN_POINT('Origin',(42.2242163924648,22.0653539414488,0.));
#20378=CARTESIAN_POINT('',(42.2242163924648,22.0653539414488,-4.));
#20379=CARTESIAN_POINT('',(45.4788633970757,27.6704042177047,-4.));
#20380=CARTESIAN_POINT('',(42.2242163924648,22.0653539414488,0.));
#20381=CARTESIAN_POINT('Origin',(44.7134647515994,17.7290372317808,0.));
#20382=CARTESIAN_POINT('',(44.7134647515994,17.7290372317808,-4.));
#20383=CARTESIAN_POINT('',(38.4319177061554,28.6716084363652,-4.));
#20384=CARTESIAN_POINT('',(44.7134647515994,17.7290372317808,0.));
#20385=CARTESIAN_POINT('Origin',(49.7134493605941,17.7166311922861,0.));
#20386=CARTESIAN_POINT('',(49.7134493605941,17.7166311922861,-4.));
#20387=CARTESIAN_POINT('',(42.3275744707653,17.7349571398143,-4.));
#20388=CARTESIAN_POINT('',(49.7134493605941,17.7166311922861,0.));
#20389=CARTESIAN_POINT('Origin',(52.2241856104543,22.0405418624593,0.));
#20390=CARTESIAN_POINT('',(52.2241856104543,22.0405418624593,-4.));
#20391=CARTESIAN_POINT('',(54.223464490135,25.4836368036285,-4.));
#20392=CARTESIAN_POINT('',(52.2241856104543,22.0405418624593,0.));
#20393=CARTESIAN_POINT('Origin',(49.7349372513197,26.3768585721273,0.));
#20394=CARTESIAN_POINT('',(44.698014385443,35.1512714218776,-4.));
#20395=CARTESIAN_POINT('Origin',(56.9591531222439,8.44221191752971,0.));
#20396=CARTESIAN_POINT('',(61.9591377312386,8.42980587803495,-4.));
#20397=CARTESIAN_POINT('',(56.9591531222439,8.44221191752971,-4.));
#20398=CARTESIAN_POINT('',(45.9389428095249,8.46955543457457,-4.));
#20399=CARTESIAN_POINT('',(61.9591377312386,8.42980587803495,0.));
#20400=CARTESIAN_POINT('',(56.9591531222439,8.44221191752971,0.));
#20401=CARTESIAN_POINT('Origin',(54.4484168723837,4.11830124735646,0.));
#20402=CARTESIAN_POINT('',(54.4484168723837,4.11830124735646,-4.));
#20403=CARTESIAN_POINT('',(60.0586220327911,13.780019381349,-4.));
#20404=CARTESIAN_POINT('',(54.4484168723837,4.11830124735646,0.));
#20405=CARTESIAN_POINT('Origin',(56.8125141717225,-4.44089209850063E-15,
0.));
#20406=CARTESIAN_POINT('',(56.8125141717225,-4.44089209850063E-15,-4.));
#20407=CARTESIAN_POINT('',(45.2041618678283,20.2219645469972,-4.));
#20408=CARTESIAN_POINT('',(56.8125141717225,-4.44089209850063E-15,0.));
#20409=CARTESIAN_POINT('Origin',(62.0714471507403,0.,0.));
#20410=CARTESIAN_POINT('',(62.0714471507403,-3.64291929955129E-15,-4.));
#20411=CARTESIAN_POINT('',(48.5357235753701,0.,-4.));
#20412=CARTESIAN_POINT('',(62.0714471507403,-3.64291929955129E-15,0.));
#20413=CARTESIAN_POINT('Origin',(64.4483860903732,4.09348916836695,0.));
#20414=CARTESIAN_POINT('',(64.4483860903732,4.09348916836695,-4.));
#20415=CARTESIAN_POINT('',(68.8032231258504,11.5932519672728,-4.));
#20416=CARTESIAN_POINT('',(64.4483860903732,4.09348916836695,0.));
#20417=CARTESIAN_POINT('Origin',(61.9591377312386,8.42980587803495,0.));
#20418=CARTESIAN_POINT('',(51.5328340770138,26.5926198013539,-4.));
#20419=CARTESIAN_POINT('Origin',(71.5065874506813,54.2395910154386,0.));
#20420=CARTESIAN_POINT('',(76.506572059676,54.2271849759438,-4.));
#20421=CARTESIAN_POINT('',(71.5065874506813,54.2395910154386,-4.));
#20422=CARTESIAN_POINT('',(53.2695209880946,54.2848411080881,-4.));
#20423=CARTESIAN_POINT('',(76.506572059676,54.2271849759438,0.));
#20424=CARTESIAN_POINT('',(71.5065874506813,54.2395910154386,0.));
#20425=CARTESIAN_POINT('Origin',(68.9958512008211,49.9156803452653,0.));
#20426=CARTESIAN_POINT('',(68.9958512008211,49.9156803452653,-4.));
#20427=CARTESIAN_POINT('',(62.828265582246,39.2940591905745,-4.));
#20428=CARTESIAN_POINT('',(68.9958512008211,49.9156803452653,0.));
#20429=CARTESIAN_POINT('Origin',(71.4850995599556,45.5793636355973,0.));
#20430=CARTESIAN_POINT('',(71.4850995599556,45.5793636355973,-4.));
#20431=CARTESIAN_POINT('',(67.8982429086857,51.8277343033974,-4.));
#20432=CARTESIAN_POINT('',(71.4850995599556,45.5793636355973,0.));
#20433=CARTESIAN_POINT('Origin',(76.4850841689504,45.5669575961026,0.));
#20434=CARTESIAN_POINT('',(76.4850841689504,45.5669575961026,-4.));
#20435=CARTESIAN_POINT('',(55.7480254018663,45.6184107084995,-4.));
#20436=CARTESIAN_POINT('',(76.4850841689504,45.5669575961026,0.));
#20437=CARTESIAN_POINT('Origin',(78.9958204188105,49.8908682662758,0.));
#20438=CARTESIAN_POINT('',(78.9958204188105,49.8908682662758,-4.));
#20439=CARTESIAN_POINT('',(71.5728666753053,37.1072917764983,-4.));
#20440=CARTESIAN_POINT('',(78.9958204188105,49.8908682662758,0.));
#20441=CARTESIAN_POINT('Origin',(76.506572059676,54.2271849759438,0.));
#20442=CARTESIAN_POINT('',(74.1643395879733,58.3073972889099,-4.));
#20443=CARTESIAN_POINT('Origin',(68.,76.4128330047305,0.));
#20444=CARTESIAN_POINT('',(68.6777398417097,77.5800151543225,-4.));
#20445=CARTESIAN_POINT('',(68.,76.4128330047305,-4.));
#20446=CARTESIAN_POINT('',(56.2047998657567,56.0995118742756,-4.));
#20447=CARTESIAN_POINT('',(68.6777398417097,77.5800151543225,0.));
#20448=CARTESIAN_POINT('',(68.,76.4128330047305,0.));
#20449=CARTESIAN_POINT('Origin',(68.,75.,0.));
#20450=CARTESIAN_POINT('',(68.,75.,-4.));
#20451=CARTESIAN_POINT('',(68.,58.125,-4.));
#20452=CARTESIAN_POINT('',(68.,75.,0.));
#20453=CARTESIAN_POINT('Origin',(67.1796197214607,75.,0.));
#20454=CARTESIAN_POINT('',(67.1796197214607,75.,-4.));
#20455=CARTESIAN_POINT('',(51.0898098607303,75.,-4.));
#20456=CARTESIAN_POINT('',(67.1796197214607,75.,0.));
#20457=CARTESIAN_POINT('Origin',(66.1670035918496,73.2561044841492,0.));
#20458=CARTESIAN_POINT('',(66.1670035918496,73.2561044841492,-4.));
#20459=CARTESIAN_POINT('',(55.2883016616815,54.521147613985,-4.));
#20460=CARTESIAN_POINT('',(66.1670035918496,73.2561044841492,0.));
#20461=CARTESIAN_POINT('Origin',(68.6562519509841,68.9197877744812,0.));
#20462=CARTESIAN_POINT('',(68.6562519509841,68.9197877744812,-4.));
#20463=CARTESIAN_POINT('',(70.4587760880623,65.7797573687127,-4.));
#20464=CARTESIAN_POINT('',(68.6562519509841,68.9197877744812,0.));
#20465=CARTESIAN_POINT('Origin',(73.6562365599788,68.9073817349865,0.));
#20466=CARTESIAN_POINT('',(73.6562365599788,68.9073817349865,-4.));
#20467=CARTESIAN_POINT('',(54.3625490228683,68.9552535322625,-4.));
#20468=CARTESIAN_POINT('',(73.6562365599788,68.9073817349865,0.));
#20469=CARTESIAN_POINT('Origin',(76.166972809839,73.2312924051597,0.));
#20470=CARTESIAN_POINT('',(76.166972809839,73.2312924051597,-4.));
#20471=CARTESIAN_POINT('',(64.0329027547408,52.3343801999088,-4.));
#20472=CARTESIAN_POINT('',(76.166972809839,73.2312924051597,0.));
#20473=CARTESIAN_POINT('Origin',(73.6777244507044,77.5676091148277,0.));
#20474=CARTESIAN_POINT('',(73.6777244507044,77.5676091148277,-4.));
#20475=CARTESIAN_POINT('',(76.7248727673499,72.2594203542251,-4.));
#20476=CARTESIAN_POINT('',(73.6777244507044,77.5676091148277,0.));
#20477=CARTESIAN_POINT('Origin',(68.6777398417097,77.5800151543225,0.));
#20478=CARTESIAN_POINT('',(51.8840446090965,77.6216839318511,-4.));
#20479=CARTESIAN_POINT('Origin',(55.5447293177581,20.1124239869717,0.));
#20480=CARTESIAN_POINT('',(60.5447139267528,20.1000179474769,-4.));
#20481=CARTESIAN_POINT('',(55.5447293177581,20.1124239869717,-4.));
#20482=CARTESIAN_POINT('',(45.2462046200259,20.137976846456,-4.));
#20483=CARTESIAN_POINT('',(60.5447139267528,20.1000179474769,0.));
#20484=CARTESIAN_POINT('',(55.5447293177581,20.1124239869717,0.));
#20485=CARTESIAN_POINT('Origin',(53.0339930678979,15.7885133167984,0.));
#20486=CARTESIAN_POINT('',(53.0339930678979,15.7885133167984,-4.));
#20487=CARTESIAN_POINT('',(56.2886400725088,21.3935635930543,-4.));
#20488=CARTESIAN_POINT('',(53.0339930678979,15.7885133167984,0.));
#20489=CARTESIAN_POINT('Origin',(55.5232414270325,11.4521966071304,0.));
#20490=CARTESIAN_POINT('',(55.5232414270325,11.4521966071304,-4.));
#20491=CARTESIAN_POINT('',(46.5470039874144,27.088968348499,-4.));
#20492=CARTESIAN_POINT('',(55.5232414270325,11.4521966071304,0.));
#20493=CARTESIAN_POINT('Origin',(60.5232260360272,11.4397905676356,0.));
#20494=CARTESIAN_POINT('',(60.5232260360272,11.4397905676356,-4.));
#20495=CARTESIAN_POINT('',(47.7247090337976,11.4715464468674,-4.));
#20496=CARTESIAN_POINT('',(60.5232260360272,11.4397905676356,0.));
#20497=CARTESIAN_POINT('Origin',(63.0339622858874,15.7637012378089,0.));
#20498=CARTESIAN_POINT('',(63.0339622858874,15.7637012378089,-4.));
#20499=CARTESIAN_POINT('',(65.0332411655682,19.2067961789781,-4.));
#20500=CARTESIAN_POINT('',(63.0339622858874,15.7637012378089,0.));
#20501=CARTESIAN_POINT('Origin',(60.5447139267528,20.1000179474769,0.));
#20502=CARTESIAN_POINT('',(52.813100666702,33.5686313340115,-4.));
#20503=CARTESIAN_POINT('Origin',(33.9251759668919,32.6661052362725,0.));
#20504=CARTESIAN_POINT('',(38.9251605758866,32.6536991967778,-4.));
#20505=CARTESIAN_POINT('',(33.9251759668919,32.6661052362725,-4.));
#20506=CARTESIAN_POINT('',(34.4519354939612,32.6647982323499,-4.));
#20507=CARTESIAN_POINT('',(38.9251605758866,32.6536991967778,0.));
#20508=CARTESIAN_POINT('',(33.9251759668919,32.6661052362725,0.));
#20509=CARTESIAN_POINT('Origin',(31.4144397170317,28.3421945660993,0.));
#20510=CARTESIAN_POINT('',(31.4144397170317,28.3421945660993,-4.));
#20511=CARTESIAN_POINT('',(34.6690867216426,33.9472448423551,-4.));
#20512=CARTESIAN_POINT('',(31.4144397170317,28.3421945660993,0.));
#20513=CARTESIAN_POINT('Origin',(33.9036880761662,24.0058778564313,0.));
#20514=CARTESIAN_POINT('',(33.9036880761662,24.0058778564313,-4.));
#20515=CARTESIAN_POINT('',(30.3168314248963,30.2542485242313,-4.));
#20516=CARTESIAN_POINT('',(33.9036880761662,24.0058778564313,0.));
#20517=CARTESIAN_POINT('Origin',(38.903672685161,23.9934718169365,0.));
#20518=CARTESIAN_POINT('',(38.903672685161,23.9934718169365,-4.));
#20519=CARTESIAN_POINT('',(36.930439907733,23.9983678327612,-4.));
#20520=CARTESIAN_POINT('',(38.903672685161,23.9934718169365,0.));
#20521=CARTESIAN_POINT('Origin',(41.4144089350211,28.3173824871097,0.));
#20522=CARTESIAN_POINT('',(41.4144089350211,28.3173824871097,-4.));
#20523=CARTESIAN_POINT('',(43.4136878147019,31.760477428279,-4.));
#20524=CARTESIAN_POINT('',(41.4144089350211,28.3173824871097,0.));
#20525=CARTESIAN_POINT('Origin',(38.9251605758866,32.6536991967778,0.));
#20526=CARTESIAN_POINT('',(36.5829281041839,36.7339115097438,-4.));
#20527=CARTESIAN_POINT('Origin',(16.5488940294829,10.2091502772475,0.));
#20528=CARTESIAN_POINT('',(21.5488786384777,10.1967442377528,-4.));
#20529=CARTESIAN_POINT('',(16.5488940294829,10.2091502772475,-4.));
#20530=CARTESIAN_POINT('',(25.7358809363936,10.1863553825993,-4.));
#20531=CARTESIAN_POINT('',(21.5488786384777,10.1967442377528,0.));
#20532=CARTESIAN_POINT('',(16.5488940294829,10.2091502772475,0.));
#20533=CARTESIAN_POINT('Origin',(14.0381577796228,5.88523960707427,0.));
#20534=CARTESIAN_POINT('',(14.0381577796228,5.88523960707427,-4.));
#20535=CARTESIAN_POINT('',(24.3594792516231,23.6602934565402,-4.));
#20536=CARTESIAN_POINT('',(14.0381577796228,5.88523960707427,0.));
#20537=CARTESIAN_POINT('Origin',(16.5274061387573,1.54892289740626,0.));
#20538=CARTESIAN_POINT('',(16.5274061387573,1.54892289740626,-4.));
#20539=CARTESIAN_POINT('',(10.2458590933133,12.4914941019906,-4.));
#20540=CARTESIAN_POINT('',(16.5274061387573,1.54892289740626,0.));
#20541=CARTESIAN_POINT('Origin',(21.527390747752,1.53651685791151,0.));
#20542=CARTESIAN_POINT('',(21.527390747752,1.53651685791151,-4.));
#20543=CARTESIAN_POINT('',(28.2143853501653,1.51992498301063,-4.));
#20544=CARTESIAN_POINT('',(21.527390747752,1.53651685791151,0.));
#20545=CARTESIAN_POINT('Origin',(24.0381269976122,5.86042752808476,0.));
#20546=CARTESIAN_POINT('',(24.0381269976122,5.86042752808476,-4.));
#20547=CARTESIAN_POINT('',(33.1040803446825,21.473526042464,-4.));
#20548=CARTESIAN_POINT('',(24.0381269976122,5.86042752808476,0.));
#20549=CARTESIAN_POINT('Origin',(21.5488786384777,10.1967442377528,0.));
#20550=CARTESIAN_POINT('',(16.5119557726009,18.9711570875031,-4.));
#20551=CARTESIAN_POINT('Origin',(23.1153992914587,38.9429458609229,0.));
#20552=CARTESIAN_POINT('',(28.1153839004535,38.9305398214282,-4.));
#20553=CARTESIAN_POINT('',(23.1153992914587,38.9429458609229,-4.));
#20554=CARTESIAN_POINT('',(29.0548009309289,38.9282089252968,-4.));
#20555=CARTESIAN_POINT('',(28.1153839004535,38.9305398214282,0.));
#20556=CARTESIAN_POINT('',(23.1153992914587,38.9429458609229,0.));
#20557=CARTESIAN_POINT('Origin',(20.6046630415986,34.6190351907497,0.));
#20558=CARTESIAN_POINT('',(20.6046630415986,34.6190351907497,-4.));
#20559=CARTESIAN_POINT('',(23.8593100462094,40.2240854670055,-4.));
#20560=CARTESIAN_POINT('',(20.6046630415986,34.6190351907497,0.));
#20561=CARTESIAN_POINT('Origin',(23.0939114007331,30.2827184810817,0.));
#20562=CARTESIAN_POINT('',(23.0939114007331,30.2827184810817,-4.));
#20563=CARTESIAN_POINT('',(22.2017451436372,31.8368886120974,-4.));
#20564=CARTESIAN_POINT('',(23.0939114007331,30.2827184810817,0.));
#20565=CARTESIAN_POINT('Origin',(28.0938960097278,30.2703124415869,0.));
#20566=CARTESIAN_POINT('',(28.0938960097278,30.2703124415869,-4.));
#20567=CARTESIAN_POINT('',(31.5333053447006,30.2617785257082,-4.));
#20568=CARTESIAN_POINT('',(28.0938960097278,30.2703124415869,0.));
#20569=CARTESIAN_POINT('Origin',(30.604632259588,34.5942231117602,0.));
#20570=CARTESIAN_POINT('',(30.604632259588,34.5942231117602,-4.));
#20571=CARTESIAN_POINT('',(32.6039111392688,38.0373180529294,-4.));
#20572=CARTESIAN_POINT('',(30.604632259588,34.5942231117602,0.));
#20573=CARTESIAN_POINT('Origin',(28.1153839004535,38.9305398214282,0.));
#20574=CARTESIAN_POINT('',(28.4678418229249,38.3165515976099,-4.));
#20575=CARTESIAN_POINT('Origin',(65.6753074935172,51.843798220753,0.));
#20576=CARTESIAN_POINT('',(62.3164837665132,51.8521321863693,-4.));
#20577=CARTESIAN_POINT('',(65.6753074935172,51.843798220753,-4.));
#20578=CARTESIAN_POINT('',(50.350890838834,51.8818214014464,-4.));
#20579=CARTESIAN_POINT('',(62.3164837665132,51.8521321863693,0.));
#20580=CARTESIAN_POINT('',(65.6753074935172,51.843798220753,0.));
#20581=CARTESIAN_POINT('Origin',(68.1860437433774,56.1677088909263,0.));
#20582=CARTESIAN_POINT('',(68.1860437433774,56.1677088909263,-4.));
#20583=CARTESIAN_POINT('',(60.7630899998722,43.3841324011487,-4.));
#20584=CARTESIAN_POINT('',(68.1860437433774,56.1677088909263,0.));
#20585=CARTESIAN_POINT('Origin',(65.6967953842428,60.5040256005943,0.));
#20586=CARTESIAN_POINT('',(65.6967953842428,60.5040256005943,-4.));
#20587=CARTESIAN_POINT('',(66.0492533067142,59.890037376776,-4.));
#20588=CARTESIAN_POINT('',(65.6967953842428,60.5040256005943,0.));
#20589=CARTESIAN_POINT('Origin',(60.6968107752481,60.516431640089,0.));
#20590=CARTESIAN_POINT('',(60.6968107752481,60.516431640089,-4.));
#20591=CARTESIAN_POINT('',(47.8723864250622,60.548251801035,-4.));
#20592=CARTESIAN_POINT('',(60.6968107752481,60.516431640089,0.));
#20593=CARTESIAN_POINT('Origin',(58.5062849726537,56.7439772886392,0.));
#20594=CARTESIAN_POINT('',(58.5062849726537,56.7439772886392,-4.));
#20595=CARTESIAN_POINT('',(52.1785941304457,45.8466279745866,-4.));
#20596=CARTESIAN_POINT('',(58.5062849726537,56.7439772886392,0.));
#20597=CARTESIAN_POINT('Origin',(21.700975486973,50.6131579303649,0.));
#20598=CARTESIAN_POINT('',(26.7009600959677,50.6007518908701,-4.));
#20599=CARTESIAN_POINT('',(21.700975486973,50.6131579303649,-4.));
#20600=CARTESIAN_POINT('',(28.3620627414299,50.5966303371783,-4.));
#20601=CARTESIAN_POINT('',(26.7009600959677,50.6007518908701,0.));
#20602=CARTESIAN_POINT('',(21.700975486973,50.6131579303649,0.));
#20603=CARTESIAN_POINT('Origin',(19.1902392371128,46.2892472601916,0.));
#20604=CARTESIAN_POINT('',(19.1902392371128,46.2892472601916,-4.));
#20605=CARTESIAN_POINT('',(20.0893280859272,47.8376296787108,-4.));
#20606=CARTESIAN_POINT('',(19.1902392371128,46.2892472601916,0.));
#20607=CARTESIAN_POINT('Origin',(21.6794875962473,41.9529305505236,0.));
#20608=CARTESIAN_POINT('',(21.6794875962473,41.9529305505236,-4.));
#20609=CARTESIAN_POINT('',(23.4820117333255,38.812900144755,-4.));
#20610=CARTESIAN_POINT('',(21.6794875962473,41.9529305505236,0.));
#20611=CARTESIAN_POINT('Origin',(26.6794722052421,41.9405245110289,0.));
#20612=CARTESIAN_POINT('',(26.6794722052421,41.9405245110289,-4.));
#20613=CARTESIAN_POINT('',(30.8405671552016,41.9301999375896,-4.));
#20614=CARTESIAN_POINT('',(26.6794722052421,41.9405245110289,0.));
#20615=CARTESIAN_POINT('Origin',(29.1902084551022,46.2644351812021,0.));
#20616=CARTESIAN_POINT('',(29.1902084551022,46.2644351812021,-4.));
#20617=CARTESIAN_POINT('',(28.8339291789865,45.6508622646347,-4.));
#20618=CARTESIAN_POINT('',(29.1902084551022,46.2644351812021,0.));
#20619=CARTESIAN_POINT('Origin',(26.7009600959677,50.6007518908701,0.));
#20620=CARTESIAN_POINT('',(29.7481084126131,45.2925631302675,-4.));
#20621=CARTESIAN_POINT('Origin',(29.6819045534345,67.6767414445983,0.));
#20622=CARTESIAN_POINT('',(34.6818891624293,67.6643354051036,-4.));
#20623=CARTESIAN_POINT('',(29.6819045534345,67.6767414445983,-4.));
#20624=CARTESIAN_POINT('',(32.3737209254642,67.6700624679943,-4.));
#20625=CARTESIAN_POINT('',(34.6818891624293,67.6643354051036,0.));
#20626=CARTESIAN_POINT('',(29.6819045534345,67.6767414445983,0.));
#20627=CARTESIAN_POINT('Origin',(27.1711683035744,63.3528307744251,0.));
#20628=CARTESIAN_POINT('',(27.1711683035744,63.3528307744251,-4.));
#20629=CARTESIAN_POINT('',(23.3591408407958,56.7878774774709,-4.));
#20630=CARTESIAN_POINT('',(27.1711683035744,63.3528307744251,0.));
#20631=CARTESIAN_POINT('Origin',(29.6604166627089,59.0165140647571,0.));
#20632=CARTESIAN_POINT('',(29.6604166627089,59.0165140647571,-4.));
#20633=CARTESIAN_POINT('',(34.1576311939612,51.1822831222042,-4.));
#20634=CARTESIAN_POINT('',(29.6604166627089,59.0165140647571,0.));
#20635=CARTESIAN_POINT('Origin',(34.6604012717036,59.0041080252623,0.));
#20636=CARTESIAN_POINT('',(34.6604012717036,59.0041080252623,-4.));
#20637=CARTESIAN_POINT('',(34.8522253392359,59.0036320684057,-4.));
#20638=CARTESIAN_POINT('',(34.6604012717036,59.0041080252623,0.));
#20639=CARTESIAN_POINT('Origin',(37.1711375215638,63.3280186954356,0.));
#20640=CARTESIAN_POINT('',(37.1711375215638,63.3280186954356,-4.));
#20641=CARTESIAN_POINT('',(32.1037419338551,54.6011100633948,-4.));
#20642=CARTESIAN_POINT('',(37.1711375215638,63.3280186954356,0.));
#20643=CARTESIAN_POINT('Origin',(34.6818891624293,67.6643354051036,0.));
#20644=CARTESIAN_POINT('',(40.4237278732488,57.6619461077167,-4.));
#20645=CARTESIAN_POINT('Origin',(48.4726102953292,78.4634843341814,0.));
#20646=CARTESIAN_POINT('',(53.472594904324,78.4510782946866,-4.));
#20647=CARTESIAN_POINT('',(48.4726102953292,78.4634843341814,-4.));
#20648=CARTESIAN_POINT('',(41.7825136725309,78.4800839058635,-4.));
#20649=CARTESIAN_POINT('',(53.472594904324,78.4510782946866,0.));
#20650=CARTESIAN_POINT('',(48.4726102953292,78.4634843341814,0.));
#20651=CARTESIAN_POINT('Origin',(45.9618740454691,74.1395736640081,0.));
#20652=CARTESIAN_POINT('',(45.9618740454691,74.1395736640081,-4.));
#20653=CARTESIAN_POINT('',(37.4387302710975,59.4612846515805,-4.));
#20654=CARTESIAN_POINT('',(45.9618740454691,74.1395736640081,0.));
#20655=CARTESIAN_POINT('Origin',(48.4511224046036,69.8032569543401,0.));
#20656=CARTESIAN_POINT('',(48.4511224046036,69.8032569543401,-4.));
#20657=CARTESIAN_POINT('',(52.9483369358559,61.9690260117872,-4.));
#20658=CARTESIAN_POINT('',(48.4511224046036,69.8032569543401,0.));
#20659=CARTESIAN_POINT('Origin',(53.4511070135983,69.7908509148454,0.));
#20660=CARTESIAN_POINT('',(53.4511070135983,69.7908509148454,-4.));
#20661=CARTESIAN_POINT('',(44.2610180863026,69.8136535062748,-4.));
#20662=CARTESIAN_POINT('',(53.4511070135983,69.7908509148454,0.));
#20663=CARTESIAN_POINT('Origin',(55.9618432634585,74.1147615850186,0.));
#20664=CARTESIAN_POINT('',(55.9618432634585,74.1147615850186,-4.));
#20665=CARTESIAN_POINT('',(46.1833313641568,57.2745172375044,-4.));
#20666=CARTESIAN_POINT('',(55.9618432634585,74.1147615850186,0.));
#20667=CARTESIAN_POINT('Origin',(53.472594904324,78.4510782946866,0.));
#20668=CARTESIAN_POINT('',(59.2144336151435,68.4486889972997,-4.));
#20669=CARTESIAN_POINT('Origin',(37.6628336198961,84.7403249588318,0.));
#20670=CARTESIAN_POINT('',(42.6628182288908,84.7279189193371,-4.));
#20671=CARTESIAN_POINT('',(37.6628336198961,84.7403249588318,-4.));
#20672=CARTESIAN_POINT('',(36.3853791094985,84.7434945988103,-4.));
#20673=CARTESIAN_POINT('',(42.6628182288908,84.7279189193371,0.));
#20674=CARTESIAN_POINT('',(37.6628336198961,84.7403249588318,0.));
#20675=CARTESIAN_POINT('Origin',(35.152097370036,80.4164142886586,0.));
#20676=CARTESIAN_POINT('',(35.152097370036,80.4164142886586,-4.));
#20677=CARTESIAN_POINT('',(26.6289535956643,65.738125276231,-4.));
#20678=CARTESIAN_POINT('',(35.152097370036,80.4164142886586,0.));
#20679=CARTESIAN_POINT('Origin',(37.6413457291705,76.0800975789906,0.));
#20680=CARTESIAN_POINT('',(37.6413457291705,76.0800975789906,-4.));
#20681=CARTESIAN_POINT('',(44.8332506545968,63.5516660996534,-4.));
#20682=CARTESIAN_POINT('',(37.6413457291705,76.0800975789906,0.));
#20683=CARTESIAN_POINT('Origin',(42.6413303381652,76.0676915394958,0.));
#20684=CARTESIAN_POINT('',(42.6413303381652,76.0676915394958,-4.));
#20685=CARTESIAN_POINT('',(38.8638835232703,76.0770641992217,-4.));
#20686=CARTESIAN_POINT('',(42.6413303381652,76.0676915394958,0.));
#20687=CARTESIAN_POINT('Origin',(45.1520665880254,80.3916022096691,0.));
#20688=CARTESIAN_POINT('',(45.1520665880254,80.3916022096691,-4.));
#20689=CARTESIAN_POINT('',(35.3735546887237,63.5513578621548,-4.));
#20690=CARTESIAN_POINT('',(45.1520665880254,80.3916022096691,0.));
#20691=CARTESIAN_POINT('Origin',(42.6628182288908,84.7279189193371,0.));
#20692=CARTESIAN_POINT('',(51.0993473338844,70.0313290851659,-4.));
#20693=CARTESIAN_POINT('Origin',(8.0623512025683,80.2304226938992,0.));
#20694=CARTESIAN_POINT('',(13.062335811563,80.2180166544044,-4.));
#20695=CARTESIAN_POINT('',(8.0623512025683,80.2304226938992,-4.));
#20696=CARTESIAN_POINT('',(21.5794517993995,80.1968838538882,-4.));
#20697=CARTESIAN_POINT('',(13.062335811563,80.2180166544044,0.));
#20698=CARTESIAN_POINT('',(8.0623512025683,80.2304226938992,0.));
#20699=CARTESIAN_POINT('Origin',(5.55161495270813,75.906512023726,0.));
#20700=CARTESIAN_POINT('',(5.55161495270813,75.906512023726,-4.));
#20701=CARTESIAN_POINT('',(1.73958748992951,69.3415587267718,-4.));
#20702=CARTESIAN_POINT('',(5.55161495270813,75.906512023726,0.));
#20703=CARTESIAN_POINT('Origin',(8.04086331184268,71.5701953140579,0.));
#20704=CARTESIAN_POINT('',(8.04086331184268,71.5701953140579,-4.));
#20705=CARTESIAN_POINT('',(17.927458631443,54.3475632979364,-4.));
#20706=CARTESIAN_POINT('',(8.04086331184268,71.5701953140579,0.));
#20707=CARTESIAN_POINT('Origin',(13.0408479208374,71.5577892745632,0.));
#20708=CARTESIAN_POINT('',(13.0408479208374,71.5577892745632,-4.));
#20709=CARTESIAN_POINT('',(24.0579562131713,71.5304534542995,-4.));
#20710=CARTESIAN_POINT('',(13.0408479208374,71.5577892745632,0.));
#20711=CARTESIAN_POINT('Origin',(15.5515841706976,75.8816999447364,0.));
#20712=CARTESIAN_POINT('',(15.5515841706976,75.8816999447364,-4.));
#20713=CARTESIAN_POINT('',(10.4841885829889,67.1547913126956,-4.));
#20714=CARTESIAN_POINT('',(15.5515841706976,75.8816999447364,0.));
#20715=CARTESIAN_POINT('Origin',(13.062335811563,80.2180166544044,0.));
#20716=CARTESIAN_POINT('',(24.1935553107307,60.827226283449,-4.));
#20717=CARTESIAN_POINT('Origin',(17.4577040735156,85.6237941386907,0.));
#20718=CARTESIAN_POINT('',(22.4576886825104,85.611388099196,-4.));
#20719=CARTESIAN_POINT('',(17.4577040735156,85.6237941386907,-4.));
#20720=CARTESIAN_POINT('',(26.2838481729328,85.6018945728227,-4.));
#20721=CARTESIAN_POINT('',(22.4576886825104,85.611388099196,0.));
#20722=CARTESIAN_POINT('',(17.4577040735156,85.6237941386907,0.));
#20723=CARTESIAN_POINT('Origin',(14.9469678236555,81.2998834685175,0.));
#20724=CARTESIAN_POINT('',(14.9469678236555,81.2998834685175,-4.));
#20725=CARTESIAN_POINT('',(8.77938220508036,70.6782623138266,-4.));
#20726=CARTESIAN_POINT('',(14.9469678236555,81.2998834685175,0.));
#20727=CARTESIAN_POINT('Origin',(17.43621618279,76.9635667588495,0.));
#20728=CARTESIAN_POINT('',(17.43621618279,76.9635667588495,-4.));
#20729=CARTESIAN_POINT('',(27.3228115023904,59.740934742728,-4.));
#20730=CARTESIAN_POINT('',(17.43621618279,76.9635667588495,0.));
#20731=CARTESIAN_POINT('Origin',(22.4362007917847,76.9511607193547,0.));
#20732=CARTESIAN_POINT('',(22.4362007917847,76.9511607193547,-4.));
#20733=CARTESIAN_POINT('',(28.7623525867046,76.9354641732341,-4.));
#20734=CARTESIAN_POINT('',(22.4362007917847,76.9511607193547,0.));
#20735=CARTESIAN_POINT('Origin',(24.9469370416449,81.275071389528,0.));
#20736=CARTESIAN_POINT('',(24.9469370416449,81.275071389528,-4.));
#20737=CARTESIAN_POINT('',(17.5239832981397,68.4914948997504,-4.));
#20738=CARTESIAN_POINT('',(24.9469370416449,81.275071389528,0.));
#20739=CARTESIAN_POINT('Origin',(22.4576886825104,85.611388099196,0.));
#20740=CARTESIAN_POINT('',(33.588908181678,66.2205977282405,-4.));
#20741=CARTESIAN_POINT('Origin',(28.2674807489488,79.3469535140403,0.));
#20742=CARTESIAN_POINT('',(33.2674653579435,79.3345474745455,-4.));
#20743=CARTESIAN_POINT('',(28.2674807489488,79.3469535140403,-4.));
#20744=CARTESIAN_POINT('',(31.6809827359652,79.3384838798758,-4.));
#20745=CARTESIAN_POINT('',(33.2674653579435,79.3345474745455,0.));
#20746=CARTESIAN_POINT('',(28.2674807489488,79.3469535140403,0.));
#20747=CARTESIAN_POINT('Origin',(25.7567444990886,75.023042843867,0.));
#20748=CARTESIAN_POINT('',(25.7567444990886,75.023042843867,-4.));
#20749=CARTESIAN_POINT('',(19.5891588805135,64.4014216891761,-4.));
#20750=CARTESIAN_POINT('',(25.7567444990886,75.023042843867,0.));
#20751=CARTESIAN_POINT('Origin',(28.2459928582232,70.686726134199,0.));
#20752=CARTESIAN_POINT('',(28.2459928582232,70.686726134199,-4.));
#20753=CARTESIAN_POINT('',(35.4378977836495,58.1582946548618,-4.));
#20754=CARTESIAN_POINT('',(28.2459928582232,70.686726134199,0.));
#20755=CARTESIAN_POINT('Origin',(33.2459774672179,70.6743200947043,0.));
#20756=CARTESIAN_POINT('',(33.2459774672179,70.6743200947043,-4.));
#20757=CARTESIAN_POINT('',(34.1594871497369,70.6720534802872,-4.));
#20758=CARTESIAN_POINT('',(33.2459774672179,70.6743200947043,0.));
#20759=CARTESIAN_POINT('Origin',(35.756713717078,74.9982307648775,0.));
#20760=CARTESIAN_POINT('',(35.756713717078,74.9982307648775,-4.));
#20761=CARTESIAN_POINT('',(28.3337599735728,62.2146542751,-4.));
#20762=CARTESIAN_POINT('',(35.756713717078,74.9982307648775,0.));
#20763=CARTESIAN_POINT('Origin',(33.2674653579435,79.3345474745455,0.));
#20764=CARTESIAN_POINT('',(41.7039944629371,64.6379576403743,-4.));
#20765=CARTESIAN_POINT('Origin',(57.8679631662766,83.8568557789729,0.));
#20766=CARTESIAN_POINT('',(62.8679477752713,83.8444497394782,-4.));
#20767=CARTESIAN_POINT('',(57.8679631662766,83.8568557789729,-4.));
#20768=CARTESIAN_POINT('',(46.4869100460642,83.885094624798,-4.));
#20769=CARTESIAN_POINT('',(62.8679477752713,83.8444497394782,0.));
#20770=CARTESIAN_POINT('',(57.8679631662766,83.8568557789729,0.));
#20771=CARTESIAN_POINT('Origin',(55.3572269164164,79.5329451087997,0.));
#20772=CARTESIAN_POINT('',(55.3572269164164,79.5329451087997,-4.));
#20773=CARTESIAN_POINT('',(44.4785249862483,60.7979882386354,-4.));
#20774=CARTESIAN_POINT('',(55.3572269164164,79.5329451087997,0.));
#20775=CARTESIAN_POINT('Origin',(57.846475275551,75.1966283991317,0.));
#20776=CARTESIAN_POINT('',(57.846475275551,75.1966283991317,-4.));
#20777=CARTESIAN_POINT('',(62.3436898068032,67.3623974565788,-4.));
#20778=CARTESIAN_POINT('',(57.846475275551,75.1966283991317,0.));
#20779=CARTESIAN_POINT('Origin',(62.8464598845457,75.1842223596369,0.));
#20780=CARTESIAN_POINT('',(62.8464598845457,75.1842223596369,-4.));
#20781=CARTESIAN_POINT('',(48.9654144598359,75.2186642252094,-4.));
#20782=CARTESIAN_POINT('',(62.8464598845457,75.1842223596369,0.));
#20783=CARTESIAN_POINT('Origin',(65.3571961344059,79.5081330298102,0.));
#20784=CARTESIAN_POINT('',(65.3571961344059,79.5081330298102,-4.));
#20785=CARTESIAN_POINT('',(53.2231260793076,58.6112208245593,-4.));
#20786=CARTESIAN_POINT('',(65.3571961344059,79.5081330298102,0.));
#20787=CARTESIAN_POINT('Origin',(62.8679477752713,83.8444497394782,0.));
#20788=CARTESIAN_POINT('',(68.6097864860908,73.8420604420913,-4.));
#20789=CARTESIAN_POINT('Origin',(59.2823869707624,72.186643709531,0.));
#20790=CARTESIAN_POINT('',(64.2823715797571,72.1742376700362,-4.));
#20791=CARTESIAN_POINT('',(59.2823869707624,72.186643709531,-4.));
#20792=CARTESIAN_POINT('',(47.1796482355632,72.2166732129165,-4.));
#20793=CARTESIAN_POINT('',(64.2823715797571,72.1742376700362,0.));
#20794=CARTESIAN_POINT('',(59.2823869707624,72.186643709531,0.));
#20795=CARTESIAN_POINT('Origin',(56.7716507209022,67.8627330393577,0.));
#20796=CARTESIAN_POINT('',(56.7716507209022,67.8627330393577,-4.));
#20797=CARTESIAN_POINT('',(48.2485069465306,53.1844440269301,-4.));
#20798=CARTESIAN_POINT('',(56.7716507209022,67.8627330393577,0.));
#20799=CARTESIAN_POINT('Origin',(59.2608990800368,63.5264163296897,0.));
#20800=CARTESIAN_POINT('',(59.2608990800368,63.5264163296897,-4.));
#20801=CARTESIAN_POINT('',(61.0634232171149,60.3863859239211,-4.));
#20802=CARTESIAN_POINT('',(59.2608990800368,63.5264163296897,0.));
#20803=CARTESIAN_POINT('Origin',(64.2608836890315,63.514010290195,0.));
#20804=CARTESIAN_POINT('',(64.2608836890315,63.514010290195,-4.));
#20805=CARTESIAN_POINT('',(49.6581526493349,63.5502428133279,-4.));
#20806=CARTESIAN_POINT('',(64.2608836890315,63.514010290195,0.));
#20807=CARTESIAN_POINT('Origin',(66.7716199388916,67.8379209603682,0.));
#20808=CARTESIAN_POINT('',(66.7716199388916,67.8379209603682,-4.));
#20809=CARTESIAN_POINT('',(56.9931080395899,50.997676612854,-4.));
#20810=CARTESIAN_POINT('',(66.7716199388916,67.8379209603682,0.));
#20811=CARTESIAN_POINT('Origin',(64.2823715797571,72.1742376700362,0.));
#20812=CARTESIAN_POINT('',(67.3295198964025,66.8660489094336,-4.));
#20813=CARTESIAN_POINT('Origin',(31.0963283579203,56.0065293751564,0.));
#20814=CARTESIAN_POINT('',(36.096312966915,55.9941233356616,-4.));
#20815=CARTESIAN_POINT('',(31.0963283579203,56.0065293751564,-4.));
#20816=CARTESIAN_POINT('',(33.0664591149632,56.0016410561128,-4.));
#20817=CARTESIAN_POINT('',(36.096312966915,55.9941233356616,0.));
#20818=CARTESIAN_POINT('',(31.0963283579203,56.0065293751564,0.));
#20819=CARTESIAN_POINT('Origin',(28.5855921080601,51.6826187049831,0.));
#20820=CARTESIAN_POINT('',(28.5855921080601,51.6826187049831,-4.));
#20821=CARTESIAN_POINT('',(27.129122801078,49.1743332657656,-4.));
#20822=CARTESIAN_POINT('',(28.5855921080601,51.6826187049831,0.));
#20823=CARTESIAN_POINT('Origin',(31.0748404671947,47.3463019953151,0.));
#20824=CARTESIAN_POINT('',(31.0748404671947,47.3463019953151,-4.));
#20825=CARTESIAN_POINT('',(32.8773646042729,44.2062715895466,-4.));
#20826=CARTESIAN_POINT('',(31.0748404671947,47.3463019953151,0.));
#20827=CARTESIAN_POINT('Origin',(36.0748250761894,47.3338959558204,0.));
#20828=CARTESIAN_POINT('',(36.0748250761894,47.3338959558204,-4.));
#20829=CARTESIAN_POINT('',(35.5449635287349,47.3352106565242,-4.));
#20830=CARTESIAN_POINT('',(36.0748250761894,47.3338959558204,0.));
#20831=CARTESIAN_POINT('Origin',(38.5855613260496,51.6578066259936,0.));
#20832=CARTESIAN_POINT('',(38.5855613260496,51.6578066259936,-4.));
#20833=CARTESIAN_POINT('',(35.8737238941374,46.9875658516895,-4.));
#20834=CARTESIAN_POINT('',(38.5855613260496,51.6578066259936,0.));
#20835=CARTESIAN_POINT('Origin',(36.096312966915,55.9941233356616,0.));
#20836=CARTESIAN_POINT('',(39.1434612835605,50.6859345750591,-4.));
#20837=CARTESIAN_POINT('Origin',(57.,50.5,0.));
#20838=CARTESIAN_POINT('',(57.,47.690466182989,-4.));
#20839=CARTESIAN_POINT('',(57.,50.5,-4.));
#20840=CARTESIAN_POINT('',(57.,45.875,-4.));
#20841=CARTESIAN_POINT('',(57.,47.690466182989,0.));
#20842=CARTESIAN_POINT('',(57.,50.5,0.));
#20843=CARTESIAN_POINT('Origin',(57.03,50.5,0.));
#20844=CARTESIAN_POINT('',(57.03,50.5,-4.));
#20845=CARTESIAN_POINT('',(46.015,50.5,-4.));
#20846=CARTESIAN_POINT('',(57.03,50.5,0.));
#20847=CARTESIAN_POINT('Origin',(51.3014579043008,55.1230601952975,0.));
#20848=CARTESIAN_POINT('',(56.134998194609,55.1110671400322,-4.));
#20849=CARTESIAN_POINT('',(51.3014579043008,55.1230601952975,-4.));
#20850=CARTESIAN_POINT('',(43.1679900515289,55.1432410821005,-4.));
#20851=CARTESIAN_POINT('',(56.134998194609,55.1110671400322,0.));
#20852=CARTESIAN_POINT('',(51.3014579043008,55.1230601952975,0.));
#20853=CARTESIAN_POINT('Origin',(48.7907216544406,50.7991495251242,0.));
#20854=CARTESIAN_POINT('',(48.7907216544406,50.7991495251242,-4.));
#20855=CARTESIAN_POINT('',(44.978694191662,44.23419622817,-4.));
#20856=CARTESIAN_POINT('',(48.7907216544406,50.7991495251242,0.));
#20857=CARTESIAN_POINT('Origin',(51.2799700135752,46.4628328154562,0.));
#20858=CARTESIAN_POINT('',(51.2799700135752,46.4628328154562,-4.));
#20859=CARTESIAN_POINT('',(50.3878037564793,48.017002946472,-4.));
#20860=CARTESIAN_POINT('',(51.2799700135752,46.4628328154562,0.));
#20861=CARTESIAN_POINT('Origin',(56.2799546225699,46.4504267759615,0.));
#20862=CARTESIAN_POINT('',(56.2799546225699,46.4504267759615,-4.));
#20863=CARTESIAN_POINT('',(45.6464944653006,46.4768106825118,-4.));
#20864=CARTESIAN_POINT('',(56.2799546225699,46.4504267759615,0.));
#20865=CARTESIAN_POINT('Origin',(57.,47.690466182989,0.));
#20866=CARTESIAN_POINT('',(52.8279498485063,40.505493182521,-4.));
#20867=CARTESIAN_POINT('Origin',(43.3205288378392,38.059476681064,0.));
#20868=CARTESIAN_POINT('',(48.3205134468339,38.0470706415693,-4.));
#20869=CARTESIAN_POINT('',(43.3205288378392,38.059476681064,-4.));
#20870=CARTESIAN_POINT('',(39.1563318674945,38.0698089512844,-4.));
#20871=CARTESIAN_POINT('',(48.3205134468339,38.0470706415693,0.));
#20872=CARTESIAN_POINT('',(43.3205288378392,38.059476681064,0.));
#20873=CARTESIAN_POINT('Origin',(40.809792587979,33.7355660108908,0.));
#20874=CARTESIAN_POINT('',(40.809792587979,33.7355660108908,-4.));
#20875=CARTESIAN_POINT('',(41.7088814367934,35.28394842941,-4.));
#20876=CARTESIAN_POINT('',(40.809792587979,33.7355660108908,0.));
#20877=CARTESIAN_POINT('Origin',(43.2990409471136,29.3992493012228,0.));
#20878=CARTESIAN_POINT('',(43.2990409471136,29.3992493012228,-4.));
#20879=CARTESIAN_POINT('',(39.7121842958437,35.6476199690228,-4.));
#20880=CARTESIAN_POINT('',(43.2990409471136,29.3992493012228,0.));
#20881=CARTESIAN_POINT('Origin',(48.2990255561083,29.386843261728,0.));
#20882=CARTESIAN_POINT('',(48.2990255561083,29.386843261728,-4.));
#20883=CARTESIAN_POINT('',(41.6348362812663,29.4033785516958,-4.));
#20884=CARTESIAN_POINT('',(48.2990255561083,29.386843261728,0.));
#20885=CARTESIAN_POINT('Origin',(50.8097618059685,33.7107539319013,0.));
#20886=CARTESIAN_POINT('',(50.8097618059685,33.7107539319013,-4.));
#20887=CARTESIAN_POINT('',(50.4534825298528,33.0971810153338,-4.));
#20888=CARTESIAN_POINT('',(50.8097618059685,33.7107539319013,0.));
#20889=CARTESIAN_POINT('Origin',(48.3205134468339,38.0470706415693,0.));
#20890=CARTESIAN_POINT('',(45.9782809751313,42.1272829545353,-4.));
#20891=CARTESIAN_POINT('Origin',(15.1344702249972,21.8793623466895,0.));
#20892=CARTESIAN_POINT('',(20.1344548339919,21.8669563071947,-4.));
#20893=CARTESIAN_POINT('',(15.1344702249972,21.8793623466895,-4.));
#20894=CARTESIAN_POINT('',(25.0431427468945,21.8547767944807,-4.));
#20895=CARTESIAN_POINT('',(20.1344548339919,21.8669563071947,0.));
#20896=CARTESIAN_POINT('',(15.1344702249972,21.8793623466895,0.));
#20897=CARTESIAN_POINT('Origin',(13.,18.2034451405128,0.));
#20898=CARTESIAN_POINT('',(12.623733975137,17.5554516765162,-4.));
#20899=CARTESIAN_POINT('',(20.7776303037724,31.5978344002438,-4.));
#20900=CARTESIAN_POINT('',(12.623733975137,17.5554516765162,0.));
#20901=CARTESIAN_POINT('Origin',(15.1129823342715,13.2191349668482,0.));
#20902=CARTESIAN_POINT('',(15.1129823342715,13.2191349668482,-4.));
#20903=CARTESIAN_POINT('',(11.5261256830016,19.4675056346482,-4.));
#20904=CARTESIAN_POINT('',(15.1129823342715,13.2191349668482,0.));
#20905=CARTESIAN_POINT('Origin',(20.1129669432663,13.2067289273535,0.));
#20906=CARTESIAN_POINT('',(20.1129669432663,13.2067289273535,-4.));
#20907=CARTESIAN_POINT('',(27.5216471606663,13.1883463948921,-4.));
#20908=CARTESIAN_POINT('',(20.1129669432663,13.2067289273535,0.));
#20909=CARTESIAN_POINT('Origin',(22.6237031931264,17.5306395975267,0.));
#20910=CARTESIAN_POINT('',(22.6237031931264,17.5306395975267,-4.));
#20911=CARTESIAN_POINT('',(29.3340983844002,29.0870702541693,-4.));
#20912=CARTESIAN_POINT('',(22.6237031931264,17.5306395975267,0.));
#20913=CARTESIAN_POINT('Origin',(20.1344548339919,21.8669563071947,0.));
#20914=CARTESIAN_POINT('',(17.7922223622892,25.9471686201607,-4.));
#20915=CARTESIAN_POINT('Origin',(35.3395997713776,20.9958931668306,0.));
#20916=CARTESIAN_POINT('',(40.3395843803724,20.9834871273358,-4.));
#20917=CARTESIAN_POINT('',(35.3395997713776,20.9958931668306,-4.));
#20918=CARTESIAN_POINT('',(35.1446736834602,20.9963768204684,-4.));
#20919=CARTESIAN_POINT('',(40.3395843803724,20.9834871273358,0.));
#20920=CARTESIAN_POINT('',(35.3395997713776,20.9958931668306,0.));
#20921=CARTESIAN_POINT('Origin',(32.8288635215175,16.6719824966573,0.));
#20922=CARTESIAN_POINT('',(32.8288635215175,16.6719824966573,-4.));
#20923=CARTESIAN_POINT('',(38.4390686819248,26.3337006306499,-4.));
#20924=CARTESIAN_POINT('',(32.8288635215175,16.6719824966573,0.));
#20925=CARTESIAN_POINT('Origin',(35.318111880652,12.3356657869893,0.));
#20926=CARTESIAN_POINT('',(35.318111880652,12.3356657869893,-4.));
#20927=CARTESIAN_POINT('',(29.036564835208,23.2782369915736,-4.));
#20928=CARTESIAN_POINT('',(35.318111880652,12.3356657869893,0.));
#20929=CARTESIAN_POINT('Origin',(40.3180964896467,12.3232597474945,0.));
#20930=CARTESIAN_POINT('',(40.3180964896467,12.3232597474945,-4.));
#20931=CARTESIAN_POINT('',(37.623178097232,12.3299464208798,-4.));
#20932=CARTESIAN_POINT('',(40.3180964896467,12.3232597474945,0.));
#20933=CARTESIAN_POINT('Origin',(42.8288327395069,16.6471704176678,0.));
#20934=CARTESIAN_POINT('',(42.8288327395069,16.6471704176678,-4.));
#20935=CARTESIAN_POINT('',(47.1836697749842,24.1469332165737,-4.));
#20936=CARTESIAN_POINT('',(42.8288327395069,16.6471704176678,0.));
#20937=CARTESIAN_POINT('Origin',(40.3395843803724,20.9834871273358,0.));
#20938=CARTESIAN_POINT('',(35.3026615144956,29.7578999770861,-4.));
#20939=CARTESIAN_POINT('Origin',(54.1303055132723,31.7826360564136,0.));
#20940=CARTESIAN_POINT('',(59.1302901222671,31.7702300169188,-4.));
#20941=CARTESIAN_POINT('',(54.1303055132723,31.7826360564136,-4.));
#20942=CARTESIAN_POINT('',(44.5534664305269,31.8063982583375,-4.));
#20943=CARTESIAN_POINT('',(59.1302901222671,31.7702300169188,0.));
#20944=CARTESIAN_POINT('',(54.1303055132723,31.7826360564136,0.));
#20945=CARTESIAN_POINT('Origin',(51.6195692634122,27.4587253862403,0.));
#20946=CARTESIAN_POINT('',(51.6195692634122,27.4587253862403,-4.));
#20947=CARTESIAN_POINT('',(52.5186581122265,29.0071078047595,-4.));
#20948=CARTESIAN_POINT('',(51.6195692634122,27.4587253862403,0.));
#20949=CARTESIAN_POINT('Origin',(54.1088176225467,23.1224086765723,0.));
#20950=CARTESIAN_POINT('',(54.1088176225467,23.1224086765723,-4.));
#20951=CARTESIAN_POINT('',(47.8272705771027,34.0649798811567,-4.));
#20952=CARTESIAN_POINT('',(54.1088176225467,23.1224086765723,0.));
#20953=CARTESIAN_POINT('Origin',(59.1088022315414,23.1100026370776,0.));
#20954=CARTESIAN_POINT('',(59.1088022315414,23.1100026370776,-4.));
#20955=CARTESIAN_POINT('',(47.0319708442986,23.1399678587489,-4.));
#20956=CARTESIAN_POINT('',(59.1088022315414,23.1100026370776,0.));
#20957=CARTESIAN_POINT('Origin',(61.6195384814016,27.4339133072508,0.));
#20958=CARTESIAN_POINT('',(61.6195384814016,27.4339133072508,-4.));
#20959=CARTESIAN_POINT('',(61.2632592052859,26.8203403906834,-4.));
#20960=CARTESIAN_POINT('',(61.6195384814016,27.4339133072508,0.));
#20961=CARTESIAN_POINT('Origin',(59.1302901222671,31.7702300169188,0.));
#20962=CARTESIAN_POINT('',(54.0933672563903,40.5446428666692,-4.));
#20963=CARTESIAN_POINT('Origin',(67.2633160372239,89.2502272237644,0.));
#20964=CARTESIAN_POINT('',(70.,89.2434369209971,-4.));
#20965=CARTESIAN_POINT('',(67.2633160372239,89.2502272237644,-4.));
#20966=CARTESIAN_POINT('',(51.1913064195976,89.2901053437326,-4.));
#20967=CARTESIAN_POINT('',(70.,89.2434369209971,0.));
#20968=CARTESIAN_POINT('',(67.2633160372239,89.2502272237644,0.));
#20969=CARTESIAN_POINT('Origin',(64.7525797873638,84.9263165535912,0.));
#20970=CARTESIAN_POINT('',(64.7525797873638,84.9263165535912,-4.));
#20971=CARTESIAN_POINT('',(51.5183197013992,62.1346918256902,-4.));
#20972=CARTESIAN_POINT('',(64.7525797873638,84.9263165535912,0.));
#20973=CARTESIAN_POINT('Origin',(67.2418281464983,80.5899998439232,0.));
#20974=CARTESIAN_POINT('',(67.2418281464983,80.5899998439232,-4.));
#20975=CARTESIAN_POINT('',(71.7390426777506,72.7557689013703,-4.));
#20976=CARTESIAN_POINT('',(67.2418281464983,80.5899998439232,0.));
#20977=CARTESIAN_POINT('Origin',(72.241812755493,80.5775938044284,0.));
#20978=CARTESIAN_POINT('',(72.241812755493,80.5775938044284,-4.));
#20979=CARTESIAN_POINT('',(53.6698108333693,80.623674944144,-4.));
#20980=CARTESIAN_POINT('',(72.241812755493,80.5775938044284,0.));
#20981=CARTESIAN_POINT('Origin',(73.358083485939,82.5,0.));
#20982=CARTESIAN_POINT('',(73.358083485939,82.5,-4.));
#20983=CARTESIAN_POINT('',(59.5656880347514,58.7471721743133,-4.));
#20984=CARTESIAN_POINT('',(73.358083485939,82.5,0.));
#20985=CARTESIAN_POINT('Origin',(63.5256583842197,37.1760075012051,0.));
#20986=CARTESIAN_POINT('',(68.5256429932144,37.1636014617104,-4.));
#20987=CARTESIAN_POINT('',(63.5256583842197,37.1760075012051,-4.));
#20988=CARTESIAN_POINT('',(49.2578628040602,37.2114089772721,-4.));
#20989=CARTESIAN_POINT('',(68.5256429932144,37.1636014617104,0.));
#20990=CARTESIAN_POINT('',(63.5256583842197,37.1760075012051,0.));
#20991=CARTESIAN_POINT('Origin',(61.0149221343595,32.8520968310319,0.));
#20992=CARTESIAN_POINT('',(61.0149221343595,32.8520968310319,-4.));
#20993=CARTESIAN_POINT('',(59.5584528273774,30.3438113918144,-4.));
#20994=CARTESIAN_POINT('',(61.0149221343595,32.8520968310319,0.));
#20995=CARTESIAN_POINT('Origin',(63.5041704934941,28.5157801213639,0.));
#20996=CARTESIAN_POINT('',(63.5041704934941,28.5157801213639,-4.));
#20997=CARTESIAN_POINT('',(57.2226234480501,39.4583513259482,-4.));
#20998=CARTESIAN_POINT('',(63.5041704934941,28.5157801213639,0.));
#20999=CARTESIAN_POINT('Origin',(68.5041551024888,28.5033740818691,0.));
#21000=CARTESIAN_POINT('',(68.5041551024888,28.5033740818691,-4.));
#21001=CARTESIAN_POINT('',(51.736367217832,28.5449785776835,-4.));
#21002=CARTESIAN_POINT('',(68.5041551024888,28.5033740818691,0.));
#21003=CARTESIAN_POINT('Origin',(71.014891352349,32.8272847520424,0.));
#21004=CARTESIAN_POINT('',(71.014891352349,32.8272847520424,-4.));
#21005=CARTESIAN_POINT('',(68.3030539204367,28.1570439777382,-4.));
#21006=CARTESIAN_POINT('',(71.014891352349,32.8272847520424,0.));
#21007=CARTESIAN_POINT('Origin',(68.5256429932144,37.1636014617104,0.));
#21008=CARTESIAN_POINT('',(63.4887201273377,45.9380143114607,-4.));
#21009=CARTESIAN_POINT('Origin',(43.89,2.5,0.));
#21010=CARTESIAN_POINT('',(42.49,2.5,12.));
#21011=CARTESIAN_POINT('Origin',(43.89,2.5,12.));
#21012=CARTESIAN_POINT('',(42.49,2.5,0.));
#21013=CARTESIAN_POINT('',(42.49,2.5,0.));
#21014=CARTESIAN_POINT('Origin',(43.89,2.5,0.));
#21015=CARTESIAN_POINT('Origin',(10.87,54.57,0.));
#21016=CARTESIAN_POINT('',(9.47,54.57,12.));
#21017=CARTESIAN_POINT('Origin',(10.87,54.57,12.));
#21018=CARTESIAN_POINT('',(9.47,54.57,0.));
#21019=CARTESIAN_POINT('',(9.47,54.57,0.));
#21020=CARTESIAN_POINT('Origin',(10.87,54.57,0.));
#21021=CARTESIAN_POINT('Origin',(59.13,53.3,0.));
#21022=CARTESIAN_POINT('',(57.73,53.3,12.));
#21023=CARTESIAN_POINT('Origin',(59.13,53.3,12.));
#21024=CARTESIAN_POINT('',(57.73,53.3,0.));
#21025=CARTESIAN_POINT('',(57.73,53.3,0.));
#21026=CARTESIAN_POINT('Origin',(59.13,53.3,0.));
#21027=CARTESIAN_POINT('Origin',(-5.00000007450581,-5.00000007450581,27.));
#21028=CARTESIAN_POINT('',(-3.60000007450581,-5.00000007450581,-4.));
#21029=CARTESIAN_POINT('',(-3.60000007450581,-5.00000007450581,27.));
#21030=CARTESIAN_POINT('Origin',(-5.00000007450581,-5.00000007450581,-4.));
#21031=CARTESIAN_POINT('Origin',(75.0000011175871,-5.00000007450581,27.));
#21032=CARTESIAN_POINT('',(76.4000011175871,-5.00000007450581,-4.));
#21033=CARTESIAN_POINT('',(76.4000011175871,-5.00000007450581,27.));
#21034=CARTESIAN_POINT('Origin',(75.0000011175871,-5.00000007450581,-4.));
#21035=CARTESIAN_POINT('Origin',(75.,87.5,27.));
#21036=CARTESIAN_POINT('',(76.4,87.5,-4.));
#21037=CARTESIAN_POINT('',(76.4,87.5,27.));
#21038=CARTESIAN_POINT('Origin',(75.,87.5,-4.));
#21039=CARTESIAN_POINT('Origin',(-4.99999988824129,87.4999980442226,27.));
#21040=CARTESIAN_POINT('',(-3.5999998882413,87.4999980442226,-4.));
#21041=CARTESIAN_POINT('',(-3.5999998882413,87.4999980442226,27.));
#21042=CARTESIAN_POINT('Origin',(-4.99999988824129,87.4999980442226,-4.));
#21043=CARTESIAN_POINT('Origin',(80.,92.5,0.));
#21044=CARTESIAN_POINT('',(80.,-10.,-4.));
#21045=CARTESIAN_POINT('',(80.,-10.,27.));
#21046=CARTESIAN_POINT('',(80.,92.5,-4.));
#21047=CARTESIAN_POINT('',(80.,0.,-4.));
#21048=CARTESIAN_POINT('',(80.,92.5,0.));
#21049=CARTESIAN_POINT('',(80.,82.5,0.));
#21050=CARTESIAN_POINT('',(80.,0.,0.));
#21051=CARTESIAN_POINT('Origin',(80.,-10.,0.));
#21052=CARTESIAN_POINT('',(70.,-10.,0.));
#21053=CARTESIAN_POINT('',(0.,-10.,0.));
#21054=CARTESIAN_POINT('',(-9.99999999999999,-10.,-4.));
#21055=CARTESIAN_POINT('',(-10.,-10.,27.));
#21056=CARTESIAN_POINT('',(-9.99999999999999,-10.,-4.));
#21057=CARTESIAN_POINT('Origin',(59.13,53.3,0.));
#21058=CARTESIAN_POINT('',(55.63,53.3,12.));
#21059=CARTESIAN_POINT('Origin',(59.13,53.3,12.));
#21060=CARTESIAN_POINT('',(55.63,53.3,-4.));
#21061=CARTESIAN_POINT('',(55.63,53.3,0.));
#21062=CARTESIAN_POINT('Origin',(59.13,53.3,-4.));
#21063=CARTESIAN_POINT('Origin',(59.13,53.3,-4.));
#21064=CARTESIAN_POINT('Origin',(59.13,53.3,-4.));
#21065=CARTESIAN_POINT('Origin',(70.,0.,0.));
#21066=CARTESIAN_POINT('',(70.,0.,-4.));
#21067=CARTESIAN_POINT('',(70.,0.,0.));
#21068=CARTESIAN_POINT('',(70.,20.625,-4.));
#21069=CARTESIAN_POINT('Origin',(80.,0.,0.));
#21070=CARTESIAN_POINT('',(54.5024085181363,0.,-4.));
#21071=CARTESIAN_POINT('Origin',(70.,82.5,0.));
#21072=CARTESIAN_POINT('',(70.,82.5,-4.));
#21073=CARTESIAN_POINT('',(70.,82.5,0.));
#21074=CARTESIAN_POINT('',(52.5,82.5,-4.));
#21075=CARTESIAN_POINT('Origin',(70.,92.5,0.));
#21076=CARTESIAN_POINT('',(70.,92.5,0.));
#21077=CARTESIAN_POINT('',(70.,65.2467184604986,-4.));
#21078=CARTESIAN_POINT('Origin',(0.,0.,0.));
#21079=CARTESIAN_POINT('',(-9.99999999999999,0.,0.));
#21080=CARTESIAN_POINT('',(0.,0.,0.));
#21081=CARTESIAN_POINT('Origin',(0.,-10.,0.));
#21082=CARTESIAN_POINT('Origin',(0.,82.5,0.));
#21083=CARTESIAN_POINT('',(0.,92.5,0.));
#21084=CARTESIAN_POINT('',(0.,82.5,-4.));
#21085=CARTESIAN_POINT('',(0.,82.5,0.));
#21086=CARTESIAN_POINT('',(0.,61.875,-4.));
#21087=CARTESIAN_POINT('Origin',(-9.99999999999999,82.5,0.));
#21088=CARTESIAN_POINT('',(-9.99999999999999,82.5,0.));
#21089=CARTESIAN_POINT('',(14.9628518871131,82.5,-4.));
#21090=CARTESIAN_POINT('Origin',(10.87,54.57,0.));
#21091=CARTESIAN_POINT('',(7.37,54.57,12.));
#21092=CARTESIAN_POINT('Origin',(10.87,54.57,12.));
#21093=CARTESIAN_POINT('',(7.37,54.57,0.));
#21094=CARTESIAN_POINT('Origin',(10.87,54.57,-4.));
#21095=CARTESIAN_POINT('Origin',(10.87,54.57,12.));
#21096=CARTESIAN_POINT('Origin',(59.13,53.3,12.));
#21097=CARTESIAN_POINT('Origin',(35.,41.25,0.));
#21098=CARTESIAN_POINT('Origin',(43.89,2.5,0.));
#21099=CARTESIAN_POINT('',(40.39,2.5,12.));
#21100=CARTESIAN_POINT('Origin',(43.89,2.5,12.));
#21101=CARTESIAN_POINT('',(40.39,2.5,-4.));
#21102=CARTESIAN_POINT('',(40.39,2.5,0.));
#21103=CARTESIAN_POINT('Origin',(43.89,2.5,-4.));
#21104=CARTESIAN_POINT('Origin',(43.89,2.5,-4.));
#21105=CARTESIAN_POINT('Origin',(43.89,2.5,-4.));
#21106=CARTESIAN_POINT('Origin',(43.89,2.5,12.));
#21107=CARTESIAN_POINT('Origin',(35.,41.25,0.));
#21108=CARTESIAN_POINT('Origin',(-10.,92.5,0.));
#21109=CARTESIAN_POINT('',(-9.99999999999999,92.5,-4.));
#21110=CARTESIAN_POINT('',(80.,92.5,-4.));
#21111=CARTESIAN_POINT('',(-9.99999999999999,92.5,0.));
#21112=CARTESIAN_POINT('Origin',(-9.99999999999999,-10.,0.));
#21113=CARTESIAN_POINT('',(-9.99999999999999,92.5,-4.));
#21114=CARTESIAN_POINT('Origin',(35.,41.25,0.));
#21115=CARTESIAN_POINT('Origin',(35.,41.25,-4.));
#21116=CARTESIAN_POINT('',(0.,0.,0.));
#21117=CARTESIAN_POINT('',(0.,0.,0.));
#21118=CARTESIAN_POINT('',(0.,0.,0.));
#21119=CARTESIAN_POINT('',(0.,0.,0.));
#21120=UNCERTAINTY_MEASURE_WITH_UNIT(LENGTH_MEASURE(0.01),#21128,
'DISTANCE_ACCURACY_VALUE',
'Maximum model space distance between geometric entities at asserted c
onnectivities');
#21121=UNCERTAINTY_MEASURE_WITH_UNIT(LENGTH_MEASURE(0.01),#21128,
'DISTANCE_ACCURACY_VALUE',
'Maximum model space distance between geometric entities at asserted c
onnectivities');
#21122=UNCERTAINTY_MEASURE_WITH_UNIT(LENGTH_MEASURE(0.01),#21128,
'DISTANCE_ACCURACY_VALUE',
'Maximum model space distance between geometric entities at asserted c
onnectivities');
#21123=UNCERTAINTY_MEASURE_WITH_UNIT(LENGTH_MEASURE(0.01),#21128,
'DISTANCE_ACCURACY_VALUE',
'Maximum model space distance between geometric entities at asserted c
onnectivities');
#21124=(
GEOMETRIC_REPRESENTATION_CONTEXT(3)
GLOBAL_UNCERTAINTY_ASSIGNED_CONTEXT((#21120))
GLOBAL_UNIT_ASSIGNED_CONTEXT((#21128,#21130,#21131))
REPRESENTATION_CONTEXT('','3D')
);
#21125=(
GEOMETRIC_REPRESENTATION_CONTEXT(3)
GLOBAL_UNCERTAINTY_ASSIGNED_CONTEXT((#21121))
GLOBAL_UNIT_ASSIGNED_CONTEXT((#21128,#21130,#21131))
REPRESENTATION_CONTEXT('','3D')
);
#21126=(
GEOMETRIC_REPRESENTATION_CONTEXT(3)
GLOBAL_UNCERTAINTY_ASSIGNED_CONTEXT((#21122))
GLOBAL_UNIT_ASSIGNED_CONTEXT((#21128,#21130,#21131))
REPRESENTATION_CONTEXT('','3D')
);
#21127=(
GEOMETRIC_REPRESENTATION_CONTEXT(3)
GLOBAL_UNCERTAINTY_ASSIGNED_CONTEXT((#21123))
GLOBAL_UNIT_ASSIGNED_CONTEXT((#21128,#21130,#21131))
REPRESENTATION_CONTEXT('','3D')
);
#21128=(
LENGTH_UNIT()
NAMED_UNIT(*)
SI_UNIT(.MILLI.,.METRE.)
);
#21129=(
LENGTH_UNIT()
NAMED_UNIT(*)
SI_UNIT($,.METRE.)
);
#21130=(
NAMED_UNIT(*)
PLANE_ANGLE_UNIT()
SI_UNIT($,.RADIAN.)
);
#21131=(
NAMED_UNIT(*)
SI_UNIT($,.STERADIAN.)
SOLID_ANGLE_UNIT()
);
#21132=SHAPE_DEFINITION_REPRESENTATION(#21135,#21142);
#21133=SHAPE_DEFINITION_REPRESENTATION(#21136,#21143);
#21134=SHAPE_DEFINITION_REPRESENTATION(#21137,#21144);
#21135=PRODUCT_DEFINITION_SHAPE('',$,#21146);
#21136=PRODUCT_DEFINITION_SHAPE('',$,#21147);
#21137=PRODUCT_DEFINITION_SHAPE('',$,#21148);
#21138=PRODUCT_DEFINITION_SHAPE($,$,#23);
#21139=PRODUCT_DEFINITION_SHAPE($,$,#24);
#21140=PRODUCT_DEFINITION_SHAPE($,$,#25);
#21141=PRODUCT_DEFINITION_SHAPE($,$,#26);
#21142=SHAPE_REPRESENTATION('',(#13392,#14138,#14139,#14140,#14141),#21124);
#21143=SHAPE_REPRESENTATION('',(#13393),#21125);
#21144=SHAPE_REPRESENTATION('',(#13543),#21126);
#21145=PRODUCT_DEFINITION_CONTEXT('part definition',#21156,'design');
#21146=PRODUCT_DEFINITION('2025-11-18-14-11-44-867',
'[HX01] electronics holder - 1',#21149,#21145);
#21147=PRODUCT_DEFINITION('2025-11-19-14-30-02-839','Composant2',#21150,
#21145);
#21148=PRODUCT_DEFINITION('2025-11-19-14-30-02-785','Composant1',#21151,
#21145);
#21149=PRODUCT_DEFINITION_FORMATION('',$,#21158);
#21150=PRODUCT_DEFINITION_FORMATION('',$,#21159);
#21151=PRODUCT_DEFINITION_FORMATION('',$,#21160);
#21152=PRODUCT_RELATED_PRODUCT_CATEGORY('[HX01] electronics holder - 1',
'[HX01] electronics holder - 1',(#21158));
#21153=PRODUCT_RELATED_PRODUCT_CATEGORY('Composant2','Composant2',(#21159));
#21154=PRODUCT_RELATED_PRODUCT_CATEGORY('Composant1','Composant1',(#21160));
#21155=APPLICATION_PROTOCOL_DEFINITION('international standard',
'automotive_design',2009,#21156);
#21156=APPLICATION_CONTEXT(
'Core Data for Automotive Mechanical Design Process');
#21157=PRODUCT_CONTEXT('part definition',#21156,'mechanical');
#21158=PRODUCT('2025-11-18-14-11-44-867',
'[HX01] electronics holder - 1',$,(#21157));
#21159=PRODUCT('2025-11-19-14-30-02-839','Composant2',$,(#21157));
#21160=PRODUCT('2025-11-19-14-30-02-785','Composant1',$,(#21157));
#21161=PRESENTATION_STYLE_ASSIGNMENT((#21162));
#21162=SURFACE_STYLE_USAGE(.BOTH.,#21163);
#21163=SURFACE_SIDE_STYLE('',(#21164));
#21164=SURFACE_STYLE_FILL_AREA(#21165);
#21165=FILL_AREA_STYLE('Acier - Satin\X\E9',(#21166));
#21166=FILL_AREA_STYLE_COLOUR('Acier - Satin\X\E9',#21167);
#21167=COLOUR_RGB('Acier - Satin\X\E9',0.627450980392157,0.627450980392157,
0.627450980392157);
ENDSEC;
END-ISO-10303-21;
